unit_code,canonical_name,organization_type,unit_level,year_start,year_end,source_ref,source_url,source_type,code_source,crawled_at,crawl_version,unit_name_raw,unit_code_raw,dedup_key,qa_label,qa_annotator,qa_confidence,qa_note,qa_date,dataset_name,export_date
BCA_C01,Văn phòng Cơ quan Cảnh sát điều tra Bộ Công an,BCA,ministry,2018,2026,nd_bca_2018,https://dichvucong.gov.vn/archive/2018,generated_catalog,source,2026-09-12T19:42:24.601202,crawl_2018_2026,Văn phòng Cơ quan Cảnh sát điều tra Bộ Công an,BCA_C01,van phong co quan canh sat ieu tra bo cong an,BCA,Annotator_A,HIGH,Khớp hoàn toàn danh mục hành chính chuẩn,2026-09-12,DataVietNam,2026-09-12
BCA_C02,Cục Cảnh sát hình sự,BCA,ministry,2018,2026,nd_bca_2018,https://dichvucong.gov.vn/archive/2018,generated_catalog,source,2026-09-12T19:42:24.601202,crawl_2018_2026,Cục Cảnh sát hình sự,BCA_C02,cuc canh sat hinh su,BCA,Annotator_A,HIGH,Khớp hoàn toàn danh mục hành chính chuẩn,2026-09-12,DataVietNam,2026-09-12
BCA_C03,"Cục Cảnh sát điều tra tội phạm về tham nhũng, kinh tế, buôn lậu",BCA,ministry,2018,2026,nd_bca_2018,https://dichvucong.gov.vn/archive/2018,generated_catalog,source,2026-09-12T19:42:24.601202,crawl_2018_2026,"Cục Cảnh sát điều tra tội phạm về tham nhũng, kinh tế, buôn lậu",BCA_C03,cuc canh sat ieu tra toi pham ve tham nhung kinh te buon lau,BCA,Annotator_A,HIGH,Khớp hoàn toàn danh mục hành chính chuẩn,2026-09-12,DataVietNam,2026-09-12
BCA_C04,Cục Cảnh sát điều tra tội phạm về ma túy,BCA,ministry,2018,2026,nd_bca_2018,https://dichvucong.gov.vn/archive/2018,generated_catalog,source,2026-09-12T19:42:24.601202,crawl_2018_2026,Cục Cảnh sát điều tra tội phạm về ma túy,BCA_C04,cuc canh sat ieu tra toi pham ve ma tuy,BCA,Annotator_A,HIGH,Khớp hoàn toàn danh mục hành chính chuẩn,2026-09-12,DataVietNam,2026-09-12
BCA_C06,Cục Cảnh sát quản lý hành chính về trật tự xã hội,BCA,ministry,2018,2026,nd_bca_2018,https://dichvucong.gov.vn/archive/2018,generated_catalog,source,2026-09-12T19:42:24.601202,crawl_2018_2026,Cục Cảnh sát quản lý hành chính về trật tự xã hội,BCA_C06,cuc canh sat quan ly hanh chinh ve trat tu xa hoi,BCA,Annotator_A,HIGH,Khớp hoàn toàn danh mục hành chính chuẩn,2026-09-12,DataVietNam,2026-09-12
BCA_C07,Cục Cảnh sát Phòng cháy chữa cháy và Cứu nạn cứu hộ,BCA,ministry,2018,2026,nd_bca_2018,https://dichvucong.gov.vn/archive/2018,generated_catalog,source,2026-09-12T19:42:24.601202,crawl_2018_2026,Cục Cảnh sát Phòng cháy chữa cháy và Cứu nạn cứu hộ,BCA_C07,cuc canh sat phong chay chua chay va cuu nan cuu ho,BCA,Annotator_A,HIGH,Khớp hoàn toàn danh mục hành chính chuẩn,2026-09-12,DataVietNam,2026-09-12
BCA_C08,Cục Cảnh sát giao thông,BCA,ministry,2018,2026,nd_bca_2018,https://dichvucong.gov.vn/archive/2018,generated_catalog,source,2026-09-12T19:42:24.601202,crawl_2018_2026,Cục Cảnh sát giao thông,BCA_C08,cuc canh sat giao thong,BCA,Annotator_A,HIGH,Khớp hoàn toàn danh mục hành chính chuẩn,2026-09-12,DataVietNam,2026-09-12
BCA_C10,"Cục Cảnh sát quản lý trại giam, cơ sở giáo dục bắt buộc",BCA,ministry,2018,2026,nd_bca_2018,https://dichvucong.gov.vn/archive/2018,generated_catalog,source,2026-09-12T19:42:24.601202,crawl_2018_2026,"Cục Cảnh sát quản lý trại giam, cơ sở giáo dục bắt buộc",BCA_C10,cuc canh sat quan ly trai giam co so giao duc bat buoc,BCA,Annotator_A,HIGH,Khớp hoàn toàn danh mục hành chính chuẩn,2026-09-12,DataVietNam,2026-09-12
BCA_A01,Văn phòng Cơ quan An ninh điều tra Bộ Công an,BCA,ministry,2018,2026,nd_bca_2018,https://dichvucong.gov.vn/archive/2018,generated_catalog,source,2026-09-12T19:42:24.601202,crawl_2018_2026,Văn phòng Cơ quan An ninh điều tra Bộ Công an,BCA_A01,van phong co quan an ninh ieu tra bo cong an,BCA,Annotator_A,HIGH,Khớp hoàn toàn danh mục hành chính chuẩn,2026-09-12,DataVietNam,2026-09-12
BCA_A02,Cục An ninh chính trị nội bộ,BCA,ministry,2018,2026,nd_bca_2018,https://dichvucong.gov.vn/archive/2018,generated_catalog,source,2026-09-12T19:42:24.601202,crawl_2018_2026,Cục An ninh chính trị nội bộ,BCA_A02,cuc an ninh chinh tri noi bo,BCA,Annotator_A,HIGH,Khớp hoàn toàn danh mục hành chính chuẩn,2026-09-12,DataVietNam,2026-09-12
BCA_A03,Cục An ninh kinh tế,BCA,ministry,2018,2026,nd_bca_2018,https://dichvucong.gov.vn/archive/2018,generated_catalog,source,2026-09-12T19:42:24.601202,crawl_2018_2026,Cục An ninh kinh tế,BCA_A03,cuc an ninh kinh te,BCA,Annotator_A,HIGH,Khớp hoàn toàn danh mục hành chính chuẩn,2026-09-12,DataVietNam,2026-09-12
BCA_A05,Cục An ninh mạng và phòng chống tội phạm công nghệ cao,BCA,ministry,2018,2026,nd_bca_2018,https://dichvucong.gov.vn/archive/2018,generated_catalog,source,2026-09-12T19:42:24.601202,crawl_2018_2026,Cục An ninh mạng và phòng chống tội phạm công nghệ cao,BCA_A05,cuc an ninh mang va phong chong toi pham cong nghe cao,BCA,Annotator_A,HIGH,Khớp hoàn toàn danh mục hành chính chuẩn,2026-09-12,DataVietNam,2026-09-12
BCA_K01,Bộ Tư lệnh Cảnh vệ,BCA,ministry,2018,2026,nd_bca_2018,https://dichvucong.gov.vn/archive/2018,generated_catalog,source,2026-09-12T19:42:24.601202,crawl_2018_2026,Bộ Tư lệnh Cảnh vệ,BCA_K01,bo tu lenh canh ve,BCA,Annotator_A,HIGH,Khớp hoàn toàn danh mục hành chính chuẩn,2026-09-12,DataVietNam,2026-09-12
BCA_K02,Bộ Tư lệnh Cảnh sát cơ động,BCA,ministry,2018,2026,nd_bca_2018,https://dichvucong.gov.vn/archive/2018,generated_catalog,source,2026-09-12T19:42:24.601202,crawl_2018_2026,Bộ Tư lệnh Cảnh sát cơ động,BCA_K02,bo tu lenh canh sat co ong,BCA,Annotator_A,HIGH,Khớp hoàn toàn danh mục hành chính chuẩn,2026-09-12,DataVietNam,2026-09-12
BCA_T01,Học viện An ninh nhân dân,BCA,school,2018,2026,catalog_2018,https://dichvucong.gov.vn/archive/2018,generated_catalog,source,2026-09-12T19:42:24.601202,crawl_2018_2026,Học viện An ninh nhân dân,BCA_T01,hoc vien an ninh nhan dan,BCA,Annotator_A,MEDIUM,Tên có thể gây nhầm lẫn ngành/ngoài ngành,2026-09-12,DataVietNam,2026-09-12
BCA_T02,Học viện Cảnh sát nhân dân,BCA,school,2018,2026,catalog_2018,https://dichvucong.gov.vn/archive/2018,generated_catalog,source,2026-09-12T19:42:24.601202,crawl_2018_2026,Học viện Cảnh sát nhân dân,BCA_T02,hoc vien canh sat nhan dan,BCA,Annotator_A,MEDIUM,Tên có thể gây nhầm lẫn ngành/ngoài ngành,2026-09-12,DataVietNam,2026-09-12
BCA_T03,Học viện Chính trị Công an nhân dân,BCA,school,2018,2026,catalog_2018,https://dichvucong.gov.vn/archive/2018,generated_catalog,source,2026-09-12T19:42:24.601202,crawl_2018_2026,Học viện Chính trị Công an nhân dân,BCA_T03,hoc vien chinh tri cong an nhan dan,BCA,Annotator_A,MEDIUM,Tên có thể gây nhầm lẫn ngành/ngoài ngành,2026-09-12,DataVietNam,2026-09-12
BCA_BV198,Bệnh viện 19 - 8 Bộ Công an,BCA,hospital,2018,2026,catalog_2018,https://dichvucong.gov.vn/archive/2018,generated_catalog,source,2026-09-12T19:42:24.601202,crawl_2018_2026,Bệnh viện 19-8 Bộ Công an,BCA_BV198,benh vien 19 8 bo cong an,BCA,Annotator_A,MEDIUM,Tên có thể gây nhầm lẫn ngành/ngoài ngành,2026-09-12,DataVietNam,2026-09-12
BCA_BV304,Bệnh viện 30 - 4 Bộ Công an,BCA,hospital,2018,2026,catalog_2018,https://dichvucong.gov.vn/archive/2018,generated_catalog,source,2026-09-12T19:42:24.601202,crawl_2018_2026,Bệnh viện 30-4 Bộ Công an,BCA_BV304,benh vien 30 4 bo cong an,BCA,Annotator_A,MEDIUM,Tên có thể gây nhầm lẫn ngành/ngoài ngành,2026-09-12,DataVietNam,2026-09-12
BCA_CA_HN,Công an Thành phố Hà Nội,BCA,province,2018,2026,dvc_2018,https://dichvucong.gov.vn/archive/2018,generated_catalog,source,2026-09-12T19:42:24.601202,crawl_2018_2026,Công an Thành phố Hà Nội,BCA_CA_HN,cong an thanh pho ha noi,BCA,Annotator_A,HIGH,Khớp hoàn toàn danh mục hành chính chuẩn,2026-09-12,DataVietNam,2026-09-12
BCA_CA_HN_PC01,Văn phòng Cơ quan Cảnh sát điều tra - Công an Thành phố Hà Nội,BCA,ministry,2018,2026,dvc_2018,https://dichvucong.gov.vn/archive/2018,generated_catalog,source,2026-09-12T19:42:24.601202,crawl_2018_2026,Văn phòng Cơ quan Cảnh sát điều tra - Công an Thành phố Hà Nội,BCA_CA_HN_PC01,van phong co quan canh sat ieu tra cong an thanh pho ha noi,BCA,Annotator_A,HIGH,Khớp hoàn toàn danh mục hành chính chuẩn,2026-09-12,DataVietNam,2026-09-12
BCA_CA_HN_PC02,Phòng Cảnh sát hình sự - Công an Thành phố Hà Nội,BCA,province,2018,2026,dvc_2018,https://dichvucong.gov.vn/archive/2018,generated_catalog,source,2026-09-12T19:42:24.601202,crawl_2018_2026,Phòng Cảnh sát hình sự - Công an Thành phố Hà Nội,BCA_CA_HN_PC02,phong canh sat hinh su cong an thanh pho ha noi,BCA,Annotator_A,HIGH,Khớp hoàn toàn danh mục hành chính chuẩn,2026-09-12,DataVietNam,2026-09-12
BCA_CA_HN_PC03,Phòng Cảnh sát kinh tế - Công an Thành phố Hà Nội,BCA,province,2018,2026,dvc_2018,https://dichvucong.gov.vn/archive/2018,generated_catalog,source,2026-09-12T19:42:24.601202,crawl_2018_2026,Phòng Cảnh sát kinh tế - Công an Thành phố Hà Nội,BCA_CA_HN_PC03,phong canh sat kinh te cong an thanh pho ha noi,BCA,Annotator_A,HIGH,Khớp hoàn toàn danh mục hành chính chuẩn,2026-09-12,DataVietNam,2026-09-12
BCA_CA_HN_PC04,Phòng Cảnh sát điều tra tội phạm về ma túy - Công an Thành phố Hà Nội,BCA,province,2018,2026,dvc_2018,https://dichvucong.gov.vn/archive/2018,generated_catalog,source,2026-09-12T19:42:24.601202,crawl_2018_2026,Phòng Cảnh sát điều tra tội phạm về ma túy - Công an Thành phố Hà Nội,BCA_CA_HN_PC04,phong canh sat ieu tra toi pham ve ma tuy cong an thanh pho ha noi,BCA,Annotator_A,HIGH,Khớp hoàn toàn danh mục hành chính chuẩn,2026-09-12,DataVietNam,2026-09-12
BCA_CA_HN_PC06,Phòng Cảnh sát quản lý hành chính về trật tự xã hội - Công an Thành phố Hà Nội,BCA,province,2018,2026,dvc_2018,https://dichvucong.gov.vn/archive/2018,generated_catalog,source,2026-09-12T19:42:24.601202,crawl_2018_2026,Phòng Cảnh sát quản lý hành chính về trật tự xã hội - Công an Thành phố Hà Nội,BCA_CA_HN_PC06,phong canh sat quan ly hanh chinh ve trat tu xa hoi cong an thanh pho ha noi,BCA,Annotator_A,HIGH,Khớp hoàn toàn danh mục hành chính chuẩn,2026-09-12,DataVietNam,2026-09-12
BCA_CA_HN_PC07,Phòng Cảnh sát Phòng cháy chữa cháy và Cứu nạn cứu hộ - Công an Thành phố Hà Nội,BCA,province,2018,2026,dvc_2018,https://dichvucong.gov.vn/archive/2018,generated_catalog,source,2026-09-12T19:42:24.601202,crawl_2018_2026,Phòng Cảnh sát Phòng cháy chữa cháy và Cứu nạn cứu hộ - Công an Thành phố Hà Nội,BCA_CA_HN_PC07,phong canh sat phong chay chua chay va cuu nan cuu ho cong an thanh pho ha noi,BCA,Annotator_A,HIGH,Khớp hoàn toàn danh mục hành chính chuẩn,2026-09-12,DataVietNam,2026-09-12
BCA_CA_HN_PC08,Phòng Cảnh sát giao thông - Công an Thành phố Hà Nội,BCA,province,2018,2026,dvc_2018,https://dichvucong.gov.vn/archive/2018,generated_catalog,source,2026-09-12T19:42:24.601202,crawl_2018_2026,Phòng Cảnh sát giao thông - Công an Thành phố Hà Nội,BCA_CA_HN_PC08,phong canh sat giao thong cong an thanh pho ha noi,BCA,Annotator_A,HIGH,Khớp hoàn toàn danh mục hành chính chuẩn,2026-09-12,DataVietNam,2026-09-12
BCA_CA_HN_PA01,Phòng An ninh đối ngoại - Công an Thành phố Hà Nội,BCA,province,2018,2026,dvc_2018,https://dichvucong.gov.vn/archive/2018,generated_catalog,source,2026-09-12T19:42:24.601202,crawl_2018_2026,Phòng An ninh đối ngoại - Công an Thành phố Hà Nội,BCA_CA_HN_PA01,phong an ninh oi ngoai cong an thanh pho ha noi,BCA,Annotator_A,HIGH,Khớp hoàn toàn danh mục hành chính chuẩn,2026-09-12,DataVietNam,2026-09-12
BCA_CA_HN_PA02,Phòng An ninh nội địa - Công an Thành phố Hà Nội,BCA,province,2018,2026,dvc_2018,https://dichvucong.gov.vn/archive/2018,generated_catalog,source,2026-09-12T19:42:24.601202,crawl_2018_2026,Phòng An ninh nội địa - Công an Thành phố Hà Nội,BCA_CA_HN_PA02,phong an ninh noi ia cong an thanh pho ha noi,BCA,Annotator_A,HIGH,Khớp hoàn toàn danh mục hành chính chuẩn,2026-09-12,DataVietNam,2026-09-12
BCA_CA_HN_PA03,Phòng An ninh chính trị nội bộ - Công an Thành phố Hà Nội,BCA,province,2018,2026,dvc_2018,https://dichvucong.gov.vn/archive/2018,generated_catalog,source,2026-09-12T19:42:24.601202,crawl_2018_2026,Phòng An ninh chính trị nội bộ - Công an Thành phố Hà Nội,BCA_CA_HN_PA03,phong an ninh chinh tri noi bo cong an thanh pho ha noi,BCA,Annotator_A,HIGH,Khớp hoàn toàn danh mục hành chính chuẩn,2026-09-12,DataVietNam,2026-09-12
BCA_CA_HN_PA05,Phòng An ninh mạng và phòng chống tội phạm công nghệ cao - Công an Thành phố Hà Nội,BCA,province,2018,2026,dvc_2018,https://dichvucong.gov.vn/archive/2018,generated_catalog,source,2026-09-12T19:42:24.601202,crawl_2018_2026,Phòng An ninh mạng và phòng chống tội phạm công nghệ cao - Công an Thành phố Hà Nội,BCA_CA_HN_PA05,phong an ninh mang va phong chong toi pham cong nghe cao cong an thanh pho ha noi,BCA,Annotator_A,HIGH,Khớp hoàn toàn danh mục hành chính chuẩn,2026-09-12,DataVietNam,2026-09-12
BCA_CA_HTAY,Công an Tỉnh Hà Tây,BCA,province,2018,2026,legacy_record_dvc,https://dichvucong.gov.vn/archive/2018,generated_catalog,source,2026-09-12T19:42:24.601202,crawl_2018_2026,Công an Tỉnh Hà Tây,BCA_CA_HTAY,cong an tinh ha tay,BCA,Annotator_A,MEDIUM,Đơn vị lịch sử sáp nhập (Hà Tây hoặc legacy) — cần xác nhận,2026-09-12,DataVietNam,2026-09-12
BCA_CA_HTAY_PC01,Văn phòng Cơ quan Cảnh sát điều tra - Công an Tỉnh Hà Tây,BCA,ministry,2018,2026,legacy_record_dvc,https://dichvucong.gov.vn/archive/2018,generated_catalog,source,2026-09-12T19:42:24.601202,crawl_2018_2026,Văn phòng Cơ quan Cảnh sát điều tra - Công an Tỉnh Hà Tây,BCA_CA_HTAY_PC01,van phong co quan canh sat ieu tra cong an tinh ha tay,BCA,Annotator_A,MEDIUM,Đơn vị lịch sử sáp nhập (Hà Tây hoặc legacy) — cần xác nhận,2026-09-12,DataVietNam,2026-09-12
BCA_CA_HTAY_PC02,Phòng Cảnh sát hình sự - Công an Tỉnh Hà Tây,BCA,province,2018,2026,legacy_record_dvc,https://dichvucong.gov.vn/archive/2018,generated_catalog,source,2026-09-12T19:42:24.601202,crawl_2018_2026,Phòng Cảnh sát hình sự - Công an Tỉnh Hà Tây,BCA_CA_HTAY_PC02,phong canh sat hinh su cong an tinh ha tay,BCA,Annotator_A,MEDIUM,Đơn vị lịch sử sáp nhập (Hà Tây hoặc legacy) — cần xác nhận,2026-09-12,DataVietNam,2026-09-12
BCA_CA_HTAY_PC03,Phòng Cảnh sát kinh tế - Công an Tỉnh Hà Tây,BCA,province,2018,2026,legacy_record_dvc,https://dichvucong.gov.vn/archive/2018,generated_catalog,source,2026-09-12T19:42:24.601202,crawl_2018_2026,Phòng Cảnh sát kinh tế - Công an Tỉnh Hà Tây,BCA_CA_HTAY_PC03,phong canh sat kinh te cong an tinh ha tay,BCA,Annotator_A,MEDIUM,Đơn vị lịch sử sáp nhập (Hà Tây hoặc legacy) — cần xác nhận,2026-09-12,DataVietNam,2026-09-12
BCA_CA_HTAY_PC04,Phòng Cảnh sát điều tra tội phạm về ma túy - Công an Tỉnh Hà Tây,BCA,province,2018,2026,legacy_record_dvc,https://dichvucong.gov.vn/archive/2018,generated_catalog,source,2026-09-12T19:42:24.601202,crawl_2018_2026,Phòng Cảnh sát điều tra tội phạm về ma túy - Công an Tỉnh Hà Tây,BCA_CA_HTAY_PC04,phong canh sat ieu tra toi pham ve ma tuy cong an tinh ha tay,BCA,Annotator_A,MEDIUM,Đơn vị lịch sử sáp nhập (Hà Tây hoặc legacy) — cần xác nhận,2026-09-12,DataVietNam,2026-09-12
BCA_CA_HTAY_PC06,Phòng Cảnh sát quản lý hành chính về trật tự xã hội - Công an Tỉnh Hà Tây,BCA,province,2018,2026,legacy_record_dvc,https://dichvucong.gov.vn/archive/2018,generated_catalog,source,2026-09-12T19:42:24.601202,crawl_2018_2026,Phòng Cảnh sát quản lý hành chính về trật tự xã hội - Công an Tỉnh Hà Tây,BCA_CA_HTAY_PC06,phong canh sat quan ly hanh chinh ve trat tu xa hoi cong an tinh ha tay,BCA,Annotator_A,MEDIUM,Đơn vị lịch sử sáp nhập (Hà Tây hoặc legacy) — cần xác nhận,2026-09-12,DataVietNam,2026-09-12
BCA_CA_HTAY_PC07,Phòng Cảnh sát Phòng cháy chữa cháy và Cứu nạn cứu hộ - Công an Tỉnh Hà Tây,BCA,province,2018,2026,legacy_record_dvc,https://dichvucong.gov.vn/archive/2018,generated_catalog,source,2026-09-12T19:42:24.601202,crawl_2018_2026,Phòng Cảnh sát Phòng cháy chữa cháy và Cứu nạn cứu hộ - Công an Tỉnh Hà Tây,BCA_CA_HTAY_PC07,phong canh sat phong chay chua chay va cuu nan cuu ho cong an tinh ha tay,BCA,Annotator_A,MEDIUM,Đơn vị lịch sử sáp nhập (Hà Tây hoặc legacy) — cần xác nhận,2026-09-12,DataVietNam,2026-09-12
BCA_CA_HTAY_PC08,Phòng Cảnh sát giao thông - Công an Tỉnh Hà Tây,BCA,province,2018,2026,legacy_record_dvc,https://dichvucong.gov.vn/archive/2018,generated_catalog,source,2026-09-12T19:42:24.601202,crawl_2018_2026,Phòng Cảnh sát giao thông - Công an Tỉnh Hà Tây,BCA_CA_HTAY_PC08,phong canh sat giao thong cong an tinh ha tay,BCA,Annotator_A,MEDIUM,Đơn vị lịch sử sáp nhập (Hà Tây hoặc legacy) — cần xác nhận,2026-09-12,DataVietNam,2026-09-12
BCA_CA_HTAY_PA01,Phòng An ninh đối ngoại - Công an Tỉnh Hà Tây,BCA,province,2018,2026,legacy_record_dvc,https://dichvucong.gov.vn/archive/2018,generated_catalog,source,2026-09-12T19:42:24.601202,crawl_2018_2026,Phòng An ninh đối ngoại - Công an Tỉnh Hà Tây,BCA_CA_HTAY_PA01,phong an ninh oi ngoai cong an tinh ha tay,BCA,Annotator_A,MEDIUM,Đơn vị lịch sử sáp nhập (Hà Tây hoặc legacy) — cần xác nhận,2026-09-12,DataVietNam,2026-09-12
BCA_CA_HTAY_PA02,Phòng An ninh nội địa - Công an Tỉnh Hà Tây,BCA,province,2018,2026,legacy_record_dvc,https://dichvucong.gov.vn/archive/2018,generated_catalog,source,2026-09-12T19:42:24.601202,crawl_2018_2026,Phòng An ninh nội địa - Công an Tỉnh Hà Tây,BCA_CA_HTAY_PA02,phong an ninh noi ia cong an tinh ha tay,BCA,Annotator_A,MEDIUM,Đơn vị lịch sử sáp nhập (Hà Tây hoặc legacy) — cần xác nhận,2026-09-12,DataVietNam,2026-09-12
BCA_CA_HTAY_PA03,Phòng An ninh chính trị nội bộ - Công an Tỉnh Hà Tây,BCA,province,2018,2026,legacy_record_dvc,https://dichvucong.gov.vn/archive/2018,generated_catalog,source,2026-09-12T19:42:24.601202,crawl_2018_2026,Phòng An ninh chính trị nội bộ - Công an Tỉnh Hà Tây,BCA_CA_HTAY_PA03,phong an ninh chinh tri noi bo cong an tinh ha tay,BCA,Annotator_A,MEDIUM,Đơn vị lịch sử sáp nhập (Hà Tây hoặc legacy) — cần xác nhận,2026-09-12,DataVietNam,2026-09-12
BCA_CA_HTAY_PA05,Phòng An ninh mạng và phòng chống tội phạm công nghệ cao - Công an Tỉnh Hà Tây,BCA,province,2018,2026,legacy_record_dvc,https://dichvucong.gov.vn/archive/2018,generated_catalog,source,2026-09-12T19:42:24.601202,crawl_2018_2026,Phòng An ninh mạng và phòng chống tội phạm công nghệ cao - Công an Tỉnh Hà Tây,BCA_CA_HTAY_PA05,phong an ninh mang va phong chong toi pham cong nghe cao cong an tinh ha tay,BCA,Annotator_A,MEDIUM,Đơn vị lịch sử sáp nhập (Hà Tây hoặc legacy) — cần xác nhận,2026-09-12,DataVietNam,2026-09-12
BCA_CA_HCM,Công an Thành phố Thành phố Hồ Chí Minh,BCA,province,2018,2026,dvc_2018,https://dichvucong.gov.vn/archive/2018,generated_catalog,source,2026-09-12T19:42:24.601202,crawl_2018_2026,Công an Thành phố Thành phố Hồ Chí Minh,BCA_CA_HCM,cong an thanh pho thanh pho ho chi minh,BCA,Annotator_A,HIGH,Khớp hoàn toàn danh mục hành chính chuẩn,2026-09-12,DataVietNam,2026-09-12
BCA_CA_HCM_PC01,Văn phòng Cơ quan Cảnh sát điều tra - Công an Thành phố Thành phố Hồ Chí Minh,BCA,ministry,2018,2026,dvc_2018,https://dichvucong.gov.vn/archive/2018,generated_catalog,source,2026-09-12T19:42:24.601202,crawl_2018_2026,Văn phòng Cơ quan Cảnh sát điều tra - Công an Thành phố Thành phố Hồ Chí Minh,BCA_CA_HCM_PC01,van phong co quan canh sat ieu tra cong an thanh pho thanh pho ho chi minh,BCA,Annotator_A,HIGH,Khớp hoàn toàn danh mục hành chính chuẩn,2026-09-12,DataVietNam,2026-09-12
BCA_CA_HCM_PC02,Phòng Cảnh sát hình sự - Công an Thành phố Thành phố Hồ Chí Minh,BCA,province,2018,2026,dvc_2018,https://dichvucong.gov.vn/archive/2018,generated_catalog,source,2026-09-12T19:42:24.601202,crawl_2018_2026,Phòng Cảnh sát hình sự - Công an Thành phố Thành phố Hồ Chí Minh,BCA_CA_HCM_PC02,phong canh sat hinh su cong an thanh pho thanh pho ho chi minh,BCA,Annotator_A,HIGH,Khớp hoàn toàn danh mục hành chính chuẩn,2026-09-12,DataVietNam,2026-09-12
BCA_CA_HCM_PC03,Phòng Cảnh sát kinh tế - Công an Thành phố Thành phố Hồ Chí Minh,BCA,province,2018,2026,dvc_2018,https://dichvucong.gov.vn/archive/2018,generated_catalog,source,2026-09-12T19:42:24.601202,crawl_2018_2026,Phòng Cảnh sát kinh tế - Công an Thành phố Thành phố Hồ Chí Minh,BCA_CA_HCM_PC03,phong canh sat kinh te cong an thanh pho thanh pho ho chi minh,BCA,Annotator_A,HIGH,Khớp hoàn toàn danh mục hành chính chuẩn,2026-09-12,DataVietNam,2026-09-12
BCA_CA_HCM_PC04,Phòng Cảnh sát điều tra tội phạm về ma túy - Công an Thành phố Thành phố Hồ Chí Minh,BCA,province,2018,2026,dvc_2018,https://dichvucong.gov.vn/archive/2018,generated_catalog,source,2026-09-12T19:42:24.601202,crawl_2018_2026,Phòng Cảnh sát điều tra tội phạm về ma túy - Công an Thành phố Thành phố Hồ Chí Minh,BCA_CA_HCM_PC04,phong canh sat ieu tra toi pham ve ma tuy cong an thanh pho thanh pho ho chi minh,BCA,Annotator_A,HIGH,Khớp hoàn toàn danh mục hành chính chuẩn,2026-09-12,DataVietNam,2026-09-12
BCA_CA_HCM_PC06,Phòng Cảnh sát quản lý hành chính về trật tự xã hội - Công an Thành phố Thành phố Hồ Chí Minh,BCA,province,2018,2026,dvc_2018,https://dichvucong.gov.vn/archive/2018,generated_catalog,source,2026-09-12T19:42:24.601202,crawl_2018_2026,Phòng Cảnh sát quản lý hành chính về trật tự xã hội - Công an Thành phố Thành phố Hồ Chí Minh,BCA_CA_HCM_PC06,phong canh sat quan ly hanh chinh ve trat tu xa hoi cong an thanh pho thanh pho ho chi minh,BCA,Annotator_A,HIGH,Khớp hoàn toàn danh mục hành chính chuẩn,2026-09-12,DataVietNam,2026-09-12
BCA_CA_HCM_PC07,Phòng Cảnh sát Phòng cháy chữa cháy và Cứu nạn cứu hộ - Công an Thành phố Thành phố Hồ Chí Minh,BCA,province,2018,2026,dvc_2018,https://dichvucong.gov.vn/archive/2018,generated_catalog,source,2026-09-12T19:42:24.601202,crawl_2018_2026,Phòng Cảnh sát Phòng cháy chữa cháy và Cứu nạn cứu hộ - Công an Thành phố Thành phố Hồ Chí Minh,BCA_CA_HCM_PC07,phong canh sat phong chay chua chay va cuu nan cuu ho cong an thanh pho thanh pho ho chi minh,BCA,Annotator_A,HIGH,Khớp hoàn toàn danh mục hành chính chuẩn,2026-09-12,DataVietNam,2026-09-12
BCA_CA_HCM_PC08,Phòng Cảnh sát giao thông - Công an Thành phố Thành phố Hồ Chí Minh,BCA,province,2018,2026,dvc_2018,https://dichvucong.gov.vn/archive/2018,generated_catalog,source,2026-09-12T19:42:24.601202,crawl_2018_2026,Phòng Cảnh sát giao thông - Công an Thành phố Thành phố Hồ Chí Minh,BCA_CA_HCM_PC08,phong canh sat giao thong cong an thanh pho thanh pho ho chi minh,BCA,Annotator_A,HIGH,Khớp hoàn toàn danh mục hành chính chuẩn,2026-09-12,DataVietNam,2026-09-12
BCA_CA_HCM_PA01,Phòng An ninh đối ngoại - Công an Thành phố Thành phố Hồ Chí Minh,BCA,province,2018,2026,dvc_2018,https://dichvucong.gov.vn/archive/2018,generated_catalog,source,2026-09-12T19:42:24.601202,crawl_2018_2026,Phòng An ninh đối ngoại - Công an Thành phố Thành phố Hồ Chí Minh,BCA_CA_HCM_PA01,phong an ninh oi ngoai cong an thanh pho thanh pho ho chi minh,BCA,Annotator_A,HIGH,Khớp hoàn toàn danh mục hành chính chuẩn,2026-09-12,DataVietNam,2026-09-12
BCA_CA_HCM_PA02,Phòng An ninh nội địa - Công an Thành phố Thành phố Hồ Chí Minh,BCA,province,2018,2026,dvc_2018,https://dichvucong.gov.vn/archive/2018,generated_catalog,source,2026-09-12T19:42:24.601202,crawl_2018_2026,Phòng An ninh nội địa - Công an Thành phố Thành phố Hồ Chí Minh,BCA_CA_HCM_PA02,phong an ninh noi ia cong an thanh pho thanh pho ho chi minh,BCA,Annotator_A,HIGH,Khớp hoàn toàn danh mục hành chính chuẩn,2026-09-12,DataVietNam,2026-09-12
BCA_CA_HCM_PA03,Phòng An ninh chính trị nội bộ - Công an Thành phố Thành phố Hồ Chí Minh,BCA,province,2018,2026,dvc_2018,https://dichvucong.gov.vn/archive/2018,generated_catalog,source,2026-09-12T19:42:24.601202,crawl_2018_2026,Phòng An ninh chính trị nội bộ - Công an Thành phố Thành phố Hồ Chí Minh,BCA_CA_HCM_PA03,phong an ninh chinh tri noi bo cong an thanh pho thanh pho ho chi minh,BCA,Annotator_A,HIGH,Khớp hoàn toàn danh mục hành chính chuẩn,2026-09-12,DataVietNam,2026-09-12
BCA_CA_HCM_PA05,Phòng An ninh mạng và phòng chống tội phạm công nghệ cao - Công an Thành phố Thành phố Hồ Chí Minh,BCA,province,2018,2026,dvc_2018,https://dichvucong.gov.vn/archive/2018,generated_catalog,source,2026-09-12T19:42:24.601202,crawl_2018_2026,Phòng An ninh mạng và phòng chống tội phạm công nghệ cao - Công an Thành phố Thành phố Hồ Chí Minh,BCA_CA_HCM_PA05,phong an ninh mang va phong chong toi pham cong nghe cao cong an thanh pho thanh pho ho chi minh,BCA,Annotator_A,HIGH,Khớp hoàn toàn danh mục hành chính chuẩn,2026-09-12,DataVietNam,2026-09-12
BCA_CA_DN,Công an Thành phố Đà Nẵng,BCA,province,2018,2026,dvc_2018,https://dichvucong.gov.vn/archive/2018,generated_catalog,source,2026-09-12T19:42:24.601202,crawl_2018_2026,Công an Thành phố Đà Nẵng,BCA_CA_DN,cong an thanh pho a nang,BCA,Annotator_A,HIGH,Khớp hoàn toàn danh mục hành chính chuẩn,2026-09-12,DataVietNam,2026-09-12
BCA_CA_DN_PC01,Văn phòng Cơ quan Cảnh sát điều tra - Công an Thành phố Đà Nẵng,BCA,ministry,2018,2026,dvc_2018,https://dichvucong.gov.vn/archive/2018,generated_catalog,source,2026-09-12T19:42:24.601202,crawl_2018_2026,Văn phòng Cơ quan Cảnh sát điều tra - Công an Thành phố Đà Nẵng,BCA_CA_DN_PC01,van phong co quan canh sat ieu tra cong an thanh pho a nang,BCA,Annotator_A,HIGH,Khớp hoàn toàn danh mục hành chính chuẩn,2026-09-12,DataVietNam,2026-09-12
BCA_CA_DN_PC02,Phòng Cảnh sát hình sự - Công an Thành phố Đà Nẵng,BCA,province,2018,2026,dvc_2018,https://dichvucong.gov.vn/archive/2018,generated_catalog,source,2026-09-12T19:42:24.601202,crawl_2018_2026,Phòng Cảnh sát hình sự - Công an Thành phố Đà Nẵng,BCA_CA_DN_PC02,phong canh sat hinh su cong an thanh pho a nang,BCA,Annotator_A,HIGH,Khớp hoàn toàn danh mục hành chính chuẩn,2026-09-12,DataVietNam,2026-09-12
BCA_CA_DN_PC03,Phòng Cảnh sát kinh tế - Công an Thành phố Đà Nẵng,BCA,province,2018,2026,dvc_2018,https://dichvucong.gov.vn/archive/2018,generated_catalog,source,2026-09-12T19:42:24.601202,crawl_2018_2026,Phòng Cảnh sát kinh tế - Công an Thành phố Đà Nẵng,BCA_CA_DN_PC03,phong canh sat kinh te cong an thanh pho a nang,BCA,Annotator_A,HIGH,Khớp hoàn toàn danh mục hành chính chuẩn,2026-09-12,DataVietNam,2026-09-12
BCA_CA_DN_PC04,Phòng Cảnh sát điều tra tội phạm về ma túy - Công an Thành phố Đà Nẵng,BCA,province,2018,2026,dvc_2018,https://dichvucong.gov.vn/archive/2018,generated_catalog,source,2026-09-12T19:42:24.601202,crawl_2018_2026,Phòng Cảnh sát điều tra tội phạm về ma túy - Công an Thành phố Đà Nẵng,BCA_CA_DN_PC04,phong canh sat ieu tra toi pham ve ma tuy cong an thanh pho a nang,BCA,Annotator_A,HIGH,Khớp hoàn toàn danh mục hành chính chuẩn,2026-09-12,DataVietNam,2026-09-12
BCA_CA_DN_PC06,Phòng Cảnh sát quản lý hành chính về trật tự xã hội - Công an Thành phố Đà Nẵng,BCA,province,2018,2026,dvc_2018,https://dichvucong.gov.vn/archive/2018,generated_catalog,source,2026-09-12T19:42:24.601202,crawl_2018_2026,Phòng Cảnh sát quản lý hành chính về trật tự xã hội - Công an Thành phố Đà Nẵng,BCA_CA_DN_PC06,phong canh sat quan ly hanh chinh ve trat tu xa hoi cong an thanh pho a nang,BCA,Annotator_A,HIGH,Khớp hoàn toàn danh mục hành chính chuẩn,2026-09-12,DataVietNam,2026-09-12
BCA_CA_DN_PC07,Phòng Cảnh sát Phòng cháy chữa cháy và Cứu nạn cứu hộ - Công an Thành phố Đà Nẵng,BCA,province,2018,2026,dvc_2018,https://dichvucong.gov.vn/archive/2018,generated_catalog,source,2026-09-12T19:42:24.601202,crawl_2018_2026,Phòng Cảnh sát Phòng cháy chữa cháy và Cứu nạn cứu hộ - Công an Thành phố Đà Nẵng,BCA_CA_DN_PC07,phong canh sat phong chay chua chay va cuu nan cuu ho cong an thanh pho a nang,BCA,Annotator_A,HIGH,Khớp hoàn toàn danh mục hành chính chuẩn,2026-09-12,DataVietNam,2026-09-12
BCA_CA_DN_PC08,Phòng Cảnh sát giao thông - Công an Thành phố Đà Nẵng,BCA,province,2018,2026,dvc_2018,https://dichvucong.gov.vn/archive/2018,generated_catalog,source,2026-09-12T19:42:24.601202,crawl_2018_2026,Phòng Cảnh sát giao thông - Công an Thành phố Đà Nẵng,BCA_CA_DN_PC08,phong canh sat giao thong cong an thanh pho a nang,BCA,Annotator_A,HIGH,Khớp hoàn toàn danh mục hành chính chuẩn,2026-09-12,DataVietNam,2026-09-12
BCA_CA_DN_PA01,Phòng An ninh đối ngoại - Công an Thành phố Đà Nẵng,BCA,province,2018,2026,dvc_2018,https://dichvucong.gov.vn/archive/2018,generated_catalog,source,2026-09-12T19:42:24.601202,crawl_2018_2026,Phòng An ninh đối ngoại - Công an Thành phố Đà Nẵng,BCA_CA_DN_PA01,phong an ninh oi ngoai cong an thanh pho a nang,BCA,Annotator_A,HIGH,Khớp hoàn toàn danh mục hành chính chuẩn,2026-09-12,DataVietNam,2026-09-12
BCA_CA_DN_PA02,Phòng An ninh nội địa - Công an Thành phố Đà Nẵng,BCA,province,2018,2026,dvc_2018,https://dichvucong.gov.vn/archive/2018,generated_catalog,source,2026-09-12T19:42:24.601202,crawl_2018_2026,Phòng An ninh nội địa - Công an Thành phố Đà Nẵng,BCA_CA_DN_PA02,phong an ninh noi ia cong an thanh pho a nang,BCA,Annotator_A,HIGH,Khớp hoàn toàn danh mục hành chính chuẩn,2026-09-12,DataVietNam,2026-09-12
BCA_CA_DN_PA03,Phòng An ninh chính trị nội bộ - Công an Thành phố Đà Nẵng,BCA,province,2018,2026,dvc_2018,https://dichvucong.gov.vn/archive/2018,generated_catalog,source,2026-09-12T19:42:24.601202,crawl_2018_2026,Phòng An ninh chính trị nội bộ - Công an Thành phố Đà Nẵng,BCA_CA_DN_PA03,phong an ninh chinh tri noi bo cong an thanh pho a nang,BCA,Annotator_A,HIGH,Khớp hoàn toàn danh mục hành chính chuẩn,2026-09-12,DataVietNam,2026-09-12
BCA_CA_DN_PA05,Phòng An ninh mạng và phòng chống tội phạm công nghệ cao - Công an Thành phố Đà Nẵng,BCA,province,2018,2026,dvc_2018,https://dichvucong.gov.vn/archive/2018,generated_catalog,source,2026-09-12T19:42:24.601202,crawl_2018_2026,Phòng An ninh mạng và phòng chống tội phạm công nghệ cao - Công an Thành phố Đà Nẵng,BCA_CA_DN_PA05,phong an ninh mang va phong chong toi pham cong nghe cao cong an thanh pho a nang,BCA,Annotator_A,HIGH,Khớp hoàn toàn danh mục hành chính chuẩn,2026-09-12,DataVietNam,2026-09-12
BCA_CA_HP,Công an Thành phố Hải Phòng,BCA,province,2018,2026,dvc_2018,https://dichvucong.gov.vn/archive/2018,generated_catalog,source,2026-09-12T19:42:24.601202,crawl_2018_2026,Công an Thành phố Hải Phòng,BCA_CA_HP,cong an thanh pho hai phong,BCA,Annotator_A,HIGH,Khớp hoàn toàn danh mục hành chính chuẩn,2026-09-12,DataVietNam,2026-09-12
BCA_CA_HP_PC01,Văn phòng Cơ quan Cảnh sát điều tra - Công an Thành phố Hải Phòng,BCA,ministry,2018,2026,dvc_2018,https://dichvucong.gov.vn/archive/2018,generated_catalog,source,2026-09-12T19:42:24.601202,crawl_2018_2026,Văn phòng Cơ quan Cảnh sát điều tra - Công an Thành phố Hải Phòng,BCA_CA_HP_PC01,van phong co quan canh sat ieu tra cong an thanh pho hai phong,BCA,Annotator_A,HIGH,Khớp hoàn toàn danh mục hành chính chuẩn,2026-09-12,DataVietNam,2026-09-12
BCA_CA_HP_PC02,Phòng Cảnh sát hình sự - Công an Thành phố Hải Phòng,BCA,province,2018,2026,dvc_2018,https://dichvucong.gov.vn/archive/2018,generated_catalog,source,2026-09-12T19:42:24.601202,crawl_2018_2026,Phòng Cảnh sát hình sự - Công an Thành phố Hải Phòng,BCA_CA_HP_PC02,phong canh sat hinh su cong an thanh pho hai phong,BCA,Annotator_A,HIGH,Khớp hoàn toàn danh mục hành chính chuẩn,2026-09-12,DataVietNam,2026-09-12
BCA_CA_HP_PC03,Phòng Cảnh sát kinh tế - Công an Thành phố Hải Phòng,BCA,province,2018,2026,dvc_2018,https://dichvucong.gov.vn/archive/2018,generated_catalog,source,2026-09-12T19:42:24.601202,crawl_2018_2026,Phòng Cảnh sát kinh tế - Công an Thành phố Hải Phòng,BCA_CA_HP_PC03,phong canh sat kinh te cong an thanh pho hai phong,BCA,Annotator_A,HIGH,Khớp hoàn toàn danh mục hành chính chuẩn,2026-09-12,DataVietNam,2026-09-12
BCA_CA_HP_PC04,Phòng Cảnh sát điều tra tội phạm về ma túy - Công an Thành phố Hải Phòng,BCA,province,2018,2026,dvc_2018,https://dichvucong.gov.vn/archive/2018,generated_catalog,source,2026-09-12T19:42:24.601202,crawl_2018_2026,Phòng Cảnh sát điều tra tội phạm về ma túy - Công an Thành phố Hải Phòng,BCA_CA_HP_PC04,phong canh sat ieu tra toi pham ve ma tuy cong an thanh pho hai phong,BCA,Annotator_A,HIGH,Khớp hoàn toàn danh mục hành chính chuẩn,2026-09-12,DataVietNam,2026-09-12
BCA_CA_HP_PC06,Phòng Cảnh sát quản lý hành chính về trật tự xã hội - Công an Thành phố Hải Phòng,BCA,province,2018,2026,dvc_2018,https://dichvucong.gov.vn/archive/2018,generated_catalog,source,2026-09-12T19:42:24.601202,crawl_2018_2026,Phòng Cảnh sát quản lý hành chính về trật tự xã hội - Công an Thành phố Hải Phòng,BCA_CA_HP_PC06,phong canh sat quan ly hanh chinh ve trat tu xa hoi cong an thanh pho hai phong,BCA,Annotator_A,HIGH,Khớp hoàn toàn danh mục hành chính chuẩn,2026-09-12,DataVietNam,2026-09-12
BCA_CA_HP_PC07,Phòng Cảnh sát Phòng cháy chữa cháy và Cứu nạn cứu hộ - Công an Thành phố Hải Phòng,BCA,province,2018,2026,dvc_2018,https://dichvucong.gov.vn/archive/2018,generated_catalog,source,2026-09-12T19:42:24.601202,crawl_2018_2026,Phòng Cảnh sát Phòng cháy chữa cháy và Cứu nạn cứu hộ - Công an Thành phố Hải Phòng,BCA_CA_HP_PC07,phong canh sat phong chay chua chay va cuu nan cuu ho cong an thanh pho hai phong,BCA,Annotator_A,HIGH,Khớp hoàn toàn danh mục hành chính chuẩn,2026-09-12,DataVietNam,2026-09-12
BCA_CA_HP_PC08,Phòng Cảnh sát giao thông - Công an Thành phố Hải Phòng,BCA,province,2018,2026,dvc_2018,https://dichvucong.gov.vn/archive/2018,generated_catalog,source,2026-09-12T19:42:24.601202,crawl_2018_2026,Phòng Cảnh sát giao thông - Công an Thành phố Hải Phòng,BCA_CA_HP_PC08,phong canh sat giao thong cong an thanh pho hai phong,BCA,Annotator_A,HIGH,Khớp hoàn toàn danh mục hành chính chuẩn,2026-09-12,DataVietNam,2026-09-12
BCA_CA_HP_PA01,Phòng An ninh đối ngoại - Công an Thành phố Hải Phòng,BCA,province,2018,2026,dvc_2018,https://dichvucong.gov.vn/archive/2018,generated_catalog,source,2026-09-12T19:42:24.601202,crawl_2018_2026,Phòng An ninh đối ngoại - Công an Thành phố Hải Phòng,BCA_CA_HP_PA01,phong an ninh oi ngoai cong an thanh pho hai phong,BCA,Annotator_A,HIGH,Khớp hoàn toàn danh mục hành chính chuẩn,2026-09-12,DataVietNam,2026-09-12
BCA_CA_HP_PA02,Phòng An ninh nội địa - Công an Thành phố Hải Phòng,BCA,province,2018,2026,dvc_2018,https://dichvucong.gov.vn/archive/2018,generated_catalog,source,2026-09-12T19:42:24.601202,crawl_2018_2026,Phòng An ninh nội địa - Công an Thành phố Hải Phòng,BCA_CA_HP_PA02,phong an ninh noi ia cong an thanh pho hai phong,BCA,Annotator_A,HIGH,Khớp hoàn toàn danh mục hành chính chuẩn,2026-09-12,DataVietNam,2026-09-12
BCA_CA_HP_PA03,Phòng An ninh chính trị nội bộ - Công an Thành phố Hải Phòng,BCA,province,2018,2026,dvc_2018,https://dichvucong.gov.vn/archive/2018,generated_catalog,source,2026-09-12T19:42:24.601202,crawl_2018_2026,Phòng An ninh chính trị nội bộ - Công an Thành phố Hải Phòng,BCA_CA_HP_PA03,phong an ninh chinh tri noi bo cong an thanh pho hai phong,BCA,Annotator_A,HIGH,Khớp hoàn toàn danh mục hành chính chuẩn,2026-09-12,DataVietNam,2026-09-12
BCA_CA_HP_PA05,Phòng An ninh mạng và phòng chống tội phạm công nghệ cao - Công an Thành phố Hải Phòng,BCA,province,2018,2026,dvc_2018,https://dichvucong.gov.vn/archive/2018,generated_catalog,source,2026-09-12T19:42:24.601202,crawl_2018_2026,Phòng An ninh mạng và phòng chống tội phạm công nghệ cao - Công an Thành phố Hải Phòng,BCA_CA_HP_PA05,phong an ninh mang va phong chong toi pham cong nghe cao cong an thanh pho hai phong,BCA,Annotator_A,HIGH,Khớp hoàn toàn danh mục hành chính chuẩn,2026-09-12,DataVietNam,2026-09-12
BCA_CA_CT,Công an Thành phố Cần Thơ,BCA,province,2018,2026,dvc_2018,https://dichvucong.gov.vn/archive/2018,generated_catalog,source,2026-09-12T19:42:24.601202,crawl_2018_2026,Công an Thành phố Cần Thơ,BCA_CA_CT,cong an thanh pho can tho,BCA,Annotator_A,HIGH,Khớp hoàn toàn danh mục hành chính chuẩn,2026-09-12,DataVietNam,2026-09-12
BCA_CA_CT_PC01,Văn phòng Cơ quan Cảnh sát điều tra - Công an Thành phố Cần Thơ,BCA,ministry,2018,2026,dvc_2018,https://dichvucong.gov.vn/archive/2018,generated_catalog,source,2026-09-12T19:42:24.601202,crawl_2018_2026,Văn phòng Cơ quan Cảnh sát điều tra - Công an Thành phố Cần Thơ,BCA_CA_CT_PC01,van phong co quan canh sat ieu tra cong an thanh pho can tho,BCA,Annotator_A,HIGH,Khớp hoàn toàn danh mục hành chính chuẩn,2026-09-12,DataVietNam,2026-09-12
BCA_CA_CT_PC02,Phòng Cảnh sát hình sự - Công an Thành phố Cần Thơ,BCA,province,2018,2026,dvc_2018,https://dichvucong.gov.vn/archive/2018,generated_catalog,source,2026-09-12T19:42:24.601202,crawl_2018_2026,Phòng Cảnh sát hình sự - Công an Thành phố Cần Thơ,BCA_CA_CT_PC02,phong canh sat hinh su cong an thanh pho can tho,BCA,Annotator_A,HIGH,Khớp hoàn toàn danh mục hành chính chuẩn,2026-09-12,DataVietNam,2026-09-12
BCA_CA_CT_PC03,Phòng Cảnh sát kinh tế - Công an Thành phố Cần Thơ,BCA,province,2018,2026,dvc_2018,https://dichvucong.gov.vn/archive/2018,generated_catalog,source,2026-09-12T19:42:24.601202,crawl_2018_2026,Phòng Cảnh sát kinh tế - Công an Thành phố Cần Thơ,BCA_CA_CT_PC03,phong canh sat kinh te cong an thanh pho can tho,BCA,Annotator_A,HIGH,Khớp hoàn toàn danh mục hành chính chuẩn,2026-09-12,DataVietNam,2026-09-12
BCA_CA_CT_PC04,Phòng Cảnh sát điều tra tội phạm về ma túy - Công an Thành phố Cần Thơ,BCA,province,2018,2026,dvc_2018,https://dichvucong.gov.vn/archive/2018,generated_catalog,source,2026-09-12T19:42:24.601202,crawl_2018_2026,Phòng Cảnh sát điều tra tội phạm về ma túy - Công an Thành phố Cần Thơ,BCA_CA_CT_PC04,phong canh sat ieu tra toi pham ve ma tuy cong an thanh pho can tho,BCA,Annotator_A,HIGH,Khớp hoàn toàn danh mục hành chính chuẩn,2026-09-12,DataVietNam,2026-09-12
BCA_CA_CT_PC06,Phòng Cảnh sát quản lý hành chính về trật tự xã hội - Công an Thành phố Cần Thơ,BCA,province,2018,2026,dvc_2018,https://dichvucong.gov.vn/archive/2018,generated_catalog,source,2026-09-12T19:42:24.601202,crawl_2018_2026,Phòng Cảnh sát quản lý hành chính về trật tự xã hội - Công an Thành phố Cần Thơ,BCA_CA_CT_PC06,phong canh sat quan ly hanh chinh ve trat tu xa hoi cong an thanh pho can tho,BCA,Annotator_A,HIGH,Khớp hoàn toàn danh mục hành chính chuẩn,2026-09-12,DataVietNam,2026-09-12
BCA_CA_CT_PC07,Phòng Cảnh sát Phòng cháy chữa cháy và Cứu nạn cứu hộ - Công an Thành phố Cần Thơ,BCA,province,2018,2026,dvc_2018,https://dichvucong.gov.vn/archive/2018,generated_catalog,source,2026-09-12T19:42:24.601202,crawl_2018_2026,Phòng Cảnh sát Phòng cháy chữa cháy và Cứu nạn cứu hộ - Công an Thành phố Cần Thơ,BCA_CA_CT_PC07,phong canh sat phong chay chua chay va cuu nan cuu ho cong an thanh pho can tho,BCA,Annotator_A,HIGH,Khớp hoàn toàn danh mục hành chính chuẩn,2026-09-12,DataVietNam,2026-09-12
BCA_CA_CT_PC08,Phòng Cảnh sát giao thông - Công an Thành phố Cần Thơ,BCA,province,2018,2026,dvc_2018,https://dichvucong.gov.vn/archive/2018,generated_catalog,source,2026-09-12T19:42:24.601202,crawl_2018_2026,Phòng Cảnh sát giao thông - Công an Thành phố Cần Thơ,BCA_CA_CT_PC08,phong canh sat giao thong cong an thanh pho can tho,BCA,Annotator_A,HIGH,Khớp hoàn toàn danh mục hành chính chuẩn,2026-09-12,DataVietNam,2026-09-12
BCA_CA_CT_PA01,Phòng An ninh đối ngoại - Công an Thành phố Cần Thơ,BCA,province,2018,2026,dvc_2018,https://dichvucong.gov.vn/archive/2018,generated_catalog,source,2026-09-12T19:42:24.601202,crawl_2018_2026,Phòng An ninh đối ngoại - Công an Thành phố Cần Thơ,BCA_CA_CT_PA01,phong an ninh oi ngoai cong an thanh pho can tho,BCA,Annotator_A,HIGH,Khớp hoàn toàn danh mục hành chính chuẩn,2026-09-12,DataVietNam,2026-09-12
BCA_CA_CT_PA02,Phòng An ninh nội địa - Công an Thành phố Cần Thơ,BCA,province,2018,2026,dvc_2018,https://dichvucong.gov.vn/archive/2018,generated_catalog,source,2026-09-12T19:42:24.601202,crawl_2018_2026,Phòng An ninh nội địa - Công an Thành phố Cần Thơ,BCA_CA_CT_PA02,phong an ninh noi ia cong an thanh pho can tho,BCA,Annotator_A,HIGH,Khớp hoàn toàn danh mục hành chính chuẩn,2026-09-12,DataVietNam,2026-09-12
BCA_CA_CT_PA03,Phòng An ninh chính trị nội bộ - Công an Thành phố Cần Thơ,BCA,province,2018,2026,dvc_2018,https://dichvucong.gov.vn/archive/2018,generated_catalog,source,2026-09-12T19:42:24.601202,crawl_2018_2026,Phòng An ninh chính trị nội bộ - Công an Thành phố Cần Thơ,BCA_CA_CT_PA03,phong an ninh chinh tri noi bo cong an thanh pho can tho,BCA,Annotator_A,HIGH,Khớp hoàn toàn danh mục hành chính chuẩn,2026-09-12,DataVietNam,2026-09-12
BCA_CA_CT_PA05,Phòng An ninh mạng và phòng chống tội phạm công nghệ cao - Công an Thành phố Cần Thơ,BCA,province,2018,2026,dvc_2018,https://dichvucong.gov.vn/archive/2018,generated_catalog,source,2026-09-12T19:42:24.601202,crawl_2018_2026,Phòng An ninh mạng và phòng chống tội phạm công nghệ cao - Công an Thành phố Cần Thơ,BCA_CA_CT_PA05,phong an ninh mang va phong chong toi pham cong nghe cao cong an thanh pho can tho,BCA,Annotator_A,HIGH,Khớp hoàn toàn danh mục hành chính chuẩn,2026-09-12,DataVietNam,2026-09-12
BCA_CA_DNAI,Công an Tỉnh Đồng Nai,BCA,province,2018,2026,dvc_2018,https://dichvucong.gov.vn/archive/2018,generated_catalog,source,2026-09-12T19:42:24.601202,crawl_2018_2026,Công an Tỉnh Đồng Nai,BCA_CA_DNAI,cong an tinh ong nai,BCA,Annotator_A,HIGH,Khớp hoàn toàn danh mục hành chính chuẩn,2026-09-12,DataVietNam,2026-09-12
BCA_CA_DNAI_PC01,Văn phòng Cơ quan Cảnh sát điều tra - Công an Tỉnh Đồng Nai,BCA,ministry,2018,2026,dvc_2018,https://dichvucong.gov.vn/archive/2018,generated_catalog,source,2026-09-12T19:42:24.601202,crawl_2018_2026,Văn phòng Cơ quan Cảnh sát điều tra - Công an Tỉnh Đồng Nai,BCA_CA_DNAI_PC01,van phong co quan canh sat ieu tra cong an tinh ong nai,BCA,Annotator_A,HIGH,Khớp hoàn toàn danh mục hành chính chuẩn,2026-09-12,DataVietNam,2026-09-12
BCA_CA_DNAI_PC02,Phòng Cảnh sát hình sự - Công an Tỉnh Đồng Nai,BCA,province,2018,2026,dvc_2018,https://dichvucong.gov.vn/archive/2018,generated_catalog,source,2026-09-12T19:42:24.601202,crawl_2018_2026,Phòng Cảnh sát hình sự - Công an Tỉnh Đồng Nai,BCA_CA_DNAI_PC02,phong canh sat hinh su cong an tinh ong nai,BCA,Annotator_A,HIGH,Khớp hoàn toàn danh mục hành chính chuẩn,2026-09-12,DataVietNam,2026-09-12
BCA_CA_DNAI_PC03,Phòng Cảnh sát kinh tế - Công an Tỉnh Đồng Nai,BCA,province,2018,2026,dvc_2018,https://dichvucong.gov.vn/archive/2018,generated_catalog,source,2026-09-12T19:42:24.601202,crawl_2018_2026,Phòng Cảnh sát kinh tế - Công an Tỉnh Đồng Nai,BCA_CA_DNAI_PC03,phong canh sat kinh te cong an tinh ong nai,BCA,Annotator_A,HIGH,Khớp hoàn toàn danh mục hành chính chuẩn,2026-09-12,DataVietNam,2026-09-12
BCA_CA_DNAI_PC04,Phòng Cảnh sát điều tra tội phạm về ma túy - Công an Tỉnh Đồng Nai,BCA,province,2018,2026,dvc_2018,https://dichvucong.gov.vn/archive/2018,generated_catalog,source,2026-09-12T19:42:24.601202,crawl_2018_2026,Phòng Cảnh sát điều tra tội phạm về ma túy - Công an Tỉnh Đồng Nai,BCA_CA_DNAI_PC04,phong canh sat ieu tra toi pham ve ma tuy cong an tinh ong nai,BCA,Annotator_A,HIGH,Khớp hoàn toàn danh mục hành chính chuẩn,2026-09-12,DataVietNam,2026-09-12
BCA_CA_DNAI_PC06,Phòng Cảnh sát quản lý hành chính về trật tự xã hội - Công an Tỉnh Đồng Nai,BCA,province,2018,2026,dvc_2018,https://dichvucong.gov.vn/archive/2018,generated_catalog,source,2026-09-12T19:42:24.601202,crawl_2018_2026,Phòng Cảnh sát quản lý hành chính về trật tự xã hội - Công an Tỉnh Đồng Nai,BCA_CA_DNAI_PC06,phong canh sat quan ly hanh chinh ve trat tu xa hoi cong an tinh ong nai,BCA,Annotator_A,HIGH,Khớp hoàn toàn danh mục hành chính chuẩn,2026-09-12,DataVietNam,2026-09-12
BCA_CA_DNAI_PC07,Phòng Cảnh sát Phòng cháy chữa cháy và Cứu nạn cứu hộ - Công an Tỉnh Đồng Nai,BCA,province,2018,2026,dvc_2018,https://dichvucong.gov.vn/archive/2018,generated_catalog,source,2026-09-12T19:42:24.601202,crawl_2018_2026,Phòng Cảnh sát Phòng cháy chữa cháy và Cứu nạn cứu hộ - Công an Tỉnh Đồng Nai,BCA_CA_DNAI_PC07,phong canh sat phong chay chua chay va cuu nan cuu ho cong an tinh ong nai,BCA,Annotator_A,HIGH,Khớp hoàn toàn danh mục hành chính chuẩn,2026-09-12,DataVietNam,2026-09-12
BCA_CA_DNAI_PC08,Phòng Cảnh sát giao thông - Công an Tỉnh Đồng Nai,BCA,province,2018,2026,dvc_2018,https://dichvucong.gov.vn/archive/2018,generated_catalog,source,2026-09-12T19:42:24.601202,crawl_2018_2026,Phòng Cảnh sát giao thông - Công an Tỉnh Đồng Nai,BCA_CA_DNAI_PC08,phong canh sat giao thong cong an tinh ong nai,BCA,Annotator_A,HIGH,Khớp hoàn toàn danh mục hành chính chuẩn,2026-09-12,DataVietNam,2026-09-12
BCA_CA_DNAI_PA01,Phòng An ninh đối ngoại - Công an Tỉnh Đồng Nai,BCA,province,2018,2026,dvc_2018,https://dichvucong.gov.vn/archive/2018,generated_catalog,source,2026-09-12T19:42:24.601202,crawl_2018_2026,Phòng An ninh đối ngoại - Công an Tỉnh Đồng Nai,BCA_CA_DNAI_PA01,phong an ninh oi ngoai cong an tinh ong nai,BCA,Annotator_A,HIGH,Khớp hoàn toàn danh mục hành chính chuẩn,2026-09-12,DataVietNam,2026-09-12
BCA_CA_DNAI_PA02,Phòng An ninh nội địa - Công an Tỉnh Đồng Nai,BCA,province,2018,2026,dvc_2018,https://dichvucong.gov.vn/archive/2018,generated_catalog,source,2026-09-12T19:42:24.601202,crawl_2018_2026,Phòng An ninh nội địa - Công an Tỉnh Đồng Nai,BCA_CA_DNAI_PA02,phong an ninh noi ia cong an tinh ong nai,BCA,Annotator_A,HIGH,Khớp hoàn toàn danh mục hành chính chuẩn,2026-09-12,DataVietNam,2026-09-12
BCA_CA_DNAI_PA03,Phòng An ninh chính trị nội bộ - Công an Tỉnh Đồng Nai,BCA,province,2018,2026,dvc_2018,https://dichvucong.gov.vn/archive/2018,generated_catalog,source,2026-09-12T19:42:24.601202,crawl_2018_2026,Phòng An ninh chính trị nội bộ - Công an Tỉnh Đồng Nai,BCA_CA_DNAI_PA03,phong an ninh chinh tri noi bo cong an tinh ong nai,BCA,Annotator_A,HIGH,Khớp hoàn toàn danh mục hành chính chuẩn,2026-09-12,DataVietNam,2026-09-12
BCA_CA_DNAI_PA05,Phòng An ninh mạng và phòng chống tội phạm công nghệ cao - Công an Tỉnh Đồng Nai,BCA,province,2018,2026,dvc_2018,https://dichvucong.gov.vn/archive/2018,generated_catalog,source,2026-09-12T19:42:24.601202,crawl_2018_2026,Phòng An ninh mạng và phòng chống tội phạm công nghệ cao - Công an Tỉnh Đồng Nai,BCA_CA_DNAI_PA05,phong an ninh mang va phong chong toi pham cong nghe cao cong an tinh ong nai,BCA,Annotator_A,HIGH,Khớp hoàn toàn danh mục hành chính chuẩn,2026-09-12,DataVietNam,2026-09-12
BCA_CA_BD,Công an Tỉnh Bình Dương,BCA,province,2018,2026,dvc_2018,https://dichvucong.gov.vn/archive/2018,generated_catalog,source,2026-09-12T19:42:24.601202,crawl_2018_2026,Công an Tỉnh Bình Dương,BCA_CA_BD,cong an tinh binh duong,BCA,Annotator_A,HIGH,Khớp hoàn toàn danh mục hành chính chuẩn,2026-09-12,DataVietNam,2026-09-12
BCA_CA_BD_PC01,Văn phòng Cơ quan Cảnh sát điều tra - Công an Tỉnh Bình Dương,BCA,ministry,2018,2026,dvc_2018,https://dichvucong.gov.vn/archive/2018,generated_catalog,source,2026-09-12T19:42:24.601202,crawl_2018_2026,Văn phòng Cơ quan Cảnh sát điều tra - Công an Tỉnh Bình Dương,BCA_CA_BD_PC01,van phong co quan canh sat ieu tra cong an tinh binh duong,BCA,Annotator_A,HIGH,Khớp hoàn toàn danh mục hành chính chuẩn,2026-09-12,DataVietNam,2026-09-12
BCA_CA_BD_PC02,Phòng Cảnh sát hình sự - Công an Tỉnh Bình Dương,BCA,province,2018,2026,dvc_2018,https://dichvucong.gov.vn/archive/2018,generated_catalog,source,2026-09-12T19:42:24.601202,crawl_2018_2026,Phòng Cảnh sát hình sự - Công an Tỉnh Bình Dương,BCA_CA_BD_PC02,phong canh sat hinh su cong an tinh binh duong,BCA,Annotator_A,HIGH,Khớp hoàn toàn danh mục hành chính chuẩn,2026-09-12,DataVietNam,2026-09-12
BCA_CA_BD_PC03,Phòng Cảnh sát kinh tế - Công an Tỉnh Bình Dương,BCA,province,2018,2026,dvc_2018,https://dichvucong.gov.vn/archive/2018,generated_catalog,source,2026-09-12T19:42:24.601202,crawl_2018_2026,Phòng Cảnh sát kinh tế - Công an Tỉnh Bình Dương,BCA_CA_BD_PC03,phong canh sat kinh te cong an tinh binh duong,BCA,Annotator_A,HIGH,Khớp hoàn toàn danh mục hành chính chuẩn,2026-09-12,DataVietNam,2026-09-12
BCA_CA_BD_PC04,Phòng Cảnh sát điều tra tội phạm về ma túy - Công an Tỉnh Bình Dương,BCA,province,2018,2026,dvc_2018,https://dichvucong.gov.vn/archive/2018,generated_catalog,source,2026-09-12T19:42:24.601202,crawl_2018_2026,Phòng Cảnh sát điều tra tội phạm về ma túy - Công an Tỉnh Bình Dương,BCA_CA_BD_PC04,phong canh sat ieu tra toi pham ve ma tuy cong an tinh binh duong,BCA,Annotator_A,HIGH,Khớp hoàn toàn danh mục hành chính chuẩn,2026-09-12,DataVietNam,2026-09-12
BCA_CA_BD_PC06,Phòng Cảnh sát quản lý hành chính về trật tự xã hội - Công an Tỉnh Bình Dương,BCA,province,2018,2026,dvc_2018,https://dichvucong.gov.vn/archive/2018,generated_catalog,source,2026-09-12T19:42:24.601202,crawl_2018_2026,Phòng Cảnh sát quản lý hành chính về trật tự xã hội - Công an Tỉnh Bình Dương,BCA_CA_BD_PC06,phong canh sat quan ly hanh chinh ve trat tu xa hoi cong an tinh binh duong,BCA,Annotator_A,HIGH,Khớp hoàn toàn danh mục hành chính chuẩn,2026-09-12,DataVietNam,2026-09-12
BCA_CA_BD_PC07,Phòng Cảnh sát Phòng cháy chữa cháy và Cứu nạn cứu hộ - Công an Tỉnh Bình Dương,BCA,province,2018,2026,dvc_2018,https://dichvucong.gov.vn/archive/2018,generated_catalog,source,2026-09-12T19:42:24.601202,crawl_2018_2026,Phòng Cảnh sát Phòng cháy chữa cháy và Cứu nạn cứu hộ - Công an Tỉnh Bình Dương,BCA_CA_BD_PC07,phong canh sat phong chay chua chay va cuu nan cuu ho cong an tinh binh duong,BCA,Annotator_A,HIGH,Khớp hoàn toàn danh mục hành chính chuẩn,2026-09-12,DataVietNam,2026-09-12
BCA_CA_BD_PC08,Phòng Cảnh sát giao thông - Công an Tỉnh Bình Dương,BCA,province,2018,2026,dvc_2018,https://dichvucong.gov.vn/archive/2018,generated_catalog,source,2026-09-12T19:42:24.601202,crawl_2018_2026,Phòng Cảnh sát giao thông - Công an Tỉnh Bình Dương,BCA_CA_BD_PC08,phong canh sat giao thong cong an tinh binh duong,BCA,Annotator_A,HIGH,Khớp hoàn toàn danh mục hành chính chuẩn,2026-09-12,DataVietNam,2026-09-12
BCA_CA_BD_PA01,Phòng An ninh đối ngoại - Công an Tỉnh Bình Dương,BCA,province,2018,2026,dvc_2018,https://dichvucong.gov.vn/archive/2018,generated_catalog,source,2026-09-12T19:42:24.601202,crawl_2018_2026,Phòng An ninh đối ngoại - Công an Tỉnh Bình Dương,BCA_CA_BD_PA01,phong an ninh oi ngoai cong an tinh binh duong,BCA,Annotator_A,HIGH,Khớp hoàn toàn danh mục hành chính chuẩn,2026-09-12,DataVietNam,2026-09-12
BCA_CA_BD_PA02,Phòng An ninh nội địa - Công an Tỉnh Bình Dương,BCA,province,2018,2026,dvc_2018,https://dichvucong.gov.vn/archive/2018,generated_catalog,source,2026-09-12T19:42:24.601202,crawl_2018_2026,Phòng An ninh nội địa - Công an Tỉnh Bình Dương,BCA_CA_BD_PA02,phong an ninh noi ia cong an tinh binh duong,BCA,Annotator_A,HIGH,Khớp hoàn toàn danh mục hành chính chuẩn,2026-09-12,DataVietNam,2026-09-12
BCA_CA_BD_PA03,Phòng An ninh chính trị nội bộ - Công an Tỉnh Bình Dương,BCA,province,2018,2026,dvc_2018,https://dichvucong.gov.vn/archive/2018,generated_catalog,source,2026-09-12T19:42:24.601202,crawl_2018_2026,Phòng An ninh chính trị nội bộ - Công an Tỉnh Bình Dương,BCA_CA_BD_PA03,phong an ninh chinh tri noi bo cong an tinh binh duong,BCA,Annotator_A,HIGH,Khớp hoàn toàn danh mục hành chính chuẩn,2026-09-12,DataVietNam,2026-09-12
BCA_CA_BD_PA05,Phòng An ninh mạng và phòng chống tội phạm công nghệ cao - Công an Tỉnh Bình Dương,BCA,province,2018,2026,dvc_2018,https://dichvucong.gov.vn/archive/2018,generated_catalog,source,2026-09-12T19:42:24.601202,crawl_2018_2026,Phòng An ninh mạng và phòng chống tội phạm công nghệ cao - Công an Tỉnh Bình Dương,BCA_CA_BD_PA05,phong an ninh mang va phong chong toi pham cong nghe cao cong an tinh binh duong,BCA,Annotator_A,HIGH,Khớp hoàn toàn danh mục hành chính chuẩn,2026-09-12,DataVietNam,2026-09-12
BCA_CA_VT,Công an Tỉnh Bà Rịa - Vũng Tàu,BCA,province,2018,2026,dvc_2018,https://dichvucong.gov.vn/archive/2018,generated_catalog,source,2026-09-12T19:42:24.601202,crawl_2018_2026,Công an Tỉnh Bà Rịa - Vũng Tàu,BCA_CA_VT,cong an tinh ba ria vung tau,BCA,Annotator_A,HIGH,Khớp hoàn toàn danh mục hành chính chuẩn,2026-09-12,DataVietNam,2026-09-12
BCA_CA_VT_PC01,Văn phòng Cơ quan Cảnh sát điều tra - Công an Tỉnh Bà Rịa - Vũng Tàu,BCA,ministry,2018,2026,dvc_2018,https://dichvucong.gov.vn/archive/2018,generated_catalog,source,2026-09-12T19:42:24.601202,crawl_2018_2026,Văn phòng Cơ quan Cảnh sát điều tra - Công an Tỉnh Bà Rịa - Vũng Tàu,BCA_CA_VT_PC01,van phong co quan canh sat ieu tra cong an tinh ba ria vung tau,BCA,Annotator_A,HIGH,Khớp hoàn toàn danh mục hành chính chuẩn,2026-09-12,DataVietNam,2026-09-12
BCA_CA_VT_PC02,Phòng Cảnh sát hình sự - Công an Tỉnh Bà Rịa - Vũng Tàu,BCA,province,2018,2026,dvc_2018,https://dichvucong.gov.vn/archive/2018,generated_catalog,source,2026-09-12T19:42:24.601202,crawl_2018_2026,Phòng Cảnh sát hình sự - Công an Tỉnh Bà Rịa - Vũng Tàu,BCA_CA_VT_PC02,phong canh sat hinh su cong an tinh ba ria vung tau,BCA,Annotator_A,HIGH,Khớp hoàn toàn danh mục hành chính chuẩn,2026-09-12,DataVietNam,2026-09-12
BCA_CA_VT_PC03,Phòng Cảnh sát kinh tế - Công an Tỉnh Bà Rịa - Vũng Tàu,BCA,province,2018,2026,dvc_2018,https://dichvucong.gov.vn/archive/2018,generated_catalog,source,2026-09-12T19:42:24.601202,crawl_2018_2026,Phòng Cảnh sát kinh tế - Công an Tỉnh Bà Rịa - Vũng Tàu,BCA_CA_VT_PC03,phong canh sat kinh te cong an tinh ba ria vung tau,BCA,Annotator_A,HIGH,Khớp hoàn toàn danh mục hành chính chuẩn,2026-09-12,DataVietNam,2026-09-12
BCA_CA_VT_PC04,Phòng Cảnh sát điều tra tội phạm về ma túy - Công an Tỉnh Bà Rịa - Vũng Tàu,BCA,province,2018,2026,dvc_2018,https://dichvucong.gov.vn/archive/2018,generated_catalog,source,2026-09-12T19:42:24.601202,crawl_2018_2026,Phòng Cảnh sát điều tra tội phạm về ma túy - Công an Tỉnh Bà Rịa - Vũng Tàu,BCA_CA_VT_PC04,phong canh sat ieu tra toi pham ve ma tuy cong an tinh ba ria vung tau,BCA,Annotator_A,HIGH,Khớp hoàn toàn danh mục hành chính chuẩn,2026-09-12,DataVietNam,2026-09-12
BCA_CA_VT_PC06,Phòng Cảnh sát quản lý hành chính về trật tự xã hội - Công an Tỉnh Bà Rịa - Vũng Tàu,BCA,province,2018,2026,dvc_2018,https://dichvucong.gov.vn/archive/2018,generated_catalog,source,2026-09-12T19:42:24.601202,crawl_2018_2026,Phòng Cảnh sát quản lý hành chính về trật tự xã hội - Công an Tỉnh Bà Rịa - Vũng Tàu,BCA_CA_VT_PC06,phong canh sat quan ly hanh chinh ve trat tu xa hoi cong an tinh ba ria vung tau,BCA,Annotator_A,HIGH,Khớp hoàn toàn danh mục hành chính chuẩn,2026-09-12,DataVietNam,2026-09-12
BCA_CA_VT_PC07,Phòng Cảnh sát Phòng cháy chữa cháy và Cứu nạn cứu hộ - Công an Tỉnh Bà Rịa - Vũng Tàu,BCA,province,2018,2026,dvc_2018,https://dichvucong.gov.vn/archive/2018,generated_catalog,source,2026-09-12T19:42:24.601202,crawl_2018_2026,Phòng Cảnh sát Phòng cháy chữa cháy và Cứu nạn cứu hộ - Công an Tỉnh Bà Rịa - Vũng Tàu,BCA_CA_VT_PC07,phong canh sat phong chay chua chay va cuu nan cuu ho cong an tinh ba ria vung tau,BCA,Annotator_A,HIGH,Khớp hoàn toàn danh mục hành chính chuẩn,2026-09-12,DataVietNam,2026-09-12
BCA_CA_VT_PC08,Phòng Cảnh sát giao thông - Công an Tỉnh Bà Rịa - Vũng Tàu,BCA,province,2018,2026,dvc_2018,https://dichvucong.gov.vn/archive/2018,generated_catalog,source,2026-09-12T19:42:24.601202,crawl_2018_2026,Phòng Cảnh sát giao thông - Công an Tỉnh Bà Rịa - Vũng Tàu,BCA_CA_VT_PC08,phong canh sat giao thong cong an tinh ba ria vung tau,BCA,Annotator_A,HIGH,Khớp hoàn toàn danh mục hành chính chuẩn,2026-09-12,DataVietNam,2026-09-12
BCA_CA_VT_PA01,Phòng An ninh đối ngoại - Công an Tỉnh Bà Rịa - Vũng Tàu,BCA,province,2018,2026,dvc_2018,https://dichvucong.gov.vn/archive/2018,generated_catalog,source,2026-09-12T19:42:24.601202,crawl_2018_2026,Phòng An ninh đối ngoại - Công an Tỉnh Bà Rịa - Vũng Tàu,BCA_CA_VT_PA01,phong an ninh oi ngoai cong an tinh ba ria vung tau,BCA,Annotator_A,HIGH,Khớp hoàn toàn danh mục hành chính chuẩn,2026-09-12,DataVietNam,2026-09-12
BCA_CA_VT_PA02,Phòng An ninh nội địa - Công an Tỉnh Bà Rịa - Vũng Tàu,BCA,province,2018,2026,dvc_2018,https://dichvucong.gov.vn/archive/2018,generated_catalog,source,2026-09-12T19:42:24.601202,crawl_2018_2026,Phòng An ninh nội địa - Công an Tỉnh Bà Rịa - Vũng Tàu,BCA_CA_VT_PA02,phong an ninh noi ia cong an tinh ba ria vung tau,BCA,Annotator_A,HIGH,Khớp hoàn toàn danh mục hành chính chuẩn,2026-09-12,DataVietNam,2026-09-12
BCA_CA_VT_PA03,Phòng An ninh chính trị nội bộ - Công an Tỉnh Bà Rịa - Vũng Tàu,BCA,province,2018,2026,dvc_2018,https://dichvucong.gov.vn/archive/2018,generated_catalog,source,2026-09-12T19:42:24.601202,crawl_2018_2026,Phòng An ninh chính trị nội bộ - Công an Tỉnh Bà Rịa - Vũng Tàu,BCA_CA_VT_PA03,phong an ninh chinh tri noi bo cong an tinh ba ria vung tau,BCA,Annotator_A,HIGH,Khớp hoàn toàn danh mục hành chính chuẩn,2026-09-12,DataVietNam,2026-09-12
BCA_CA_VT_PA05,Phòng An ninh mạng và phòng chống tội phạm công nghệ cao - Công an Tỉnh Bà Rịa - Vũng Tàu,BCA,province,2018,2026,dvc_2018,https://dichvucong.gov.vn/archive/2018,generated_catalog,source,2026-09-12T19:42:24.601202,crawl_2018_2026,Phòng An ninh mạng và phòng chống tội phạm công nghệ cao - Công an Tỉnh Bà Rịa - Vũng Tàu,BCA_CA_VT_PA05,phong an ninh mang va phong chong toi pham cong nghe cao cong an tinh ba ria vung tau,BCA,Annotator_A,HIGH,Khớp hoàn toàn danh mục hành chính chuẩn,2026-09-12,DataVietNam,2026-09-12
BCA_CA_TNI,Công an Tỉnh Tây Ninh,BCA,province,2018,2026,dvc_2018,https://dichvucong.gov.vn/archive/2018,generated_catalog,source,2026-09-12T19:42:24.601202,crawl_2018_2026,Công an Tỉnh Tây Ninh,BCA_CA_TNI,cong an tinh tay ninh,BCA,Annotator_A,HIGH,Khớp hoàn toàn danh mục hành chính chuẩn,2026-09-12,DataVietNam,2026-09-12
BCA_CA_TNI_PC01,Văn phòng Cơ quan Cảnh sát điều tra - Công an Tỉnh Tây Ninh,BCA,ministry,2018,2026,dvc_2018,https://dichvucong.gov.vn/archive/2018,generated_catalog,source,2026-09-12T19:42:24.601202,crawl_2018_2026,Văn phòng Cơ quan Cảnh sát điều tra - Công an Tỉnh Tây Ninh,BCA_CA_TNI_PC01,van phong co quan canh sat ieu tra cong an tinh tay ninh,BCA,Annotator_A,HIGH,Khớp hoàn toàn danh mục hành chính chuẩn,2026-09-12,DataVietNam,2026-09-12
BCA_CA_TNI_PC02,Phòng Cảnh sát hình sự - Công an Tỉnh Tây Ninh,BCA,province,2018,2026,dvc_2018,https://dichvucong.gov.vn/archive/2018,generated_catalog,source,2026-09-12T19:42:24.601202,crawl_2018_2026,Phòng Cảnh sát hình sự - Công an Tỉnh Tây Ninh,BCA_CA_TNI_PC02,phong canh sat hinh su cong an tinh tay ninh,BCA,Annotator_A,HIGH,Khớp hoàn toàn danh mục hành chính chuẩn,2026-09-12,DataVietNam,2026-09-12
BCA_CA_TNI_PC03,Phòng Cảnh sát kinh tế - Công an Tỉnh Tây Ninh,BCA,province,2018,2026,dvc_2018,https://dichvucong.gov.vn/archive/2018,generated_catalog,source,2026-09-12T19:42:24.601202,crawl_2018_2026,Phòng Cảnh sát kinh tế - Công an Tỉnh Tây Ninh,BCA_CA_TNI_PC03,phong canh sat kinh te cong an tinh tay ninh,BCA,Annotator_A,HIGH,Khớp hoàn toàn danh mục hành chính chuẩn,2026-09-12,DataVietNam,2026-09-12
BCA_CA_TNI_PC04,Phòng Cảnh sát điều tra tội phạm về ma túy - Công an Tỉnh Tây Ninh,BCA,province,2018,2026,dvc_2018,https://dichvucong.gov.vn/archive/2018,generated_catalog,source,2026-09-12T19:42:24.601202,crawl_2018_2026,Phòng Cảnh sát điều tra tội phạm về ma túy - Công an Tỉnh Tây Ninh,BCA_CA_TNI_PC04,phong canh sat ieu tra toi pham ve ma tuy cong an tinh tay ninh,BCA,Annotator_A,HIGH,Khớp hoàn toàn danh mục hành chính chuẩn,2026-09-12,DataVietNam,2026-09-12
BCA_CA_TNI_PC06,Phòng Cảnh sát quản lý hành chính về trật tự xã hội - Công an Tỉnh Tây Ninh,BCA,province,2018,2026,dvc_2018,https://dichvucong.gov.vn/archive/2018,generated_catalog,source,2026-09-12T19:42:24.601202,crawl_2018_2026,Phòng Cảnh sát quản lý hành chính về trật tự xã hội - Công an Tỉnh Tây Ninh,BCA_CA_TNI_PC06,phong canh sat quan ly hanh chinh ve trat tu xa hoi cong an tinh tay ninh,BCA,Annotator_A,HIGH,Khớp hoàn toàn danh mục hành chính chuẩn,2026-09-12,DataVietNam,2026-09-12
BCA_CA_TNI_PC07,Phòng Cảnh sát Phòng cháy chữa cháy và Cứu nạn cứu hộ - Công an Tỉnh Tây Ninh,BCA,province,2018,2026,dvc_2018,https://dichvucong.gov.vn/archive/2018,generated_catalog,source,2026-09-12T19:42:24.601202,crawl_2018_2026,Phòng Cảnh sát Phòng cháy chữa cháy và Cứu nạn cứu hộ - Công an Tỉnh Tây Ninh,BCA_CA_TNI_PC07,phong canh sat phong chay chua chay va cuu nan cuu ho cong an tinh tay ninh,BCA,Annotator_A,HIGH,Khớp hoàn toàn danh mục hành chính chuẩn,2026-09-12,DataVietNam,2026-09-12
BCA_CA_TNI_PC08,Phòng Cảnh sát giao thông - Công an Tỉnh Tây Ninh,BCA,province,2018,2026,dvc_2018,https://dichvucong.gov.vn/archive/2018,generated_catalog,source,2026-09-12T19:42:24.601202,crawl_2018_2026,Phòng Cảnh sát giao thông - Công an Tỉnh Tây Ninh,BCA_CA_TNI_PC08,phong canh sat giao thong cong an tinh tay ninh,BCA,Annotator_A,HIGH,Khớp hoàn toàn danh mục hành chính chuẩn,2026-09-12,DataVietNam,2026-09-12
BCA_CA_TNI_PA01,Phòng An ninh đối ngoại - Công an Tỉnh Tây Ninh,BCA,province,2018,2026,dvc_2018,https://dichvucong.gov.vn/archive/2018,generated_catalog,source,2026-09-12T19:42:24.601202,crawl_2018_2026,Phòng An ninh đối ngoại - Công an Tỉnh Tây Ninh,BCA_CA_TNI_PA01,phong an ninh oi ngoai cong an tinh tay ninh,BCA,Annotator_A,HIGH,Khớp hoàn toàn danh mục hành chính chuẩn,2026-09-12,DataVietNam,2026-09-12
BCA_CA_TNI_PA02,Phòng An ninh nội địa - Công an Tỉnh Tây Ninh,BCA,province,2018,2026,dvc_2018,https://dichvucong.gov.vn/archive/2018,generated_catalog,source,2026-09-12T19:42:24.601202,crawl_2018_2026,Phòng An ninh nội địa - Công an Tỉnh Tây Ninh,BCA_CA_TNI_PA02,phong an ninh noi ia cong an tinh tay ninh,BCA,Annotator_A,HIGH,Khớp hoàn toàn danh mục hành chính chuẩn,2026-09-12,DataVietNam,2026-09-12
BCA_CA_TNI_PA03,Phòng An ninh chính trị nội bộ - Công an Tỉnh Tây Ninh,BCA,province,2018,2026,dvc_2018,https://dichvucong.gov.vn/archive/2018,generated_catalog,source,2026-09-12T19:42:24.601202,crawl_2018_2026,Phòng An ninh chính trị nội bộ - Công an Tỉnh Tây Ninh,BCA_CA_TNI_PA03,phong an ninh chinh tri noi bo cong an tinh tay ninh,BCA,Annotator_A,HIGH,Khớp hoàn toàn danh mục hành chính chuẩn,2026-09-12,DataVietNam,2026-09-12
BCA_CA_TNI_PA05,Phòng An ninh mạng và phòng chống tội phạm công nghệ cao - Công an Tỉnh Tây Ninh,BCA,province,2018,2026,dvc_2018,https://dichvucong.gov.vn/archive/2018,generated_catalog,source,2026-09-12T19:42:24.601202,crawl_2018_2026,Phòng An ninh mạng và phòng chống tội phạm công nghệ cao - Công an Tỉnh Tây Ninh,BCA_CA_TNI_PA05,phong an ninh mang va phong chong toi pham cong nghe cao cong an tinh tay ninh,BCA,Annotator_A,HIGH,Khớp hoàn toàn danh mục hành chính chuẩn,2026-09-12,DataVietNam,2026-09-12
BCA_CA_BPC,Công an Tỉnh Bình Phước,BCA,province,2018,2026,dvc_2018,https://dichvucong.gov.vn/archive/2018,generated_catalog,source,2026-09-12T19:42:24.601202,crawl_2018_2026,Công an Tỉnh Bình Phước,BCA_CA_BPC,cong an tinh binh phuoc,BCA,Annotator_A,HIGH,Khớp hoàn toàn danh mục hành chính chuẩn,2026-09-12,DataVietNam,2026-09-12
BCA_CA_BPC_PC01,Văn phòng Cơ quan Cảnh sát điều tra - Công an Tỉnh Bình Phước,BCA,ministry,2018,2026,dvc_2018,https://dichvucong.gov.vn/archive/2018,generated_catalog,source,2026-09-12T19:42:24.601202,crawl_2018_2026,Văn phòng Cơ quan Cảnh sát điều tra - Công an Tỉnh Bình Phước,BCA_CA_BPC_PC01,van phong co quan canh sat ieu tra cong an tinh binh phuoc,BCA,Annotator_A,HIGH,Khớp hoàn toàn danh mục hành chính chuẩn,2026-09-12,DataVietNam,2026-09-12
BCA_CA_BPC_PC02,Phòng Cảnh sát hình sự - Công an Tỉnh Bình Phước,BCA,province,2018,2026,dvc_2018,https://dichvucong.gov.vn/archive/2018,generated_catalog,source,2026-09-12T19:42:24.601202,crawl_2018_2026,Phòng Cảnh sát hình sự - Công an Tỉnh Bình Phước,BCA_CA_BPC_PC02,phong canh sat hinh su cong an tinh binh phuoc,BCA,Annotator_A,HIGH,Khớp hoàn toàn danh mục hành chính chuẩn,2026-09-12,DataVietNam,2026-09-12
BCA_CA_BPC_PC03,Phòng Cảnh sát kinh tế - Công an Tỉnh Bình Phước,BCA,province,2018,2026,dvc_2018,https://dichvucong.gov.vn/archive/2018,generated_catalog,source,2026-09-12T19:42:24.601202,crawl_2018_2026,Phòng Cảnh sát kinh tế - Công an Tỉnh Bình Phước,BCA_CA_BPC_PC03,phong canh sat kinh te cong an tinh binh phuoc,BCA,Annotator_A,HIGH,Khớp hoàn toàn danh mục hành chính chuẩn,2026-09-12,DataVietNam,2026-09-12
BCA_CA_BPC_PC04,Phòng Cảnh sát điều tra tội phạm về ma túy - Công an Tỉnh Bình Phước,BCA,province,2018,2026,dvc_2018,https://dichvucong.gov.vn/archive/2018,generated_catalog,source,2026-09-12T19:42:24.601202,crawl_2018_2026,Phòng Cảnh sát điều tra tội phạm về ma túy - Công an Tỉnh Bình Phước,BCA_CA_BPC_PC04,phong canh sat ieu tra toi pham ve ma tuy cong an tinh binh phuoc,BCA,Annotator_A,HIGH,Khớp hoàn toàn danh mục hành chính chuẩn,2026-09-12,DataVietNam,2026-09-12
BCA_CA_BPC_PC06,Phòng Cảnh sát quản lý hành chính về trật tự xã hội - Công an Tỉnh Bình Phước,BCA,province,2018,2026,dvc_2018,https://dichvucong.gov.vn/archive/2018,generated_catalog,source,2026-09-12T19:42:24.601202,crawl_2018_2026,Phòng Cảnh sát quản lý hành chính về trật tự xã hội - Công an Tỉnh Bình Phước,BCA_CA_BPC_PC06,phong canh sat quan ly hanh chinh ve trat tu xa hoi cong an tinh binh phuoc,BCA,Annotator_A,HIGH,Khớp hoàn toàn danh mục hành chính chuẩn,2026-09-12,DataVietNam,2026-09-12
BCA_CA_BPC_PC07,Phòng Cảnh sát Phòng cháy chữa cháy và Cứu nạn cứu hộ - Công an Tỉnh Bình Phước,BCA,province,2018,2026,dvc_2018,https://dichvucong.gov.vn/archive/2018,generated_catalog,source,2026-09-12T19:42:24.601202,crawl_2018_2026,Phòng Cảnh sát Phòng cháy chữa cháy và Cứu nạn cứu hộ - Công an Tỉnh Bình Phước,BCA_CA_BPC_PC07,phong canh sat phong chay chua chay va cuu nan cuu ho cong an tinh binh phuoc,BCA,Annotator_A,HIGH,Khớp hoàn toàn danh mục hành chính chuẩn,2026-09-12,DataVietNam,2026-09-12
BCA_CA_BPC_PC08,Phòng Cảnh sát giao thông - Công an Tỉnh Bình Phước,BCA,province,2018,2026,dvc_2018,https://dichvucong.gov.vn/archive/2018,generated_catalog,source,2026-09-12T19:42:24.601202,crawl_2018_2026,Phòng Cảnh sát giao thông - Công an Tỉnh Bình Phước,BCA_CA_BPC_PC08,phong canh sat giao thong cong an tinh binh phuoc,BCA,Annotator_A,HIGH,Khớp hoàn toàn danh mục hành chính chuẩn,2026-09-12,DataVietNam,2026-09-12
BCA_CA_BPC_PA01,Phòng An ninh đối ngoại - Công an Tỉnh Bình Phước,BCA,province,2018,2026,dvc_2018,https://dichvucong.gov.vn/archive/2018,generated_catalog,source,2026-09-12T19:42:24.601202,crawl_2018_2026,Phòng An ninh đối ngoại - Công an Tỉnh Bình Phước,BCA_CA_BPC_PA01,phong an ninh oi ngoai cong an tinh binh phuoc,BCA,Annotator_A,HIGH,Khớp hoàn toàn danh mục hành chính chuẩn,2026-09-12,DataVietNam,2026-09-12
BCA_CA_BPC_PA02,Phòng An ninh nội địa - Công an Tỉnh Bình Phước,BCA,province,2018,2026,dvc_2018,https://dichvucong.gov.vn/archive/2018,generated_catalog,source,2026-09-12T19:42:24.601202,crawl_2018_2026,Phòng An ninh nội địa - Công an Tỉnh Bình Phước,BCA_CA_BPC_PA02,phong an ninh noi ia cong an tinh binh phuoc,BCA,Annotator_A,HIGH,Khớp hoàn toàn danh mục hành chính chuẩn,2026-09-12,DataVietNam,2026-09-12
BCA_CA_BPC_PA03,Phòng An ninh chính trị nội bộ - Công an Tỉnh Bình Phước,BCA,province,2018,2026,dvc_2018,https://dichvucong.gov.vn/archive/2018,generated_catalog,source,2026-09-12T19:42:24.601202,crawl_2018_2026,Phòng An ninh chính trị nội bộ - Công an Tỉnh Bình Phước,BCA_CA_BPC_PA03,phong an ninh chinh tri noi bo cong an tinh binh phuoc,BCA,Annotator_A,HIGH,Khớp hoàn toàn danh mục hành chính chuẩn,2026-09-12,DataVietNam,2026-09-12
BCA_CA_BPC_PA05,Phòng An ninh mạng và phòng chống tội phạm công nghệ cao - Công an Tỉnh Bình Phước,BCA,province,2018,2026,dvc_2018,https://dichvucong.gov.vn/archive/2018,generated_catalog,source,2026-09-12T19:42:24.601202,crawl_2018_2026,Phòng An ninh mạng và phòng chống tội phạm công nghệ cao - Công an Tỉnh Bình Phước,BCA_CA_BPC_PA05,phong an ninh mang va phong chong toi pham cong nghe cao cong an tinh binh phuoc,BCA,Annotator_A,HIGH,Khớp hoàn toàn danh mục hành chính chuẩn,2026-09-12,DataVietNam,2026-09-12
BCA_CA_AGI,Công an Tỉnh An Giang,BCA,province,2018,2026,dvc_2018,https://dichvucong.gov.vn/archive/2018,generated_catalog,source,2026-09-12T19:42:24.601202,crawl_2018_2026,Công an Tỉnh An Giang,BCA_CA_AGI,cong an tinh an giang,BCA,Annotator_A,HIGH,Khớp hoàn toàn danh mục hành chính chuẩn,2026-09-12,DataVietNam,2026-09-12
BCA_CA_AGI_PC01,Văn phòng Cơ quan Cảnh sát điều tra - Công an Tỉnh An Giang,BCA,ministry,2018,2026,dvc_2018,https://dichvucong.gov.vn/archive/2018,generated_catalog,source,2026-09-12T19:42:24.601202,crawl_2018_2026,Văn phòng Cơ quan Cảnh sát điều tra - Công an Tỉnh An Giang,BCA_CA_AGI_PC01,van phong co quan canh sat ieu tra cong an tinh an giang,BCA,Annotator_A,HIGH,Khớp hoàn toàn danh mục hành chính chuẩn,2026-09-12,DataVietNam,2026-09-12
BCA_CA_AGI_PC02,Phòng Cảnh sát hình sự - Công an Tỉnh An Giang,BCA,province,2018,2026,dvc_2018,https://dichvucong.gov.vn/archive/2018,generated_catalog,source,2026-09-12T19:42:24.601202,crawl_2018_2026,Phòng Cảnh sát hình sự - Công an Tỉnh An Giang,BCA_CA_AGI_PC02,phong canh sat hinh su cong an tinh an giang,BCA,Annotator_A,HIGH,Khớp hoàn toàn danh mục hành chính chuẩn,2026-09-12,DataVietNam,2026-09-12
BCA_CA_AGI_PC03,Phòng Cảnh sát kinh tế - Công an Tỉnh An Giang,BCA,province,2018,2026,dvc_2018,https://dichvucong.gov.vn/archive/2018,generated_catalog,source,2026-09-12T19:42:24.601202,crawl_2018_2026,Phòng Cảnh sát kinh tế - Công an Tỉnh An Giang,BCA_CA_AGI_PC03,phong canh sat kinh te cong an tinh an giang,BCA,Annotator_A,HIGH,Khớp hoàn toàn danh mục hành chính chuẩn,2026-09-12,DataVietNam,2026-09-12
BCA_CA_AGI_PC04,Phòng Cảnh sát điều tra tội phạm về ma túy - Công an Tỉnh An Giang,BCA,province,2018,2026,dvc_2018,https://dichvucong.gov.vn/archive/2018,generated_catalog,source,2026-09-12T19:42:24.601202,crawl_2018_2026,Phòng Cảnh sát điều tra tội phạm về ma túy - Công an Tỉnh An Giang,BCA_CA_AGI_PC04,phong canh sat ieu tra toi pham ve ma tuy cong an tinh an giang,BCA,Annotator_A,HIGH,Khớp hoàn toàn danh mục hành chính chuẩn,2026-09-12,DataVietNam,2026-09-12
BCA_CA_AGI_PC06,Phòng Cảnh sát quản lý hành chính về trật tự xã hội - Công an Tỉnh An Giang,BCA,province,2018,2026,dvc_2018,https://dichvucong.gov.vn/archive/2018,generated_catalog,source,2026-09-12T19:42:24.601202,crawl_2018_2026,Phòng Cảnh sát quản lý hành chính về trật tự xã hội - Công an Tỉnh An Giang,BCA_CA_AGI_PC06,phong canh sat quan ly hanh chinh ve trat tu xa hoi cong an tinh an giang,BCA,Annotator_A,HIGH,Khớp hoàn toàn danh mục hành chính chuẩn,2026-09-12,DataVietNam,2026-09-12
BCA_CA_AGI_PC07,Phòng Cảnh sát Phòng cháy chữa cháy và Cứu nạn cứu hộ - Công an Tỉnh An Giang,BCA,province,2018,2026,dvc_2018,https://dichvucong.gov.vn/archive/2018,generated_catalog,source,2026-09-12T19:42:24.601202,crawl_2018_2026,Phòng Cảnh sát Phòng cháy chữa cháy và Cứu nạn cứu hộ - Công an Tỉnh An Giang,BCA_CA_AGI_PC07,phong canh sat phong chay chua chay va cuu nan cuu ho cong an tinh an giang,BCA,Annotator_A,HIGH,Khớp hoàn toàn danh mục hành chính chuẩn,2026-09-12,DataVietNam,2026-09-12
BCA_CA_AGI_PC08,Phòng Cảnh sát giao thông - Công an Tỉnh An Giang,BCA,province,2018,2026,dvc_2018,https://dichvucong.gov.vn/archive/2018,generated_catalog,source,2026-09-12T19:42:24.601202,crawl_2018_2026,Phòng Cảnh sát giao thông - Công an Tỉnh An Giang,BCA_CA_AGI_PC08,phong canh sat giao thong cong an tinh an giang,BCA,Annotator_A,HIGH,Khớp hoàn toàn danh mục hành chính chuẩn,2026-09-12,DataVietNam,2026-09-12
BCA_CA_AGI_PA01,Phòng An ninh đối ngoại - Công an Tỉnh An Giang,BCA,province,2018,2026,dvc_2018,https://dichvucong.gov.vn/archive/2018,generated_catalog,source,2026-09-12T19:42:24.601202,crawl_2018_2026,Phòng An ninh đối ngoại - Công an Tỉnh An Giang,BCA_CA_AGI_PA01,phong an ninh oi ngoai cong an tinh an giang,BCA,Annotator_A,HIGH,Khớp hoàn toàn danh mục hành chính chuẩn,2026-09-12,DataVietNam,2026-09-12
BCA_CA_AGI_PA02,Phòng An ninh nội địa - Công an Tỉnh An Giang,BCA,province,2018,2026,dvc_2018,https://dichvucong.gov.vn/archive/2018,generated_catalog,source,2026-09-12T19:42:24.601202,crawl_2018_2026,Phòng An ninh nội địa - Công an Tỉnh An Giang,BCA_CA_AGI_PA02,phong an ninh noi ia cong an tinh an giang,BCA,Annotator_A,HIGH,Khớp hoàn toàn danh mục hành chính chuẩn,2026-09-12,DataVietNam,2026-09-12
BCA_CA_AGI_PA03,Phòng An ninh chính trị nội bộ - Công an Tỉnh An Giang,BCA,province,2018,2026,dvc_2018,https://dichvucong.gov.vn/archive/2018,generated_catalog,source,2026-09-12T19:42:24.601202,crawl_2018_2026,Phòng An ninh chính trị nội bộ - Công an Tỉnh An Giang,BCA_CA_AGI_PA03,phong an ninh chinh tri noi bo cong an tinh an giang,BCA,Annotator_A,HIGH,Khớp hoàn toàn danh mục hành chính chuẩn,2026-09-12,DataVietNam,2026-09-12
BCA_CA_AGI_PA05,Phòng An ninh mạng và phòng chống tội phạm công nghệ cao - Công an Tỉnh An Giang,BCA,province,2018,2026,dvc_2018,https://dichvucong.gov.vn/archive/2018,generated_catalog,source,2026-09-12T19:42:24.601202,crawl_2018_2026,Phòng An ninh mạng và phòng chống tội phạm công nghệ cao - Công an Tỉnh An Giang,BCA_CA_AGI_PA05,phong an ninh mang va phong chong toi pham cong nghe cao cong an tinh an giang,BCA,Annotator_A,HIGH,Khớp hoàn toàn danh mục hành chính chuẩn,2026-09-12,DataVietNam,2026-09-12
BCA_CA_KGI,Công an Tỉnh Kiên Giang,BCA,province,2018,2026,dvc_2018,https://dichvucong.gov.vn/archive/2018,generated_catalog,source,2026-09-12T19:42:24.601202,crawl_2018_2026,Công an Tỉnh Kiên Giang,BCA_CA_KGI,cong an tinh kien giang,BCA,Annotator_A,HIGH,Khớp hoàn toàn danh mục hành chính chuẩn,2026-09-12,DataVietNam,2026-09-12
BCA_CA_KGI_PC01,Văn phòng Cơ quan Cảnh sát điều tra - Công an Tỉnh Kiên Giang,BCA,ministry,2018,2026,dvc_2018,https://dichvucong.gov.vn/archive/2018,generated_catalog,source,2026-09-12T19:42:24.601202,crawl_2018_2026,Văn phòng Cơ quan Cảnh sát điều tra - Công an Tỉnh Kiên Giang,BCA_CA_KGI_PC01,van phong co quan canh sat ieu tra cong an tinh kien giang,BCA,Annotator_A,HIGH,Khớp hoàn toàn danh mục hành chính chuẩn,2026-09-12,DataVietNam,2026-09-12
BCA_CA_KGI_PC02,Phòng Cảnh sát hình sự - Công an Tỉnh Kiên Giang,BCA,province,2018,2026,dvc_2018,https://dichvucong.gov.vn/archive/2018,generated_catalog,source,2026-09-12T19:42:24.601202,crawl_2018_2026,Phòng Cảnh sát hình sự - Công an Tỉnh Kiên Giang,BCA_CA_KGI_PC02,phong canh sat hinh su cong an tinh kien giang,BCA,Annotator_A,HIGH,Khớp hoàn toàn danh mục hành chính chuẩn,2026-09-12,DataVietNam,2026-09-12
BCA_CA_KGI_PC03,Phòng Cảnh sát kinh tế - Công an Tỉnh Kiên Giang,BCA,province,2018,2026,dvc_2018,https://dichvucong.gov.vn/archive/2018,generated_catalog,source,2026-09-12T19:42:24.601202,crawl_2018_2026,Phòng Cảnh sát kinh tế - Công an Tỉnh Kiên Giang,BCA_CA_KGI_PC03,phong canh sat kinh te cong an tinh kien giang,BCA,Annotator_A,HIGH,Khớp hoàn toàn danh mục hành chính chuẩn,2026-09-12,DataVietNam,2026-09-12
BCA_CA_KGI_PC04,Phòng Cảnh sát điều tra tội phạm về ma túy - Công an Tỉnh Kiên Giang,BCA,province,2018,2026,dvc_2018,https://dichvucong.gov.vn/archive/2018,generated_catalog,source,2026-09-12T19:42:24.601202,crawl_2018_2026,Phòng Cảnh sát điều tra tội phạm về ma túy - Công an Tỉnh Kiên Giang,BCA_CA_KGI_PC04,phong canh sat ieu tra toi pham ve ma tuy cong an tinh kien giang,BCA,Annotator_A,HIGH,Khớp hoàn toàn danh mục hành chính chuẩn,2026-09-12,DataVietNam,2026-09-12
BCA_CA_KGI_PC06,Phòng Cảnh sát quản lý hành chính về trật tự xã hội - Công an Tỉnh Kiên Giang,BCA,province,2018,2026,dvc_2018,https://dichvucong.gov.vn/archive/2018,generated_catalog,source,2026-09-12T19:42:24.601202,crawl_2018_2026,Phòng Cảnh sát quản lý hành chính về trật tự xã hội - Công an Tỉnh Kiên Giang,BCA_CA_KGI_PC06,phong canh sat quan ly hanh chinh ve trat tu xa hoi cong an tinh kien giang,BCA,Annotator_A,HIGH,Khớp hoàn toàn danh mục hành chính chuẩn,2026-09-12,DataVietNam,2026-09-12
BCA_CA_KGI_PC07,Phòng Cảnh sát Phòng cháy chữa cháy và Cứu nạn cứu hộ - Công an Tỉnh Kiên Giang,BCA,province,2018,2026,dvc_2018,https://dichvucong.gov.vn/archive/2018,generated_catalog,source,2026-09-12T19:42:24.601202,crawl_2018_2026,Phòng Cảnh sát Phòng cháy chữa cháy và Cứu nạn cứu hộ - Công an Tỉnh Kiên Giang,BCA_CA_KGI_PC07,phong canh sat phong chay chua chay va cuu nan cuu ho cong an tinh kien giang,BCA,Annotator_A,HIGH,Khớp hoàn toàn danh mục hành chính chuẩn,2026-09-12,DataVietNam,2026-09-12
BCA_CA_KGI_PC08,Phòng Cảnh sát giao thông - Công an Tỉnh Kiên Giang,BCA,province,2018,2026,dvc_2018,https://dichvucong.gov.vn/archive/2018,generated_catalog,source,2026-09-12T19:42:24.601202,crawl_2018_2026,Phòng Cảnh sát giao thông - Công an Tỉnh Kiên Giang,BCA_CA_KGI_PC08,phong canh sat giao thong cong an tinh kien giang,BCA,Annotator_A,HIGH,Khớp hoàn toàn danh mục hành chính chuẩn,2026-09-12,DataVietNam,2026-09-12
BCA_CA_KGI_PA01,Phòng An ninh đối ngoại - Công an Tỉnh Kiên Giang,BCA,province,2018,2026,dvc_2018,https://dichvucong.gov.vn/archive/2018,generated_catalog,source,2026-09-12T19:42:24.601202,crawl_2018_2026,Phòng An ninh đối ngoại - Công an Tỉnh Kiên Giang,BCA_CA_KGI_PA01,phong an ninh oi ngoai cong an tinh kien giang,BCA,Annotator_A,HIGH,Khớp hoàn toàn danh mục hành chính chuẩn,2026-09-12,DataVietNam,2026-09-12
BCA_CA_KGI_PA02,Phòng An ninh nội địa - Công an Tỉnh Kiên Giang,BCA,province,2018,2026,dvc_2018,https://dichvucong.gov.vn/archive/2018,generated_catalog,source,2026-09-12T19:42:24.601202,crawl_2018_2026,Phòng An ninh nội địa - Công an Tỉnh Kiên Giang,BCA_CA_KGI_PA02,phong an ninh noi ia cong an tinh kien giang,BCA,Annotator_A,HIGH,Khớp hoàn toàn danh mục hành chính chuẩn,2026-09-12,DataVietNam,2026-09-12
BCA_CA_KGI_PA03,Phòng An ninh chính trị nội bộ - Công an Tỉnh Kiên Giang,BCA,province,2018,2026,dvc_2018,https://dichvucong.gov.vn/archive/2018,generated_catalog,source,2026-09-12T19:42:24.601202,crawl_2018_2026,Phòng An ninh chính trị nội bộ - Công an Tỉnh Kiên Giang,BCA_CA_KGI_PA03,phong an ninh chinh tri noi bo cong an tinh kien giang,BCA,Annotator_A,HIGH,Khớp hoàn toàn danh mục hành chính chuẩn,2026-09-12,DataVietNam,2026-09-12
BCA_CA_KGI_PA05,Phòng An ninh mạng và phòng chống tội phạm công nghệ cao - Công an Tỉnh Kiên Giang,BCA,province,2018,2026,dvc_2018,https://dichvucong.gov.vn/archive/2018,generated_catalog,source,2026-09-12T19:42:24.601202,crawl_2018_2026,Phòng An ninh mạng và phòng chống tội phạm công nghệ cao - Công an Tỉnh Kiên Giang,BCA_CA_KGI_PA05,phong an ninh mang va phong chong toi pham cong nghe cao cong an tinh kien giang,BCA,Annotator_A,HIGH,Khớp hoàn toàn danh mục hành chính chuẩn,2026-09-12,DataVietNam,2026-09-12
BCA_CA_CM,Công an Tỉnh Cà Mau,BCA,province,2018,2026,dvc_2018,https://dichvucong.gov.vn/archive/2018,generated_catalog,source,2026-09-12T19:42:24.601202,crawl_2018_2026,Công an Tỉnh Cà Mau,BCA_CA_CM,cong an tinh ca mau,BCA,Annotator_A,HIGH,Khớp hoàn toàn danh mục hành chính chuẩn,2026-09-12,DataVietNam,2026-09-12
BCA_CA_CM_PC01,Văn phòng Cơ quan Cảnh sát điều tra - Công an Tỉnh Cà Mau,BCA,ministry,2018,2026,dvc_2018,https://dichvucong.gov.vn/archive/2018,generated_catalog,source,2026-09-12T19:42:24.601202,crawl_2018_2026,Văn phòng Cơ quan Cảnh sát điều tra - Công an Tỉnh Cà Mau,BCA_CA_CM_PC01,van phong co quan canh sat ieu tra cong an tinh ca mau,BCA,Annotator_A,HIGH,Khớp hoàn toàn danh mục hành chính chuẩn,2026-09-12,DataVietNam,2026-09-12
BCA_CA_CM_PC02,Phòng Cảnh sát hình sự - Công an Tỉnh Cà Mau,BCA,province,2018,2026,dvc_2018,https://dichvucong.gov.vn/archive/2018,generated_catalog,source,2026-09-12T19:42:24.601202,crawl_2018_2026,Phòng Cảnh sát hình sự - Công an Tỉnh Cà Mau,BCA_CA_CM_PC02,phong canh sat hinh su cong an tinh ca mau,BCA,Annotator_A,HIGH,Khớp hoàn toàn danh mục hành chính chuẩn,2026-09-12,DataVietNam,2026-09-12
BCA_CA_CM_PC03,Phòng Cảnh sát kinh tế - Công an Tỉnh Cà Mau,BCA,province,2018,2026,dvc_2018,https://dichvucong.gov.vn/archive/2018,generated_catalog,source,2026-09-12T19:42:24.601202,crawl_2018_2026,Phòng Cảnh sát kinh tế - Công an Tỉnh Cà Mau,BCA_CA_CM_PC03,phong canh sat kinh te cong an tinh ca mau,BCA,Annotator_A,HIGH,Khớp hoàn toàn danh mục hành chính chuẩn,2026-09-12,DataVietNam,2026-09-12
BCA_CA_CM_PC04,Phòng Cảnh sát điều tra tội phạm về ma túy - Công an Tỉnh Cà Mau,BCA,province,2018,2026,dvc_2018,https://dichvucong.gov.vn/archive/2018,generated_catalog,source,2026-09-12T19:42:24.601202,crawl_2018_2026,Phòng Cảnh sát điều tra tội phạm về ma túy - Công an Tỉnh Cà Mau,BCA_CA_CM_PC04,phong canh sat ieu tra toi pham ve ma tuy cong an tinh ca mau,BCA,Annotator_A,HIGH,Khớp hoàn toàn danh mục hành chính chuẩn,2026-09-12,DataVietNam,2026-09-12
BCA_CA_CM_PC06,Phòng Cảnh sát quản lý hành chính về trật tự xã hội - Công an Tỉnh Cà Mau,BCA,province,2018,2026,dvc_2018,https://dichvucong.gov.vn/archive/2018,generated_catalog,source,2026-09-12T19:42:24.601202,crawl_2018_2026,Phòng Cảnh sát quản lý hành chính về trật tự xã hội - Công an Tỉnh Cà Mau,BCA_CA_CM_PC06,phong canh sat quan ly hanh chinh ve trat tu xa hoi cong an tinh ca mau,BCA,Annotator_A,HIGH,Khớp hoàn toàn danh mục hành chính chuẩn,2026-09-12,DataVietNam,2026-09-12
BCA_CA_CM_PC07,Phòng Cảnh sát Phòng cháy chữa cháy và Cứu nạn cứu hộ - Công an Tỉnh Cà Mau,BCA,province,2018,2026,dvc_2018,https://dichvucong.gov.vn/archive/2018,generated_catalog,source,2026-09-12T19:42:24.601202,crawl_2018_2026,Phòng Cảnh sát Phòng cháy chữa cháy và Cứu nạn cứu hộ - Công an Tỉnh Cà Mau,BCA_CA_CM_PC07,phong canh sat phong chay chua chay va cuu nan cuu ho cong an tinh ca mau,BCA,Annotator_A,HIGH,Khớp hoàn toàn danh mục hành chính chuẩn,2026-09-12,DataVietNam,2026-09-12
BCA_CA_CM_PC08,Phòng Cảnh sát giao thông - Công an Tỉnh Cà Mau,BCA,province,2018,2026,dvc_2018,https://dichvucong.gov.vn/archive/2018,generated_catalog,source,2026-09-12T19:42:24.601202,crawl_2018_2026,Phòng Cảnh sát giao thông - Công an Tỉnh Cà Mau,BCA_CA_CM_PC08,phong canh sat giao thong cong an tinh ca mau,BCA,Annotator_A,HIGH,Khớp hoàn toàn danh mục hành chính chuẩn,2026-09-12,DataVietNam,2026-09-12
BCA_CA_CM_PA01,Phòng An ninh đối ngoại - Công an Tỉnh Cà Mau,BCA,province,2018,2026,dvc_2018,https://dichvucong.gov.vn/archive/2018,generated_catalog,source,2026-09-12T19:42:24.601202,crawl_2018_2026,Phòng An ninh đối ngoại - Công an Tỉnh Cà Mau,BCA_CA_CM_PA01,phong an ninh oi ngoai cong an tinh ca mau,BCA,Annotator_A,HIGH,Khớp hoàn toàn danh mục hành chính chuẩn,2026-09-12,DataVietNam,2026-09-12
BCA_CA_CM_PA02,Phòng An ninh nội địa - Công an Tỉnh Cà Mau,BCA,province,2018,2026,dvc_2018,https://dichvucong.gov.vn/archive/2018,generated_catalog,source,2026-09-12T19:42:24.601202,crawl_2018_2026,Phòng An ninh nội địa - Công an Tỉnh Cà Mau,BCA_CA_CM_PA02,phong an ninh noi ia cong an tinh ca mau,BCA,Annotator_A,HIGH,Khớp hoàn toàn danh mục hành chính chuẩn,2026-09-12,DataVietNam,2026-09-12
BCA_CA_CM_PA03,Phòng An ninh chính trị nội bộ - Công an Tỉnh Cà Mau,BCA,province,2018,2026,dvc_2018,https://dichvucong.gov.vn/archive/2018,generated_catalog,source,2026-09-12T19:42:24.601202,crawl_2018_2026,Phòng An ninh chính trị nội bộ - Công an Tỉnh Cà Mau,BCA_CA_CM_PA03,phong an ninh chinh tri noi bo cong an tinh ca mau,BCA,Annotator_A,HIGH,Khớp hoàn toàn danh mục hành chính chuẩn,2026-09-12,DataVietNam,2026-09-12
BCA_CA_CM_PA05,Phòng An ninh mạng và phòng chống tội phạm công nghệ cao - Công an Tỉnh Cà Mau,BCA,province,2018,2026,dvc_2018,https://dichvucong.gov.vn/archive/2018,generated_catalog,source,2026-09-12T19:42:24.601202,crawl_2018_2026,Phòng An ninh mạng và phòng chống tội phạm công nghệ cao - Công an Tỉnh Cà Mau,BCA_CA_CM_PA05,phong an ninh mang va phong chong toi pham cong nghe cao cong an tinh ca mau,BCA,Annotator_A,HIGH,Khớp hoàn toàn danh mục hành chính chuẩn,2026-09-12,DataVietNam,2026-09-12
BCA_CA_HAG,Công an Tỉnh Hậu Giang,BCA,province,2018,2026,dvc_2018,https://dichvucong.gov.vn/archive/2018,generated_catalog,source,2026-09-12T19:42:24.601202,crawl_2018_2026,Công an Tỉnh Hậu Giang,BCA_CA_HAG,cong an tinh hau giang,BCA,Annotator_A,HIGH,Khớp hoàn toàn danh mục hành chính chuẩn,2026-09-12,DataVietNam,2026-09-12
BCA_CA_HAG_PC01,Văn phòng Cơ quan Cảnh sát điều tra - Công an Tỉnh Hậu Giang,BCA,ministry,2018,2026,dvc_2018,https://dichvucong.gov.vn/archive/2018,generated_catalog,source,2026-09-12T19:42:24.601202,crawl_2018_2026,Văn phòng Cơ quan Cảnh sát điều tra - Công an Tỉnh Hậu Giang,BCA_CA_HAG_PC01,van phong co quan canh sat ieu tra cong an tinh hau giang,BCA,Annotator_A,HIGH,Khớp hoàn toàn danh mục hành chính chuẩn,2026-09-12,DataVietNam,2026-09-12
BCA_CA_HAG_PC02,Phòng Cảnh sát hình sự - Công an Tỉnh Hậu Giang,BCA,province,2018,2026,dvc_2018,https://dichvucong.gov.vn/archive/2018,generated_catalog,source,2026-09-12T19:42:24.601202,crawl_2018_2026,Phòng Cảnh sát hình sự - Công an Tỉnh Hậu Giang,BCA_CA_HAG_PC02,phong canh sat hinh su cong an tinh hau giang,BCA,Annotator_A,HIGH,Khớp hoàn toàn danh mục hành chính chuẩn,2026-09-12,DataVietNam,2026-09-12
BCA_CA_HAG_PC03,Phòng Cảnh sát kinh tế - Công an Tỉnh Hậu Giang,BCA,province,2018,2026,dvc_2018,https://dichvucong.gov.vn/archive/2018,generated_catalog,source,2026-09-12T19:42:24.601202,crawl_2018_2026,Phòng Cảnh sát kinh tế - Công an Tỉnh Hậu Giang,BCA_CA_HAG_PC03,phong canh sat kinh te cong an tinh hau giang,BCA,Annotator_A,HIGH,Khớp hoàn toàn danh mục hành chính chuẩn,2026-09-12,DataVietNam,2026-09-12
BCA_CA_HAG_PC04,Phòng Cảnh sát điều tra tội phạm về ma túy - Công an Tỉnh Hậu Giang,BCA,province,2018,2026,dvc_2018,https://dichvucong.gov.vn/archive/2018,generated_catalog,source,2026-09-12T19:42:24.601202,crawl_2018_2026,Phòng Cảnh sát điều tra tội phạm về ma túy - Công an Tỉnh Hậu Giang,BCA_CA_HAG_PC04,phong canh sat ieu tra toi pham ve ma tuy cong an tinh hau giang,BCA,Annotator_A,HIGH,Khớp hoàn toàn danh mục hành chính chuẩn,2026-09-12,DataVietNam,2026-09-12
BCA_CA_HAG_PC06,Phòng Cảnh sát quản lý hành chính về trật tự xã hội - Công an Tỉnh Hậu Giang,BCA,province,2018,2026,dvc_2018,https://dichvucong.gov.vn/archive/2018,generated_catalog,source,2026-09-12T19:42:24.601202,crawl_2018_2026,Phòng Cảnh sát quản lý hành chính về trật tự xã hội - Công an Tỉnh Hậu Giang,BCA_CA_HAG_PC06,phong canh sat quan ly hanh chinh ve trat tu xa hoi cong an tinh hau giang,BCA,Annotator_A,HIGH,Khớp hoàn toàn danh mục hành chính chuẩn,2026-09-12,DataVietNam,2026-09-12
BCA_CA_HAG_PC07,Phòng Cảnh sát Phòng cháy chữa cháy và Cứu nạn cứu hộ - Công an Tỉnh Hậu Giang,BCA,province,2018,2026,dvc_2018,https://dichvucong.gov.vn/archive/2018,generated_catalog,source,2026-09-12T19:42:24.601202,crawl_2018_2026,Phòng Cảnh sát Phòng cháy chữa cháy và Cứu nạn cứu hộ - Công an Tỉnh Hậu Giang,BCA_CA_HAG_PC07,phong canh sat phong chay chua chay va cuu nan cuu ho cong an tinh hau giang,BCA,Annotator_A,HIGH,Khớp hoàn toàn danh mục hành chính chuẩn,2026-09-12,DataVietNam,2026-09-12
BCA_CA_HAG_PC08,Phòng Cảnh sát giao thông - Công an Tỉnh Hậu Giang,BCA,province,2018,2026,dvc_2018,https://dichvucong.gov.vn/archive/2018,generated_catalog,source,2026-09-12T19:42:24.601202,crawl_2018_2026,Phòng Cảnh sát giao thông - Công an Tỉnh Hậu Giang,BCA_CA_HAG_PC08,phong canh sat giao thong cong an tinh hau giang,BCA,Annotator_A,HIGH,Khớp hoàn toàn danh mục hành chính chuẩn,2026-09-12,DataVietNam,2026-09-12
BCA_CA_HAG_PA01,Phòng An ninh đối ngoại - Công an Tỉnh Hậu Giang,BCA,province,2018,2026,dvc_2018,https://dichvucong.gov.vn/archive/2018,generated_catalog,source,2026-09-12T19:42:24.601202,crawl_2018_2026,Phòng An ninh đối ngoại - Công an Tỉnh Hậu Giang,BCA_CA_HAG_PA01,phong an ninh oi ngoai cong an tinh hau giang,BCA,Annotator_A,HIGH,Khớp hoàn toàn danh mục hành chính chuẩn,2026-09-12,DataVietNam,2026-09-12
BCA_CA_HAG_PA02,Phòng An ninh nội địa - Công an Tỉnh Hậu Giang,BCA,province,2018,2026,dvc_2018,https://dichvucong.gov.vn/archive/2018,generated_catalog,source,2026-09-12T19:42:24.601202,crawl_2018_2026,Phòng An ninh nội địa - Công an Tỉnh Hậu Giang,BCA_CA_HAG_PA02,phong an ninh noi ia cong an tinh hau giang,BCA,Annotator_A,HIGH,Khớp hoàn toàn danh mục hành chính chuẩn,2026-09-12,DataVietNam,2026-09-12
BCA_CA_HAG_PA03,Phòng An ninh chính trị nội bộ - Công an Tỉnh Hậu Giang,BCA,province,2018,2026,dvc_2018,https://dichvucong.gov.vn/archive/2018,generated_catalog,source,2026-09-12T19:42:24.601202,crawl_2018_2026,Phòng An ninh chính trị nội bộ - Công an Tỉnh Hậu Giang,BCA_CA_HAG_PA03,phong an ninh chinh tri noi bo cong an tinh hau giang,BCA,Annotator_A,HIGH,Khớp hoàn toàn danh mục hành chính chuẩn,2026-09-12,DataVietNam,2026-09-12
BCA_CA_HAG_PA05,Phòng An ninh mạng và phòng chống tội phạm công nghệ cao - Công an Tỉnh Hậu Giang,BCA,province,2018,2026,dvc_2018,https://dichvucong.gov.vn/archive/2018,generated_catalog,source,2026-09-12T19:42:24.601202,crawl_2018_2026,Phòng An ninh mạng và phòng chống tội phạm công nghệ cao - Công an Tỉnh Hậu Giang,BCA_CA_HAG_PA05,phong an ninh mang va phong chong toi pham cong nghe cao cong an tinh hau giang,BCA,Annotator_A,HIGH,Khớp hoàn toàn danh mục hành chính chuẩn,2026-09-12,DataVietNam,2026-09-12
BCA_CA_ST,Công an Tỉnh Sóc Trăng,BCA,province,2018,2026,dvc_2018,https://dichvucong.gov.vn/archive/2018,generated_catalog,source,2026-09-12T19:42:24.601202,crawl_2018_2026,Công an Tỉnh Sóc Trăng,BCA_CA_ST,cong an tinh soc trang,BCA,Annotator_A,HIGH,Khớp hoàn toàn danh mục hành chính chuẩn,2026-09-12,DataVietNam,2026-09-12
BCA_CA_ST_PC01,Văn phòng Cơ quan Cảnh sát điều tra - Công an Tỉnh Sóc Trăng,BCA,ministry,2018,2026,dvc_2018,https://dichvucong.gov.vn/archive/2018,generated_catalog,source,2026-09-12T19:42:24.601202,crawl_2018_2026,Văn phòng Cơ quan Cảnh sát điều tra - Công an Tỉnh Sóc Trăng,BCA_CA_ST_PC01,van phong co quan canh sat ieu tra cong an tinh soc trang,BCA,Annotator_A,HIGH,Khớp hoàn toàn danh mục hành chính chuẩn,2026-09-12,DataVietNam,2026-09-12
BCA_CA_ST_PC02,Phòng Cảnh sát hình sự - Công an Tỉnh Sóc Trăng,BCA,province,2018,2026,dvc_2018,https://dichvucong.gov.vn/archive/2018,generated_catalog,source,2026-09-12T19:42:24.601202,crawl_2018_2026,Phòng Cảnh sát hình sự - Công an Tỉnh Sóc Trăng,BCA_CA_ST_PC02,phong canh sat hinh su cong an tinh soc trang,BCA,Annotator_A,HIGH,Khớp hoàn toàn danh mục hành chính chuẩn,2026-09-12,DataVietNam,2026-09-12
BCA_CA_ST_PC03,Phòng Cảnh sát kinh tế - Công an Tỉnh Sóc Trăng,BCA,province,2018,2026,dvc_2018,https://dichvucong.gov.vn/archive/2018,generated_catalog,source,2026-09-12T19:42:24.601202,crawl_2018_2026,Phòng Cảnh sát kinh tế - Công an Tỉnh Sóc Trăng,BCA_CA_ST_PC03,phong canh sat kinh te cong an tinh soc trang,BCA,Annotator_A,HIGH,Khớp hoàn toàn danh mục hành chính chuẩn,2026-09-12,DataVietNam,2026-09-12
BCA_CA_ST_PC04,Phòng Cảnh sát điều tra tội phạm về ma túy - Công an Tỉnh Sóc Trăng,BCA,province,2018,2026,dvc_2018,https://dichvucong.gov.vn/archive/2018,generated_catalog,source,2026-09-12T19:42:24.601202,crawl_2018_2026,Phòng Cảnh sát điều tra tội phạm về ma túy - Công an Tỉnh Sóc Trăng,BCA_CA_ST_PC04,phong canh sat ieu tra toi pham ve ma tuy cong an tinh soc trang,BCA,Annotator_A,HIGH,Khớp hoàn toàn danh mục hành chính chuẩn,2026-09-12,DataVietNam,2026-09-12
BCA_CA_ST_PC06,Phòng Cảnh sát quản lý hành chính về trật tự xã hội - Công an Tỉnh Sóc Trăng,BCA,province,2018,2026,dvc_2018,https://dichvucong.gov.vn/archive/2018,generated_catalog,source,2026-09-12T19:42:24.601202,crawl_2018_2026,Phòng Cảnh sát quản lý hành chính về trật tự xã hội - Công an Tỉnh Sóc Trăng,BCA_CA_ST_PC06,phong canh sat quan ly hanh chinh ve trat tu xa hoi cong an tinh soc trang,BCA,Annotator_A,HIGH,Khớp hoàn toàn danh mục hành chính chuẩn,2026-09-12,DataVietNam,2026-09-12
BCA_CA_ST_PC07,Phòng Cảnh sát Phòng cháy chữa cháy và Cứu nạn cứu hộ - Công an Tỉnh Sóc Trăng,BCA,province,2018,2026,dvc_2018,https://dichvucong.gov.vn/archive/2018,generated_catalog,source,2026-09-12T19:42:24.601202,crawl_2018_2026,Phòng Cảnh sát Phòng cháy chữa cháy và Cứu nạn cứu hộ - Công an Tỉnh Sóc Trăng,BCA_CA_ST_PC07,phong canh sat phong chay chua chay va cuu nan cuu ho cong an tinh soc trang,BCA,Annotator_A,HIGH,Khớp hoàn toàn danh mục hành chính chuẩn,2026-09-12,DataVietNam,2026-09-12
BCA_CA_ST_PC08,Phòng Cảnh sát giao thông - Công an Tỉnh Sóc Trăng,BCA,province,2018,2026,dvc_2018,https://dichvucong.gov.vn/archive/2018,generated_catalog,source,2026-09-12T19:42:24.601202,crawl_2018_2026,Phòng Cảnh sát giao thông - Công an Tỉnh Sóc Trăng,BCA_CA_ST_PC08,phong canh sat giao thong cong an tinh soc trang,BCA,Annotator_A,HIGH,Khớp hoàn toàn danh mục hành chính chuẩn,2026-09-12,DataVietNam,2026-09-12
BCA_CA_ST_PA01,Phòng An ninh đối ngoại - Công an Tỉnh Sóc Trăng,BCA,province,2018,2026,dvc_2018,https://dichvucong.gov.vn/archive/2018,generated_catalog,source,2026-09-12T19:42:24.601202,crawl_2018_2026,Phòng An ninh đối ngoại - Công an Tỉnh Sóc Trăng,BCA_CA_ST_PA01,phong an ninh oi ngoai cong an tinh soc trang,BCA,Annotator_A,HIGH,Khớp hoàn toàn danh mục hành chính chuẩn,2026-09-12,DataVietNam,2026-09-12
BCA_CA_ST_PA02,Phòng An ninh nội địa - Công an Tỉnh Sóc Trăng,BCA,province,2018,2026,dvc_2018,https://dichvucong.gov.vn/archive/2018,generated_catalog,source,2026-09-12T19:42:24.601202,crawl_2018_2026,Phòng An ninh nội địa - Công an Tỉnh Sóc Trăng,BCA_CA_ST_PA02,phong an ninh noi ia cong an tinh soc trang,BCA,Annotator_A,HIGH,Khớp hoàn toàn danh mục hành chính chuẩn,2026-09-12,DataVietNam,2026-09-12
BCA_CA_ST_PA03,Phòng An ninh chính trị nội bộ - Công an Tỉnh Sóc Trăng,BCA,province,2018,2026,dvc_2018,https://dichvucong.gov.vn/archive/2018,generated_catalog,source,2026-09-12T19:42:24.601202,crawl_2018_2026,Phòng An ninh chính trị nội bộ - Công an Tỉnh Sóc Trăng,BCA_CA_ST_PA03,phong an ninh chinh tri noi bo cong an tinh soc trang,BCA,Annotator_A,HIGH,Khớp hoàn toàn danh mục hành chính chuẩn,2026-09-12,DataVietNam,2026-09-12
BCA_CA_ST_PA05,Phòng An ninh mạng và phòng chống tội phạm công nghệ cao - Công an Tỉnh Sóc Trăng,BCA,province,2018,2026,dvc_2018,https://dichvucong.gov.vn/archive/2018,generated_catalog,source,2026-09-12T19:42:24.601202,crawl_2018_2026,Phòng An ninh mạng và phòng chống tội phạm công nghệ cao - Công an Tỉnh Sóc Trăng,BCA_CA_ST_PA05,phong an ninh mang va phong chong toi pham cong nghe cao cong an tinh soc trang,BCA,Annotator_A,HIGH,Khớp hoàn toàn danh mục hành chính chuẩn,2026-09-12,DataVietNam,2026-09-12
BCA_CA_BL,Công an Tỉnh Bạc Liêu,BCA,province,2018,2026,dvc_2018,https://dichvucong.gov.vn/archive/2018,generated_catalog,source,2026-09-12T19:42:24.601202,crawl_2018_2026,Công an Tỉnh Bạc Liêu,BCA_CA_BL,cong an tinh bac lieu,BCA,Annotator_A,HIGH,Khớp hoàn toàn danh mục hành chính chuẩn,2026-09-12,DataVietNam,2026-09-12
BCA_CA_BL_PC01,Văn phòng Cơ quan Cảnh sát điều tra - Công an Tỉnh Bạc Liêu,BCA,ministry,2018,2026,dvc_2018,https://dichvucong.gov.vn/archive/2018,generated_catalog,source,2026-09-12T19:42:24.601202,crawl_2018_2026,Văn phòng Cơ quan Cảnh sát điều tra - Công an Tỉnh Bạc Liêu,BCA_CA_BL_PC01,van phong co quan canh sat ieu tra cong an tinh bac lieu,BCA,Annotator_A,HIGH,Khớp hoàn toàn danh mục hành chính chuẩn,2026-09-12,DataVietNam,2026-09-12
BCA_CA_BL_PC02,Phòng Cảnh sát hình sự - Công an Tỉnh Bạc Liêu,BCA,province,2018,2026,dvc_2018,https://dichvucong.gov.vn/archive/2018,generated_catalog,source,2026-09-12T19:42:24.601202,crawl_2018_2026,Phòng Cảnh sát hình sự - Công an Tỉnh Bạc Liêu,BCA_CA_BL_PC02,phong canh sat hinh su cong an tinh bac lieu,BCA,Annotator_A,HIGH,Khớp hoàn toàn danh mục hành chính chuẩn,2026-09-12,DataVietNam,2026-09-12
BCA_CA_BL_PC03,Phòng Cảnh sát kinh tế - Công an Tỉnh Bạc Liêu,BCA,province,2018,2026,dvc_2018,https://dichvucong.gov.vn/archive/2018,generated_catalog,source,2026-09-12T19:42:24.601202,crawl_2018_2026,Phòng Cảnh sát kinh tế - Công an Tỉnh Bạc Liêu,BCA_CA_BL_PC03,phong canh sat kinh te cong an tinh bac lieu,BCA,Annotator_A,HIGH,Khớp hoàn toàn danh mục hành chính chuẩn,2026-09-12,DataVietNam,2026-09-12
BCA_CA_BL_PC04,Phòng Cảnh sát điều tra tội phạm về ma túy - Công an Tỉnh Bạc Liêu,BCA,province,2018,2026,dvc_2018,https://dichvucong.gov.vn/archive/2018,generated_catalog,source,2026-09-12T19:42:24.601202,crawl_2018_2026,Phòng Cảnh sát điều tra tội phạm về ma túy - Công an Tỉnh Bạc Liêu,BCA_CA_BL_PC04,phong canh sat ieu tra toi pham ve ma tuy cong an tinh bac lieu,BCA,Annotator_A,HIGH,Khớp hoàn toàn danh mục hành chính chuẩn,2026-09-12,DataVietNam,2026-09-12
BCA_CA_BL_PC06,Phòng Cảnh sát quản lý hành chính về trật tự xã hội - Công an Tỉnh Bạc Liêu,BCA,province,2018,2026,dvc_2018,https://dichvucong.gov.vn/archive/2018,generated_catalog,source,2026-09-12T19:42:24.601202,crawl_2018_2026,Phòng Cảnh sát quản lý hành chính về trật tự xã hội - Công an Tỉnh Bạc Liêu,BCA_CA_BL_PC06,phong canh sat quan ly hanh chinh ve trat tu xa hoi cong an tinh bac lieu,BCA,Annotator_A,HIGH,Khớp hoàn toàn danh mục hành chính chuẩn,2026-09-12,DataVietNam,2026-09-12
BCA_CA_BL_PC07,Phòng Cảnh sát Phòng cháy chữa cháy và Cứu nạn cứu hộ - Công an Tỉnh Bạc Liêu,BCA,province,2018,2026,dvc_2018,https://dichvucong.gov.vn/archive/2018,generated_catalog,source,2026-09-12T19:42:24.601202,crawl_2018_2026,Phòng Cảnh sát Phòng cháy chữa cháy và Cứu nạn cứu hộ - Công an Tỉnh Bạc Liêu,BCA_CA_BL_PC07,phong canh sat phong chay chua chay va cuu nan cuu ho cong an tinh bac lieu,BCA,Annotator_A,HIGH,Khớp hoàn toàn danh mục hành chính chuẩn,2026-09-12,DataVietNam,2026-09-12
BCA_CA_BL_PC08,Phòng Cảnh sát giao thông - Công an Tỉnh Bạc Liêu,BCA,province,2018,2026,dvc_2018,https://dichvucong.gov.vn/archive/2018,generated_catalog,source,2026-09-12T19:42:24.601202,crawl_2018_2026,Phòng Cảnh sát giao thông - Công an Tỉnh Bạc Liêu,BCA_CA_BL_PC08,phong canh sat giao thong cong an tinh bac lieu,BCA,Annotator_A,HIGH,Khớp hoàn toàn danh mục hành chính chuẩn,2026-09-12,DataVietNam,2026-09-12
BCA_CA_BL_PA01,Phòng An ninh đối ngoại - Công an Tỉnh Bạc Liêu,BCA,province,2018,2026,dvc_2018,https://dichvucong.gov.vn/archive/2018,generated_catalog,source,2026-09-12T19:42:24.601202,crawl_2018_2026,Phòng An ninh đối ngoại - Công an Tỉnh Bạc Liêu,BCA_CA_BL_PA01,phong an ninh oi ngoai cong an tinh bac lieu,BCA,Annotator_A,HIGH,Khớp hoàn toàn danh mục hành chính chuẩn,2026-09-12,DataVietNam,2026-09-12
BCA_CA_BL_PA02,Phòng An ninh nội địa - Công an Tỉnh Bạc Liêu,BCA,province,2018,2026,dvc_2018,https://dichvucong.gov.vn/archive/2018,generated_catalog,source,2026-09-12T19:42:24.601202,crawl_2018_2026,Phòng An ninh nội địa - Công an Tỉnh Bạc Liêu,BCA_CA_BL_PA02,phong an ninh noi ia cong an tinh bac lieu,BCA,Annotator_A,HIGH,Khớp hoàn toàn danh mục hành chính chuẩn,2026-09-12,DataVietNam,2026-09-12
BCA_CA_BL_PA03,Phòng An ninh chính trị nội bộ - Công an Tỉnh Bạc Liêu,BCA,province,2018,2026,dvc_2018,https://dichvucong.gov.vn/archive/2018,generated_catalog,source,2026-09-12T19:42:24.601202,crawl_2018_2026,Phòng An ninh chính trị nội bộ - Công an Tỉnh Bạc Liêu,BCA_CA_BL_PA03,phong an ninh chinh tri noi bo cong an tinh bac lieu,BCA,Annotator_A,HIGH,Khớp hoàn toàn danh mục hành chính chuẩn,2026-09-12,DataVietNam,2026-09-12
BCA_CA_BL_PA05,Phòng An ninh mạng và phòng chống tội phạm công nghệ cao - Công an Tỉnh Bạc Liêu,BCA,province,2018,2026,dvc_2018,https://dichvucong.gov.vn/archive/2018,generated_catalog,source,2026-09-12T19:42:24.601202,crawl_2018_2026,Phòng An ninh mạng và phòng chống tội phạm công nghệ cao - Công an Tỉnh Bạc Liêu,BCA_CA_BL_PA05,phong an ninh mang va phong chong toi pham cong nghe cao cong an tinh bac lieu,BCA,Annotator_A,HIGH,Khớp hoàn toàn danh mục hành chính chuẩn,2026-09-12,DataVietNam,2026-09-12
BCA_CA_TV,Công an Tỉnh Trà Vinh,BCA,province,2018,2026,dvc_2018,https://dichvucong.gov.vn/archive/2018,generated_catalog,source,2026-09-12T19:42:24.601202,crawl_2018_2026,Công an Tỉnh Trà Vinh,BCA_CA_TV,cong an tinh tra vinh,BCA,Annotator_A,HIGH,Khớp hoàn toàn danh mục hành chính chuẩn,2026-09-12,DataVietNam,2026-09-12
BCA_CA_TV_PC01,Văn phòng Cơ quan Cảnh sát điều tra - Công an Tỉnh Trà Vinh,BCA,ministry,2018,2026,dvc_2018,https://dichvucong.gov.vn/archive/2018,generated_catalog,source,2026-09-12T19:42:24.601202,crawl_2018_2026,Văn phòng Cơ quan Cảnh sát điều tra - Công an Tỉnh Trà Vinh,BCA_CA_TV_PC01,van phong co quan canh sat ieu tra cong an tinh tra vinh,BCA,Annotator_A,HIGH,Khớp hoàn toàn danh mục hành chính chuẩn,2026-09-12,DataVietNam,2026-09-12
BCA_CA_TV_PC02,Phòng Cảnh sát hình sự - Công an Tỉnh Trà Vinh,BCA,province,2018,2026,dvc_2018,https://dichvucong.gov.vn/archive/2018,generated_catalog,source,2026-09-12T19:42:24.601202,crawl_2018_2026,Phòng Cảnh sát hình sự - Công an Tỉnh Trà Vinh,BCA_CA_TV_PC02,phong canh sat hinh su cong an tinh tra vinh,BCA,Annotator_A,HIGH,Khớp hoàn toàn danh mục hành chính chuẩn,2026-09-12,DataVietNam,2026-09-12
BCA_CA_TV_PC03,Phòng Cảnh sát kinh tế - Công an Tỉnh Trà Vinh,BCA,province,2018,2026,dvc_2018,https://dichvucong.gov.vn/archive/2018,generated_catalog,source,2026-09-12T19:42:24.601202,crawl_2018_2026,Phòng Cảnh sát kinh tế - Công an Tỉnh Trà Vinh,BCA_CA_TV_PC03,phong canh sat kinh te cong an tinh tra vinh,BCA,Annotator_A,HIGH,Khớp hoàn toàn danh mục hành chính chuẩn,2026-09-12,DataVietNam,2026-09-12
BCA_CA_TV_PC04,Phòng Cảnh sát điều tra tội phạm về ma túy - Công an Tỉnh Trà Vinh,BCA,province,2018,2026,dvc_2018,https://dichvucong.gov.vn/archive/2018,generated_catalog,source,2026-09-12T19:42:24.601202,crawl_2018_2026,Phòng Cảnh sát điều tra tội phạm về ma túy - Công an Tỉnh Trà Vinh,BCA_CA_TV_PC04,phong canh sat ieu tra toi pham ve ma tuy cong an tinh tra vinh,BCA,Annotator_A,HIGH,Khớp hoàn toàn danh mục hành chính chuẩn,2026-09-12,DataVietNam,2026-09-12
BCA_CA_TV_PC06,Phòng Cảnh sát quản lý hành chính về trật tự xã hội - Công an Tỉnh Trà Vinh,BCA,province,2018,2026,dvc_2018,https://dichvucong.gov.vn/archive/2018,generated_catalog,source,2026-09-12T19:42:24.601202,crawl_2018_2026,Phòng Cảnh sát quản lý hành chính về trật tự xã hội - Công an Tỉnh Trà Vinh,BCA_CA_TV_PC06,phong canh sat quan ly hanh chinh ve trat tu xa hoi cong an tinh tra vinh,BCA,Annotator_A,HIGH,Khớp hoàn toàn danh mục hành chính chuẩn,2026-09-12,DataVietNam,2026-09-12
BCA_CA_TV_PC07,Phòng Cảnh sát Phòng cháy chữa cháy và Cứu nạn cứu hộ - Công an Tỉnh Trà Vinh,BCA,province,2018,2026,dvc_2018,https://dichvucong.gov.vn/archive/2018,generated_catalog,source,2026-09-12T19:42:24.601202,crawl_2018_2026,Phòng Cảnh sát Phòng cháy chữa cháy và Cứu nạn cứu hộ - Công an Tỉnh Trà Vinh,BCA_CA_TV_PC07,phong canh sat phong chay chua chay va cuu nan cuu ho cong an tinh tra vinh,BCA,Annotator_A,HIGH,Khớp hoàn toàn danh mục hành chính chuẩn,2026-09-12,DataVietNam,2026-09-12
BCA_CA_TV_PC08,Phòng Cảnh sát giao thông - Công an Tỉnh Trà Vinh,BCA,province,2018,2026,dvc_2018,https://dichvucong.gov.vn/archive/2018,generated_catalog,source,2026-09-12T19:42:24.601202,crawl_2018_2026,Phòng Cảnh sát giao thông - Công an Tỉnh Trà Vinh,BCA_CA_TV_PC08,phong canh sat giao thong cong an tinh tra vinh,BCA,Annotator_A,HIGH,Khớp hoàn toàn danh mục hành chính chuẩn,2026-09-12,DataVietNam,2026-09-12
BCA_CA_TV_PA01,Phòng An ninh đối ngoại - Công an Tỉnh Trà Vinh,BCA,province,2018,2026,dvc_2018,https://dichvucong.gov.vn/archive/2018,generated_catalog,source,2026-09-12T19:42:24.601202,crawl_2018_2026,Phòng An ninh đối ngoại - Công an Tỉnh Trà Vinh,BCA_CA_TV_PA01,phong an ninh oi ngoai cong an tinh tra vinh,BCA,Annotator_A,HIGH,Khớp hoàn toàn danh mục hành chính chuẩn,2026-09-12,DataVietNam,2026-09-12
BCA_CA_TV_PA02,Phòng An ninh nội địa - Công an Tỉnh Trà Vinh,BCA,province,2018,2026,dvc_2018,https://dichvucong.gov.vn/archive/2018,generated_catalog,source,2026-09-12T19:42:24.601202,crawl_2018_2026,Phòng An ninh nội địa - Công an Tỉnh Trà Vinh,BCA_CA_TV_PA02,phong an ninh noi ia cong an tinh tra vinh,BCA,Annotator_A,HIGH,Khớp hoàn toàn danh mục hành chính chuẩn,2026-09-12,DataVietNam,2026-09-12
BCA_CA_TV_PA03,Phòng An ninh chính trị nội bộ - Công an Tỉnh Trà Vinh,BCA,province,2018,2026,dvc_2018,https://dichvucong.gov.vn/archive/2018,generated_catalog,source,2026-09-12T19:42:24.601202,crawl_2018_2026,Phòng An ninh chính trị nội bộ - Công an Tỉnh Trà Vinh,BCA_CA_TV_PA03,phong an ninh chinh tri noi bo cong an tinh tra vinh,BCA,Annotator_A,HIGH,Khớp hoàn toàn danh mục hành chính chuẩn,2026-09-12,DataVietNam,2026-09-12
BCA_CA_TV_PA05,Phòng An ninh mạng và phòng chống tội phạm công nghệ cao - Công an Tỉnh Trà Vinh,BCA,province,2018,2026,dvc_2018,https://dichvucong.gov.vn/archive/2018,generated_catalog,source,2026-09-12T19:42:24.601202,crawl_2018_2026,Phòng An ninh mạng và phòng chống tội phạm công nghệ cao - Công an Tỉnh Trà Vinh,BCA_CA_TV_PA05,phong an ninh mang va phong chong toi pham cong nghe cao cong an tinh tra vinh,BCA,Annotator_A,HIGH,Khớp hoàn toàn danh mục hành chính chuẩn,2026-09-12,DataVietNam,2026-09-12
BCA_CA_VL,Công an Tỉnh Vĩnh Long,BCA,province,2018,2026,dvc_2018,https://dichvucong.gov.vn/archive/2018,generated_catalog,source,2026-09-12T19:42:24.601202,crawl_2018_2026,Công an Tỉnh Vĩnh Long,BCA_CA_VL,cong an tinh vinh long,BCA,Annotator_A,HIGH,Khớp hoàn toàn danh mục hành chính chuẩn,2026-09-12,DataVietNam,2026-09-12
BCA_CA_VL_PC01,Văn phòng Cơ quan Cảnh sát điều tra - Công an Tỉnh Vĩnh Long,BCA,ministry,2018,2026,dvc_2018,https://dichvucong.gov.vn/archive/2018,generated_catalog,source,2026-09-12T19:42:24.601202,crawl_2018_2026,Văn phòng Cơ quan Cảnh sát điều tra - Công an Tỉnh Vĩnh Long,BCA_CA_VL_PC01,van phong co quan canh sat ieu tra cong an tinh vinh long,BCA,Annotator_A,HIGH,Khớp hoàn toàn danh mục hành chính chuẩn,2026-09-12,DataVietNam,2026-09-12
BCA_CA_VL_PC02,Phòng Cảnh sát hình sự - Công an Tỉnh Vĩnh Long,BCA,province,2018,2026,dvc_2018,https://dichvucong.gov.vn/archive/2018,generated_catalog,source,2026-09-12T19:42:24.601202,crawl_2018_2026,Phòng Cảnh sát hình sự - Công an Tỉnh Vĩnh Long,BCA_CA_VL_PC02,phong canh sat hinh su cong an tinh vinh long,BCA,Annotator_A,HIGH,Khớp hoàn toàn danh mục hành chính chuẩn,2026-09-12,DataVietNam,2026-09-12
BCA_CA_VL_PC03,Phòng Cảnh sát kinh tế - Công an Tỉnh Vĩnh Long,BCA,province,2018,2026,dvc_2018,https://dichvucong.gov.vn/archive/2018,generated_catalog,source,2026-09-12T19:42:24.601202,crawl_2018_2026,Phòng Cảnh sát kinh tế - Công an Tỉnh Vĩnh Long,BCA_CA_VL_PC03,phong canh sat kinh te cong an tinh vinh long,BCA,Annotator_A,HIGH,Khớp hoàn toàn danh mục hành chính chuẩn,2026-09-12,DataVietNam,2026-09-12
BCA_CA_VL_PC04,Phòng Cảnh sát điều tra tội phạm về ma túy - Công an Tỉnh Vĩnh Long,BCA,province,2018,2026,dvc_2018,https://dichvucong.gov.vn/archive/2018,generated_catalog,source,2026-09-12T19:42:24.601202,crawl_2018_2026,Phòng Cảnh sát điều tra tội phạm về ma túy - Công an Tỉnh Vĩnh Long,BCA_CA_VL_PC04,phong canh sat ieu tra toi pham ve ma tuy cong an tinh vinh long,BCA,Annotator_A,HIGH,Khớp hoàn toàn danh mục hành chính chuẩn,2026-09-12,DataVietNam,2026-09-12
BCA_CA_VL_PC06,Phòng Cảnh sát quản lý hành chính về trật tự xã hội - Công an Tỉnh Vĩnh Long,BCA,province,2018,2026,dvc_2018,https://dichvucong.gov.vn/archive/2018,generated_catalog,source,2026-09-12T19:42:24.601202,crawl_2018_2026,Phòng Cảnh sát quản lý hành chính về trật tự xã hội - Công an Tỉnh Vĩnh Long,BCA_CA_VL_PC06,phong canh sat quan ly hanh chinh ve trat tu xa hoi cong an tinh vinh long,BCA,Annotator_A,HIGH,Khớp hoàn toàn danh mục hành chính chuẩn,2026-09-12,DataVietNam,2026-09-12
BCA_CA_VL_PC07,Phòng Cảnh sát Phòng cháy chữa cháy và Cứu nạn cứu hộ - Công an Tỉnh Vĩnh Long,BCA,province,2018,2026,dvc_2018,https://dichvucong.gov.vn/archive/2018,generated_catalog,source,2026-09-12T19:42:24.601202,crawl_2018_2026,Phòng Cảnh sát Phòng cháy chữa cháy và Cứu nạn cứu hộ - Công an Tỉnh Vĩnh Long,BCA_CA_VL_PC07,phong canh sat phong chay chua chay va cuu nan cuu ho cong an tinh vinh long,BCA,Annotator_A,HIGH,Khớp hoàn toàn danh mục hành chính chuẩn,2026-09-12,DataVietNam,2026-09-12
BCA_CA_VL_PC08,Phòng Cảnh sát giao thông - Công an Tỉnh Vĩnh Long,BCA,province,2018,2026,dvc_2018,https://dichvucong.gov.vn/archive/2018,generated_catalog,source,2026-09-12T19:42:24.601202,crawl_2018_2026,Phòng Cảnh sát giao thông - Công an Tỉnh Vĩnh Long,BCA_CA_VL_PC08,phong canh sat giao thong cong an tinh vinh long,BCA,Annotator_A,HIGH,Khớp hoàn toàn danh mục hành chính chuẩn,2026-09-12,DataVietNam,2026-09-12
BCA_CA_VL_PA01,Phòng An ninh đối ngoại - Công an Tỉnh Vĩnh Long,BCA,province,2018,2026,dvc_2018,https://dichvucong.gov.vn/archive/2018,generated_catalog,source,2026-09-12T19:42:24.601202,crawl_2018_2026,Phòng An ninh đối ngoại - Công an Tỉnh Vĩnh Long,BCA_CA_VL_PA01,phong an ninh oi ngoai cong an tinh vinh long,BCA,Annotator_A,HIGH,Khớp hoàn toàn danh mục hành chính chuẩn,2026-09-12,DataVietNam,2026-09-12
BCA_CA_VL_PA02,Phòng An ninh nội địa - Công an Tỉnh Vĩnh Long,BCA,province,2018,2026,dvc_2018,https://dichvucong.gov.vn/archive/2018,generated_catalog,source,2026-09-12T19:42:24.601202,crawl_2018_2026,Phòng An ninh nội địa - Công an Tỉnh Vĩnh Long,BCA_CA_VL_PA02,phong an ninh noi ia cong an tinh vinh long,BCA,Annotator_A,HIGH,Khớp hoàn toàn danh mục hành chính chuẩn,2026-09-12,DataVietNam,2026-09-12
BCA_CA_VL_PA03,Phòng An ninh chính trị nội bộ - Công an Tỉnh Vĩnh Long,BCA,province,2018,2026,dvc_2018,https://dichvucong.gov.vn/archive/2018,generated_catalog,source,2026-09-12T19:42:24.601202,crawl_2018_2026,Phòng An ninh chính trị nội bộ - Công an Tỉnh Vĩnh Long,BCA_CA_VL_PA03,phong an ninh chinh tri noi bo cong an tinh vinh long,BCA,Annotator_A,HIGH,Khớp hoàn toàn danh mục hành chính chuẩn,2026-09-12,DataVietNam,2026-09-12
BCA_CA_VL_PA05,Phòng An ninh mạng và phòng chống tội phạm công nghệ cao - Công an Tỉnh Vĩnh Long,BCA,province,2018,2026,dvc_2018,https://dichvucong.gov.vn/archive/2018,generated_catalog,source,2026-09-12T19:42:24.601202,crawl_2018_2026,Phòng An ninh mạng và phòng chống tội phạm công nghệ cao - Công an Tỉnh Vĩnh Long,BCA_CA_VL_PA05,phong an ninh mang va phong chong toi pham cong nghe cao cong an tinh vinh long,BCA,Annotator_A,HIGH,Khớp hoàn toàn danh mục hành chính chuẩn,2026-09-12,DataVietNam,2026-09-12
BCA_CA_BT,Công an Tỉnh Bến Tre,BCA,province,2018,2026,dvc_2018,https://dichvucong.gov.vn/archive/2018,generated_catalog,source,2026-09-12T19:42:24.601202,crawl_2018_2026,Công an Tỉnh Bến Tre,BCA_CA_BT,cong an tinh ben tre,BCA,Annotator_A,HIGH,Khớp hoàn toàn danh mục hành chính chuẩn,2026-09-12,DataVietNam,2026-09-12
BCA_CA_BT_PC01,Văn phòng Cơ quan Cảnh sát điều tra - Công an Tỉnh Bến Tre,BCA,ministry,2018,2026,dvc_2018,https://dichvucong.gov.vn/archive/2018,generated_catalog,source,2026-09-12T19:42:24.601202,crawl_2018_2026,Văn phòng Cơ quan Cảnh sát điều tra - Công an Tỉnh Bến Tre,BCA_CA_BT_PC01,van phong co quan canh sat ieu tra cong an tinh ben tre,BCA,Annotator_A,HIGH,Khớp hoàn toàn danh mục hành chính chuẩn,2026-09-12,DataVietNam,2026-09-12
BCA_CA_BT_PC02,Phòng Cảnh sát hình sự - Công an Tỉnh Bến Tre,BCA,province,2018,2026,dvc_2018,https://dichvucong.gov.vn/archive/2018,generated_catalog,source,2026-09-12T19:42:24.601202,crawl_2018_2026,Phòng Cảnh sát hình sự - Công an Tỉnh Bến Tre,BCA_CA_BT_PC02,phong canh sat hinh su cong an tinh ben tre,BCA,Annotator_A,HIGH,Khớp hoàn toàn danh mục hành chính chuẩn,2026-09-12,DataVietNam,2026-09-12
BCA_CA_BT_PC03,Phòng Cảnh sát kinh tế - Công an Tỉnh Bến Tre,BCA,province,2018,2026,dvc_2018,https://dichvucong.gov.vn/archive/2018,generated_catalog,source,2026-09-12T19:42:24.601202,crawl_2018_2026,Phòng Cảnh sát kinh tế - Công an Tỉnh Bến Tre,BCA_CA_BT_PC03,phong canh sat kinh te cong an tinh ben tre,BCA,Annotator_A,HIGH,Khớp hoàn toàn danh mục hành chính chuẩn,2026-09-12,DataVietNam,2026-09-12
BCA_CA_BT_PC04,Phòng Cảnh sát điều tra tội phạm về ma túy - Công an Tỉnh Bến Tre,BCA,province,2018,2026,dvc_2018,https://dichvucong.gov.vn/archive/2018,generated_catalog,source,2026-09-12T19:42:24.601202,crawl_2018_2026,Phòng Cảnh sát điều tra tội phạm về ma túy - Công an Tỉnh Bến Tre,BCA_CA_BT_PC04,phong canh sat ieu tra toi pham ve ma tuy cong an tinh ben tre,BCA,Annotator_A,HIGH,Khớp hoàn toàn danh mục hành chính chuẩn,2026-09-12,DataVietNam,2026-09-12
BCA_CA_BT_PC06,Phòng Cảnh sát quản lý hành chính về trật tự xã hội - Công an Tỉnh Bến Tre,BCA,province,2018,2026,dvc_2018,https://dichvucong.gov.vn/archive/2018,generated_catalog,source,2026-09-12T19:42:24.601202,crawl_2018_2026,Phòng Cảnh sát quản lý hành chính về trật tự xã hội - Công an Tỉnh Bến Tre,BCA_CA_BT_PC06,phong canh sat quan ly hanh chinh ve trat tu xa hoi cong an tinh ben tre,BCA,Annotator_A,HIGH,Khớp hoàn toàn danh mục hành chính chuẩn,2026-09-12,DataVietNam,2026-09-12
BCA_CA_BT_PC07,Phòng Cảnh sát Phòng cháy chữa cháy và Cứu nạn cứu hộ - Công an Tỉnh Bến Tre,BCA,province,2018,2026,dvc_2018,https://dichvucong.gov.vn/archive/2018,generated_catalog,source,2026-09-12T19:42:24.601202,crawl_2018_2026,Phòng Cảnh sát Phòng cháy chữa cháy và Cứu nạn cứu hộ - Công an Tỉnh Bến Tre,BCA_CA_BT_PC07,phong canh sat phong chay chua chay va cuu nan cuu ho cong an tinh ben tre,BCA,Annotator_A,HIGH,Khớp hoàn toàn danh mục hành chính chuẩn,2026-09-12,DataVietNam,2026-09-12
BCA_CA_BT_PC08,Phòng Cảnh sát giao thông - Công an Tỉnh Bến Tre,BCA,province,2018,2026,dvc_2018,https://dichvucong.gov.vn/archive/2018,generated_catalog,source,2026-09-12T19:42:24.601202,crawl_2018_2026,Phòng Cảnh sát giao thông - Công an Tỉnh Bến Tre,BCA_CA_BT_PC08,phong canh sat giao thong cong an tinh ben tre,BCA,Annotator_A,HIGH,Khớp hoàn toàn danh mục hành chính chuẩn,2026-09-12,DataVietNam,2026-09-12
BCA_CA_BT_PA01,Phòng An ninh đối ngoại - Công an Tỉnh Bến Tre,BCA,province,2018,2026,dvc_2018,https://dichvucong.gov.vn/archive/2018,generated_catalog,source,2026-09-12T19:42:24.601202,crawl_2018_2026,Phòng An ninh đối ngoại - Công an Tỉnh Bến Tre,BCA_CA_BT_PA01,phong an ninh oi ngoai cong an tinh ben tre,BCA,Annotator_A,HIGH,Khớp hoàn toàn danh mục hành chính chuẩn,2026-09-12,DataVietNam,2026-09-12
BCA_CA_BT_PA02,Phòng An ninh nội địa - Công an Tỉnh Bến Tre,BCA,province,2018,2026,dvc_2018,https://dichvucong.gov.vn/archive/2018,generated_catalog,source,2026-09-12T19:42:24.601202,crawl_2018_2026,Phòng An ninh nội địa - Công an Tỉnh Bến Tre,BCA_CA_BT_PA02,phong an ninh noi ia cong an tinh ben tre,BCA,Annotator_A,HIGH,Khớp hoàn toàn danh mục hành chính chuẩn,2026-09-12,DataVietNam,2026-09-12
BCA_CA_BT_PA03,Phòng An ninh chính trị nội bộ - Công an Tỉnh Bến Tre,BCA,province,2018,2026,dvc_2018,https://dichvucong.gov.vn/archive/2018,generated_catalog,source,2026-09-12T19:42:24.601202,crawl_2018_2026,Phòng An ninh chính trị nội bộ - Công an Tỉnh Bến Tre,BCA_CA_BT_PA03,phong an ninh chinh tri noi bo cong an tinh ben tre,BCA,Annotator_A,HIGH,Khớp hoàn toàn danh mục hành chính chuẩn,2026-09-12,DataVietNam,2026-09-12
BCA_CA_BT_PA05,Phòng An ninh mạng và phòng chống tội phạm công nghệ cao - Công an Tỉnh Bến Tre,BCA,province,2018,2026,dvc_2018,https://dichvucong.gov.vn/archive/2018,generated_catalog,source,2026-09-12T19:42:24.601202,crawl_2018_2026,Phòng An ninh mạng và phòng chống tội phạm công nghệ cao - Công an Tỉnh Bến Tre,BCA_CA_BT_PA05,phong an ninh mang va phong chong toi pham cong nghe cao cong an tinh ben tre,BCA,Annotator_A,HIGH,Khớp hoàn toàn danh mục hành chính chuẩn,2026-09-12,DataVietNam,2026-09-12
BCA_CA_TG,Công an Tỉnh Tiền Giang,BCA,province,2018,2026,dvc_2018,https://dichvucong.gov.vn/archive/2018,generated_catalog,source,2026-09-12T19:42:24.601202,crawl_2018_2026,Công an Tỉnh Tiền Giang,BCA_CA_TG,cong an tinh tien giang,BCA,Annotator_A,HIGH,Khớp hoàn toàn danh mục hành chính chuẩn,2026-09-12,DataVietNam,2026-09-12
BCA_CA_TG_PC01,Văn phòng Cơ quan Cảnh sát điều tra - Công an Tỉnh Tiền Giang,BCA,ministry,2018,2026,dvc_2018,https://dichvucong.gov.vn/archive/2018,generated_catalog,source,2026-09-12T19:42:24.601202,crawl_2018_2026,Văn phòng Cơ quan Cảnh sát điều tra - Công an Tỉnh Tiền Giang,BCA_CA_TG_PC01,van phong co quan canh sat ieu tra cong an tinh tien giang,BCA,Annotator_A,HIGH,Khớp hoàn toàn danh mục hành chính chuẩn,2026-09-12,DataVietNam,2026-09-12
BCA_CA_TG_PC02,Phòng Cảnh sát hình sự - Công an Tỉnh Tiền Giang,BCA,province,2018,2026,dvc_2018,https://dichvucong.gov.vn/archive/2018,generated_catalog,source,2026-09-12T19:42:24.601202,crawl_2018_2026,Phòng Cảnh sát hình sự - Công an Tỉnh Tiền Giang,BCA_CA_TG_PC02,phong canh sat hinh su cong an tinh tien giang,BCA,Annotator_A,HIGH,Khớp hoàn toàn danh mục hành chính chuẩn,2026-09-12,DataVietNam,2026-09-12
BCA_CA_TG_PC03,Phòng Cảnh sát kinh tế - Công an Tỉnh Tiền Giang,BCA,province,2018,2026,dvc_2018,https://dichvucong.gov.vn/archive/2018,generated_catalog,source,2026-09-12T19:42:24.601202,crawl_2018_2026,Phòng Cảnh sát kinh tế - Công an Tỉnh Tiền Giang,BCA_CA_TG_PC03,phong canh sat kinh te cong an tinh tien giang,BCA,Annotator_A,HIGH,Khớp hoàn toàn danh mục hành chính chuẩn,2026-09-12,DataVietNam,2026-09-12
BCA_CA_TG_PC04,Phòng Cảnh sát điều tra tội phạm về ma túy - Công an Tỉnh Tiền Giang,BCA,province,2018,2026,dvc_2018,https://dichvucong.gov.vn/archive/2018,generated_catalog,source,2026-09-12T19:42:24.601202,crawl_2018_2026,Phòng Cảnh sát điều tra tội phạm về ma túy - Công an Tỉnh Tiền Giang,BCA_CA_TG_PC04,phong canh sat ieu tra toi pham ve ma tuy cong an tinh tien giang,BCA,Annotator_A,HIGH,Khớp hoàn toàn danh mục hành chính chuẩn,2026-09-12,DataVietNam,2026-09-12
BCA_CA_TG_PC06,Phòng Cảnh sát quản lý hành chính về trật tự xã hội - Công an Tỉnh Tiền Giang,BCA,province,2018,2026,dvc_2018,https://dichvucong.gov.vn/archive/2018,generated_catalog,source,2026-09-12T19:42:24.601202,crawl_2018_2026,Phòng Cảnh sát quản lý hành chính về trật tự xã hội - Công an Tỉnh Tiền Giang,BCA_CA_TG_PC06,phong canh sat quan ly hanh chinh ve trat tu xa hoi cong an tinh tien giang,BCA,Annotator_A,HIGH,Khớp hoàn toàn danh mục hành chính chuẩn,2026-09-12,DataVietNam,2026-09-12
BCA_CA_TG_PC07,Phòng Cảnh sát Phòng cháy chữa cháy và Cứu nạn cứu hộ - Công an Tỉnh Tiền Giang,BCA,province,2018,2026,dvc_2018,https://dichvucong.gov.vn/archive/2018,generated_catalog,source,2026-09-12T19:42:24.601202,crawl_2018_2026,Phòng Cảnh sát Phòng cháy chữa cháy và Cứu nạn cứu hộ - Công an Tỉnh Tiền Giang,BCA_CA_TG_PC07,phong canh sat phong chay chua chay va cuu nan cuu ho cong an tinh tien giang,BCA,Annotator_A,HIGH,Khớp hoàn toàn danh mục hành chính chuẩn,2026-09-12,DataVietNam,2026-09-12
BCA_CA_TG_PC08,Phòng Cảnh sát giao thông - Công an Tỉnh Tiền Giang,BCA,province,2018,2026,dvc_2018,https://dichvucong.gov.vn/archive/2018,generated_catalog,source,2026-09-12T19:42:24.601202,crawl_2018_2026,Phòng Cảnh sát giao thông - Công an Tỉnh Tiền Giang,BCA_CA_TG_PC08,phong canh sat giao thong cong an tinh tien giang,BCA,Annotator_A,HIGH,Khớp hoàn toàn danh mục hành chính chuẩn,2026-09-12,DataVietNam,2026-09-12
BCA_CA_TG_PA01,Phòng An ninh đối ngoại - Công an Tỉnh Tiền Giang,BCA,province,2018,2026,dvc_2018,https://dichvucong.gov.vn/archive/2018,generated_catalog,source,2026-09-12T19:42:24.601202,crawl_2018_2026,Phòng An ninh đối ngoại - Công an Tỉnh Tiền Giang,BCA_CA_TG_PA01,phong an ninh oi ngoai cong an tinh tien giang,BCA,Annotator_A,HIGH,Khớp hoàn toàn danh mục hành chính chuẩn,2026-09-12,DataVietNam,2026-09-12
BCA_CA_TG_PA02,Phòng An ninh nội địa - Công an Tỉnh Tiền Giang,BCA,province,2018,2026,dvc_2018,https://dichvucong.gov.vn/archive/2018,generated_catalog,source,2026-09-12T19:42:24.601202,crawl_2018_2026,Phòng An ninh nội địa - Công an Tỉnh Tiền Giang,BCA_CA_TG_PA02,phong an ninh noi ia cong an tinh tien giang,BCA,Annotator_A,HIGH,Khớp hoàn toàn danh mục hành chính chuẩn,2026-09-12,DataVietNam,2026-09-12
BCA_CA_TG_PA03,Phòng An ninh chính trị nội bộ - Công an Tỉnh Tiền Giang,BCA,province,2018,2026,dvc_2018,https://dichvucong.gov.vn/archive/2018,generated_catalog,source,2026-09-12T19:42:24.601202,crawl_2018_2026,Phòng An ninh chính trị nội bộ - Công an Tỉnh Tiền Giang,BCA_CA_TG_PA03,phong an ninh chinh tri noi bo cong an tinh tien giang,BCA,Annotator_A,HIGH,Khớp hoàn toàn danh mục hành chính chuẩn,2026-09-12,DataVietNam,2026-09-12
BCA_CA_TG_PA05,Phòng An ninh mạng và phòng chống tội phạm công nghệ cao - Công an Tỉnh Tiền Giang,BCA,province,2018,2026,dvc_2018,https://dichvucong.gov.vn/archive/2018,generated_catalog,source,2026-09-12T19:42:24.601202,crawl_2018_2026,Phòng An ninh mạng và phòng chống tội phạm công nghệ cao - Công an Tỉnh Tiền Giang,BCA_CA_TG_PA05,phong an ninh mang va phong chong toi pham cong nghe cao cong an tinh tien giang,BCA,Annotator_A,HIGH,Khớp hoàn toàn danh mục hành chính chuẩn,2026-09-12,DataVietNam,2026-09-12
BCA_CA_DT,Công an Tỉnh Đồng Tháp,BCA,province,2018,2026,dvc_2018,https://dichvucong.gov.vn/archive/2018,generated_catalog,source,2026-09-12T19:42:24.601202,crawl_2018_2026,Công an Tỉnh Đồng Tháp,BCA_CA_DT,cong an tinh ong thap,BCA,Annotator_A,HIGH,Khớp hoàn toàn danh mục hành chính chuẩn,2026-09-12,DataVietNam,2026-09-12
BCA_CA_DT_PC01,Văn phòng Cơ quan Cảnh sát điều tra - Công an Tỉnh Đồng Tháp,BCA,ministry,2018,2026,dvc_2018,https://dichvucong.gov.vn/archive/2018,generated_catalog,source,2026-09-12T19:42:24.601202,crawl_2018_2026,Văn phòng Cơ quan Cảnh sát điều tra - Công an Tỉnh Đồng Tháp,BCA_CA_DT_PC01,van phong co quan canh sat ieu tra cong an tinh ong thap,BCA,Annotator_A,HIGH,Khớp hoàn toàn danh mục hành chính chuẩn,2026-09-12,DataVietNam,2026-09-12
BCA_CA_DT_PC02,Phòng Cảnh sát hình sự - Công an Tỉnh Đồng Tháp,BCA,province,2018,2026,dvc_2018,https://dichvucong.gov.vn/archive/2018,generated_catalog,source,2026-09-12T19:42:24.601202,crawl_2018_2026,Phòng Cảnh sát hình sự - Công an Tỉnh Đồng Tháp,BCA_CA_DT_PC02,phong canh sat hinh su cong an tinh ong thap,BCA,Annotator_A,HIGH,Khớp hoàn toàn danh mục hành chính chuẩn,2026-09-12,DataVietNam,2026-09-12
BCA_CA_DT_PC03,Phòng Cảnh sát kinh tế - Công an Tỉnh Đồng Tháp,BCA,province,2018,2026,dvc_2018,https://dichvucong.gov.vn/archive/2018,generated_catalog,source,2026-09-12T19:42:24.601202,crawl_2018_2026,Phòng Cảnh sát kinh tế - Công an Tỉnh Đồng Tháp,BCA_CA_DT_PC03,phong canh sat kinh te cong an tinh ong thap,BCA,Annotator_A,HIGH,Khớp hoàn toàn danh mục hành chính chuẩn,2026-09-12,DataVietNam,2026-09-12
BCA_CA_DT_PC04,Phòng Cảnh sát điều tra tội phạm về ma túy - Công an Tỉnh Đồng Tháp,BCA,province,2018,2026,dvc_2018,https://dichvucong.gov.vn/archive/2018,generated_catalog,source,2026-09-12T19:42:24.601202,crawl_2018_2026,Phòng Cảnh sát điều tra tội phạm về ma túy - Công an Tỉnh Đồng Tháp,BCA_CA_DT_PC04,phong canh sat ieu tra toi pham ve ma tuy cong an tinh ong thap,BCA,Annotator_A,HIGH,Khớp hoàn toàn danh mục hành chính chuẩn,2026-09-12,DataVietNam,2026-09-12
BCA_CA_DT_PC06,Phòng Cảnh sát quản lý hành chính về trật tự xã hội - Công an Tỉnh Đồng Tháp,BCA,province,2018,2026,dvc_2018,https://dichvucong.gov.vn/archive/2018,generated_catalog,source,2026-09-12T19:42:24.601202,crawl_2018_2026,Phòng Cảnh sát quản lý hành chính về trật tự xã hội - Công an Tỉnh Đồng Tháp,BCA_CA_DT_PC06,phong canh sat quan ly hanh chinh ve trat tu xa hoi cong an tinh ong thap,BCA,Annotator_A,HIGH,Khớp hoàn toàn danh mục hành chính chuẩn,2026-09-12,DataVietNam,2026-09-12
BCA_CA_DT_PC07,Phòng Cảnh sát Phòng cháy chữa cháy và Cứu nạn cứu hộ - Công an Tỉnh Đồng Tháp,BCA,province,2018,2026,dvc_2018,https://dichvucong.gov.vn/archive/2018,generated_catalog,source,2026-09-12T19:42:24.601202,crawl_2018_2026,Phòng Cảnh sát Phòng cháy chữa cháy và Cứu nạn cứu hộ - Công an Tỉnh Đồng Tháp,BCA_CA_DT_PC07,phong canh sat phong chay chua chay va cuu nan cuu ho cong an tinh ong thap,BCA,Annotator_A,HIGH,Khớp hoàn toàn danh mục hành chính chuẩn,2026-09-12,DataVietNam,2026-09-12
BCA_CA_DT_PC08,Phòng Cảnh sát giao thông - Công an Tỉnh Đồng Tháp,BCA,province,2018,2026,dvc_2018,https://dichvucong.gov.vn/archive/2018,generated_catalog,source,2026-09-12T19:42:24.601202,crawl_2018_2026,Phòng Cảnh sát giao thông - Công an Tỉnh Đồng Tháp,BCA_CA_DT_PC08,phong canh sat giao thong cong an tinh ong thap,BCA,Annotator_A,HIGH,Khớp hoàn toàn danh mục hành chính chuẩn,2026-09-12,DataVietNam,2026-09-12
BCA_CA_DT_PA01,Phòng An ninh đối ngoại - Công an Tỉnh Đồng Tháp,BCA,province,2018,2026,dvc_2018,https://dichvucong.gov.vn/archive/2018,generated_catalog,source,2026-09-12T19:42:24.601202,crawl_2018_2026,Phòng An ninh đối ngoại - Công an Tỉnh Đồng Tháp,BCA_CA_DT_PA01,phong an ninh oi ngoai cong an tinh ong thap,BCA,Annotator_A,HIGH,Khớp hoàn toàn danh mục hành chính chuẩn,2026-09-12,DataVietNam,2026-09-12
BCA_CA_DT_PA02,Phòng An ninh nội địa - Công an Tỉnh Đồng Tháp,BCA,province,2018,2026,dvc_2018,https://dichvucong.gov.vn/archive/2018,generated_catalog,source,2026-09-12T19:42:24.601202,crawl_2018_2026,Phòng An ninh nội địa - Công an Tỉnh Đồng Tháp,BCA_CA_DT_PA02,phong an ninh noi ia cong an tinh ong thap,BCA,Annotator_A,HIGH,Khớp hoàn toàn danh mục hành chính chuẩn,2026-09-12,DataVietNam,2026-09-12
BCA_CA_DT_PA03,Phòng An ninh chính trị nội bộ - Công an Tỉnh Đồng Tháp,BCA,province,2018,2026,dvc_2018,https://dichvucong.gov.vn/archive/2018,generated_catalog,source,2026-09-12T19:42:24.601202,crawl_2018_2026,Phòng An ninh chính trị nội bộ - Công an Tỉnh Đồng Tháp,BCA_CA_DT_PA03,phong an ninh chinh tri noi bo cong an tinh ong thap,BCA,Annotator_A,HIGH,Khớp hoàn toàn danh mục hành chính chuẩn,2026-09-12,DataVietNam,2026-09-12
BCA_CA_DT_PA05,Phòng An ninh mạng và phòng chống tội phạm công nghệ cao - Công an Tỉnh Đồng Tháp,BCA,province,2018,2026,dvc_2018,https://dichvucong.gov.vn/archive/2018,generated_catalog,source,2026-09-12T19:42:24.601202,crawl_2018_2026,Phòng An ninh mạng và phòng chống tội phạm công nghệ cao - Công an Tỉnh Đồng Tháp,BCA_CA_DT_PA05,phong an ninh mang va phong chong toi pham cong nghe cao cong an tinh ong thap,BCA,Annotator_A,HIGH,Khớp hoàn toàn danh mục hành chính chuẩn,2026-09-12,DataVietNam,2026-09-12
BCA_CA_LA,Công an Tỉnh Long An,BCA,province,2018,2026,dvc_2018,https://dichvucong.gov.vn/archive/2018,generated_catalog,source,2026-09-12T19:42:24.601202,crawl_2018_2026,Công an Tỉnh Long An,BCA_CA_LA,cong an tinh long an,BCA,Annotator_A,HIGH,Khớp hoàn toàn danh mục hành chính chuẩn,2026-09-12,DataVietNam,2026-09-12
BCA_CA_LA_PC01,Văn phòng Cơ quan Cảnh sát điều tra - Công an Tỉnh Long An,BCA,ministry,2018,2026,dvc_2018,https://dichvucong.gov.vn/archive/2018,generated_catalog,source,2026-09-12T19:42:24.601202,crawl_2018_2026,Văn phòng Cơ quan Cảnh sát điều tra - Công an Tỉnh Long An,BCA_CA_LA_PC01,van phong co quan canh sat ieu tra cong an tinh long an,BCA,Annotator_A,HIGH,Khớp hoàn toàn danh mục hành chính chuẩn,2026-09-12,DataVietNam,2026-09-12
BCA_CA_LA_PC02,Phòng Cảnh sát hình sự - Công an Tỉnh Long An,BCA,province,2018,2026,dvc_2018,https://dichvucong.gov.vn/archive/2018,generated_catalog,source,2026-09-12T19:42:24.601202,crawl_2018_2026,Phòng Cảnh sát hình sự - Công an Tỉnh Long An,BCA_CA_LA_PC02,phong canh sat hinh su cong an tinh long an,BCA,Annotator_A,HIGH,Khớp hoàn toàn danh mục hành chính chuẩn,2026-09-12,DataVietNam,2026-09-12
BCA_CA_LA_PC03,Phòng Cảnh sát kinh tế - Công an Tỉnh Long An,BCA,province,2018,2026,dvc_2018,https://dichvucong.gov.vn/archive/2018,generated_catalog,source,2026-09-12T19:42:24.601202,crawl_2018_2026,Phòng Cảnh sát kinh tế - Công an Tỉnh Long An,BCA_CA_LA_PC03,phong canh sat kinh te cong an tinh long an,BCA,Annotator_A,HIGH,Khớp hoàn toàn danh mục hành chính chuẩn,2026-09-12,DataVietNam,2026-09-12
BCA_CA_LA_PC04,Phòng Cảnh sát điều tra tội phạm về ma túy - Công an Tỉnh Long An,BCA,province,2018,2026,dvc_2018,https://dichvucong.gov.vn/archive/2018,generated_catalog,source,2026-09-12T19:42:24.601202,crawl_2018_2026,Phòng Cảnh sát điều tra tội phạm về ma túy - Công an Tỉnh Long An,BCA_CA_LA_PC04,phong canh sat ieu tra toi pham ve ma tuy cong an tinh long an,BCA,Annotator_A,HIGH,Khớp hoàn toàn danh mục hành chính chuẩn,2026-09-12,DataVietNam,2026-09-12
BCA_CA_LA_PC06,Phòng Cảnh sát quản lý hành chính về trật tự xã hội - Công an Tỉnh Long An,BCA,province,2018,2026,dvc_2018,https://dichvucong.gov.vn/archive/2018,generated_catalog,source,2026-09-12T19:42:24.601202,crawl_2018_2026,Phòng Cảnh sát quản lý hành chính về trật tự xã hội - Công an Tỉnh Long An,BCA_CA_LA_PC06,phong canh sat quan ly hanh chinh ve trat tu xa hoi cong an tinh long an,BCA,Annotator_A,HIGH,Khớp hoàn toàn danh mục hành chính chuẩn,2026-09-12,DataVietNam,2026-09-12
BCA_CA_LA_PC07,Phòng Cảnh sát Phòng cháy chữa cháy và Cứu nạn cứu hộ - Công an Tỉnh Long An,BCA,province,2018,2026,dvc_2018,https://dichvucong.gov.vn/archive/2018,generated_catalog,source,2026-09-12T19:42:24.601202,crawl_2018_2026,Phòng Cảnh sát Phòng cháy chữa cháy và Cứu nạn cứu hộ - Công an Tỉnh Long An,BCA_CA_LA_PC07,phong canh sat phong chay chua chay va cuu nan cuu ho cong an tinh long an,BCA,Annotator_A,HIGH,Khớp hoàn toàn danh mục hành chính chuẩn,2026-09-12,DataVietNam,2026-09-12
BCA_CA_LA_PC08,Phòng Cảnh sát giao thông - Công an Tỉnh Long An,BCA,province,2018,2026,dvc_2018,https://dichvucong.gov.vn/archive/2018,generated_catalog,source,2026-09-12T19:42:24.601202,crawl_2018_2026,Phòng Cảnh sát giao thông - Công an Tỉnh Long An,BCA_CA_LA_PC08,phong canh sat giao thong cong an tinh long an,BCA,Annotator_A,HIGH,Khớp hoàn toàn danh mục hành chính chuẩn,2026-09-12,DataVietNam,2026-09-12
BCA_CA_LA_PA01,Phòng An ninh đối ngoại - Công an Tỉnh Long An,BCA,province,2018,2026,dvc_2018,https://dichvucong.gov.vn/archive/2018,generated_catalog,source,2026-09-12T19:42:24.601202,crawl_2018_2026,Phòng An ninh đối ngoại - Công an Tỉnh Long An,BCA_CA_LA_PA01,phong an ninh oi ngoai cong an tinh long an,BCA,Annotator_A,HIGH,Khớp hoàn toàn danh mục hành chính chuẩn,2026-09-12,DataVietNam,2026-09-12
BCA_CA_LA_PA02,Phòng An ninh nội địa - Công an Tỉnh Long An,BCA,province,2018,2026,dvc_2018,https://dichvucong.gov.vn/archive/2018,generated_catalog,source,2026-09-12T19:42:24.601202,crawl_2018_2026,Phòng An ninh nội địa - Công an Tỉnh Long An,BCA_CA_LA_PA02,phong an ninh noi ia cong an tinh long an,BCA,Annotator_A,HIGH,Khớp hoàn toàn danh mục hành chính chuẩn,2026-09-12,DataVietNam,2026-09-12
BCA_CA_LA_PA03,Phòng An ninh chính trị nội bộ - Công an Tỉnh Long An,BCA,province,2018,2026,dvc_2018,https://dichvucong.gov.vn/archive/2018,generated_catalog,source,2026-09-12T19:42:24.601202,crawl_2018_2026,Phòng An ninh chính trị nội bộ - Công an Tỉnh Long An,BCA_CA_LA_PA03,phong an ninh chinh tri noi bo cong an tinh long an,BCA,Annotator_A,HIGH,Khớp hoàn toàn danh mục hành chính chuẩn,2026-09-12,DataVietNam,2026-09-12
BCA_CA_LA_PA05,Phòng An ninh mạng và phòng chống tội phạm công nghệ cao - Công an Tỉnh Long An,BCA,province,2018,2026,dvc_2018,https://dichvucong.gov.vn/archive/2018,generated_catalog,source,2026-09-12T19:42:24.601202,crawl_2018_2026,Phòng An ninh mạng và phòng chống tội phạm công nghệ cao - Công an Tỉnh Long An,BCA_CA_LA_PA05,phong an ninh mang va phong chong toi pham cong nghe cao cong an tinh long an,BCA,Annotator_A,HIGH,Khớp hoàn toàn danh mục hành chính chuẩn,2026-09-12,DataVietNam,2026-09-12
BCA_CA_DLA,Công an Tỉnh Đắk Lắk,BCA,province,2018,2026,dvc_2018,https://dichvucong.gov.vn/archive/2018,generated_catalog,source,2026-09-12T19:42:24.601202,crawl_2018_2026,Công an Tỉnh Đắk Lắk,BCA_CA_DLA,cong an tinh ak lak,BCA,Annotator_A,HIGH,Khớp hoàn toàn danh mục hành chính chuẩn,2026-09-12,DataVietNam,2026-09-12
BCA_CA_DLA_PC01,Văn phòng Cơ quan Cảnh sát điều tra - Công an Tỉnh Đắk Lắk,BCA,ministry,2018,2026,dvc_2018,https://dichvucong.gov.vn/archive/2018,generated_catalog,source,2026-09-12T19:42:24.601202,crawl_2018_2026,Văn phòng Cơ quan Cảnh sát điều tra - Công an Tỉnh Đắk Lắk,BCA_CA_DLA_PC01,van phong co quan canh sat ieu tra cong an tinh ak lak,BCA,Annotator_A,HIGH,Khớp hoàn toàn danh mục hành chính chuẩn,2026-09-12,DataVietNam,2026-09-12
BCA_CA_DLA_PC02,Phòng Cảnh sát hình sự - Công an Tỉnh Đắk Lắk,BCA,province,2018,2026,dvc_2018,https://dichvucong.gov.vn/archive/2018,generated_catalog,source,2026-09-12T19:42:24.601202,crawl_2018_2026,Phòng Cảnh sát hình sự - Công an Tỉnh Đắk Lắk,BCA_CA_DLA_PC02,phong canh sat hinh su cong an tinh ak lak,BCA,Annotator_A,HIGH,Khớp hoàn toàn danh mục hành chính chuẩn,2026-09-12,DataVietNam,2026-09-12
BCA_CA_DLA_PC03,Phòng Cảnh sát kinh tế - Công an Tỉnh Đắk Lắk,BCA,province,2018,2026,dvc_2018,https://dichvucong.gov.vn/archive/2018,generated_catalog,source,2026-09-12T19:42:24.601202,crawl_2018_2026,Phòng Cảnh sát kinh tế - Công an Tỉnh Đắk Lắk,BCA_CA_DLA_PC03,phong canh sat kinh te cong an tinh ak lak,BCA,Annotator_A,HIGH,Khớp hoàn toàn danh mục hành chính chuẩn,2026-09-12,DataVietNam,2026-09-12
BCA_CA_DLA_PC04,Phòng Cảnh sát điều tra tội phạm về ma túy - Công an Tỉnh Đắk Lắk,BCA,province,2018,2026,dvc_2018,https://dichvucong.gov.vn/archive/2018,generated_catalog,source,2026-09-12T19:42:24.601202,crawl_2018_2026,Phòng Cảnh sát điều tra tội phạm về ma túy - Công an Tỉnh Đắk Lắk,BCA_CA_DLA_PC04,phong canh sat ieu tra toi pham ve ma tuy cong an tinh ak lak,BCA,Annotator_A,HIGH,Khớp hoàn toàn danh mục hành chính chuẩn,2026-09-12,DataVietNam,2026-09-12
BCA_CA_DLA_PC06,Phòng Cảnh sát quản lý hành chính về trật tự xã hội - Công an Tỉnh Đắk Lắk,BCA,province,2018,2026,dvc_2018,https://dichvucong.gov.vn/archive/2018,generated_catalog,source,2026-09-12T19:42:24.601202,crawl_2018_2026,Phòng Cảnh sát quản lý hành chính về trật tự xã hội - Công an Tỉnh Đắk Lắk,BCA_CA_DLA_PC06,phong canh sat quan ly hanh chinh ve trat tu xa hoi cong an tinh ak lak,BCA,Annotator_A,HIGH,Khớp hoàn toàn danh mục hành chính chuẩn,2026-09-12,DataVietNam,2026-09-12
BCA_CA_DLA_PC07,Phòng Cảnh sát Phòng cháy chữa cháy và Cứu nạn cứu hộ - Công an Tỉnh Đắk Lắk,BCA,province,2018,2026,dvc_2018,https://dichvucong.gov.vn/archive/2018,generated_catalog,source,2026-09-12T19:42:24.601202,crawl_2018_2026,Phòng Cảnh sát Phòng cháy chữa cháy và Cứu nạn cứu hộ - Công an Tỉnh Đắk Lắk,BCA_CA_DLA_PC07,phong canh sat phong chay chua chay va cuu nan cuu ho cong an tinh ak lak,BCA,Annotator_A,HIGH,Khớp hoàn toàn danh mục hành chính chuẩn,2026-09-12,DataVietNam,2026-09-12
BCA_CA_DLA_PC08,Phòng Cảnh sát giao thông - Công an Tỉnh Đắk Lắk,BCA,province,2018,2026,dvc_2018,https://dichvucong.gov.vn/archive/2018,generated_catalog,source,2026-09-12T19:42:24.601202,crawl_2018_2026,Phòng Cảnh sát giao thông - Công an Tỉnh Đắk Lắk,BCA_CA_DLA_PC08,phong canh sat giao thong cong an tinh ak lak,BCA,Annotator_A,HIGH,Khớp hoàn toàn danh mục hành chính chuẩn,2026-09-12,DataVietNam,2026-09-12
BCA_CA_DLA_PA01,Phòng An ninh đối ngoại - Công an Tỉnh Đắk Lắk,BCA,province,2018,2026,dvc_2018,https://dichvucong.gov.vn/archive/2018,generated_catalog,source,2026-09-12T19:42:24.601202,crawl_2018_2026,Phòng An ninh đối ngoại - Công an Tỉnh Đắk Lắk,BCA_CA_DLA_PA01,phong an ninh oi ngoai cong an tinh ak lak,BCA,Annotator_A,HIGH,Khớp hoàn toàn danh mục hành chính chuẩn,2026-09-12,DataVietNam,2026-09-12
BCA_CA_DLA_PA02,Phòng An ninh nội địa - Công an Tỉnh Đắk Lắk,BCA,province,2018,2026,dvc_2018,https://dichvucong.gov.vn/archive/2018,generated_catalog,source,2026-09-12T19:42:24.601202,crawl_2018_2026,Phòng An ninh nội địa - Công an Tỉnh Đắk Lắk,BCA_CA_DLA_PA02,phong an ninh noi ia cong an tinh ak lak,BCA,Annotator_A,HIGH,Khớp hoàn toàn danh mục hành chính chuẩn,2026-09-12,DataVietNam,2026-09-12
BCA_CA_DLA_PA03,Phòng An ninh chính trị nội bộ - Công an Tỉnh Đắk Lắk,BCA,province,2018,2026,dvc_2018,https://dichvucong.gov.vn/archive/2018,generated_catalog,source,2026-09-12T19:42:24.601202,crawl_2018_2026,Phòng An ninh chính trị nội bộ - Công an Tỉnh Đắk Lắk,BCA_CA_DLA_PA03,phong an ninh chinh tri noi bo cong an tinh ak lak,BCA,Annotator_A,HIGH,Khớp hoàn toàn danh mục hành chính chuẩn,2026-09-12,DataVietNam,2026-09-12
BCA_CA_DLA_PA05,Phòng An ninh mạng và phòng chống tội phạm công nghệ cao - Công an Tỉnh Đắk Lắk,BCA,province,2018,2026,dvc_2018,https://dichvucong.gov.vn/archive/2018,generated_catalog,source,2026-09-12T19:42:24.601202,crawl_2018_2026,Phòng An ninh mạng và phòng chống tội phạm công nghệ cao - Công an Tỉnh Đắk Lắk,BCA_CA_DLA_PA05,phong an ninh mang va phong chong toi pham cong nghe cao cong an tinh ak lak,BCA,Annotator_A,HIGH,Khớp hoàn toàn danh mục hành chính chuẩn,2026-09-12,DataVietNam,2026-09-12
BCA_CA_GLA,Công an Tỉnh Gia Lai,BCA,province,2018,2026,dvc_2018,https://dichvucong.gov.vn/archive/2018,generated_catalog,source,2026-09-12T19:42:24.601202,crawl_2018_2026,Công an Tỉnh Gia Lai,BCA_CA_GLA,cong an tinh gia lai,BCA,Annotator_A,HIGH,Khớp hoàn toàn danh mục hành chính chuẩn,2026-09-12,DataVietNam,2026-09-12
BCA_CA_GLA_PC01,Văn phòng Cơ quan Cảnh sát điều tra - Công an Tỉnh Gia Lai,BCA,ministry,2018,2026,dvc_2018,https://dichvucong.gov.vn/archive/2018,generated_catalog,source,2026-09-12T19:42:24.601202,crawl_2018_2026,Văn phòng Cơ quan Cảnh sát điều tra - Công an Tỉnh Gia Lai,BCA_CA_GLA_PC01,van phong co quan canh sat ieu tra cong an tinh gia lai,BCA,Annotator_A,HIGH,Khớp hoàn toàn danh mục hành chính chuẩn,2026-09-12,DataVietNam,2026-09-12
BCA_CA_GLA_PC02,Phòng Cảnh sát hình sự - Công an Tỉnh Gia Lai,BCA,province,2018,2026,dvc_2018,https://dichvucong.gov.vn/archive/2018,generated_catalog,source,2026-09-12T19:42:24.601202,crawl_2018_2026,Phòng Cảnh sát hình sự - Công an Tỉnh Gia Lai,BCA_CA_GLA_PC02,phong canh sat hinh su cong an tinh gia lai,BCA,Annotator_A,HIGH,Khớp hoàn toàn danh mục hành chính chuẩn,2026-09-12,DataVietNam,2026-09-12
BCA_CA_GLA_PC03,Phòng Cảnh sát kinh tế - Công an Tỉnh Gia Lai,BCA,province,2018,2026,dvc_2018,https://dichvucong.gov.vn/archive/2018,generated_catalog,source,2026-09-12T19:42:24.601202,crawl_2018_2026,Phòng Cảnh sát kinh tế - Công an Tỉnh Gia Lai,BCA_CA_GLA_PC03,phong canh sat kinh te cong an tinh gia lai,BCA,Annotator_A,HIGH,Khớp hoàn toàn danh mục hành chính chuẩn,2026-09-12,DataVietNam,2026-09-12
BCA_CA_GLA_PC04,Phòng Cảnh sát điều tra tội phạm về ma túy - Công an Tỉnh Gia Lai,BCA,province,2018,2026,dvc_2018,https://dichvucong.gov.vn/archive/2018,generated_catalog,source,2026-09-12T19:42:24.601202,crawl_2018_2026,Phòng Cảnh sát điều tra tội phạm về ma túy - Công an Tỉnh Gia Lai,BCA_CA_GLA_PC04,phong canh sat ieu tra toi pham ve ma tuy cong an tinh gia lai,BCA,Annotator_A,HIGH,Khớp hoàn toàn danh mục hành chính chuẩn,2026-09-12,DataVietNam,2026-09-12
BCA_CA_GLA_PC06,Phòng Cảnh sát quản lý hành chính về trật tự xã hội - Công an Tỉnh Gia Lai,BCA,province,2018,2026,dvc_2018,https://dichvucong.gov.vn/archive/2018,generated_catalog,source,2026-09-12T19:42:24.601202,crawl_2018_2026,Phòng Cảnh sát quản lý hành chính về trật tự xã hội - Công an Tỉnh Gia Lai,BCA_CA_GLA_PC06,phong canh sat quan ly hanh chinh ve trat tu xa hoi cong an tinh gia lai,BCA,Annotator_A,HIGH,Khớp hoàn toàn danh mục hành chính chuẩn,2026-09-12,DataVietNam,2026-09-12
BCA_CA_GLA_PC07,Phòng Cảnh sát Phòng cháy chữa cháy và Cứu nạn cứu hộ - Công an Tỉnh Gia Lai,BCA,province,2018,2026,dvc_2018,https://dichvucong.gov.vn/archive/2018,generated_catalog,source,2026-09-12T19:42:24.601202,crawl_2018_2026,Phòng Cảnh sát Phòng cháy chữa cháy và Cứu nạn cứu hộ - Công an Tỉnh Gia Lai,BCA_CA_GLA_PC07,phong canh sat phong chay chua chay va cuu nan cuu ho cong an tinh gia lai,BCA,Annotator_A,HIGH,Khớp hoàn toàn danh mục hành chính chuẩn,2026-09-12,DataVietNam,2026-09-12
BCA_CA_GLA_PC08,Phòng Cảnh sát giao thông - Công an Tỉnh Gia Lai,BCA,province,2018,2026,dvc_2018,https://dichvucong.gov.vn/archive/2018,generated_catalog,source,2026-09-12T19:42:24.601202,crawl_2018_2026,Phòng Cảnh sát giao thông - Công an Tỉnh Gia Lai,BCA_CA_GLA_PC08,phong canh sat giao thong cong an tinh gia lai,BCA,Annotator_A,HIGH,Khớp hoàn toàn danh mục hành chính chuẩn,2026-09-12,DataVietNam,2026-09-12
BCA_CA_GLA_PA01,Phòng An ninh đối ngoại - Công an Tỉnh Gia Lai,BCA,province,2018,2026,dvc_2018,https://dichvucong.gov.vn/archive/2018,generated_catalog,source,2026-09-12T19:42:24.601202,crawl_2018_2026,Phòng An ninh đối ngoại - Công an Tỉnh Gia Lai,BCA_CA_GLA_PA01,phong an ninh oi ngoai cong an tinh gia lai,BCA,Annotator_A,HIGH,Khớp hoàn toàn danh mục hành chính chuẩn,2026-09-12,DataVietNam,2026-09-12
BCA_CA_GLA_PA02,Phòng An ninh nội địa - Công an Tỉnh Gia Lai,BCA,province,2018,2026,dvc_2018,https://dichvucong.gov.vn/archive/2018,generated_catalog,source,2026-09-12T19:42:24.601202,crawl_2018_2026,Phòng An ninh nội địa - Công an Tỉnh Gia Lai,BCA_CA_GLA_PA02,phong an ninh noi ia cong an tinh gia lai,BCA,Annotator_A,HIGH,Khớp hoàn toàn danh mục hành chính chuẩn,2026-09-12,DataVietNam,2026-09-12
BCA_CA_GLA_PA03,Phòng An ninh chính trị nội bộ - Công an Tỉnh Gia Lai,BCA,province,2018,2026,dvc_2018,https://dichvucong.gov.vn/archive/2018,generated_catalog,source,2026-09-12T19:42:24.601202,crawl_2018_2026,Phòng An ninh chính trị nội bộ - Công an Tỉnh Gia Lai,BCA_CA_GLA_PA03,phong an ninh chinh tri noi bo cong an tinh gia lai,BCA,Annotator_A,HIGH,Khớp hoàn toàn danh mục hành chính chuẩn,2026-09-12,DataVietNam,2026-09-12
BCA_CA_GLA_PA05,Phòng An ninh mạng và phòng chống tội phạm công nghệ cao - Công an Tỉnh Gia Lai,BCA,province,2018,2026,dvc_2018,https://dichvucong.gov.vn/archive/2018,generated_catalog,source,2026-09-12T19:42:24.601202,crawl_2018_2026,Phòng An ninh mạng và phòng chống tội phạm công nghệ cao - Công an Tỉnh Gia Lai,BCA_CA_GLA_PA05,phong an ninh mang va phong chong toi pham cong nghe cao cong an tinh gia lai,BCA,Annotator_A,HIGH,Khớp hoàn toàn danh mục hành chính chuẩn,2026-09-12,DataVietNam,2026-09-12
BCA_CA_LD,Công an Tỉnh Lâm Đồng,BCA,province,2018,2026,dvc_2018,https://dichvucong.gov.vn/archive/2018,generated_catalog,source,2026-09-12T19:42:24.601202,crawl_2018_2026,Công an Tỉnh Lâm Đồng,BCA_CA_LD,cong an tinh lam ong,BCA,Annotator_A,HIGH,Khớp hoàn toàn danh mục hành chính chuẩn,2026-09-12,DataVietNam,2026-09-12
BCA_CA_LD_PC01,Văn phòng Cơ quan Cảnh sát điều tra - Công an Tỉnh Lâm Đồng,BCA,ministry,2018,2026,dvc_2018,https://dichvucong.gov.vn/archive/2018,generated_catalog,source,2026-09-12T19:42:24.601202,crawl_2018_2026,Văn phòng Cơ quan Cảnh sát điều tra - Công an Tỉnh Lâm Đồng,BCA_CA_LD_PC01,van phong co quan canh sat ieu tra cong an tinh lam ong,BCA,Annotator_A,HIGH,Khớp hoàn toàn danh mục hành chính chuẩn,2026-09-12,DataVietNam,2026-09-12
BCA_CA_LD_PC02,Phòng Cảnh sát hình sự - Công an Tỉnh Lâm Đồng,BCA,province,2018,2026,dvc_2018,https://dichvucong.gov.vn/archive/2018,generated_catalog,source,2026-09-12T19:42:24.601202,crawl_2018_2026,Phòng Cảnh sát hình sự - Công an Tỉnh Lâm Đồng,BCA_CA_LD_PC02,phong canh sat hinh su cong an tinh lam ong,BCA,Annotator_A,HIGH,Khớp hoàn toàn danh mục hành chính chuẩn,2026-09-12,DataVietNam,2026-09-12
BCA_CA_LD_PC03,Phòng Cảnh sát kinh tế - Công an Tỉnh Lâm Đồng,BCA,province,2018,2026,dvc_2018,https://dichvucong.gov.vn/archive/2018,generated_catalog,source,2026-09-12T19:42:24.601202,crawl_2018_2026,Phòng Cảnh sát kinh tế - Công an Tỉnh Lâm Đồng,BCA_CA_LD_PC03,phong canh sat kinh te cong an tinh lam ong,BCA,Annotator_A,HIGH,Khớp hoàn toàn danh mục hành chính chuẩn,2026-09-12,DataVietNam,2026-09-12
BCA_CA_LD_PC04,Phòng Cảnh sát điều tra tội phạm về ma túy - Công an Tỉnh Lâm Đồng,BCA,province,2018,2026,dvc_2018,https://dichvucong.gov.vn/archive/2018,generated_catalog,source,2026-09-12T19:42:24.601202,crawl_2018_2026,Phòng Cảnh sát điều tra tội phạm về ma túy - Công an Tỉnh Lâm Đồng,BCA_CA_LD_PC04,phong canh sat ieu tra toi pham ve ma tuy cong an tinh lam ong,BCA,Annotator_A,HIGH,Khớp hoàn toàn danh mục hành chính chuẩn,2026-09-12,DataVietNam,2026-09-12
BCA_CA_LD_PC06,Phòng Cảnh sát quản lý hành chính về trật tự xã hội - Công an Tỉnh Lâm Đồng,BCA,province,2018,2026,dvc_2018,https://dichvucong.gov.vn/archive/2018,generated_catalog,source,2026-09-12T19:42:24.601202,crawl_2018_2026,Phòng Cảnh sát quản lý hành chính về trật tự xã hội - Công an Tỉnh Lâm Đồng,BCA_CA_LD_PC06,phong canh sat quan ly hanh chinh ve trat tu xa hoi cong an tinh lam ong,BCA,Annotator_A,HIGH,Khớp hoàn toàn danh mục hành chính chuẩn,2026-09-12,DataVietNam,2026-09-12
BCA_CA_LD_PC07,Phòng Cảnh sát Phòng cháy chữa cháy và Cứu nạn cứu hộ - Công an Tỉnh Lâm Đồng,BCA,province,2018,2026,dvc_2018,https://dichvucong.gov.vn/archive/2018,generated_catalog,source,2026-09-12T19:42:24.601202,crawl_2018_2026,Phòng Cảnh sát Phòng cháy chữa cháy và Cứu nạn cứu hộ - Công an Tỉnh Lâm Đồng,BCA_CA_LD_PC07,phong canh sat phong chay chua chay va cuu nan cuu ho cong an tinh lam ong,BCA,Annotator_A,HIGH,Khớp hoàn toàn danh mục hành chính chuẩn,2026-09-12,DataVietNam,2026-09-12
BCA_CA_LD_PC08,Phòng Cảnh sát giao thông - Công an Tỉnh Lâm Đồng,BCA,province,2018,2026,dvc_2018,https://dichvucong.gov.vn/archive/2018,generated_catalog,source,2026-09-12T19:42:24.601202,crawl_2018_2026,Phòng Cảnh sát giao thông - Công an Tỉnh Lâm Đồng,BCA_CA_LD_PC08,phong canh sat giao thong cong an tinh lam ong,BCA,Annotator_A,HIGH,Khớp hoàn toàn danh mục hành chính chuẩn,2026-09-12,DataVietNam,2026-09-12
BCA_CA_LD_PA01,Phòng An ninh đối ngoại - Công an Tỉnh Lâm Đồng,BCA,province,2018,2026,dvc_2018,https://dichvucong.gov.vn/archive/2018,generated_catalog,source,2026-09-12T19:42:24.601202,crawl_2018_2026,Phòng An ninh đối ngoại - Công an Tỉnh Lâm Đồng,BCA_CA_LD_PA01,phong an ninh oi ngoai cong an tinh lam ong,BCA,Annotator_A,HIGH,Khớp hoàn toàn danh mục hành chính chuẩn,2026-09-12,DataVietNam,2026-09-12
BCA_CA_LD_PA02,Phòng An ninh nội địa - Công an Tỉnh Lâm Đồng,BCA,province,2018,2026,dvc_2018,https://dichvucong.gov.vn/archive/2018,generated_catalog,source,2026-09-12T19:42:24.601202,crawl_2018_2026,Phòng An ninh nội địa - Công an Tỉnh Lâm Đồng,BCA_CA_LD_PA02,phong an ninh noi ia cong an tinh lam ong,BCA,Annotator_A,HIGH,Khớp hoàn toàn danh mục hành chính chuẩn,2026-09-12,DataVietNam,2026-09-12
BCA_CA_LD_PA03,Phòng An ninh chính trị nội bộ - Công an Tỉnh Lâm Đồng,BCA,province,2018,2026,dvc_2018,https://dichvucong.gov.vn/archive/2018,generated_catalog,source,2026-09-12T19:42:24.601202,crawl_2018_2026,Phòng An ninh chính trị nội bộ - Công an Tỉnh Lâm Đồng,BCA_CA_LD_PA03,phong an ninh chinh tri noi bo cong an tinh lam ong,BCA,Annotator_A,HIGH,Khớp hoàn toàn danh mục hành chính chuẩn,2026-09-12,DataVietNam,2026-09-12
BCA_CA_LD_PA05,Phòng An ninh mạng và phòng chống tội phạm công nghệ cao - Công an Tỉnh Lâm Đồng,BCA,province,2018,2026,dvc_2018,https://dichvucong.gov.vn/archive/2018,generated_catalog,source,2026-09-12T19:42:24.601202,crawl_2018_2026,Phòng An ninh mạng và phòng chống tội phạm công nghệ cao - Công an Tỉnh Lâm Đồng,BCA_CA_LD_PA05,phong an ninh mang va phong chong toi pham cong nghe cao cong an tinh lam ong,BCA,Annotator_A,HIGH,Khớp hoàn toàn danh mục hành chính chuẩn,2026-09-12,DataVietNam,2026-09-12
BCA_CA_KT,Công an Tỉnh Kon Tum,BCA,province,2018,2026,dvc_2018,https://dichvucong.gov.vn/archive/2018,generated_catalog,source,2026-09-12T19:42:24.601202,crawl_2018_2026,Công an Tỉnh Kon Tum,BCA_CA_KT,cong an tinh kon tum,BCA,Annotator_A,HIGH,Khớp hoàn toàn danh mục hành chính chuẩn,2026-09-12,DataVietNam,2026-09-12
BCA_CA_KT_PC01,Văn phòng Cơ quan Cảnh sát điều tra - Công an Tỉnh Kon Tum,BCA,ministry,2018,2026,dvc_2018,https://dichvucong.gov.vn/archive/2018,generated_catalog,source,2026-09-12T19:42:24.601202,crawl_2018_2026,Văn phòng Cơ quan Cảnh sát điều tra - Công an Tỉnh Kon Tum,BCA_CA_KT_PC01,van phong co quan canh sat ieu tra cong an tinh kon tum,BCA,Annotator_A,HIGH,Khớp hoàn toàn danh mục hành chính chuẩn,2026-09-12,DataVietNam,2026-09-12
BCA_CA_KT_PC02,Phòng Cảnh sát hình sự - Công an Tỉnh Kon Tum,BCA,province,2018,2026,dvc_2018,https://dichvucong.gov.vn/archive/2018,generated_catalog,source,2026-09-12T19:42:24.601202,crawl_2018_2026,Phòng Cảnh sát hình sự - Công an Tỉnh Kon Tum,BCA_CA_KT_PC02,phong canh sat hinh su cong an tinh kon tum,BCA,Annotator_A,HIGH,Khớp hoàn toàn danh mục hành chính chuẩn,2026-09-12,DataVietNam,2026-09-12
BCA_CA_KT_PC03,Phòng Cảnh sát kinh tế - Công an Tỉnh Kon Tum,BCA,province,2018,2026,dvc_2018,https://dichvucong.gov.vn/archive/2018,generated_catalog,source,2026-09-12T19:42:24.601202,crawl_2018_2026,Phòng Cảnh sát kinh tế - Công an Tỉnh Kon Tum,BCA_CA_KT_PC03,phong canh sat kinh te cong an tinh kon tum,BCA,Annotator_A,HIGH,Khớp hoàn toàn danh mục hành chính chuẩn,2026-09-12,DataVietNam,2026-09-12
BCA_CA_KT_PC04,Phòng Cảnh sát điều tra tội phạm về ma túy - Công an Tỉnh Kon Tum,BCA,province,2018,2026,dvc_2018,https://dichvucong.gov.vn/archive/2018,generated_catalog,source,2026-09-12T19:42:24.601202,crawl_2018_2026,Phòng Cảnh sát điều tra tội phạm về ma túy - Công an Tỉnh Kon Tum,BCA_CA_KT_PC04,phong canh sat ieu tra toi pham ve ma tuy cong an tinh kon tum,BCA,Annotator_A,HIGH,Khớp hoàn toàn danh mục hành chính chuẩn,2026-09-12,DataVietNam,2026-09-12
BCA_CA_KT_PC06,Phòng Cảnh sát quản lý hành chính về trật tự xã hội - Công an Tỉnh Kon Tum,BCA,province,2018,2026,dvc_2018,https://dichvucong.gov.vn/archive/2018,generated_catalog,source,2026-09-12T19:42:24.601202,crawl_2018_2026,Phòng Cảnh sát quản lý hành chính về trật tự xã hội - Công an Tỉnh Kon Tum,BCA_CA_KT_PC06,phong canh sat quan ly hanh chinh ve trat tu xa hoi cong an tinh kon tum,BCA,Annotator_A,HIGH,Khớp hoàn toàn danh mục hành chính chuẩn,2026-09-12,DataVietNam,2026-09-12
BCA_CA_KT_PC07,Phòng Cảnh sát Phòng cháy chữa cháy và Cứu nạn cứu hộ - Công an Tỉnh Kon Tum,BCA,province,2018,2026,dvc_2018,https://dichvucong.gov.vn/archive/2018,generated_catalog,source,2026-09-12T19:42:24.601202,crawl_2018_2026,Phòng Cảnh sát Phòng cháy chữa cháy và Cứu nạn cứu hộ - Công an Tỉnh Kon Tum,BCA_CA_KT_PC07,phong canh sat phong chay chua chay va cuu nan cuu ho cong an tinh kon tum,BCA,Annotator_A,HIGH,Khớp hoàn toàn danh mục hành chính chuẩn,2026-09-12,DataVietNam,2026-09-12
BCA_CA_KT_PC08,Phòng Cảnh sát giao thông - Công an Tỉnh Kon Tum,BCA,province,2018,2026,dvc_2018,https://dichvucong.gov.vn/archive/2018,generated_catalog,source,2026-09-12T19:42:24.601202,crawl_2018_2026,Phòng Cảnh sát giao thông - Công an Tỉnh Kon Tum,BCA_CA_KT_PC08,phong canh sat giao thong cong an tinh kon tum,BCA,Annotator_A,HIGH,Khớp hoàn toàn danh mục hành chính chuẩn,2026-09-12,DataVietNam,2026-09-12
BCA_CA_KT_PA01,Phòng An ninh đối ngoại - Công an Tỉnh Kon Tum,BCA,province,2018,2026,dvc_2018,https://dichvucong.gov.vn/archive/2018,generated_catalog,source,2026-09-12T19:42:24.601202,crawl_2018_2026,Phòng An ninh đối ngoại - Công an Tỉnh Kon Tum,BCA_CA_KT_PA01,phong an ninh oi ngoai cong an tinh kon tum,BCA,Annotator_A,HIGH,Khớp hoàn toàn danh mục hành chính chuẩn,2026-09-12,DataVietNam,2026-09-12
BCA_CA_KT_PA02,Phòng An ninh nội địa - Công an Tỉnh Kon Tum,BCA,province,2018,2026,dvc_2018,https://dichvucong.gov.vn/archive/2018,generated_catalog,source,2026-09-12T19:42:24.601202,crawl_2018_2026,Phòng An ninh nội địa - Công an Tỉnh Kon Tum,BCA_CA_KT_PA02,phong an ninh noi ia cong an tinh kon tum,BCA,Annotator_A,HIGH,Khớp hoàn toàn danh mục hành chính chuẩn,2026-09-12,DataVietNam,2026-09-12
BCA_CA_KT_PA03,Phòng An ninh chính trị nội bộ - Công an Tỉnh Kon Tum,BCA,province,2018,2026,dvc_2018,https://dichvucong.gov.vn/archive/2018,generated_catalog,source,2026-09-12T19:42:24.601202,crawl_2018_2026,Phòng An ninh chính trị nội bộ - Công an Tỉnh Kon Tum,BCA_CA_KT_PA03,phong an ninh chinh tri noi bo cong an tinh kon tum,BCA,Annotator_A,HIGH,Khớp hoàn toàn danh mục hành chính chuẩn,2026-09-12,DataVietNam,2026-09-12
BCA_CA_KT_PA05,Phòng An ninh mạng và phòng chống tội phạm công nghệ cao - Công an Tỉnh Kon Tum,BCA,province,2018,2026,dvc_2018,https://dichvucong.gov.vn/archive/2018,generated_catalog,source,2026-09-12T19:42:24.601202,crawl_2018_2026,Phòng An ninh mạng và phòng chống tội phạm công nghệ cao - Công an Tỉnh Kon Tum,BCA_CA_KT_PA05,phong an ninh mang va phong chong toi pham cong nghe cao cong an tinh kon tum,BCA,Annotator_A,HIGH,Khớp hoàn toàn danh mục hành chính chuẩn,2026-09-12,DataVietNam,2026-09-12
BCA_CA_DNO,Công an Tỉnh Đắk Nông,BCA,province,2018,2026,dvc_2018,https://dichvucong.gov.vn/archive/2018,generated_catalog,source,2026-09-12T19:42:24.601202,crawl_2018_2026,Công an Tỉnh Đắk Nông,BCA_CA_DNO,cong an tinh ak nong,BCA,Annotator_A,HIGH,Khớp hoàn toàn danh mục hành chính chuẩn,2026-09-12,DataVietNam,2026-09-12
BCA_CA_DNO_PC01,Văn phòng Cơ quan Cảnh sát điều tra - Công an Tỉnh Đắk Nông,BCA,ministry,2018,2026,dvc_2018,https://dichvucong.gov.vn/archive/2018,generated_catalog,source,2026-09-12T19:42:24.601202,crawl_2018_2026,Văn phòng Cơ quan Cảnh sát điều tra - Công an Tỉnh Đắk Nông,BCA_CA_DNO_PC01,van phong co quan canh sat ieu tra cong an tinh ak nong,BCA,Annotator_A,HIGH,Khớp hoàn toàn danh mục hành chính chuẩn,2026-09-12,DataVietNam,2026-09-12
BCA_CA_DNO_PC02,Phòng Cảnh sát hình sự - Công an Tỉnh Đắk Nông,BCA,province,2018,2026,dvc_2018,https://dichvucong.gov.vn/archive/2018,generated_catalog,source,2026-09-12T19:42:24.601202,crawl_2018_2026,Phòng Cảnh sát hình sự - Công an Tỉnh Đắk Nông,BCA_CA_DNO_PC02,phong canh sat hinh su cong an tinh ak nong,BCA,Annotator_A,HIGH,Khớp hoàn toàn danh mục hành chính chuẩn,2026-09-12,DataVietNam,2026-09-12
BCA_CA_DNO_PC03,Phòng Cảnh sát kinh tế - Công an Tỉnh Đắk Nông,BCA,province,2018,2026,dvc_2018,https://dichvucong.gov.vn/archive/2018,generated_catalog,source,2026-09-12T19:42:24.601202,crawl_2018_2026,Phòng Cảnh sát kinh tế - Công an Tỉnh Đắk Nông,BCA_CA_DNO_PC03,phong canh sat kinh te cong an tinh ak nong,BCA,Annotator_A,HIGH,Khớp hoàn toàn danh mục hành chính chuẩn,2026-09-12,DataVietNam,2026-09-12
BCA_CA_DNO_PC04,Phòng Cảnh sát điều tra tội phạm về ma túy - Công an Tỉnh Đắk Nông,BCA,province,2018,2026,dvc_2018,https://dichvucong.gov.vn/archive/2018,generated_catalog,source,2026-09-12T19:42:24.601202,crawl_2018_2026,Phòng Cảnh sát điều tra tội phạm về ma túy - Công an Tỉnh Đắk Nông,BCA_CA_DNO_PC04,phong canh sat ieu tra toi pham ve ma tuy cong an tinh ak nong,BCA,Annotator_A,HIGH,Khớp hoàn toàn danh mục hành chính chuẩn,2026-09-12,DataVietNam,2026-09-12
BCA_CA_DNO_PC06,Phòng Cảnh sát quản lý hành chính về trật tự xã hội - Công an Tỉnh Đắk Nông,BCA,province,2018,2026,dvc_2018,https://dichvucong.gov.vn/archive/2018,generated_catalog,source,2026-09-12T19:42:24.601202,crawl_2018_2026,Phòng Cảnh sát quản lý hành chính về trật tự xã hội - Công an Tỉnh Đắk Nông,BCA_CA_DNO_PC06,phong canh sat quan ly hanh chinh ve trat tu xa hoi cong an tinh ak nong,BCA,Annotator_A,HIGH,Khớp hoàn toàn danh mục hành chính chuẩn,2026-09-12,DataVietNam,2026-09-12
BCA_CA_DNO_PC07,Phòng Cảnh sát Phòng cháy chữa cháy và Cứu nạn cứu hộ - Công an Tỉnh Đắk Nông,BCA,province,2018,2026,dvc_2018,https://dichvucong.gov.vn/archive/2018,generated_catalog,source,2026-09-12T19:42:24.601202,crawl_2018_2026,Phòng Cảnh sát Phòng cháy chữa cháy và Cứu nạn cứu hộ - Công an Tỉnh Đắk Nông,BCA_CA_DNO_PC07,phong canh sat phong chay chua chay va cuu nan cuu ho cong an tinh ak nong,BCA,Annotator_A,HIGH,Khớp hoàn toàn danh mục hành chính chuẩn,2026-09-12,DataVietNam,2026-09-12
BCA_CA_DNO_PC08,Phòng Cảnh sát giao thông - Công an Tỉnh Đắk Nông,BCA,province,2018,2026,dvc_2018,https://dichvucong.gov.vn/archive/2018,generated_catalog,source,2026-09-12T19:42:24.601202,crawl_2018_2026,Phòng Cảnh sát giao thông - Công an Tỉnh Đắk Nông,BCA_CA_DNO_PC08,phong canh sat giao thong cong an tinh ak nong,BCA,Annotator_A,HIGH,Khớp hoàn toàn danh mục hành chính chuẩn,2026-09-12,DataVietNam,2026-09-12
BCA_CA_DNO_PA01,Phòng An ninh đối ngoại - Công an Tỉnh Đắk Nông,BCA,province,2018,2026,dvc_2018,https://dichvucong.gov.vn/archive/2018,generated_catalog,source,2026-09-12T19:42:24.601202,crawl_2018_2026,Phòng An ninh đối ngoại - Công an Tỉnh Đắk Nông,BCA_CA_DNO_PA01,phong an ninh oi ngoai cong an tinh ak nong,BCA,Annotator_A,HIGH,Khớp hoàn toàn danh mục hành chính chuẩn,2026-09-12,DataVietNam,2026-09-12
BCA_CA_DNO_PA02,Phòng An ninh nội địa - Công an Tỉnh Đắk Nông,BCA,province,2018,2026,dvc_2018,https://dichvucong.gov.vn/archive/2018,generated_catalog,source,2026-09-12T19:42:24.601202,crawl_2018_2026,Phòng An ninh nội địa - Công an Tỉnh Đắk Nông,BCA_CA_DNO_PA02,phong an ninh noi ia cong an tinh ak nong,BCA,Annotator_A,HIGH,Khớp hoàn toàn danh mục hành chính chuẩn,2026-09-12,DataVietNam,2026-09-12
BCA_CA_DNO_PA03,Phòng An ninh chính trị nội bộ - Công an Tỉnh Đắk Nông,BCA,province,2018,2026,dvc_2018,https://dichvucong.gov.vn/archive/2018,generated_catalog,source,2026-09-12T19:42:24.601202,crawl_2018_2026,Phòng An ninh chính trị nội bộ - Công an Tỉnh Đắk Nông,BCA_CA_DNO_PA03,phong an ninh chinh tri noi bo cong an tinh ak nong,BCA,Annotator_A,HIGH,Khớp hoàn toàn danh mục hành chính chuẩn,2026-09-12,DataVietNam,2026-09-12
BCA_CA_DNO_PA05,Phòng An ninh mạng và phòng chống tội phạm công nghệ cao - Công an Tỉnh Đắk Nông,BCA,province,2018,2026,dvc_2018,https://dichvucong.gov.vn/archive/2018,generated_catalog,source,2026-09-12T19:42:24.601202,crawl_2018_2026,Phòng An ninh mạng và phòng chống tội phạm công nghệ cao - Công an Tỉnh Đắk Nông,BCA_CA_DNO_PA05,phong an ninh mang va phong chong toi pham cong nghe cao cong an tinh ak nong,BCA,Annotator_A,HIGH,Khớp hoàn toàn danh mục hành chính chuẩn,2026-09-12,DataVietNam,2026-09-12
BCA_CA_KHA,Công an Tỉnh Khánh Hòa,BCA,province,2018,2026,dvc_2018,https://dichvucong.gov.vn/archive/2018,generated_catalog,source,2026-09-12T19:42:24.601202,crawl_2018_2026,Công an Tỉnh Khánh Hòa,BCA_CA_KHA,cong an tinh khanh hoa,BCA,Annotator_A,HIGH,Khớp hoàn toàn danh mục hành chính chuẩn,2026-09-12,DataVietNam,2026-09-12
BCA_CA_KHA_PC01,Văn phòng Cơ quan Cảnh sát điều tra - Công an Tỉnh Khánh Hòa,BCA,ministry,2018,2026,dvc_2018,https://dichvucong.gov.vn/archive/2018,generated_catalog,source,2026-09-12T19:42:24.601202,crawl_2018_2026,Văn phòng Cơ quan Cảnh sát điều tra - Công an Tỉnh Khánh Hòa,BCA_CA_KHA_PC01,van phong co quan canh sat ieu tra cong an tinh khanh hoa,BCA,Annotator_A,HIGH,Khớp hoàn toàn danh mục hành chính chuẩn,2026-09-12,DataVietNam,2026-09-12
BCA_CA_KHA_PC02,Phòng Cảnh sát hình sự - Công an Tỉnh Khánh Hòa,BCA,province,2018,2026,dvc_2018,https://dichvucong.gov.vn/archive/2018,generated_catalog,source,2026-09-12T19:42:24.601202,crawl_2018_2026,Phòng Cảnh sát hình sự - Công an Tỉnh Khánh Hòa,BCA_CA_KHA_PC02,phong canh sat hinh su cong an tinh khanh hoa,BCA,Annotator_A,HIGH,Khớp hoàn toàn danh mục hành chính chuẩn,2026-09-12,DataVietNam,2026-09-12
BCA_CA_KHA_PC03,Phòng Cảnh sát kinh tế - Công an Tỉnh Khánh Hòa,BCA,province,2018,2026,dvc_2018,https://dichvucong.gov.vn/archive/2018,generated_catalog,source,2026-09-12T19:42:24.601202,crawl_2018_2026,Phòng Cảnh sát kinh tế - Công an Tỉnh Khánh Hòa,BCA_CA_KHA_PC03,phong canh sat kinh te cong an tinh khanh hoa,BCA,Annotator_A,HIGH,Khớp hoàn toàn danh mục hành chính chuẩn,2026-09-12,DataVietNam,2026-09-12
BCA_CA_KHA_PC04,Phòng Cảnh sát điều tra tội phạm về ma túy - Công an Tỉnh Khánh Hòa,BCA,province,2018,2026,dvc_2018,https://dichvucong.gov.vn/archive/2018,generated_catalog,source,2026-09-12T19:42:24.601202,crawl_2018_2026,Phòng Cảnh sát điều tra tội phạm về ma túy - Công an Tỉnh Khánh Hòa,BCA_CA_KHA_PC04,phong canh sat ieu tra toi pham ve ma tuy cong an tinh khanh hoa,BCA,Annotator_A,HIGH,Khớp hoàn toàn danh mục hành chính chuẩn,2026-09-12,DataVietNam,2026-09-12
BCA_CA_KHA_PC06,Phòng Cảnh sát quản lý hành chính về trật tự xã hội - Công an Tỉnh Khánh Hòa,BCA,province,2018,2026,dvc_2018,https://dichvucong.gov.vn/archive/2018,generated_catalog,source,2026-09-12T19:42:24.601202,crawl_2018_2026,Phòng Cảnh sát quản lý hành chính về trật tự xã hội - Công an Tỉnh Khánh Hòa,BCA_CA_KHA_PC06,phong canh sat quan ly hanh chinh ve trat tu xa hoi cong an tinh khanh hoa,BCA,Annotator_A,HIGH,Khớp hoàn toàn danh mục hành chính chuẩn,2026-09-12,DataVietNam,2026-09-12
BCA_CA_KHA_PC07,Phòng Cảnh sát Phòng cháy chữa cháy và Cứu nạn cứu hộ - Công an Tỉnh Khánh Hòa,BCA,province,2018,2026,dvc_2018,https://dichvucong.gov.vn/archive/2018,generated_catalog,source,2026-09-12T19:42:24.601202,crawl_2018_2026,Phòng Cảnh sát Phòng cháy chữa cháy và Cứu nạn cứu hộ - Công an Tỉnh Khánh Hòa,BCA_CA_KHA_PC07,phong canh sat phong chay chua chay va cuu nan cuu ho cong an tinh khanh hoa,BCA,Annotator_A,HIGH,Khớp hoàn toàn danh mục hành chính chuẩn,2026-09-12,DataVietNam,2026-09-12
BCA_CA_KHA_PC08,Phòng Cảnh sát giao thông - Công an Tỉnh Khánh Hòa,BCA,province,2018,2026,dvc_2018,https://dichvucong.gov.vn/archive/2018,generated_catalog,source,2026-09-12T19:42:24.601202,crawl_2018_2026,Phòng Cảnh sát giao thông - Công an Tỉnh Khánh Hòa,BCA_CA_KHA_PC08,phong canh sat giao thong cong an tinh khanh hoa,BCA,Annotator_A,HIGH,Khớp hoàn toàn danh mục hành chính chuẩn,2026-09-12,DataVietNam,2026-09-12
BCA_CA_KHA_PA01,Phòng An ninh đối ngoại - Công an Tỉnh Khánh Hòa,BCA,province,2018,2026,dvc_2018,https://dichvucong.gov.vn/archive/2018,generated_catalog,source,2026-09-12T19:42:24.601202,crawl_2018_2026,Phòng An ninh đối ngoại - Công an Tỉnh Khánh Hòa,BCA_CA_KHA_PA01,phong an ninh oi ngoai cong an tinh khanh hoa,BCA,Annotator_A,HIGH,Khớp hoàn toàn danh mục hành chính chuẩn,2026-09-12,DataVietNam,2026-09-12
BCA_CA_KHA_PA02,Phòng An ninh nội địa - Công an Tỉnh Khánh Hòa,BCA,province,2018,2026,dvc_2018,https://dichvucong.gov.vn/archive/2018,generated_catalog,source,2026-09-12T19:42:24.601202,crawl_2018_2026,Phòng An ninh nội địa - Công an Tỉnh Khánh Hòa,BCA_CA_KHA_PA02,phong an ninh noi ia cong an tinh khanh hoa,BCA,Annotator_A,HIGH,Khớp hoàn toàn danh mục hành chính chuẩn,2026-09-12,DataVietNam,2026-09-12
BCA_CA_KHA_PA03,Phòng An ninh chính trị nội bộ - Công an Tỉnh Khánh Hòa,BCA,province,2018,2026,dvc_2018,https://dichvucong.gov.vn/archive/2018,generated_catalog,source,2026-09-12T19:42:24.601202,crawl_2018_2026,Phòng An ninh chính trị nội bộ - Công an Tỉnh Khánh Hòa,BCA_CA_KHA_PA03,phong an ninh chinh tri noi bo cong an tinh khanh hoa,BCA,Annotator_A,HIGH,Khớp hoàn toàn danh mục hành chính chuẩn,2026-09-12,DataVietNam,2026-09-12
BCA_CA_KHA_PA05,Phòng An ninh mạng và phòng chống tội phạm công nghệ cao - Công an Tỉnh Khánh Hòa,BCA,province,2018,2026,dvc_2018,https://dichvucong.gov.vn/archive/2018,generated_catalog,source,2026-09-12T19:42:24.601202,crawl_2018_2026,Phòng An ninh mạng và phòng chống tội phạm công nghệ cao - Công an Tỉnh Khánh Hòa,BCA_CA_KHA_PA05,phong an ninh mang va phong chong toi pham cong nghe cao cong an tinh khanh hoa,BCA,Annotator_A,HIGH,Khớp hoàn toàn danh mục hành chính chuẩn,2026-09-12,DataVietNam,2026-09-12
BCA_CA_BTN,Công an Tỉnh Bình Thuận,BCA,province,2018,2026,dvc_2018,https://dichvucong.gov.vn/archive/2018,generated_catalog,source,2026-09-12T19:42:24.601202,crawl_2018_2026,Công an Tỉnh Bình Thuận,BCA_CA_BTN,cong an tinh binh thuan,BCA,Annotator_A,HIGH,Khớp hoàn toàn danh mục hành chính chuẩn,2026-09-12,DataVietNam,2026-09-12
BCA_CA_BTN_PC01,Văn phòng Cơ quan Cảnh sát điều tra - Công an Tỉnh Bình Thuận,BCA,ministry,2018,2026,dvc_2018,https://dichvucong.gov.vn/archive/2018,generated_catalog,source,2026-09-12T19:42:24.601202,crawl_2018_2026,Văn phòng Cơ quan Cảnh sát điều tra - Công an Tỉnh Bình Thuận,BCA_CA_BTN_PC01,van phong co quan canh sat ieu tra cong an tinh binh thuan,BCA,Annotator_A,HIGH,Khớp hoàn toàn danh mục hành chính chuẩn,2026-09-12,DataVietNam,2026-09-12
BCA_CA_BTN_PC02,Phòng Cảnh sát hình sự - Công an Tỉnh Bình Thuận,BCA,province,2018,2026,dvc_2018,https://dichvucong.gov.vn/archive/2018,generated_catalog,source,2026-09-12T19:42:24.601202,crawl_2018_2026,Phòng Cảnh sát hình sự - Công an Tỉnh Bình Thuận,BCA_CA_BTN_PC02,phong canh sat hinh su cong an tinh binh thuan,BCA,Annotator_A,HIGH,Khớp hoàn toàn danh mục hành chính chuẩn,2026-09-12,DataVietNam,2026-09-12
BCA_CA_BTN_PC03,Phòng Cảnh sát kinh tế - Công an Tỉnh Bình Thuận,BCA,province,2018,2026,dvc_2018,https://dichvucong.gov.vn/archive/2018,generated_catalog,source,2026-09-12T19:42:24.601202,crawl_2018_2026,Phòng Cảnh sát kinh tế - Công an Tỉnh Bình Thuận,BCA_CA_BTN_PC03,phong canh sat kinh te cong an tinh binh thuan,BCA,Annotator_A,HIGH,Khớp hoàn toàn danh mục hành chính chuẩn,2026-09-12,DataVietNam,2026-09-12
BCA_CA_BTN_PC04,Phòng Cảnh sát điều tra tội phạm về ma túy - Công an Tỉnh Bình Thuận,BCA,province,2018,2026,dvc_2018,https://dichvucong.gov.vn/archive/2018,generated_catalog,source,2026-09-12T19:42:24.601202,crawl_2018_2026,Phòng Cảnh sát điều tra tội phạm về ma túy - Công an Tỉnh Bình Thuận,BCA_CA_BTN_PC04,phong canh sat ieu tra toi pham ve ma tuy cong an tinh binh thuan,BCA,Annotator_A,HIGH,Khớp hoàn toàn danh mục hành chính chuẩn,2026-09-12,DataVietNam,2026-09-12
BCA_CA_BTN_PC06,Phòng Cảnh sát quản lý hành chính về trật tự xã hội - Công an Tỉnh Bình Thuận,BCA,province,2018,2026,dvc_2018,https://dichvucong.gov.vn/archive/2018,generated_catalog,source,2026-09-12T19:42:24.601202,crawl_2018_2026,Phòng Cảnh sát quản lý hành chính về trật tự xã hội - Công an Tỉnh Bình Thuận,BCA_CA_BTN_PC06,phong canh sat quan ly hanh chinh ve trat tu xa hoi cong an tinh binh thuan,BCA,Annotator_A,HIGH,Khớp hoàn toàn danh mục hành chính chuẩn,2026-09-12,DataVietNam,2026-09-12
BCA_CA_BTN_PC07,Phòng Cảnh sát Phòng cháy chữa cháy và Cứu nạn cứu hộ - Công an Tỉnh Bình Thuận,BCA,province,2018,2026,dvc_2018,https://dichvucong.gov.vn/archive/2018,generated_catalog,source,2026-09-12T19:42:24.601202,crawl_2018_2026,Phòng Cảnh sát Phòng cháy chữa cháy và Cứu nạn cứu hộ - Công an Tỉnh Bình Thuận,BCA_CA_BTN_PC07,phong canh sat phong chay chua chay va cuu nan cuu ho cong an tinh binh thuan,BCA,Annotator_A,HIGH,Khớp hoàn toàn danh mục hành chính chuẩn,2026-09-12,DataVietNam,2026-09-12
BCA_CA_BTN_PC08,Phòng Cảnh sát giao thông - Công an Tỉnh Bình Thuận,BCA,province,2018,2026,dvc_2018,https://dichvucong.gov.vn/archive/2018,generated_catalog,source,2026-09-12T19:42:24.601202,crawl_2018_2026,Phòng Cảnh sát giao thông - Công an Tỉnh Bình Thuận,BCA_CA_BTN_PC08,phong canh sat giao thong cong an tinh binh thuan,BCA,Annotator_A,HIGH,Khớp hoàn toàn danh mục hành chính chuẩn,2026-09-12,DataVietNam,2026-09-12
BCA_CA_BTN_PA01,Phòng An ninh đối ngoại - Công an Tỉnh Bình Thuận,BCA,province,2018,2026,dvc_2018,https://dichvucong.gov.vn/archive/2018,generated_catalog,source,2026-09-12T19:42:24.601202,crawl_2018_2026,Phòng An ninh đối ngoại - Công an Tỉnh Bình Thuận,BCA_CA_BTN_PA01,phong an ninh oi ngoai cong an tinh binh thuan,BCA,Annotator_A,HIGH,Khớp hoàn toàn danh mục hành chính chuẩn,2026-09-12,DataVietNam,2026-09-12
BCA_CA_BTN_PA02,Phòng An ninh nội địa - Công an Tỉnh Bình Thuận,BCA,province,2018,2026,dvc_2018,https://dichvucong.gov.vn/archive/2018,generated_catalog,source,2026-09-12T19:42:24.601202,crawl_2018_2026,Phòng An ninh nội địa - Công an Tỉnh Bình Thuận,BCA_CA_BTN_PA02,phong an ninh noi ia cong an tinh binh thuan,BCA,Annotator_A,HIGH,Khớp hoàn toàn danh mục hành chính chuẩn,2026-09-12,DataVietNam,2026-09-12
BCA_CA_BTN_PA03,Phòng An ninh chính trị nội bộ - Công an Tỉnh Bình Thuận,BCA,province,2018,2026,dvc_2018,https://dichvucong.gov.vn/archive/2018,generated_catalog,source,2026-09-12T19:42:24.601202,crawl_2018_2026,Phòng An ninh chính trị nội bộ - Công an Tỉnh Bình Thuận,BCA_CA_BTN_PA03,phong an ninh chinh tri noi bo cong an tinh binh thuan,BCA,Annotator_A,HIGH,Khớp hoàn toàn danh mục hành chính chuẩn,2026-09-12,DataVietNam,2026-09-12
BCA_CA_BTN_PA05,Phòng An ninh mạng và phòng chống tội phạm công nghệ cao - Công an Tỉnh Bình Thuận,BCA,province,2018,2026,dvc_2018,https://dichvucong.gov.vn/archive/2018,generated_catalog,source,2026-09-12T19:42:24.601202,crawl_2018_2026,Phòng An ninh mạng và phòng chống tội phạm công nghệ cao - Công an Tỉnh Bình Thuận,BCA_CA_BTN_PA05,phong an ninh mang va phong chong toi pham cong nghe cao cong an tinh binh thuan,BCA,Annotator_A,HIGH,Khớp hoàn toàn danh mục hành chính chuẩn,2026-09-12,DataVietNam,2026-09-12
BCA_CA_NTN,Công an Tỉnh Ninh Thuận,BCA,province,2018,2026,dvc_2018,https://dichvucong.gov.vn/archive/2018,generated_catalog,source,2026-09-12T19:42:24.601202,crawl_2018_2026,Công an Tỉnh Ninh Thuận,BCA_CA_NTN,cong an tinh ninh thuan,BCA,Annotator_A,HIGH,Khớp hoàn toàn danh mục hành chính chuẩn,2026-09-12,DataVietNam,2026-09-12
BCA_CA_NTN_PC01,Văn phòng Cơ quan Cảnh sát điều tra - Công an Tỉnh Ninh Thuận,BCA,ministry,2018,2026,dvc_2018,https://dichvucong.gov.vn/archive/2018,generated_catalog,source,2026-09-12T19:42:24.601202,crawl_2018_2026,Văn phòng Cơ quan Cảnh sát điều tra - Công an Tỉnh Ninh Thuận,BCA_CA_NTN_PC01,van phong co quan canh sat ieu tra cong an tinh ninh thuan,BCA,Annotator_A,HIGH,Khớp hoàn toàn danh mục hành chính chuẩn,2026-09-12,DataVietNam,2026-09-12
BCA_CA_NTN_PC02,Phòng Cảnh sát hình sự - Công an Tỉnh Ninh Thuận,BCA,province,2018,2026,dvc_2018,https://dichvucong.gov.vn/archive/2018,generated_catalog,source,2026-09-12T19:42:24.601202,crawl_2018_2026,Phòng Cảnh sát hình sự - Công an Tỉnh Ninh Thuận,BCA_CA_NTN_PC02,phong canh sat hinh su cong an tinh ninh thuan,BCA,Annotator_A,HIGH,Khớp hoàn toàn danh mục hành chính chuẩn,2026-09-12,DataVietNam,2026-09-12
BCA_CA_NTN_PC03,Phòng Cảnh sát kinh tế - Công an Tỉnh Ninh Thuận,BCA,province,2018,2026,dvc_2018,https://dichvucong.gov.vn/archive/2018,generated_catalog,source,2026-09-12T19:42:24.601202,crawl_2018_2026,Phòng Cảnh sát kinh tế - Công an Tỉnh Ninh Thuận,BCA_CA_NTN_PC03,phong canh sat kinh te cong an tinh ninh thuan,BCA,Annotator_A,HIGH,Khớp hoàn toàn danh mục hành chính chuẩn,2026-09-12,DataVietNam,2026-09-12
BCA_CA_NTN_PC04,Phòng Cảnh sát điều tra tội phạm về ma túy - Công an Tỉnh Ninh Thuận,BCA,province,2018,2026,dvc_2018,https://dichvucong.gov.vn/archive/2018,generated_catalog,source,2026-09-12T19:42:24.601202,crawl_2018_2026,Phòng Cảnh sát điều tra tội phạm về ma túy - Công an Tỉnh Ninh Thuận,BCA_CA_NTN_PC04,phong canh sat ieu tra toi pham ve ma tuy cong an tinh ninh thuan,BCA,Annotator_A,HIGH,Khớp hoàn toàn danh mục hành chính chuẩn,2026-09-12,DataVietNam,2026-09-12
BCA_CA_NTN_PC06,Phòng Cảnh sát quản lý hành chính về trật tự xã hội - Công an Tỉnh Ninh Thuận,BCA,province,2018,2026,dvc_2018,https://dichvucong.gov.vn/archive/2018,generated_catalog,source,2026-09-12T19:42:24.601202,crawl_2018_2026,Phòng Cảnh sát quản lý hành chính về trật tự xã hội - Công an Tỉnh Ninh Thuận,BCA_CA_NTN_PC06,phong canh sat quan ly hanh chinh ve trat tu xa hoi cong an tinh ninh thuan,BCA,Annotator_A,HIGH,Khớp hoàn toàn danh mục hành chính chuẩn,2026-09-12,DataVietNam,2026-09-12
BCA_CA_NTN_PC07,Phòng Cảnh sát Phòng cháy chữa cháy và Cứu nạn cứu hộ - Công an Tỉnh Ninh Thuận,BCA,province,2018,2026,dvc_2018,https://dichvucong.gov.vn/archive/2018,generated_catalog,source,2026-09-12T19:42:24.601202,crawl_2018_2026,Phòng Cảnh sát Phòng cháy chữa cháy và Cứu nạn cứu hộ - Công an Tỉnh Ninh Thuận,BCA_CA_NTN_PC07,phong canh sat phong chay chua chay va cuu nan cuu ho cong an tinh ninh thuan,BCA,Annotator_A,HIGH,Khớp hoàn toàn danh mục hành chính chuẩn,2026-09-12,DataVietNam,2026-09-12
BCA_CA_NTN_PC08,Phòng Cảnh sát giao thông - Công an Tỉnh Ninh Thuận,BCA,province,2018,2026,dvc_2018,https://dichvucong.gov.vn/archive/2018,generated_catalog,source,2026-09-12T19:42:24.601202,crawl_2018_2026,Phòng Cảnh sát giao thông - Công an Tỉnh Ninh Thuận,BCA_CA_NTN_PC08,phong canh sat giao thong cong an tinh ninh thuan,BCA,Annotator_A,HIGH,Khớp hoàn toàn danh mục hành chính chuẩn,2026-09-12,DataVietNam,2026-09-12
BCA_CA_NTN_PA01,Phòng An ninh đối ngoại - Công an Tỉnh Ninh Thuận,BCA,province,2018,2026,dvc_2018,https://dichvucong.gov.vn/archive/2018,generated_catalog,source,2026-09-12T19:42:24.601202,crawl_2018_2026,Phòng An ninh đối ngoại - Công an Tỉnh Ninh Thuận,BCA_CA_NTN_PA01,phong an ninh oi ngoai cong an tinh ninh thuan,BCA,Annotator_A,HIGH,Khớp hoàn toàn danh mục hành chính chuẩn,2026-09-12,DataVietNam,2026-09-12
BCA_CA_NTN_PA02,Phòng An ninh nội địa - Công an Tỉnh Ninh Thuận,BCA,province,2018,2026,dvc_2018,https://dichvucong.gov.vn/archive/2018,generated_catalog,source,2026-09-12T19:42:24.601202,crawl_2018_2026,Phòng An ninh nội địa - Công an Tỉnh Ninh Thuận,BCA_CA_NTN_PA02,phong an ninh noi ia cong an tinh ninh thuan,BCA,Annotator_A,HIGH,Khớp hoàn toàn danh mục hành chính chuẩn,2026-09-12,DataVietNam,2026-09-12
BCA_CA_NTN_PA03,Phòng An ninh chính trị nội bộ - Công an Tỉnh Ninh Thuận,BCA,province,2018,2026,dvc_2018,https://dichvucong.gov.vn/archive/2018,generated_catalog,source,2026-09-12T19:42:24.601202,crawl_2018_2026,Phòng An ninh chính trị nội bộ - Công an Tỉnh Ninh Thuận,BCA_CA_NTN_PA03,phong an ninh chinh tri noi bo cong an tinh ninh thuan,BCA,Annotator_A,HIGH,Khớp hoàn toàn danh mục hành chính chuẩn,2026-09-12,DataVietNam,2026-09-12
BCA_CA_NTN_PA05,Phòng An ninh mạng và phòng chống tội phạm công nghệ cao - Công an Tỉnh Ninh Thuận,BCA,province,2018,2026,dvc_2018,https://dichvucong.gov.vn/archive/2018,generated_catalog,source,2026-09-12T19:42:24.601202,crawl_2018_2026,Phòng An ninh mạng và phòng chống tội phạm công nghệ cao - Công an Tỉnh Ninh Thuận,BCA_CA_NTN_PA05,phong an ninh mang va phong chong toi pham cong nghe cao cong an tinh ninh thuan,BCA,Annotator_A,HIGH,Khớp hoàn toàn danh mục hành chính chuẩn,2026-09-12,DataVietNam,2026-09-12
BCA_CA_PY,Công an Tỉnh Phú Yên,BCA,province,2018,2026,dvc_2018,https://dichvucong.gov.vn/archive/2018,generated_catalog,source,2026-09-12T19:42:24.601202,crawl_2018_2026,Công an Tỉnh Phú Yên,BCA_CA_PY,cong an tinh phu yen,BCA,Annotator_A,HIGH,Khớp hoàn toàn danh mục hành chính chuẩn,2026-09-12,DataVietNam,2026-09-12
BCA_CA_PY_PC01,Văn phòng Cơ quan Cảnh sát điều tra - Công an Tỉnh Phú Yên,BCA,ministry,2018,2026,dvc_2018,https://dichvucong.gov.vn/archive/2018,generated_catalog,source,2026-09-12T19:42:24.601202,crawl_2018_2026,Văn phòng Cơ quan Cảnh sát điều tra - Công an Tỉnh Phú Yên,BCA_CA_PY_PC01,van phong co quan canh sat ieu tra cong an tinh phu yen,BCA,Annotator_A,HIGH,Khớp hoàn toàn danh mục hành chính chuẩn,2026-09-12,DataVietNam,2026-09-12
BCA_CA_PY_PC02,Phòng Cảnh sát hình sự - Công an Tỉnh Phú Yên,BCA,province,2018,2026,dvc_2018,https://dichvucong.gov.vn/archive/2018,generated_catalog,source,2026-09-12T19:42:24.601202,crawl_2018_2026,Phòng Cảnh sát hình sự - Công an Tỉnh Phú Yên,BCA_CA_PY_PC02,phong canh sat hinh su cong an tinh phu yen,BCA,Annotator_A,HIGH,Khớp hoàn toàn danh mục hành chính chuẩn,2026-09-12,DataVietNam,2026-09-12
BCA_CA_PY_PC03,Phòng Cảnh sát kinh tế - Công an Tỉnh Phú Yên,BCA,province,2018,2026,dvc_2018,https://dichvucong.gov.vn/archive/2018,generated_catalog,source,2026-09-12T19:42:24.601202,crawl_2018_2026,Phòng Cảnh sát kinh tế - Công an Tỉnh Phú Yên,BCA_CA_PY_PC03,phong canh sat kinh te cong an tinh phu yen,BCA,Annotator_A,HIGH,Khớp hoàn toàn danh mục hành chính chuẩn,2026-09-12,DataVietNam,2026-09-12
BCA_CA_PY_PC04,Phòng Cảnh sát điều tra tội phạm về ma túy - Công an Tỉnh Phú Yên,BCA,province,2018,2026,dvc_2018,https://dichvucong.gov.vn/archive/2018,generated_catalog,source,2026-09-12T19:42:24.601202,crawl_2018_2026,Phòng Cảnh sát điều tra tội phạm về ma túy - Công an Tỉnh Phú Yên,BCA_CA_PY_PC04,phong canh sat ieu tra toi pham ve ma tuy cong an tinh phu yen,BCA,Annotator_A,HIGH,Khớp hoàn toàn danh mục hành chính chuẩn,2026-09-12,DataVietNam,2026-09-12
BCA_CA_PY_PC06,Phòng Cảnh sát quản lý hành chính về trật tự xã hội - Công an Tỉnh Phú Yên,BCA,province,2018,2026,dvc_2018,https://dichvucong.gov.vn/archive/2018,generated_catalog,source,2026-09-12T19:42:24.601202,crawl_2018_2026,Phòng Cảnh sát quản lý hành chính về trật tự xã hội - Công an Tỉnh Phú Yên,BCA_CA_PY_PC06,phong canh sat quan ly hanh chinh ve trat tu xa hoi cong an tinh phu yen,BCA,Annotator_A,HIGH,Khớp hoàn toàn danh mục hành chính chuẩn,2026-09-12,DataVietNam,2026-09-12
BCA_CA_PY_PC07,Phòng Cảnh sát Phòng cháy chữa cháy và Cứu nạn cứu hộ - Công an Tỉnh Phú Yên,BCA,province,2018,2026,dvc_2018,https://dichvucong.gov.vn/archive/2018,generated_catalog,source,2026-09-12T19:42:24.601202,crawl_2018_2026,Phòng Cảnh sát Phòng cháy chữa cháy và Cứu nạn cứu hộ - Công an Tỉnh Phú Yên,BCA_CA_PY_PC07,phong canh sat phong chay chua chay va cuu nan cuu ho cong an tinh phu yen,BCA,Annotator_A,HIGH,Khớp hoàn toàn danh mục hành chính chuẩn,2026-09-12,DataVietNam,2026-09-12
BCA_CA_PY_PC08,Phòng Cảnh sát giao thông - Công an Tỉnh Phú Yên,BCA,province,2018,2026,dvc_2018,https://dichvucong.gov.vn/archive/2018,generated_catalog,source,2026-09-12T19:42:24.601202,crawl_2018_2026,Phòng Cảnh sát giao thông - Công an Tỉnh Phú Yên,BCA_CA_PY_PC08,phong canh sat giao thong cong an tinh phu yen,BCA,Annotator_A,HIGH,Khớp hoàn toàn danh mục hành chính chuẩn,2026-09-12,DataVietNam,2026-09-12
BCA_CA_PY_PA01,Phòng An ninh đối ngoại - Công an Tỉnh Phú Yên,BCA,province,2018,2026,dvc_2018,https://dichvucong.gov.vn/archive/2018,generated_catalog,source,2026-09-12T19:42:24.601202,crawl_2018_2026,Phòng An ninh đối ngoại - Công an Tỉnh Phú Yên,BCA_CA_PY_PA01,phong an ninh oi ngoai cong an tinh phu yen,BCA,Annotator_A,HIGH,Khớp hoàn toàn danh mục hành chính chuẩn,2026-09-12,DataVietNam,2026-09-12
BCA_CA_PY_PA02,Phòng An ninh nội địa - Công an Tỉnh Phú Yên,BCA,province,2018,2026,dvc_2018,https://dichvucong.gov.vn/archive/2018,generated_catalog,source,2026-09-12T19:42:24.601202,crawl_2018_2026,Phòng An ninh nội địa - Công an Tỉnh Phú Yên,BCA_CA_PY_PA02,phong an ninh noi ia cong an tinh phu yen,BCA,Annotator_A,HIGH,Khớp hoàn toàn danh mục hành chính chuẩn,2026-09-12,DataVietNam,2026-09-12
BCA_CA_PY_PA03,Phòng An ninh chính trị nội bộ - Công an Tỉnh Phú Yên,BCA,province,2018,2026,dvc_2018,https://dichvucong.gov.vn/archive/2018,generated_catalog,source,2026-09-12T19:42:24.601202,crawl_2018_2026,Phòng An ninh chính trị nội bộ - Công an Tỉnh Phú Yên,BCA_CA_PY_PA03,phong an ninh chinh tri noi bo cong an tinh phu yen,BCA,Annotator_A,HIGH,Khớp hoàn toàn danh mục hành chính chuẩn,2026-09-12,DataVietNam,2026-09-12
BCA_CA_PY_PA05,Phòng An ninh mạng và phòng chống tội phạm công nghệ cao - Công an Tỉnh Phú Yên,BCA,province,2018,2026,dvc_2018,https://dichvucong.gov.vn/archive/2018,generated_catalog,source,2026-09-12T19:42:24.601202,crawl_2018_2026,Phòng An ninh mạng và phòng chống tội phạm công nghệ cao - Công an Tỉnh Phú Yên,BCA_CA_PY_PA05,phong an ninh mang va phong chong toi pham cong nghe cao cong an tinh phu yen,BCA,Annotator_A,HIGH,Khớp hoàn toàn danh mục hành chính chuẩn,2026-09-12,DataVietNam,2026-09-12
BCA_CA_BDH,Công an Tỉnh Bình Định,BCA,province,2018,2026,dvc_2018,https://dichvucong.gov.vn/archive/2018,generated_catalog,source,2026-09-12T19:42:24.601202,crawl_2018_2026,Công an Tỉnh Bình Định,BCA_CA_BDH,cong an tinh binh inh,BCA,Annotator_A,HIGH,Khớp hoàn toàn danh mục hành chính chuẩn,2026-09-12,DataVietNam,2026-09-12
BCA_CA_BDH_PC01,Văn phòng Cơ quan Cảnh sát điều tra - Công an Tỉnh Bình Định,BCA,ministry,2018,2026,dvc_2018,https://dichvucong.gov.vn/archive/2018,generated_catalog,source,2026-09-12T19:42:24.601202,crawl_2018_2026,Văn phòng Cơ quan Cảnh sát điều tra - Công an Tỉnh Bình Định,BCA_CA_BDH_PC01,van phong co quan canh sat ieu tra cong an tinh binh inh,BCA,Annotator_A,HIGH,Khớp hoàn toàn danh mục hành chính chuẩn,2026-09-12,DataVietNam,2026-09-12
BCA_CA_BDH_PC02,Phòng Cảnh sát hình sự - Công an Tỉnh Bình Định,BCA,province,2018,2026,dvc_2018,https://dichvucong.gov.vn/archive/2018,generated_catalog,source,2026-09-12T19:42:24.601202,crawl_2018_2026,Phòng Cảnh sát hình sự - Công an Tỉnh Bình Định,BCA_CA_BDH_PC02,phong canh sat hinh su cong an tinh binh inh,BCA,Annotator_A,HIGH,Khớp hoàn toàn danh mục hành chính chuẩn,2026-09-12,DataVietNam,2026-09-12
BCA_CA_BDH_PC03,Phòng Cảnh sát kinh tế - Công an Tỉnh Bình Định,BCA,province,2018,2026,dvc_2018,https://dichvucong.gov.vn/archive/2018,generated_catalog,source,2026-09-12T19:42:24.601202,crawl_2018_2026,Phòng Cảnh sát kinh tế - Công an Tỉnh Bình Định,BCA_CA_BDH_PC03,phong canh sat kinh te cong an tinh binh inh,BCA,Annotator_A,HIGH,Khớp hoàn toàn danh mục hành chính chuẩn,2026-09-12,DataVietNam,2026-09-12
BCA_CA_BDH_PC04,Phòng Cảnh sát điều tra tội phạm về ma túy - Công an Tỉnh Bình Định,BCA,province,2018,2026,dvc_2018,https://dichvucong.gov.vn/archive/2018,generated_catalog,source,2026-09-12T19:42:24.601202,crawl_2018_2026,Phòng Cảnh sát điều tra tội phạm về ma túy - Công an Tỉnh Bình Định,BCA_CA_BDH_PC04,phong canh sat ieu tra toi pham ve ma tuy cong an tinh binh inh,BCA,Annotator_A,HIGH,Khớp hoàn toàn danh mục hành chính chuẩn,2026-09-12,DataVietNam,2026-09-12
BCA_CA_BDH_PC06,Phòng Cảnh sát quản lý hành chính về trật tự xã hội - Công an Tỉnh Bình Định,BCA,province,2018,2026,dvc_2018,https://dichvucong.gov.vn/archive/2018,generated_catalog,source,2026-09-12T19:42:24.601202,crawl_2018_2026,Phòng Cảnh sát quản lý hành chính về trật tự xã hội - Công an Tỉnh Bình Định,BCA_CA_BDH_PC06,phong canh sat quan ly hanh chinh ve trat tu xa hoi cong an tinh binh inh,BCA,Annotator_A,HIGH,Khớp hoàn toàn danh mục hành chính chuẩn,2026-09-12,DataVietNam,2026-09-12
BCA_CA_BDH_PC07,Phòng Cảnh sát Phòng cháy chữa cháy và Cứu nạn cứu hộ - Công an Tỉnh Bình Định,BCA,province,2018,2026,dvc_2018,https://dichvucong.gov.vn/archive/2018,generated_catalog,source,2026-09-12T19:42:24.601202,crawl_2018_2026,Phòng Cảnh sát Phòng cháy chữa cháy và Cứu nạn cứu hộ - Công an Tỉnh Bình Định,BCA_CA_BDH_PC07,phong canh sat phong chay chua chay va cuu nan cuu ho cong an tinh binh inh,BCA,Annotator_A,HIGH,Khớp hoàn toàn danh mục hành chính chuẩn,2026-09-12,DataVietNam,2026-09-12
BCA_CA_BDH_PC08,Phòng Cảnh sát giao thông - Công an Tỉnh Bình Định,BCA,province,2018,2026,dvc_2018,https://dichvucong.gov.vn/archive/2018,generated_catalog,source,2026-09-12T19:42:24.601202,crawl_2018_2026,Phòng Cảnh sát giao thông - Công an Tỉnh Bình Định,BCA_CA_BDH_PC08,phong canh sat giao thong cong an tinh binh inh,BCA,Annotator_A,HIGH,Khớp hoàn toàn danh mục hành chính chuẩn,2026-09-12,DataVietNam,2026-09-12
BCA_CA_BDH_PA01,Phòng An ninh đối ngoại - Công an Tỉnh Bình Định,BCA,province,2018,2026,dvc_2018,https://dichvucong.gov.vn/archive/2018,generated_catalog,source,2026-09-12T19:42:24.601202,crawl_2018_2026,Phòng An ninh đối ngoại - Công an Tỉnh Bình Định,BCA_CA_BDH_PA01,phong an ninh oi ngoai cong an tinh binh inh,BCA,Annotator_A,HIGH,Khớp hoàn toàn danh mục hành chính chuẩn,2026-09-12,DataVietNam,2026-09-12
BCA_CA_BDH_PA02,Phòng An ninh nội địa - Công an Tỉnh Bình Định,BCA,province,2018,2026,dvc_2018,https://dichvucong.gov.vn/archive/2018,generated_catalog,source,2026-09-12T19:42:24.601202,crawl_2018_2026,Phòng An ninh nội địa - Công an Tỉnh Bình Định,BCA_CA_BDH_PA02,phong an ninh noi ia cong an tinh binh inh,BCA,Annotator_A,HIGH,Khớp hoàn toàn danh mục hành chính chuẩn,2026-09-12,DataVietNam,2026-09-12
BCA_CA_BDH_PA03,Phòng An ninh chính trị nội bộ - Công an Tỉnh Bình Định,BCA,province,2018,2026,dvc_2018,https://dichvucong.gov.vn/archive/2018,generated_catalog,source,2026-09-12T19:42:24.601202,crawl_2018_2026,Phòng An ninh chính trị nội bộ - Công an Tỉnh Bình Định,BCA_CA_BDH_PA03,phong an ninh chinh tri noi bo cong an tinh binh inh,BCA,Annotator_A,HIGH,Khớp hoàn toàn danh mục hành chính chuẩn,2026-09-12,DataVietNam,2026-09-12
BCA_CA_BDH_PA05,Phòng An ninh mạng và phòng chống tội phạm công nghệ cao - Công an Tỉnh Bình Định,BCA,province,2018,2026,dvc_2018,https://dichvucong.gov.vn/archive/2018,generated_catalog,source,2026-09-12T19:42:24.601202,crawl_2018_2026,Phòng An ninh mạng và phòng chống tội phạm công nghệ cao - Công an Tỉnh Bình Định,BCA_CA_BDH_PA05,phong an ninh mang va phong chong toi pham cong nghe cao cong an tinh binh inh,BCA,Annotator_A,HIGH,Khớp hoàn toàn danh mục hành chính chuẩn,2026-09-12,DataVietNam,2026-09-12
BCA_CA_QNG,Công an Tỉnh Quảng Ngãi,BCA,province,2018,2026,dvc_2018,https://dichvucong.gov.vn/archive/2018,generated_catalog,source,2026-09-12T19:42:24.601202,crawl_2018_2026,Công an Tỉnh Quảng Ngãi,BCA_CA_QNG,cong an tinh quang ngai,BCA,Annotator_A,HIGH,Khớp hoàn toàn danh mục hành chính chuẩn,2026-09-12,DataVietNam,2026-09-12
BCA_CA_QNG_PC01,Văn phòng Cơ quan Cảnh sát điều tra - Công an Tỉnh Quảng Ngãi,BCA,ministry,2018,2026,dvc_2018,https://dichvucong.gov.vn/archive/2018,generated_catalog,source,2026-09-12T19:42:24.601202,crawl_2018_2026,Văn phòng Cơ quan Cảnh sát điều tra - Công an Tỉnh Quảng Ngãi,BCA_CA_QNG_PC01,van phong co quan canh sat ieu tra cong an tinh quang ngai,BCA,Annotator_A,HIGH,Khớp hoàn toàn danh mục hành chính chuẩn,2026-09-12,DataVietNam,2026-09-12
BCA_CA_QNG_PC02,Phòng Cảnh sát hình sự - Công an Tỉnh Quảng Ngãi,BCA,province,2018,2026,dvc_2018,https://dichvucong.gov.vn/archive/2018,generated_catalog,source,2026-09-12T19:42:24.601202,crawl_2018_2026,Phòng Cảnh sát hình sự - Công an Tỉnh Quảng Ngãi,BCA_CA_QNG_PC02,phong canh sat hinh su cong an tinh quang ngai,BCA,Annotator_A,HIGH,Khớp hoàn toàn danh mục hành chính chuẩn,2026-09-12,DataVietNam,2026-09-12
BCA_CA_QNG_PC03,Phòng Cảnh sát kinh tế - Công an Tỉnh Quảng Ngãi,BCA,province,2018,2026,dvc_2018,https://dichvucong.gov.vn/archive/2018,generated_catalog,source,2026-09-12T19:42:24.601202,crawl_2018_2026,Phòng Cảnh sát kinh tế - Công an Tỉnh Quảng Ngãi,BCA_CA_QNG_PC03,phong canh sat kinh te cong an tinh quang ngai,BCA,Annotator_A,HIGH,Khớp hoàn toàn danh mục hành chính chuẩn,2026-09-12,DataVietNam,2026-09-12
BCA_CA_QNG_PC04,Phòng Cảnh sát điều tra tội phạm về ma túy - Công an Tỉnh Quảng Ngãi,BCA,province,2018,2026,dvc_2018,https://dichvucong.gov.vn/archive/2018,generated_catalog,source,2026-09-12T19:42:24.601202,crawl_2018_2026,Phòng Cảnh sát điều tra tội phạm về ma túy - Công an Tỉnh Quảng Ngãi,BCA_CA_QNG_PC04,phong canh sat ieu tra toi pham ve ma tuy cong an tinh quang ngai,BCA,Annotator_A,HIGH,Khớp hoàn toàn danh mục hành chính chuẩn,2026-09-12,DataVietNam,2026-09-12
BCA_CA_QNG_PC06,Phòng Cảnh sát quản lý hành chính về trật tự xã hội - Công an Tỉnh Quảng Ngãi,BCA,province,2018,2026,dvc_2018,https://dichvucong.gov.vn/archive/2018,generated_catalog,source,2026-09-12T19:42:24.601202,crawl_2018_2026,Phòng Cảnh sát quản lý hành chính về trật tự xã hội - Công an Tỉnh Quảng Ngãi,BCA_CA_QNG_PC06,phong canh sat quan ly hanh chinh ve trat tu xa hoi cong an tinh quang ngai,BCA,Annotator_A,HIGH,Khớp hoàn toàn danh mục hành chính chuẩn,2026-09-12,DataVietNam,2026-09-12
BCA_CA_QNG_PC07,Phòng Cảnh sát Phòng cháy chữa cháy và Cứu nạn cứu hộ - Công an Tỉnh Quảng Ngãi,BCA,province,2018,2026,dvc_2018,https://dichvucong.gov.vn/archive/2018,generated_catalog,source,2026-09-12T19:42:24.601202,crawl_2018_2026,Phòng Cảnh sát Phòng cháy chữa cháy và Cứu nạn cứu hộ - Công an Tỉnh Quảng Ngãi,BCA_CA_QNG_PC07,phong canh sat phong chay chua chay va cuu nan cuu ho cong an tinh quang ngai,BCA,Annotator_A,HIGH,Khớp hoàn toàn danh mục hành chính chuẩn,2026-09-12,DataVietNam,2026-09-12
BCA_CA_QNG_PC08,Phòng Cảnh sát giao thông - Công an Tỉnh Quảng Ngãi,BCA,province,2018,2026,dvc_2018,https://dichvucong.gov.vn/archive/2018,generated_catalog,source,2026-09-12T19:42:24.601202,crawl_2018_2026,Phòng Cảnh sát giao thông - Công an Tỉnh Quảng Ngãi,BCA_CA_QNG_PC08,phong canh sat giao thong cong an tinh quang ngai,BCA,Annotator_A,HIGH,Khớp hoàn toàn danh mục hành chính chuẩn,2026-09-12,DataVietNam,2026-09-12
BCA_CA_QNG_PA01,Phòng An ninh đối ngoại - Công an Tỉnh Quảng Ngãi,BCA,province,2018,2026,dvc_2018,https://dichvucong.gov.vn/archive/2018,generated_catalog,source,2026-09-12T19:42:24.601202,crawl_2018_2026,Phòng An ninh đối ngoại - Công an Tỉnh Quảng Ngãi,BCA_CA_QNG_PA01,phong an ninh oi ngoai cong an tinh quang ngai,BCA,Annotator_A,HIGH,Khớp hoàn toàn danh mục hành chính chuẩn,2026-09-12,DataVietNam,2026-09-12
BCA_CA_QNG_PA02,Phòng An ninh nội địa - Công an Tỉnh Quảng Ngãi,BCA,province,2018,2026,dvc_2018,https://dichvucong.gov.vn/archive/2018,generated_catalog,source,2026-09-12T19:42:24.601202,crawl_2018_2026,Phòng An ninh nội địa - Công an Tỉnh Quảng Ngãi,BCA_CA_QNG_PA02,phong an ninh noi ia cong an tinh quang ngai,BCA,Annotator_A,HIGH,Khớp hoàn toàn danh mục hành chính chuẩn,2026-09-12,DataVietNam,2026-09-12
BCA_CA_QNG_PA03,Phòng An ninh chính trị nội bộ - Công an Tỉnh Quảng Ngãi,BCA,province,2018,2026,dvc_2018,https://dichvucong.gov.vn/archive/2018,generated_catalog,source,2026-09-12T19:42:24.601202,crawl_2018_2026,Phòng An ninh chính trị nội bộ - Công an Tỉnh Quảng Ngãi,BCA_CA_QNG_PA03,phong an ninh chinh tri noi bo cong an tinh quang ngai,BCA,Annotator_A,HIGH,Khớp hoàn toàn danh mục hành chính chuẩn,2026-09-12,DataVietNam,2026-09-12
BCA_CA_QNG_PA05,Phòng An ninh mạng và phòng chống tội phạm công nghệ cao - Công an Tỉnh Quảng Ngãi,BCA,province,2018,2026,dvc_2018,https://dichvucong.gov.vn/archive/2018,generated_catalog,source,2026-09-12T19:42:24.601202,crawl_2018_2026,Phòng An ninh mạng và phòng chống tội phạm công nghệ cao - Công an Tỉnh Quảng Ngãi,BCA_CA_QNG_PA05,phong an ninh mang va phong chong toi pham cong nghe cao cong an tinh quang ngai,BCA,Annotator_A,HIGH,Khớp hoàn toàn danh mục hành chính chuẩn,2026-09-12,DataVietNam,2026-09-12
BCA_CA_QNA,Công an Tỉnh Quảng Nam,BCA,province,2018,2026,dvc_2018,https://dichvucong.gov.vn/archive/2018,generated_catalog,source,2026-09-12T19:42:24.601202,crawl_2018_2026,Công an Tỉnh Quảng Nam,BCA_CA_QNA,cong an tinh quang nam,BCA,Annotator_A,HIGH,Khớp hoàn toàn danh mục hành chính chuẩn,2026-09-12,DataVietNam,2026-09-12
BCA_CA_QNA_PC01,Văn phòng Cơ quan Cảnh sát điều tra - Công an Tỉnh Quảng Nam,BCA,ministry,2018,2026,dvc_2018,https://dichvucong.gov.vn/archive/2018,generated_catalog,source,2026-09-12T19:42:24.601202,crawl_2018_2026,Văn phòng Cơ quan Cảnh sát điều tra - Công an Tỉnh Quảng Nam,BCA_CA_QNA_PC01,van phong co quan canh sat ieu tra cong an tinh quang nam,BCA,Annotator_A,HIGH,Khớp hoàn toàn danh mục hành chính chuẩn,2026-09-12,DataVietNam,2026-09-12
BCA_CA_QNA_PC02,Phòng Cảnh sát hình sự - Công an Tỉnh Quảng Nam,BCA,province,2018,2026,dvc_2018,https://dichvucong.gov.vn/archive/2018,generated_catalog,source,2026-09-12T19:42:24.601202,crawl_2018_2026,Phòng Cảnh sát hình sự - Công an Tỉnh Quảng Nam,BCA_CA_QNA_PC02,phong canh sat hinh su cong an tinh quang nam,BCA,Annotator_A,HIGH,Khớp hoàn toàn danh mục hành chính chuẩn,2026-09-12,DataVietNam,2026-09-12
BCA_CA_QNA_PC03,Phòng Cảnh sát kinh tế - Công an Tỉnh Quảng Nam,BCA,province,2018,2026,dvc_2018,https://dichvucong.gov.vn/archive/2018,generated_catalog,source,2026-09-12T19:42:24.601202,crawl_2018_2026,Phòng Cảnh sát kinh tế - Công an Tỉnh Quảng Nam,BCA_CA_QNA_PC03,phong canh sat kinh te cong an tinh quang nam,BCA,Annotator_A,HIGH,Khớp hoàn toàn danh mục hành chính chuẩn,2026-09-12,DataVietNam,2026-09-12
BCA_CA_QNA_PC04,Phòng Cảnh sát điều tra tội phạm về ma túy - Công an Tỉnh Quảng Nam,BCA,province,2018,2026,dvc_2018,https://dichvucong.gov.vn/archive/2018,generated_catalog,source,2026-09-12T19:42:24.601202,crawl_2018_2026,Phòng Cảnh sát điều tra tội phạm về ma túy - Công an Tỉnh Quảng Nam,BCA_CA_QNA_PC04,phong canh sat ieu tra toi pham ve ma tuy cong an tinh quang nam,BCA,Annotator_A,HIGH,Khớp hoàn toàn danh mục hành chính chuẩn,2026-09-12,DataVietNam,2026-09-12
BCA_CA_QNA_PC06,Phòng Cảnh sát quản lý hành chính về trật tự xã hội - Công an Tỉnh Quảng Nam,BCA,province,2018,2026,dvc_2018,https://dichvucong.gov.vn/archive/2018,generated_catalog,source,2026-09-12T19:42:24.601202,crawl_2018_2026,Phòng Cảnh sát quản lý hành chính về trật tự xã hội - Công an Tỉnh Quảng Nam,BCA_CA_QNA_PC06,phong canh sat quan ly hanh chinh ve trat tu xa hoi cong an tinh quang nam,BCA,Annotator_A,HIGH,Khớp hoàn toàn danh mục hành chính chuẩn,2026-09-12,DataVietNam,2026-09-12
BCA_CA_QNA_PC07,Phòng Cảnh sát Phòng cháy chữa cháy và Cứu nạn cứu hộ - Công an Tỉnh Quảng Nam,BCA,province,2018,2026,dvc_2018,https://dichvucong.gov.vn/archive/2018,generated_catalog,source,2026-09-12T19:42:24.601202,crawl_2018_2026,Phòng Cảnh sát Phòng cháy chữa cháy và Cứu nạn cứu hộ - Công an Tỉnh Quảng Nam,BCA_CA_QNA_PC07,phong canh sat phong chay chua chay va cuu nan cuu ho cong an tinh quang nam,BCA,Annotator_A,HIGH,Khớp hoàn toàn danh mục hành chính chuẩn,2026-09-12,DataVietNam,2026-09-12
BCA_CA_QNA_PC08,Phòng Cảnh sát giao thông - Công an Tỉnh Quảng Nam,BCA,province,2018,2026,dvc_2018,https://dichvucong.gov.vn/archive/2018,generated_catalog,source,2026-09-12T19:42:24.601202,crawl_2018_2026,Phòng Cảnh sát giao thông - Công an Tỉnh Quảng Nam,BCA_CA_QNA_PC08,phong canh sat giao thong cong an tinh quang nam,BCA,Annotator_A,HIGH,Khớp hoàn toàn danh mục hành chính chuẩn,2026-09-12,DataVietNam,2026-09-12
BCA_CA_QNA_PA01,Phòng An ninh đối ngoại - Công an Tỉnh Quảng Nam,BCA,province,2018,2026,dvc_2018,https://dichvucong.gov.vn/archive/2018,generated_catalog,source,2026-09-12T19:42:24.601202,crawl_2018_2026,Phòng An ninh đối ngoại - Công an Tỉnh Quảng Nam,BCA_CA_QNA_PA01,phong an ninh oi ngoai cong an tinh quang nam,BCA,Annotator_A,HIGH,Khớp hoàn toàn danh mục hành chính chuẩn,2026-09-12,DataVietNam,2026-09-12
BCA_CA_QNA_PA02,Phòng An ninh nội địa - Công an Tỉnh Quảng Nam,BCA,province,2018,2026,dvc_2018,https://dichvucong.gov.vn/archive/2018,generated_catalog,source,2026-09-12T19:42:24.601202,crawl_2018_2026,Phòng An ninh nội địa - Công an Tỉnh Quảng Nam,BCA_CA_QNA_PA02,phong an ninh noi ia cong an tinh quang nam,BCA,Annotator_A,HIGH,Khớp hoàn toàn danh mục hành chính chuẩn,2026-09-12,DataVietNam,2026-09-12
BCA_CA_QNA_PA03,Phòng An ninh chính trị nội bộ - Công an Tỉnh Quảng Nam,BCA,province,2018,2026,dvc_2018,https://dichvucong.gov.vn/archive/2018,generated_catalog,source,2026-09-12T19:42:24.601202,crawl_2018_2026,Phòng An ninh chính trị nội bộ - Công an Tỉnh Quảng Nam,BCA_CA_QNA_PA03,phong an ninh chinh tri noi bo cong an tinh quang nam,BCA,Annotator_A,HIGH,Khớp hoàn toàn danh mục hành chính chuẩn,2026-09-12,DataVietNam,2026-09-12
BCA_CA_QNA_PA05,Phòng An ninh mạng và phòng chống tội phạm công nghệ cao - Công an Tỉnh Quảng Nam,BCA,province,2018,2026,dvc_2018,https://dichvucong.gov.vn/archive/2018,generated_catalog,source,2026-09-12T19:42:24.601202,crawl_2018_2026,Phòng An ninh mạng và phòng chống tội phạm công nghệ cao - Công an Tỉnh Quảng Nam,BCA_CA_QNA_PA05,phong an ninh mang va phong chong toi pham cong nghe cao cong an tinh quang nam,BCA,Annotator_A,HIGH,Khớp hoàn toàn danh mục hành chính chuẩn,2026-09-12,DataVietNam,2026-09-12
BCA_CA_TTH,Công an Tỉnh Thừa Thiên Huế,BCA,province,2018,2024,dvc_2018,https://dichvucong.gov.vn/archive/2018,generated_catalog,source,2026-09-12T19:42:24.601202,crawl_2018_2026,Công an Tỉnh Thừa Thiên Huế,BCA_CA_TTH,cong an tinh thua thien hue,BCA,Annotator_A,HIGH,Khớp hoàn toàn danh mục hành chính chuẩn,2026-09-12,DataVietNam,2026-09-12
BCA_CA_TTH_PC01,Văn phòng Cơ quan Cảnh sát điều tra - Công an Tỉnh Thừa Thiên Huế,BCA,ministry,2018,2024,dvc_2018,https://dichvucong.gov.vn/archive/2018,generated_catalog,source,2026-09-12T19:42:24.601202,crawl_2018_2026,Văn phòng Cơ quan Cảnh sát điều tra - Công an Tỉnh Thừa Thiên Huế,BCA_CA_TTH_PC01,van phong co quan canh sat ieu tra cong an tinh thua thien hue,BCA,Annotator_A,HIGH,Khớp hoàn toàn danh mục hành chính chuẩn,2026-09-12,DataVietNam,2026-09-12
BCA_CA_TTH_PC02,Phòng Cảnh sát hình sự - Công an Tỉnh Thừa Thiên Huế,BCA,province,2018,2024,dvc_2018,https://dichvucong.gov.vn/archive/2018,generated_catalog,source,2026-09-12T19:42:24.601202,crawl_2018_2026,Phòng Cảnh sát hình sự - Công an Tỉnh Thừa Thiên Huế,BCA_CA_TTH_PC02,phong canh sat hinh su cong an tinh thua thien hue,BCA,Annotator_A,HIGH,Khớp hoàn toàn danh mục hành chính chuẩn,2026-09-12,DataVietNam,2026-09-12
BCA_CA_TTH_PC03,Phòng Cảnh sát kinh tế - Công an Tỉnh Thừa Thiên Huế,BCA,province,2018,2024,dvc_2018,https://dichvucong.gov.vn/archive/2018,generated_catalog,source,2026-09-12T19:42:24.601202,crawl_2018_2026,Phòng Cảnh sát kinh tế - Công an Tỉnh Thừa Thiên Huế,BCA_CA_TTH_PC03,phong canh sat kinh te cong an tinh thua thien hue,BCA,Annotator_A,HIGH,Khớp hoàn toàn danh mục hành chính chuẩn,2026-09-12,DataVietNam,2026-09-12
BCA_CA_TTH_PC04,Phòng Cảnh sát điều tra tội phạm về ma túy - Công an Tỉnh Thừa Thiên Huế,BCA,province,2018,2024,dvc_2018,https://dichvucong.gov.vn/archive/2018,generated_catalog,source,2026-09-12T19:42:24.601202,crawl_2018_2026,Phòng Cảnh sát điều tra tội phạm về ma túy - Công an Tỉnh Thừa Thiên Huế,BCA_CA_TTH_PC04,phong canh sat ieu tra toi pham ve ma tuy cong an tinh thua thien hue,BCA,Annotator_A,HIGH,Khớp hoàn toàn danh mục hành chính chuẩn,2026-09-12,DataVietNam,2026-09-12
BCA_CA_TTH_PC06,Phòng Cảnh sát quản lý hành chính về trật tự xã hội - Công an Tỉnh Thừa Thiên Huế,BCA,province,2018,2024,dvc_2018,https://dichvucong.gov.vn/archive/2018,generated_catalog,source,2026-09-12T19:42:24.601202,crawl_2018_2026,Phòng Cảnh sát quản lý hành chính về trật tự xã hội - Công an Tỉnh Thừa Thiên Huế,BCA_CA_TTH_PC06,phong canh sat quan ly hanh chinh ve trat tu xa hoi cong an tinh thua thien hue,BCA,Annotator_A,HIGH,Khớp hoàn toàn danh mục hành chính chuẩn,2026-09-12,DataVietNam,2026-09-12
BCA_CA_TTH_PC07,Phòng Cảnh sát Phòng cháy chữa cháy và Cứu nạn cứu hộ - Công an Tỉnh Thừa Thiên Huế,BCA,province,2018,2024,dvc_2018,https://dichvucong.gov.vn/archive/2018,generated_catalog,source,2026-09-12T19:42:24.601202,crawl_2018_2026,Phòng Cảnh sát Phòng cháy chữa cháy và Cứu nạn cứu hộ - Công an Tỉnh Thừa Thiên Huế,BCA_CA_TTH_PC07,phong canh sat phong chay chua chay va cuu nan cuu ho cong an tinh thua thien hue,BCA,Annotator_A,HIGH,Khớp hoàn toàn danh mục hành chính chuẩn,2026-09-12,DataVietNam,2026-09-12
BCA_CA_TTH_PC08,Phòng Cảnh sát giao thông - Công an Tỉnh Thừa Thiên Huế,BCA,province,2018,2024,dvc_2018,https://dichvucong.gov.vn/archive/2018,generated_catalog,source,2026-09-12T19:42:24.601202,crawl_2018_2026,Phòng Cảnh sát giao thông - Công an Tỉnh Thừa Thiên Huế,BCA_CA_TTH_PC08,phong canh sat giao thong cong an tinh thua thien hue,BCA,Annotator_A,HIGH,Khớp hoàn toàn danh mục hành chính chuẩn,2026-09-12,DataVietNam,2026-09-12
BCA_CA_TTH_PA01,Phòng An ninh đối ngoại - Công an Tỉnh Thừa Thiên Huế,BCA,province,2018,2024,dvc_2018,https://dichvucong.gov.vn/archive/2018,generated_catalog,source,2026-09-12T19:42:24.601202,crawl_2018_2026,Phòng An ninh đối ngoại - Công an Tỉnh Thừa Thiên Huế,BCA_CA_TTH_PA01,phong an ninh oi ngoai cong an tinh thua thien hue,BCA,Annotator_A,HIGH,Khớp hoàn toàn danh mục hành chính chuẩn,2026-09-12,DataVietNam,2026-09-12
BCA_CA_TTH_PA02,Phòng An ninh nội địa - Công an Tỉnh Thừa Thiên Huế,BCA,province,2018,2024,dvc_2018,https://dichvucong.gov.vn/archive/2018,generated_catalog,source,2026-09-12T19:42:24.601202,crawl_2018_2026,Phòng An ninh nội địa - Công an Tỉnh Thừa Thiên Huế,BCA_CA_TTH_PA02,phong an ninh noi ia cong an tinh thua thien hue,BCA,Annotator_A,HIGH,Khớp hoàn toàn danh mục hành chính chuẩn,2026-09-12,DataVietNam,2026-09-12
BCA_CA_TTH_PA03,Phòng An ninh chính trị nội bộ - Công an Tỉnh Thừa Thiên Huế,BCA,province,2018,2024,dvc_2018,https://dichvucong.gov.vn/archive/2018,generated_catalog,source,2026-09-12T19:42:24.601202,crawl_2018_2026,Phòng An ninh chính trị nội bộ - Công an Tỉnh Thừa Thiên Huế,BCA_CA_TTH_PA03,phong an ninh chinh tri noi bo cong an tinh thua thien hue,BCA,Annotator_A,HIGH,Khớp hoàn toàn danh mục hành chính chuẩn,2026-09-12,DataVietNam,2026-09-12
BCA_CA_TTH_PA05,Phòng An ninh mạng và phòng chống tội phạm công nghệ cao - Công an Tỉnh Thừa Thiên Huế,BCA,province,2018,2024,dvc_2018,https://dichvucong.gov.vn/archive/2018,generated_catalog,source,2026-09-12T19:42:24.601202,crawl_2018_2026,Phòng An ninh mạng và phòng chống tội phạm công nghệ cao - Công an Tỉnh Thừa Thiên Huế,BCA_CA_TTH_PA05,phong an ninh mang va phong chong toi pham cong nghe cao cong an tinh thua thien hue,BCA,Annotator_A,HIGH,Khớp hoàn toàn danh mục hành chính chuẩn,2026-09-12,DataVietNam,2026-09-12
BCA_CA_QTR,Công an Tỉnh Quảng Trị,BCA,province,2018,2026,dvc_2018,https://dichvucong.gov.vn/archive/2018,generated_catalog,source,2026-09-12T19:42:24.601202,crawl_2018_2026,Công an Tỉnh Quảng Trị,BCA_CA_QTR,cong an tinh quang tri,BCA,Annotator_A,HIGH,Khớp hoàn toàn danh mục hành chính chuẩn,2026-09-12,DataVietNam,2026-09-12
BCA_CA_QTR_PC01,Văn phòng Cơ quan Cảnh sát điều tra - Công an Tỉnh Quảng Trị,BCA,ministry,2018,2026,dvc_2018,https://dichvucong.gov.vn/archive/2018,generated_catalog,source,2026-09-12T19:42:24.601202,crawl_2018_2026,Văn phòng Cơ quan Cảnh sát điều tra - Công an Tỉnh Quảng Trị,BCA_CA_QTR_PC01,van phong co quan canh sat ieu tra cong an tinh quang tri,BCA,Annotator_A,HIGH,Khớp hoàn toàn danh mục hành chính chuẩn,2026-09-12,DataVietNam,2026-09-12
BCA_CA_QTR_PC02,Phòng Cảnh sát hình sự - Công an Tỉnh Quảng Trị,BCA,province,2018,2026,dvc_2018,https://dichvucong.gov.vn/archive/2018,generated_catalog,source,2026-09-12T19:42:24.601202,crawl_2018_2026,Phòng Cảnh sát hình sự - Công an Tỉnh Quảng Trị,BCA_CA_QTR_PC02,phong canh sat hinh su cong an tinh quang tri,BCA,Annotator_A,HIGH,Khớp hoàn toàn danh mục hành chính chuẩn,2026-09-12,DataVietNam,2026-09-12
BCA_CA_QTR_PC03,Phòng Cảnh sát kinh tế - Công an Tỉnh Quảng Trị,BCA,province,2018,2026,dvc_2018,https://dichvucong.gov.vn/archive/2018,generated_catalog,source,2026-09-12T19:42:24.601202,crawl_2018_2026,Phòng Cảnh sát kinh tế - Công an Tỉnh Quảng Trị,BCA_CA_QTR_PC03,phong canh sat kinh te cong an tinh quang tri,BCA,Annotator_A,HIGH,Khớp hoàn toàn danh mục hành chính chuẩn,2026-09-12,DataVietNam,2026-09-12
BCA_CA_QTR_PC04,Phòng Cảnh sát điều tra tội phạm về ma túy - Công an Tỉnh Quảng Trị,BCA,province,2018,2026,dvc_2018,https://dichvucong.gov.vn/archive/2018,generated_catalog,source,2026-09-12T19:42:24.601202,crawl_2018_2026,Phòng Cảnh sát điều tra tội phạm về ma túy - Công an Tỉnh Quảng Trị,BCA_CA_QTR_PC04,phong canh sat ieu tra toi pham ve ma tuy cong an tinh quang tri,BCA,Annotator_A,HIGH,Khớp hoàn toàn danh mục hành chính chuẩn,2026-09-12,DataVietNam,2026-09-12
BCA_CA_QTR_PC06,Phòng Cảnh sát quản lý hành chính về trật tự xã hội - Công an Tỉnh Quảng Trị,BCA,province,2018,2026,dvc_2018,https://dichvucong.gov.vn/archive/2018,generated_catalog,source,2026-09-12T19:42:24.601202,crawl_2018_2026,Phòng Cảnh sát quản lý hành chính về trật tự xã hội - Công an Tỉnh Quảng Trị,BCA_CA_QTR_PC06,phong canh sat quan ly hanh chinh ve trat tu xa hoi cong an tinh quang tri,BCA,Annotator_A,HIGH,Khớp hoàn toàn danh mục hành chính chuẩn,2026-09-12,DataVietNam,2026-09-12
BCA_CA_QTR_PC07,Phòng Cảnh sát Phòng cháy chữa cháy và Cứu nạn cứu hộ - Công an Tỉnh Quảng Trị,BCA,province,2018,2026,dvc_2018,https://dichvucong.gov.vn/archive/2018,generated_catalog,source,2026-09-12T19:42:24.601202,crawl_2018_2026,Phòng Cảnh sát Phòng cháy chữa cháy và Cứu nạn cứu hộ - Công an Tỉnh Quảng Trị,BCA_CA_QTR_PC07,phong canh sat phong chay chua chay va cuu nan cuu ho cong an tinh quang tri,BCA,Annotator_A,HIGH,Khớp hoàn toàn danh mục hành chính chuẩn,2026-09-12,DataVietNam,2026-09-12
BCA_CA_QTR_PC08,Phòng Cảnh sát giao thông - Công an Tỉnh Quảng Trị,BCA,province,2018,2026,dvc_2018,https://dichvucong.gov.vn/archive/2018,generated_catalog,source,2026-09-12T19:42:24.601202,crawl_2018_2026,Phòng Cảnh sát giao thông - Công an Tỉnh Quảng Trị,BCA_CA_QTR_PC08,phong canh sat giao thong cong an tinh quang tri,BCA,Annotator_A,HIGH,Khớp hoàn toàn danh mục hành chính chuẩn,2026-09-12,DataVietNam,2026-09-12
BCA_CA_QTR_PA01,Phòng An ninh đối ngoại - Công an Tỉnh Quảng Trị,BCA,province,2018,2026,dvc_2018,https://dichvucong.gov.vn/archive/2018,generated_catalog,source,2026-09-12T19:42:24.601202,crawl_2018_2026,Phòng An ninh đối ngoại - Công an Tỉnh Quảng Trị,BCA_CA_QTR_PA01,phong an ninh oi ngoai cong an tinh quang tri,BCA,Annotator_A,HIGH,Khớp hoàn toàn danh mục hành chính chuẩn,2026-09-12,DataVietNam,2026-09-12
BCA_CA_QTR_PA02,Phòng An ninh nội địa - Công an Tỉnh Quảng Trị,BCA,province,2018,2026,dvc_2018,https://dichvucong.gov.vn/archive/2018,generated_catalog,source,2026-09-12T19:42:24.601202,crawl_2018_2026,Phòng An ninh nội địa - Công an Tỉnh Quảng Trị,BCA_CA_QTR_PA02,phong an ninh noi ia cong an tinh quang tri,BCA,Annotator_A,HIGH,Khớp hoàn toàn danh mục hành chính chuẩn,2026-09-12,DataVietNam,2026-09-12
BCA_CA_QTR_PA03,Phòng An ninh chính trị nội bộ - Công an Tỉnh Quảng Trị,BCA,province,2018,2026,dvc_2018,https://dichvucong.gov.vn/archive/2018,generated_catalog,source,2026-09-12T19:42:24.601202,crawl_2018_2026,Phòng An ninh chính trị nội bộ - Công an Tỉnh Quảng Trị,BCA_CA_QTR_PA03,phong an ninh chinh tri noi bo cong an tinh quang tri,BCA,Annotator_A,HIGH,Khớp hoàn toàn danh mục hành chính chuẩn,2026-09-12,DataVietNam,2026-09-12
BCA_CA_QTR_PA05,Phòng An ninh mạng và phòng chống tội phạm công nghệ cao - Công an Tỉnh Quảng Trị,BCA,province,2018,2026,dvc_2018,https://dichvucong.gov.vn/archive/2018,generated_catalog,source,2026-09-12T19:42:24.601202,crawl_2018_2026,Phòng An ninh mạng và phòng chống tội phạm công nghệ cao - Công an Tỉnh Quảng Trị,BCA_CA_QTR_PA05,phong an ninh mang va phong chong toi pham cong nghe cao cong an tinh quang tri,BCA,Annotator_A,HIGH,Khớp hoàn toàn danh mục hành chính chuẩn,2026-09-12,DataVietNam,2026-09-12
BCA_CA_QBI,Công an Tỉnh Quảng Bình,BCA,province,2018,2026,dvc_2018,https://dichvucong.gov.vn/archive/2018,generated_catalog,source,2026-09-12T19:42:24.601202,crawl_2018_2026,Công an Tỉnh Quảng Bình,BCA_CA_QBI,cong an tinh quang binh,BCA,Annotator_A,HIGH,Khớp hoàn toàn danh mục hành chính chuẩn,2026-09-12,DataVietNam,2026-09-12
BCA_CA_QBI_PC01,Văn phòng Cơ quan Cảnh sát điều tra - Công an Tỉnh Quảng Bình,BCA,ministry,2018,2026,dvc_2018,https://dichvucong.gov.vn/archive/2018,generated_catalog,source,2026-09-12T19:42:24.601202,crawl_2018_2026,Văn phòng Cơ quan Cảnh sát điều tra - Công an Tỉnh Quảng Bình,BCA_CA_QBI_PC01,van phong co quan canh sat ieu tra cong an tinh quang binh,BCA,Annotator_A,HIGH,Khớp hoàn toàn danh mục hành chính chuẩn,2026-09-12,DataVietNam,2026-09-12
BCA_CA_QBI_PC02,Phòng Cảnh sát hình sự - Công an Tỉnh Quảng Bình,BCA,province,2018,2026,dvc_2018,https://dichvucong.gov.vn/archive/2018,generated_catalog,source,2026-09-12T19:42:24.601202,crawl_2018_2026,Phòng Cảnh sát hình sự - Công an Tỉnh Quảng Bình,BCA_CA_QBI_PC02,phong canh sat hinh su cong an tinh quang binh,BCA,Annotator_A,HIGH,Khớp hoàn toàn danh mục hành chính chuẩn,2026-09-12,DataVietNam,2026-09-12
BCA_CA_QBI_PC03,Phòng Cảnh sát kinh tế - Công an Tỉnh Quảng Bình,BCA,province,2018,2026,dvc_2018,https://dichvucong.gov.vn/archive/2018,generated_catalog,source,2026-09-12T19:42:24.601202,crawl_2018_2026,Phòng Cảnh sát kinh tế - Công an Tỉnh Quảng Bình,BCA_CA_QBI_PC03,phong canh sat kinh te cong an tinh quang binh,BCA,Annotator_A,HIGH,Khớp hoàn toàn danh mục hành chính chuẩn,2026-09-12,DataVietNam,2026-09-12
BCA_CA_QBI_PC04,Phòng Cảnh sát điều tra tội phạm về ma túy - Công an Tỉnh Quảng Bình,BCA,province,2018,2026,dvc_2018,https://dichvucong.gov.vn/archive/2018,generated_catalog,source,2026-09-12T19:42:24.601202,crawl_2018_2026,Phòng Cảnh sát điều tra tội phạm về ma túy - Công an Tỉnh Quảng Bình,BCA_CA_QBI_PC04,phong canh sat ieu tra toi pham ve ma tuy cong an tinh quang binh,BCA,Annotator_A,HIGH,Khớp hoàn toàn danh mục hành chính chuẩn,2026-09-12,DataVietNam,2026-09-12
BCA_CA_QBI_PC06,Phòng Cảnh sát quản lý hành chính về trật tự xã hội - Công an Tỉnh Quảng Bình,BCA,province,2018,2026,dvc_2018,https://dichvucong.gov.vn/archive/2018,generated_catalog,source,2026-09-12T19:42:24.601202,crawl_2018_2026,Phòng Cảnh sát quản lý hành chính về trật tự xã hội - Công an Tỉnh Quảng Bình,BCA_CA_QBI_PC06,phong canh sat quan ly hanh chinh ve trat tu xa hoi cong an tinh quang binh,BCA,Annotator_A,HIGH,Khớp hoàn toàn danh mục hành chính chuẩn,2026-09-12,DataVietNam,2026-09-12
BCA_CA_QBI_PC07,Phòng Cảnh sát Phòng cháy chữa cháy và Cứu nạn cứu hộ - Công an Tỉnh Quảng Bình,BCA,province,2018,2026,dvc_2018,https://dichvucong.gov.vn/archive/2018,generated_catalog,source,2026-09-12T19:42:24.601202,crawl_2018_2026,Phòng Cảnh sát Phòng cháy chữa cháy và Cứu nạn cứu hộ - Công an Tỉnh Quảng Bình,BCA_CA_QBI_PC07,phong canh sat phong chay chua chay va cuu nan cuu ho cong an tinh quang binh,BCA,Annotator_A,HIGH,Khớp hoàn toàn danh mục hành chính chuẩn,2026-09-12,DataVietNam,2026-09-12
BCA_CA_QBI_PC08,Phòng Cảnh sát giao thông - Công an Tỉnh Quảng Bình,BCA,province,2018,2026,dvc_2018,https://dichvucong.gov.vn/archive/2018,generated_catalog,source,2026-09-12T19:42:24.601202,crawl_2018_2026,Phòng Cảnh sát giao thông - Công an Tỉnh Quảng Bình,BCA_CA_QBI_PC08,phong canh sat giao thong cong an tinh quang binh,BCA,Annotator_A,HIGH,Khớp hoàn toàn danh mục hành chính chuẩn,2026-09-12,DataVietNam,2026-09-12
BCA_CA_QBI_PA01,Phòng An ninh đối ngoại - Công an Tỉnh Quảng Bình,BCA,province,2018,2026,dvc_2018,https://dichvucong.gov.vn/archive/2018,generated_catalog,source,2026-09-12T19:42:24.601202,crawl_2018_2026,Phòng An ninh đối ngoại - Công an Tỉnh Quảng Bình,BCA_CA_QBI_PA01,phong an ninh oi ngoai cong an tinh quang binh,BCA,Annotator_A,HIGH,Khớp hoàn toàn danh mục hành chính chuẩn,2026-09-12,DataVietNam,2026-09-12
BCA_CA_QBI_PA02,Phòng An ninh nội địa - Công an Tỉnh Quảng Bình,BCA,province,2018,2026,dvc_2018,https://dichvucong.gov.vn/archive/2018,generated_catalog,source,2026-09-12T19:42:24.601202,crawl_2018_2026,Phòng An ninh nội địa - Công an Tỉnh Quảng Bình,BCA_CA_QBI_PA02,phong an ninh noi ia cong an tinh quang binh,BCA,Annotator_A,HIGH,Khớp hoàn toàn danh mục hành chính chuẩn,2026-09-12,DataVietNam,2026-09-12
BCA_CA_QBI_PA03,Phòng An ninh chính trị nội bộ - Công an Tỉnh Quảng Bình,BCA,province,2018,2026,dvc_2018,https://dichvucong.gov.vn/archive/2018,generated_catalog,source,2026-09-12T19:42:24.601202,crawl_2018_2026,Phòng An ninh chính trị nội bộ - Công an Tỉnh Quảng Bình,BCA_CA_QBI_PA03,phong an ninh chinh tri noi bo cong an tinh quang binh,BCA,Annotator_A,HIGH,Khớp hoàn toàn danh mục hành chính chuẩn,2026-09-12,DataVietNam,2026-09-12
BCA_CA_QBI_PA05,Phòng An ninh mạng và phòng chống tội phạm công nghệ cao - Công an Tỉnh Quảng Bình,BCA,province,2018,2026,dvc_2018,https://dichvucong.gov.vn/archive/2018,generated_catalog,source,2026-09-12T19:42:24.601202,crawl_2018_2026,Phòng An ninh mạng và phòng chống tội phạm công nghệ cao - Công an Tỉnh Quảng Bình,BCA_CA_QBI_PA05,phong an ninh mang va phong chong toi pham cong nghe cao cong an tinh quang binh,BCA,Annotator_A,HIGH,Khớp hoàn toàn danh mục hành chính chuẩn,2026-09-12,DataVietNam,2026-09-12
BCA_CA_HT,Công an Tỉnh Hà Tĩnh,BCA,province,2018,2026,dvc_2018,https://dichvucong.gov.vn/archive/2018,generated_catalog,source,2026-09-12T19:42:24.601202,crawl_2018_2026,Công an Tỉnh Hà Tĩnh,BCA_CA_HT,cong an tinh ha tinh,BCA,Annotator_A,HIGH,Khớp hoàn toàn danh mục hành chính chuẩn,2026-09-12,DataVietNam,2026-09-12
BCA_CA_HT_PC01,Văn phòng Cơ quan Cảnh sát điều tra - Công an Tỉnh Hà Tĩnh,BCA,ministry,2018,2026,dvc_2018,https://dichvucong.gov.vn/archive/2018,generated_catalog,source,2026-09-12T19:42:24.601202,crawl_2018_2026,Văn phòng Cơ quan Cảnh sát điều tra - Công an Tỉnh Hà Tĩnh,BCA_CA_HT_PC01,van phong co quan canh sat ieu tra cong an tinh ha tinh,BCA,Annotator_A,HIGH,Khớp hoàn toàn danh mục hành chính chuẩn,2026-09-12,DataVietNam,2026-09-12
BCA_CA_HT_PC02,Phòng Cảnh sát hình sự - Công an Tỉnh Hà Tĩnh,BCA,province,2018,2026,dvc_2018,https://dichvucong.gov.vn/archive/2018,generated_catalog,source,2026-09-12T19:42:24.601202,crawl_2018_2026,Phòng Cảnh sát hình sự - Công an Tỉnh Hà Tĩnh,BCA_CA_HT_PC02,phong canh sat hinh su cong an tinh ha tinh,BCA,Annotator_A,HIGH,Khớp hoàn toàn danh mục hành chính chuẩn,2026-09-12,DataVietNam,2026-09-12
BCA_CA_HT_PC03,Phòng Cảnh sát kinh tế - Công an Tỉnh Hà Tĩnh,BCA,province,2018,2026,dvc_2018,https://dichvucong.gov.vn/archive/2018,generated_catalog,source,2026-09-12T19:42:24.601202,crawl_2018_2026,Phòng Cảnh sát kinh tế - Công an Tỉnh Hà Tĩnh,BCA_CA_HT_PC03,phong canh sat kinh te cong an tinh ha tinh,BCA,Annotator_A,HIGH,Khớp hoàn toàn danh mục hành chính chuẩn,2026-09-12,DataVietNam,2026-09-12
BCA_CA_HT_PC04,Phòng Cảnh sát điều tra tội phạm về ma túy - Công an Tỉnh Hà Tĩnh,BCA,province,2018,2026,dvc_2018,https://dichvucong.gov.vn/archive/2018,generated_catalog,source,2026-09-12T19:42:24.601202,crawl_2018_2026,Phòng Cảnh sát điều tra tội phạm về ma túy - Công an Tỉnh Hà Tĩnh,BCA_CA_HT_PC04,phong canh sat ieu tra toi pham ve ma tuy cong an tinh ha tinh,BCA,Annotator_A,HIGH,Khớp hoàn toàn danh mục hành chính chuẩn,2026-09-12,DataVietNam,2026-09-12
BCA_CA_HT_PC06,Phòng Cảnh sát quản lý hành chính về trật tự xã hội - Công an Tỉnh Hà Tĩnh,BCA,province,2018,2026,dvc_2018,https://dichvucong.gov.vn/archive/2018,generated_catalog,source,2026-09-12T19:42:24.601202,crawl_2018_2026,Phòng Cảnh sát quản lý hành chính về trật tự xã hội - Công an Tỉnh Hà Tĩnh,BCA_CA_HT_PC06,phong canh sat quan ly hanh chinh ve trat tu xa hoi cong an tinh ha tinh,BCA,Annotator_A,HIGH,Khớp hoàn toàn danh mục hành chính chuẩn,2026-09-12,DataVietNam,2026-09-12
BCA_CA_HT_PC07,Phòng Cảnh sát Phòng cháy chữa cháy và Cứu nạn cứu hộ - Công an Tỉnh Hà Tĩnh,BCA,province,2018,2026,dvc_2018,https://dichvucong.gov.vn/archive/2018,generated_catalog,source,2026-09-12T19:42:24.601202,crawl_2018_2026,Phòng Cảnh sát Phòng cháy chữa cháy và Cứu nạn cứu hộ - Công an Tỉnh Hà Tĩnh,BCA_CA_HT_PC07,phong canh sat phong chay chua chay va cuu nan cuu ho cong an tinh ha tinh,BCA,Annotator_A,HIGH,Khớp hoàn toàn danh mục hành chính chuẩn,2026-09-12,DataVietNam,2026-09-12
BCA_CA_HT_PC08,Phòng Cảnh sát giao thông - Công an Tỉnh Hà Tĩnh,BCA,province,2018,2026,dvc_2018,https://dichvucong.gov.vn/archive/2018,generated_catalog,source,2026-09-12T19:42:24.601202,crawl_2018_2026,Phòng Cảnh sát giao thông - Công an Tỉnh Hà Tĩnh,BCA_CA_HT_PC08,phong canh sat giao thong cong an tinh ha tinh,BCA,Annotator_A,HIGH,Khớp hoàn toàn danh mục hành chính chuẩn,2026-09-12,DataVietNam,2026-09-12
BCA_CA_HT_PA01,Phòng An ninh đối ngoại - Công an Tỉnh Hà Tĩnh,BCA,province,2018,2026,dvc_2018,https://dichvucong.gov.vn/archive/2018,generated_catalog,source,2026-09-12T19:42:24.601202,crawl_2018_2026,Phòng An ninh đối ngoại - Công an Tỉnh Hà Tĩnh,BCA_CA_HT_PA01,phong an ninh oi ngoai cong an tinh ha tinh,BCA,Annotator_A,HIGH,Khớp hoàn toàn danh mục hành chính chuẩn,2026-09-12,DataVietNam,2026-09-12
BCA_CA_HT_PA02,Phòng An ninh nội địa - Công an Tỉnh Hà Tĩnh,BCA,province,2018,2026,dvc_2018,https://dichvucong.gov.vn/archive/2018,generated_catalog,source,2026-09-12T19:42:24.601202,crawl_2018_2026,Phòng An ninh nội địa - Công an Tỉnh Hà Tĩnh,BCA_CA_HT_PA02,phong an ninh noi ia cong an tinh ha tinh,BCA,Annotator_A,HIGH,Khớp hoàn toàn danh mục hành chính chuẩn,2026-09-12,DataVietNam,2026-09-12
BCA_CA_HT_PA03,Phòng An ninh chính trị nội bộ - Công an Tỉnh Hà Tĩnh,BCA,province,2018,2026,dvc_2018,https://dichvucong.gov.vn/archive/2018,generated_catalog,source,2026-09-12T19:42:24.601202,crawl_2018_2026,Phòng An ninh chính trị nội bộ - Công an Tỉnh Hà Tĩnh,BCA_CA_HT_PA03,phong an ninh chinh tri noi bo cong an tinh ha tinh,BCA,Annotator_A,HIGH,Khớp hoàn toàn danh mục hành chính chuẩn,2026-09-12,DataVietNam,2026-09-12
BCA_CA_HT_PA05,Phòng An ninh mạng và phòng chống tội phạm công nghệ cao - Công an Tỉnh Hà Tĩnh,BCA,province,2018,2026,dvc_2018,https://dichvucong.gov.vn/archive/2018,generated_catalog,source,2026-09-12T19:42:24.601202,crawl_2018_2026,Phòng An ninh mạng và phòng chống tội phạm công nghệ cao - Công an Tỉnh Hà Tĩnh,BCA_CA_HT_PA05,phong an ninh mang va phong chong toi pham cong nghe cao cong an tinh ha tinh,BCA,Annotator_A,HIGH,Khớp hoàn toàn danh mục hành chính chuẩn,2026-09-12,DataVietNam,2026-09-12
BCA_CA_NA,Công an Tỉnh Nghệ An,BCA,province,2018,2026,dvc_2018,https://dichvucong.gov.vn/archive/2018,generated_catalog,source,2026-09-12T19:42:24.601202,crawl_2018_2026,Công an Tỉnh Nghệ An,BCA_CA_NA,cong an tinh nghe an,BCA,Annotator_A,HIGH,Khớp hoàn toàn danh mục hành chính chuẩn,2026-09-12,DataVietNam,2026-09-12
BCA_CA_NA_PC01,Văn phòng Cơ quan Cảnh sát điều tra - Công an Tỉnh Nghệ An,BCA,ministry,2018,2026,dvc_2018,https://dichvucong.gov.vn/archive/2018,generated_catalog,source,2026-09-12T19:42:24.601202,crawl_2018_2026,Văn phòng Cơ quan Cảnh sát điều tra - Công an Tỉnh Nghệ An,BCA_CA_NA_PC01,van phong co quan canh sat ieu tra cong an tinh nghe an,BCA,Annotator_A,HIGH,Khớp hoàn toàn danh mục hành chính chuẩn,2026-09-12,DataVietNam,2026-09-12
BCA_CA_NA_PC02,Phòng Cảnh sát hình sự - Công an Tỉnh Nghệ An,BCA,province,2018,2026,dvc_2018,https://dichvucong.gov.vn/archive/2018,generated_catalog,source,2026-09-12T19:42:24.601202,crawl_2018_2026,Phòng Cảnh sát hình sự - Công an Tỉnh Nghệ An,BCA_CA_NA_PC02,phong canh sat hinh su cong an tinh nghe an,BCA,Annotator_A,HIGH,Khớp hoàn toàn danh mục hành chính chuẩn,2026-09-12,DataVietNam,2026-09-12
BCA_CA_NA_PC03,Phòng Cảnh sát kinh tế - Công an Tỉnh Nghệ An,BCA,province,2018,2026,dvc_2018,https://dichvucong.gov.vn/archive/2018,generated_catalog,source,2026-09-12T19:42:24.601202,crawl_2018_2026,Phòng Cảnh sát kinh tế - Công an Tỉnh Nghệ An,BCA_CA_NA_PC03,phong canh sat kinh te cong an tinh nghe an,BCA,Annotator_A,HIGH,Khớp hoàn toàn danh mục hành chính chuẩn,2026-09-12,DataVietNam,2026-09-12
BCA_CA_NA_PC04,Phòng Cảnh sát điều tra tội phạm về ma túy - Công an Tỉnh Nghệ An,BCA,province,2018,2026,dvc_2018,https://dichvucong.gov.vn/archive/2018,generated_catalog,source,2026-09-12T19:42:24.601202,crawl_2018_2026,Phòng Cảnh sát điều tra tội phạm về ma túy - Công an Tỉnh Nghệ An,BCA_CA_NA_PC04,phong canh sat ieu tra toi pham ve ma tuy cong an tinh nghe an,BCA,Annotator_A,HIGH,Khớp hoàn toàn danh mục hành chính chuẩn,2026-09-12,DataVietNam,2026-09-12
BCA_CA_NA_PC06,Phòng Cảnh sát quản lý hành chính về trật tự xã hội - Công an Tỉnh Nghệ An,BCA,province,2018,2026,dvc_2018,https://dichvucong.gov.vn/archive/2018,generated_catalog,source,2026-09-12T19:42:24.601202,crawl_2018_2026,Phòng Cảnh sát quản lý hành chính về trật tự xã hội - Công an Tỉnh Nghệ An,BCA_CA_NA_PC06,phong canh sat quan ly hanh chinh ve trat tu xa hoi cong an tinh nghe an,BCA,Annotator_A,HIGH,Khớp hoàn toàn danh mục hành chính chuẩn,2026-09-12,DataVietNam,2026-09-12
BCA_CA_NA_PC07,Phòng Cảnh sát Phòng cháy chữa cháy và Cứu nạn cứu hộ - Công an Tỉnh Nghệ An,BCA,province,2018,2026,dvc_2018,https://dichvucong.gov.vn/archive/2018,generated_catalog,source,2026-09-12T19:42:24.601202,crawl_2018_2026,Phòng Cảnh sát Phòng cháy chữa cháy và Cứu nạn cứu hộ - Công an Tỉnh Nghệ An,BCA_CA_NA_PC07,phong canh sat phong chay chua chay va cuu nan cuu ho cong an tinh nghe an,BCA,Annotator_A,HIGH,Khớp hoàn toàn danh mục hành chính chuẩn,2026-09-12,DataVietNam,2026-09-12
BCA_CA_NA_PC08,Phòng Cảnh sát giao thông - Công an Tỉnh Nghệ An,BCA,province,2018,2026,dvc_2018,https://dichvucong.gov.vn/archive/2018,generated_catalog,source,2026-09-12T19:42:24.601202,crawl_2018_2026,Phòng Cảnh sát giao thông - Công an Tỉnh Nghệ An,BCA_CA_NA_PC08,phong canh sat giao thong cong an tinh nghe an,BCA,Annotator_A,HIGH,Khớp hoàn toàn danh mục hành chính chuẩn,2026-09-12,DataVietNam,2026-09-12
BCA_CA_NA_PA01,Phòng An ninh đối ngoại - Công an Tỉnh Nghệ An,BCA,province,2018,2026,dvc_2018,https://dichvucong.gov.vn/archive/2018,generated_catalog,source,2026-09-12T19:42:24.601202,crawl_2018_2026,Phòng An ninh đối ngoại - Công an Tỉnh Nghệ An,BCA_CA_NA_PA01,phong an ninh oi ngoai cong an tinh nghe an,BCA,Annotator_A,HIGH,Khớp hoàn toàn danh mục hành chính chuẩn,2026-09-12,DataVietNam,2026-09-12
BCA_CA_NA_PA02,Phòng An ninh nội địa - Công an Tỉnh Nghệ An,BCA,province,2018,2026,dvc_2018,https://dichvucong.gov.vn/archive/2018,generated_catalog,source,2026-09-12T19:42:24.601202,crawl_2018_2026,Phòng An ninh nội địa - Công an Tỉnh Nghệ An,BCA_CA_NA_PA02,phong an ninh noi ia cong an tinh nghe an,BCA,Annotator_A,HIGH,Khớp hoàn toàn danh mục hành chính chuẩn,2026-09-12,DataVietNam,2026-09-12
BCA_CA_NA_PA03,Phòng An ninh chính trị nội bộ - Công an Tỉnh Nghệ An,BCA,province,2018,2026,dvc_2018,https://dichvucong.gov.vn/archive/2018,generated_catalog,source,2026-09-12T19:42:24.601202,crawl_2018_2026,Phòng An ninh chính trị nội bộ - Công an Tỉnh Nghệ An,BCA_CA_NA_PA03,phong an ninh chinh tri noi bo cong an tinh nghe an,BCA,Annotator_A,HIGH,Khớp hoàn toàn danh mục hành chính chuẩn,2026-09-12,DataVietNam,2026-09-12
BCA_CA_NA_PA05,Phòng An ninh mạng và phòng chống tội phạm công nghệ cao - Công an Tỉnh Nghệ An,BCA,province,2018,2026,dvc_2018,https://dichvucong.gov.vn/archive/2018,generated_catalog,source,2026-09-12T19:42:24.601202,crawl_2018_2026,Phòng An ninh mạng và phòng chống tội phạm công nghệ cao - Công an Tỉnh Nghệ An,BCA_CA_NA_PA05,phong an ninh mang va phong chong toi pham cong nghe cao cong an tinh nghe an,BCA,Annotator_A,HIGH,Khớp hoàn toàn danh mục hành chính chuẩn,2026-09-12,DataVietNam,2026-09-12
BCA_CA_TH,Công an Tỉnh Thanh Hóa,BCA,province,2018,2026,dvc_2018,https://dichvucong.gov.vn/archive/2018,generated_catalog,source,2026-09-12T19:42:24.601202,crawl_2018_2026,Công an Tỉnh Thanh Hóa,BCA_CA_TH,cong an tinh thanh hoa,BCA,Annotator_A,HIGH,Khớp hoàn toàn danh mục hành chính chuẩn,2026-09-12,DataVietNam,2026-09-12
BCA_CA_TH_PC01,Văn phòng Cơ quan Cảnh sát điều tra - Công an Tỉnh Thanh Hóa,BCA,ministry,2018,2026,dvc_2018,https://dichvucong.gov.vn/archive/2018,generated_catalog,source,2026-09-12T19:42:24.601202,crawl_2018_2026,Văn phòng Cơ quan Cảnh sát điều tra - Công an Tỉnh Thanh Hóa,BCA_CA_TH_PC01,van phong co quan canh sat ieu tra cong an tinh thanh hoa,BCA,Annotator_A,HIGH,Khớp hoàn toàn danh mục hành chính chuẩn,2026-09-12,DataVietNam,2026-09-12
BCA_CA_TH_PC02,Phòng Cảnh sát hình sự - Công an Tỉnh Thanh Hóa,BCA,province,2018,2026,dvc_2018,https://dichvucong.gov.vn/archive/2018,generated_catalog,source,2026-09-12T19:42:24.601202,crawl_2018_2026,Phòng Cảnh sát hình sự - Công an Tỉnh Thanh Hóa,BCA_CA_TH_PC02,phong canh sat hinh su cong an tinh thanh hoa,BCA,Annotator_A,HIGH,Khớp hoàn toàn danh mục hành chính chuẩn,2026-09-12,DataVietNam,2026-09-12
BCA_CA_TH_PC03,Phòng Cảnh sát kinh tế - Công an Tỉnh Thanh Hóa,BCA,province,2018,2026,dvc_2018,https://dichvucong.gov.vn/archive/2018,generated_catalog,source,2026-09-12T19:42:24.601202,crawl_2018_2026,Phòng Cảnh sát kinh tế - Công an Tỉnh Thanh Hóa,BCA_CA_TH_PC03,phong canh sat kinh te cong an tinh thanh hoa,BCA,Annotator_A,HIGH,Khớp hoàn toàn danh mục hành chính chuẩn,2026-09-12,DataVietNam,2026-09-12
BCA_CA_TH_PC04,Phòng Cảnh sát điều tra tội phạm về ma túy - Công an Tỉnh Thanh Hóa,BCA,province,2018,2026,dvc_2018,https://dichvucong.gov.vn/archive/2018,generated_catalog,source,2026-09-12T19:42:24.601202,crawl_2018_2026,Phòng Cảnh sát điều tra tội phạm về ma túy - Công an Tỉnh Thanh Hóa,BCA_CA_TH_PC04,phong canh sat ieu tra toi pham ve ma tuy cong an tinh thanh hoa,BCA,Annotator_A,HIGH,Khớp hoàn toàn danh mục hành chính chuẩn,2026-09-12,DataVietNam,2026-09-12
BCA_CA_TH_PC06,Phòng Cảnh sát quản lý hành chính về trật tự xã hội - Công an Tỉnh Thanh Hóa,BCA,province,2018,2026,dvc_2018,https://dichvucong.gov.vn/archive/2018,generated_catalog,source,2026-09-12T19:42:24.601202,crawl_2018_2026,Phòng Cảnh sát quản lý hành chính về trật tự xã hội - Công an Tỉnh Thanh Hóa,BCA_CA_TH_PC06,phong canh sat quan ly hanh chinh ve trat tu xa hoi cong an tinh thanh hoa,BCA,Annotator_A,HIGH,Khớp hoàn toàn danh mục hành chính chuẩn,2026-09-12,DataVietNam,2026-09-12
BCA_CA_TH_PC07,Phòng Cảnh sát Phòng cháy chữa cháy và Cứu nạn cứu hộ - Công an Tỉnh Thanh Hóa,BCA,province,2018,2026,dvc_2018,https://dichvucong.gov.vn/archive/2018,generated_catalog,source,2026-09-12T19:42:24.601202,crawl_2018_2026,Phòng Cảnh sát Phòng cháy chữa cháy và Cứu nạn cứu hộ - Công an Tỉnh Thanh Hóa,BCA_CA_TH_PC07,phong canh sat phong chay chua chay va cuu nan cuu ho cong an tinh thanh hoa,BCA,Annotator_A,HIGH,Khớp hoàn toàn danh mục hành chính chuẩn,2026-09-12,DataVietNam,2026-09-12
BCA_CA_TH_PC08,Phòng Cảnh sát giao thông - Công an Tỉnh Thanh Hóa,BCA,province,2018,2026,dvc_2018,https://dichvucong.gov.vn/archive/2018,generated_catalog,source,2026-09-12T19:42:24.601202,crawl_2018_2026,Phòng Cảnh sát giao thông - Công an Tỉnh Thanh Hóa,BCA_CA_TH_PC08,phong canh sat giao thong cong an tinh thanh hoa,BCA,Annotator_A,HIGH,Khớp hoàn toàn danh mục hành chính chuẩn,2026-09-12,DataVietNam,2026-09-12
BCA_CA_TH_PA01,Phòng An ninh đối ngoại - Công an Tỉnh Thanh Hóa,BCA,province,2018,2026,dvc_2018,https://dichvucong.gov.vn/archive/2018,generated_catalog,source,2026-09-12T19:42:24.601202,crawl_2018_2026,Phòng An ninh đối ngoại - Công an Tỉnh Thanh Hóa,BCA_CA_TH_PA01,phong an ninh oi ngoai cong an tinh thanh hoa,BCA,Annotator_A,HIGH,Khớp hoàn toàn danh mục hành chính chuẩn,2026-09-12,DataVietNam,2026-09-12
BCA_CA_TH_PA02,Phòng An ninh nội địa - Công an Tỉnh Thanh Hóa,BCA,province,2018,2026,dvc_2018,https://dichvucong.gov.vn/archive/2018,generated_catalog,source,2026-09-12T19:42:24.601202,crawl_2018_2026,Phòng An ninh nội địa - Công an Tỉnh Thanh Hóa,BCA_CA_TH_PA02,phong an ninh noi ia cong an tinh thanh hoa,BCA,Annotator_A,HIGH,Khớp hoàn toàn danh mục hành chính chuẩn,2026-09-12,DataVietNam,2026-09-12
BCA_CA_TH_PA03,Phòng An ninh chính trị nội bộ - Công an Tỉnh Thanh Hóa,BCA,province,2018,2026,dvc_2018,https://dichvucong.gov.vn/archive/2018,generated_catalog,source,2026-09-12T19:42:24.601202,crawl_2018_2026,Phòng An ninh chính trị nội bộ - Công an Tỉnh Thanh Hóa,BCA_CA_TH_PA03,phong an ninh chinh tri noi bo cong an tinh thanh hoa,BCA,Annotator_A,HIGH,Khớp hoàn toàn danh mục hành chính chuẩn,2026-09-12,DataVietNam,2026-09-12
BCA_CA_TH_PA05,Phòng An ninh mạng và phòng chống tội phạm công nghệ cao - Công an Tỉnh Thanh Hóa,BCA,province,2018,2026,dvc_2018,https://dichvucong.gov.vn/archive/2018,generated_catalog,source,2026-09-12T19:42:24.601202,crawl_2018_2026,Phòng An ninh mạng và phòng chống tội phạm công nghệ cao - Công an Tỉnh Thanh Hóa,BCA_CA_TH_PA05,phong an ninh mang va phong chong toi pham cong nghe cao cong an tinh thanh hoa,BCA,Annotator_A,HIGH,Khớp hoàn toàn danh mục hành chính chuẩn,2026-09-12,DataVietNam,2026-09-12
BCA_CA_QNH,Công an Tỉnh Quảng Ninh,BCA,province,2018,2026,dvc_2018,https://dichvucong.gov.vn/archive/2018,generated_catalog,source,2026-09-12T19:42:24.601202,crawl_2018_2026,Công an Tỉnh Quảng Ninh,BCA_CA_QNH,cong an tinh quang ninh,BCA,Annotator_A,HIGH,Khớp hoàn toàn danh mục hành chính chuẩn,2026-09-12,DataVietNam,2026-09-12
BCA_CA_QNH_PC01,Văn phòng Cơ quan Cảnh sát điều tra - Công an Tỉnh Quảng Ninh,BCA,ministry,2018,2026,dvc_2018,https://dichvucong.gov.vn/archive/2018,generated_catalog,source,2026-09-12T19:42:24.601202,crawl_2018_2026,Văn phòng Cơ quan Cảnh sát điều tra - Công an Tỉnh Quảng Ninh,BCA_CA_QNH_PC01,van phong co quan canh sat ieu tra cong an tinh quang ninh,BCA,Annotator_A,HIGH,Khớp hoàn toàn danh mục hành chính chuẩn,2026-09-12,DataVietNam,2026-09-12
BCA_CA_QNH_PC02,Phòng Cảnh sát hình sự - Công an Tỉnh Quảng Ninh,BCA,province,2018,2026,dvc_2018,https://dichvucong.gov.vn/archive/2018,generated_catalog,source,2026-09-12T19:42:24.601202,crawl_2018_2026,Phòng Cảnh sát hình sự - Công an Tỉnh Quảng Ninh,BCA_CA_QNH_PC02,phong canh sat hinh su cong an tinh quang ninh,BCA,Annotator_A,HIGH,Khớp hoàn toàn danh mục hành chính chuẩn,2026-09-12,DataVietNam,2026-09-12
BCA_CA_QNH_PC03,Phòng Cảnh sát kinh tế - Công an Tỉnh Quảng Ninh,BCA,province,2018,2026,dvc_2018,https://dichvucong.gov.vn/archive/2018,generated_catalog,source,2026-09-12T19:42:24.601202,crawl_2018_2026,Phòng Cảnh sát kinh tế - Công an Tỉnh Quảng Ninh,BCA_CA_QNH_PC03,phong canh sat kinh te cong an tinh quang ninh,BCA,Annotator_A,HIGH,Khớp hoàn toàn danh mục hành chính chuẩn,2026-09-12,DataVietNam,2026-09-12
BCA_CA_QNH_PC04,Phòng Cảnh sát điều tra tội phạm về ma túy - Công an Tỉnh Quảng Ninh,BCA,province,2018,2026,dvc_2018,https://dichvucong.gov.vn/archive/2018,generated_catalog,source,2026-09-12T19:42:24.601202,crawl_2018_2026,Phòng Cảnh sát điều tra tội phạm về ma túy - Công an Tỉnh Quảng Ninh,BCA_CA_QNH_PC04,phong canh sat ieu tra toi pham ve ma tuy cong an tinh quang ninh,BCA,Annotator_A,HIGH,Khớp hoàn toàn danh mục hành chính chuẩn,2026-09-12,DataVietNam,2026-09-12
BCA_CA_QNH_PC06,Phòng Cảnh sát quản lý hành chính về trật tự xã hội - Công an Tỉnh Quảng Ninh,BCA,province,2018,2026,dvc_2018,https://dichvucong.gov.vn/archive/2018,generated_catalog,source,2026-09-12T19:42:24.601202,crawl_2018_2026,Phòng Cảnh sát quản lý hành chính về trật tự xã hội - Công an Tỉnh Quảng Ninh,BCA_CA_QNH_PC06,phong canh sat quan ly hanh chinh ve trat tu xa hoi cong an tinh quang ninh,BCA,Annotator_A,HIGH,Khớp hoàn toàn danh mục hành chính chuẩn,2026-09-12,DataVietNam,2026-09-12
BCA_CA_QNH_PC07,Phòng Cảnh sát Phòng cháy chữa cháy và Cứu nạn cứu hộ - Công an Tỉnh Quảng Ninh,BCA,province,2018,2026,dvc_2018,https://dichvucong.gov.vn/archive/2018,generated_catalog,source,2026-09-12T19:42:24.601202,crawl_2018_2026,Phòng Cảnh sát Phòng cháy chữa cháy và Cứu nạn cứu hộ - Công an Tỉnh Quảng Ninh,BCA_CA_QNH_PC07,phong canh sat phong chay chua chay va cuu nan cuu ho cong an tinh quang ninh,BCA,Annotator_A,HIGH,Khớp hoàn toàn danh mục hành chính chuẩn,2026-09-12,DataVietNam,2026-09-12
BCA_CA_QNH_PC08,Phòng Cảnh sát giao thông - Công an Tỉnh Quảng Ninh,BCA,province,2018,2026,dvc_2018,https://dichvucong.gov.vn/archive/2018,generated_catalog,source,2026-09-12T19:42:24.601202,crawl_2018_2026,Phòng Cảnh sát giao thông - Công an Tỉnh Quảng Ninh,BCA_CA_QNH_PC08,phong canh sat giao thong cong an tinh quang ninh,BCA,Annotator_A,HIGH,Khớp hoàn toàn danh mục hành chính chuẩn,2026-09-12,DataVietNam,2026-09-12
BCA_CA_QNH_PA01,Phòng An ninh đối ngoại - Công an Tỉnh Quảng Ninh,BCA,province,2018,2026,dvc_2018,https://dichvucong.gov.vn/archive/2018,generated_catalog,source,2026-09-12T19:42:24.601202,crawl_2018_2026,Phòng An ninh đối ngoại - Công an Tỉnh Quảng Ninh,BCA_CA_QNH_PA01,phong an ninh oi ngoai cong an tinh quang ninh,BCA,Annotator_A,HIGH,Khớp hoàn toàn danh mục hành chính chuẩn,2026-09-12,DataVietNam,2026-09-12
BCA_CA_QNH_PA02,Phòng An ninh nội địa - Công an Tỉnh Quảng Ninh,BCA,province,2018,2026,dvc_2018,https://dichvucong.gov.vn/archive/2018,generated_catalog,source,2026-09-12T19:42:24.601202,crawl_2018_2026,Phòng An ninh nội địa - Công an Tỉnh Quảng Ninh,BCA_CA_QNH_PA02,phong an ninh noi ia cong an tinh quang ninh,BCA,Annotator_A,HIGH,Khớp hoàn toàn danh mục hành chính chuẩn,2026-09-12,DataVietNam,2026-09-12
BCA_CA_QNH_PA03,Phòng An ninh chính trị nội bộ - Công an Tỉnh Quảng Ninh,BCA,province,2018,2026,dvc_2018,https://dichvucong.gov.vn/archive/2018,generated_catalog,source,2026-09-12T19:42:24.601202,crawl_2018_2026,Phòng An ninh chính trị nội bộ - Công an Tỉnh Quảng Ninh,BCA_CA_QNH_PA03,phong an ninh chinh tri noi bo cong an tinh quang ninh,BCA,Annotator_A,HIGH,Khớp hoàn toàn danh mục hành chính chuẩn,2026-09-12,DataVietNam,2026-09-12
BCA_CA_QNH_PA05,Phòng An ninh mạng và phòng chống tội phạm công nghệ cao - Công an Tỉnh Quảng Ninh,BCA,province,2018,2026,dvc_2018,https://dichvucong.gov.vn/archive/2018,generated_catalog,source,2026-09-12T19:42:24.601202,crawl_2018_2026,Phòng An ninh mạng và phòng chống tội phạm công nghệ cao - Công an Tỉnh Quảng Ninh,BCA_CA_QNH_PA05,phong an ninh mang va phong chong toi pham cong nghe cao cong an tinh quang ninh,BCA,Annotator_A,HIGH,Khớp hoàn toàn danh mục hành chính chuẩn,2026-09-12,DataVietNam,2026-09-12
BCA_CA_HD,Công an Tỉnh Hải Dương,BCA,province,2018,2026,dvc_2018,https://dichvucong.gov.vn/archive/2018,generated_catalog,source,2026-09-12T19:42:24.601202,crawl_2018_2026,Công an Tỉnh Hải Dương,BCA_CA_HD,cong an tinh hai duong,BCA,Annotator_A,HIGH,Khớp hoàn toàn danh mục hành chính chuẩn,2026-09-12,DataVietNam,2026-09-12
BCA_CA_HD_PC01,Văn phòng Cơ quan Cảnh sát điều tra - Công an Tỉnh Hải Dương,BCA,ministry,2018,2026,dvc_2018,https://dichvucong.gov.vn/archive/2018,generated_catalog,source,2026-09-12T19:42:24.601202,crawl_2018_2026,Văn phòng Cơ quan Cảnh sát điều tra - Công an Tỉnh Hải Dương,BCA_CA_HD_PC01,van phong co quan canh sat ieu tra cong an tinh hai duong,BCA,Annotator_A,HIGH,Khớp hoàn toàn danh mục hành chính chuẩn,2026-09-12,DataVietNam,2026-09-12
BCA_CA_HD_PC02,Phòng Cảnh sát hình sự - Công an Tỉnh Hải Dương,BCA,province,2018,2026,dvc_2018,https://dichvucong.gov.vn/archive/2018,generated_catalog,source,2026-09-12T19:42:24.601202,crawl_2018_2026,Phòng Cảnh sát hình sự - Công an Tỉnh Hải Dương,BCA_CA_HD_PC02,phong canh sat hinh su cong an tinh hai duong,BCA,Annotator_A,HIGH,Khớp hoàn toàn danh mục hành chính chuẩn,2026-09-12,DataVietNam,2026-09-12
BCA_CA_HD_PC03,Phòng Cảnh sát kinh tế - Công an Tỉnh Hải Dương,BCA,province,2018,2026,dvc_2018,https://dichvucong.gov.vn/archive/2018,generated_catalog,source,2026-09-12T19:42:24.601202,crawl_2018_2026,Phòng Cảnh sát kinh tế - Công an Tỉnh Hải Dương,BCA_CA_HD_PC03,phong canh sat kinh te cong an tinh hai duong,BCA,Annotator_A,HIGH,Khớp hoàn toàn danh mục hành chính chuẩn,2026-09-12,DataVietNam,2026-09-12
BCA_CA_HD_PC04,Phòng Cảnh sát điều tra tội phạm về ma túy - Công an Tỉnh Hải Dương,BCA,province,2018,2026,dvc_2018,https://dichvucong.gov.vn/archive/2018,generated_catalog,source,2026-09-12T19:42:24.601202,crawl_2018_2026,Phòng Cảnh sát điều tra tội phạm về ma túy - Công an Tỉnh Hải Dương,BCA_CA_HD_PC04,phong canh sat ieu tra toi pham ve ma tuy cong an tinh hai duong,BCA,Annotator_A,HIGH,Khớp hoàn toàn danh mục hành chính chuẩn,2026-09-12,DataVietNam,2026-09-12
BCA_CA_HD_PC06,Phòng Cảnh sát quản lý hành chính về trật tự xã hội - Công an Tỉnh Hải Dương,BCA,province,2018,2026,dvc_2018,https://dichvucong.gov.vn/archive/2018,generated_catalog,source,2026-09-12T19:42:24.601202,crawl_2018_2026,Phòng Cảnh sát quản lý hành chính về trật tự xã hội - Công an Tỉnh Hải Dương,BCA_CA_HD_PC06,phong canh sat quan ly hanh chinh ve trat tu xa hoi cong an tinh hai duong,BCA,Annotator_A,HIGH,Khớp hoàn toàn danh mục hành chính chuẩn,2026-09-12,DataVietNam,2026-09-12
BCA_CA_HD_PC07,Phòng Cảnh sát Phòng cháy chữa cháy và Cứu nạn cứu hộ - Công an Tỉnh Hải Dương,BCA,province,2018,2026,dvc_2018,https://dichvucong.gov.vn/archive/2018,generated_catalog,source,2026-09-12T19:42:24.601202,crawl_2018_2026,Phòng Cảnh sát Phòng cháy chữa cháy và Cứu nạn cứu hộ - Công an Tỉnh Hải Dương,BCA_CA_HD_PC07,phong canh sat phong chay chua chay va cuu nan cuu ho cong an tinh hai duong,BCA,Annotator_A,HIGH,Khớp hoàn toàn danh mục hành chính chuẩn,2026-09-12,DataVietNam,2026-09-12
BCA_CA_HD_PC08,Phòng Cảnh sát giao thông - Công an Tỉnh Hải Dương,BCA,province,2018,2026,dvc_2018,https://dichvucong.gov.vn/archive/2018,generated_catalog,source,2026-09-12T19:42:24.601202,crawl_2018_2026,Phòng Cảnh sát giao thông - Công an Tỉnh Hải Dương,BCA_CA_HD_PC08,phong canh sat giao thong cong an tinh hai duong,BCA,Annotator_A,HIGH,Khớp hoàn toàn danh mục hành chính chuẩn,2026-09-12,DataVietNam,2026-09-12
BCA_CA_HD_PA01,Phòng An ninh đối ngoại - Công an Tỉnh Hải Dương,BCA,province,2018,2026,dvc_2018,https://dichvucong.gov.vn/archive/2018,generated_catalog,source,2026-09-12T19:42:24.601202,crawl_2018_2026,Phòng An ninh đối ngoại - Công an Tỉnh Hải Dương,BCA_CA_HD_PA01,phong an ninh oi ngoai cong an tinh hai duong,BCA,Annotator_A,HIGH,Khớp hoàn toàn danh mục hành chính chuẩn,2026-09-12,DataVietNam,2026-09-12
BCA_CA_HD_PA02,Phòng An ninh nội địa - Công an Tỉnh Hải Dương,BCA,province,2018,2026,dvc_2018,https://dichvucong.gov.vn/archive/2018,generated_catalog,source,2026-09-12T19:42:24.601202,crawl_2018_2026,Phòng An ninh nội địa - Công an Tỉnh Hải Dương,BCA_CA_HD_PA02,phong an ninh noi ia cong an tinh hai duong,BCA,Annotator_A,HIGH,Khớp hoàn toàn danh mục hành chính chuẩn,2026-09-12,DataVietNam,2026-09-12
BCA_CA_HD_PA03,Phòng An ninh chính trị nội bộ - Công an Tỉnh Hải Dương,BCA,province,2018,2026,dvc_2018,https://dichvucong.gov.vn/archive/2018,generated_catalog,source,2026-09-12T19:42:24.601202,crawl_2018_2026,Phòng An ninh chính trị nội bộ - Công an Tỉnh Hải Dương,BCA_CA_HD_PA03,phong an ninh chinh tri noi bo cong an tinh hai duong,BCA,Annotator_A,HIGH,Khớp hoàn toàn danh mục hành chính chuẩn,2026-09-12,DataVietNam,2026-09-12
BCA_CA_HD_PA05,Phòng An ninh mạng và phòng chống tội phạm công nghệ cao - Công an Tỉnh Hải Dương,BCA,province,2018,2026,dvc_2018,https://dichvucong.gov.vn/archive/2018,generated_catalog,source,2026-09-12T19:42:24.601202,crawl_2018_2026,Phòng An ninh mạng và phòng chống tội phạm công nghệ cao - Công an Tỉnh Hải Dương,BCA_CA_HD_PA05,phong an ninh mang va phong chong toi pham cong nghe cao cong an tinh hai duong,BCA,Annotator_A,HIGH,Khớp hoàn toàn danh mục hành chính chuẩn,2026-09-12,DataVietNam,2026-09-12
BCA_CA_HY,Công an Tỉnh Hưng Yên,BCA,province,2018,2026,dvc_2018,https://dichvucong.gov.vn/archive/2018,generated_catalog,source,2026-09-12T19:42:24.601202,crawl_2018_2026,Công an Tỉnh Hưng Yên,BCA_CA_HY,cong an tinh hung yen,BCA,Annotator_A,HIGH,Khớp hoàn toàn danh mục hành chính chuẩn,2026-09-12,DataVietNam,2026-09-12
BCA_CA_HY_PC01,Văn phòng Cơ quan Cảnh sát điều tra - Công an Tỉnh Hưng Yên,BCA,ministry,2018,2026,dvc_2018,https://dichvucong.gov.vn/archive/2018,generated_catalog,source,2026-09-12T19:42:24.601202,crawl_2018_2026,Văn phòng Cơ quan Cảnh sát điều tra - Công an Tỉnh Hưng Yên,BCA_CA_HY_PC01,van phong co quan canh sat ieu tra cong an tinh hung yen,BCA,Annotator_A,HIGH,Khớp hoàn toàn danh mục hành chính chuẩn,2026-09-12,DataVietNam,2026-09-12
BCA_CA_HY_PC02,Phòng Cảnh sát hình sự - Công an Tỉnh Hưng Yên,BCA,province,2018,2026,dvc_2018,https://dichvucong.gov.vn/archive/2018,generated_catalog,source,2026-09-12T19:42:24.601202,crawl_2018_2026,Phòng Cảnh sát hình sự - Công an Tỉnh Hưng Yên,BCA_CA_HY_PC02,phong canh sat hinh su cong an tinh hung yen,BCA,Annotator_A,HIGH,Khớp hoàn toàn danh mục hành chính chuẩn,2026-09-12,DataVietNam,2026-09-12
BCA_CA_HY_PC03,Phòng Cảnh sát kinh tế - Công an Tỉnh Hưng Yên,BCA,province,2018,2026,dvc_2018,https://dichvucong.gov.vn/archive/2018,generated_catalog,source,2026-09-12T19:42:24.601202,crawl_2018_2026,Phòng Cảnh sát kinh tế - Công an Tỉnh Hưng Yên,BCA_CA_HY_PC03,phong canh sat kinh te cong an tinh hung yen,BCA,Annotator_A,HIGH,Khớp hoàn toàn danh mục hành chính chuẩn,2026-09-12,DataVietNam,2026-09-12
BCA_CA_HY_PC04,Phòng Cảnh sát điều tra tội phạm về ma túy - Công an Tỉnh Hưng Yên,BCA,province,2018,2026,dvc_2018,https://dichvucong.gov.vn/archive/2018,generated_catalog,source,2026-09-12T19:42:24.601202,crawl_2018_2026,Phòng Cảnh sát điều tra tội phạm về ma túy - Công an Tỉnh Hưng Yên,BCA_CA_HY_PC04,phong canh sat ieu tra toi pham ve ma tuy cong an tinh hung yen,BCA,Annotator_A,HIGH,Khớp hoàn toàn danh mục hành chính chuẩn,2026-09-12,DataVietNam,2026-09-12
BCA_CA_HY_PC06,Phòng Cảnh sát quản lý hành chính về trật tự xã hội - Công an Tỉnh Hưng Yên,BCA,province,2018,2026,dvc_2018,https://dichvucong.gov.vn/archive/2018,generated_catalog,source,2026-09-12T19:42:24.601202,crawl_2018_2026,Phòng Cảnh sát quản lý hành chính về trật tự xã hội - Công an Tỉnh Hưng Yên,BCA_CA_HY_PC06,phong canh sat quan ly hanh chinh ve trat tu xa hoi cong an tinh hung yen,BCA,Annotator_A,HIGH,Khớp hoàn toàn danh mục hành chính chuẩn,2026-09-12,DataVietNam,2026-09-12
BCA_CA_HY_PC07,Phòng Cảnh sát Phòng cháy chữa cháy và Cứu nạn cứu hộ - Công an Tỉnh Hưng Yên,BCA,province,2018,2026,dvc_2018,https://dichvucong.gov.vn/archive/2018,generated_catalog,source,2026-09-12T19:42:24.601202,crawl_2018_2026,Phòng Cảnh sát Phòng cháy chữa cháy và Cứu nạn cứu hộ - Công an Tỉnh Hưng Yên,BCA_CA_HY_PC07,phong canh sat phong chay chua chay va cuu nan cuu ho cong an tinh hung yen,BCA,Annotator_A,HIGH,Khớp hoàn toàn danh mục hành chính chuẩn,2026-09-12,DataVietNam,2026-09-12
BCA_CA_HY_PC08,Phòng Cảnh sát giao thông - Công an Tỉnh Hưng Yên,BCA,province,2018,2026,dvc_2018,https://dichvucong.gov.vn/archive/2018,generated_catalog,source,2026-09-12T19:42:24.601202,crawl_2018_2026,Phòng Cảnh sát giao thông - Công an Tỉnh Hưng Yên,BCA_CA_HY_PC08,phong canh sat giao thong cong an tinh hung yen,BCA,Annotator_A,HIGH,Khớp hoàn toàn danh mục hành chính chuẩn,2026-09-12,DataVietNam,2026-09-12
BCA_CA_HY_PA01,Phòng An ninh đối ngoại - Công an Tỉnh Hưng Yên,BCA,province,2018,2026,dvc_2018,https://dichvucong.gov.vn/archive/2018,generated_catalog,source,2026-09-12T19:42:24.601202,crawl_2018_2026,Phòng An ninh đối ngoại - Công an Tỉnh Hưng Yên,BCA_CA_HY_PA01,phong an ninh oi ngoai cong an tinh hung yen,BCA,Annotator_A,HIGH,Khớp hoàn toàn danh mục hành chính chuẩn,2026-09-12,DataVietNam,2026-09-12
BCA_CA_HY_PA02,Phòng An ninh nội địa - Công an Tỉnh Hưng Yên,BCA,province,2018,2026,dvc_2018,https://dichvucong.gov.vn/archive/2018,generated_catalog,source,2026-09-12T19:42:24.601202,crawl_2018_2026,Phòng An ninh nội địa - Công an Tỉnh Hưng Yên,BCA_CA_HY_PA02,phong an ninh noi ia cong an tinh hung yen,BCA,Annotator_A,HIGH,Khớp hoàn toàn danh mục hành chính chuẩn,2026-09-12,DataVietNam,2026-09-12
BCA_CA_HY_PA03,Phòng An ninh chính trị nội bộ - Công an Tỉnh Hưng Yên,BCA,province,2018,2026,dvc_2018,https://dichvucong.gov.vn/archive/2018,generated_catalog,source,2026-09-12T19:42:24.601202,crawl_2018_2026,Phòng An ninh chính trị nội bộ - Công an Tỉnh Hưng Yên,BCA_CA_HY_PA03,phong an ninh chinh tri noi bo cong an tinh hung yen,BCA,Annotator_A,HIGH,Khớp hoàn toàn danh mục hành chính chuẩn,2026-09-12,DataVietNam,2026-09-12
BCA_CA_HY_PA05,Phòng An ninh mạng và phòng chống tội phạm công nghệ cao - Công an Tỉnh Hưng Yên,BCA,province,2018,2026,dvc_2018,https://dichvucong.gov.vn/archive/2018,generated_catalog,source,2026-09-12T19:42:24.601202,crawl_2018_2026,Phòng An ninh mạng và phòng chống tội phạm công nghệ cao - Công an Tỉnh Hưng Yên,BCA_CA_HY_PA05,phong an ninh mang va phong chong toi pham cong nghe cao cong an tinh hung yen,BCA,Annotator_A,HIGH,Khớp hoàn toàn danh mục hành chính chuẩn,2026-09-12,DataVietNam,2026-09-12
BCA_CA_TBI,Công an Tỉnh Thái Bình,BCA,province,2018,2026,dvc_2018,https://dichvucong.gov.vn/archive/2018,generated_catalog,source,2026-09-12T19:42:24.601202,crawl_2018_2026,Công an Tỉnh Thái Bình,BCA_CA_TBI,cong an tinh thai binh,BCA,Annotator_A,HIGH,Khớp hoàn toàn danh mục hành chính chuẩn,2026-09-12,DataVietNam,2026-09-12
BCA_CA_TBI_PC01,Văn phòng Cơ quan Cảnh sát điều tra - Công an Tỉnh Thái Bình,BCA,ministry,2018,2026,dvc_2018,https://dichvucong.gov.vn/archive/2018,generated_catalog,source,2026-09-12T19:42:24.601202,crawl_2018_2026,Văn phòng Cơ quan Cảnh sát điều tra - Công an Tỉnh Thái Bình,BCA_CA_TBI_PC01,van phong co quan canh sat ieu tra cong an tinh thai binh,BCA,Annotator_A,HIGH,Khớp hoàn toàn danh mục hành chính chuẩn,2026-09-12,DataVietNam,2026-09-12
BCA_CA_TBI_PC02,Phòng Cảnh sát hình sự - Công an Tỉnh Thái Bình,BCA,province,2018,2026,dvc_2018,https://dichvucong.gov.vn/archive/2018,generated_catalog,source,2026-09-12T19:42:24.601202,crawl_2018_2026,Phòng Cảnh sát hình sự - Công an Tỉnh Thái Bình,BCA_CA_TBI_PC02,phong canh sat hinh su cong an tinh thai binh,BCA,Annotator_A,HIGH,Khớp hoàn toàn danh mục hành chính chuẩn,2026-09-12,DataVietNam,2026-09-12
BCA_CA_TBI_PC03,Phòng Cảnh sát kinh tế - Công an Tỉnh Thái Bình,BCA,province,2018,2026,dvc_2018,https://dichvucong.gov.vn/archive/2018,generated_catalog,source,2026-09-12T19:42:24.601202,crawl_2018_2026,Phòng Cảnh sát kinh tế - Công an Tỉnh Thái Bình,BCA_CA_TBI_PC03,phong canh sat kinh te cong an tinh thai binh,BCA,Annotator_A,HIGH,Khớp hoàn toàn danh mục hành chính chuẩn,2026-09-12,DataVietNam,2026-09-12
BCA_CA_TBI_PC04,Phòng Cảnh sát điều tra tội phạm về ma túy - Công an Tỉnh Thái Bình,BCA,province,2018,2026,dvc_2018,https://dichvucong.gov.vn/archive/2018,generated_catalog,source,2026-09-12T19:42:24.601202,crawl_2018_2026,Phòng Cảnh sát điều tra tội phạm về ma túy - Công an Tỉnh Thái Bình,BCA_CA_TBI_PC04,phong canh sat ieu tra toi pham ve ma tuy cong an tinh thai binh,BCA,Annotator_A,HIGH,Khớp hoàn toàn danh mục hành chính chuẩn,2026-09-12,DataVietNam,2026-09-12
BCA_CA_TBI_PC06,Phòng Cảnh sát quản lý hành chính về trật tự xã hội - Công an Tỉnh Thái Bình,BCA,province,2018,2026,dvc_2018,https://dichvucong.gov.vn/archive/2018,generated_catalog,source,2026-09-12T19:42:24.601202,crawl_2018_2026,Phòng Cảnh sát quản lý hành chính về trật tự xã hội - Công an Tỉnh Thái Bình,BCA_CA_TBI_PC06,phong canh sat quan ly hanh chinh ve trat tu xa hoi cong an tinh thai binh,BCA,Annotator_A,HIGH,Khớp hoàn toàn danh mục hành chính chuẩn,2026-09-12,DataVietNam,2026-09-12
BCA_CA_TBI_PC07,Phòng Cảnh sát Phòng cháy chữa cháy và Cứu nạn cứu hộ - Công an Tỉnh Thái Bình,BCA,province,2018,2026,dvc_2018,https://dichvucong.gov.vn/archive/2018,generated_catalog,source,2026-09-12T19:42:24.601202,crawl_2018_2026,Phòng Cảnh sát Phòng cháy chữa cháy và Cứu nạn cứu hộ - Công an Tỉnh Thái Bình,BCA_CA_TBI_PC07,phong canh sat phong chay chua chay va cuu nan cuu ho cong an tinh thai binh,BCA,Annotator_A,HIGH,Khớp hoàn toàn danh mục hành chính chuẩn,2026-09-12,DataVietNam,2026-09-12
BCA_CA_TBI_PC08,Phòng Cảnh sát giao thông - Công an Tỉnh Thái Bình,BCA,province,2018,2026,dvc_2018,https://dichvucong.gov.vn/archive/2018,generated_catalog,source,2026-09-12T19:42:24.601202,crawl_2018_2026,Phòng Cảnh sát giao thông - Công an Tỉnh Thái Bình,BCA_CA_TBI_PC08,phong canh sat giao thong cong an tinh thai binh,BCA,Annotator_A,HIGH,Khớp hoàn toàn danh mục hành chính chuẩn,2026-09-12,DataVietNam,2026-09-12
BCA_CA_TBI_PA01,Phòng An ninh đối ngoại - Công an Tỉnh Thái Bình,BCA,province,2018,2026,dvc_2018,https://dichvucong.gov.vn/archive/2018,generated_catalog,source,2026-09-12T19:42:24.601202,crawl_2018_2026,Phòng An ninh đối ngoại - Công an Tỉnh Thái Bình,BCA_CA_TBI_PA01,phong an ninh oi ngoai cong an tinh thai binh,BCA,Annotator_A,HIGH,Khớp hoàn toàn danh mục hành chính chuẩn,2026-09-12,DataVietNam,2026-09-12
BCA_CA_TBI_PA02,Phòng An ninh nội địa - Công an Tỉnh Thái Bình,BCA,province,2018,2026,dvc_2018,https://dichvucong.gov.vn/archive/2018,generated_catalog,source,2026-09-12T19:42:24.601202,crawl_2018_2026,Phòng An ninh nội địa - Công an Tỉnh Thái Bình,BCA_CA_TBI_PA02,phong an ninh noi ia cong an tinh thai binh,BCA,Annotator_A,HIGH,Khớp hoàn toàn danh mục hành chính chuẩn,2026-09-12,DataVietNam,2026-09-12
BCA_CA_TBI_PA03,Phòng An ninh chính trị nội bộ - Công an Tỉnh Thái Bình,BCA,province,2018,2026,dvc_2018,https://dichvucong.gov.vn/archive/2018,generated_catalog,source,2026-09-12T19:42:24.601202,crawl_2018_2026,Phòng An ninh chính trị nội bộ - Công an Tỉnh Thái Bình,BCA_CA_TBI_PA03,phong an ninh chinh tri noi bo cong an tinh thai binh,BCA,Annotator_A,HIGH,Khớp hoàn toàn danh mục hành chính chuẩn,2026-09-12,DataVietNam,2026-09-12
BCA_CA_TBI_PA05,Phòng An ninh mạng và phòng chống tội phạm công nghệ cao - Công an Tỉnh Thái Bình,BCA,province,2018,2026,dvc_2018,https://dichvucong.gov.vn/archive/2018,generated_catalog,source,2026-09-12T19:42:24.601202,crawl_2018_2026,Phòng An ninh mạng và phòng chống tội phạm công nghệ cao - Công an Tỉnh Thái Bình,BCA_CA_TBI_PA05,phong an ninh mang va phong chong toi pham cong nghe cao cong an tinh thai binh,BCA,Annotator_A,HIGH,Khớp hoàn toàn danh mục hành chính chuẩn,2026-09-12,DataVietNam,2026-09-12
BCA_CA_NDI,Công an Tỉnh Nam Định,BCA,province,2018,2026,dvc_2018,https://dichvucong.gov.vn/archive/2018,generated_catalog,source,2026-09-12T19:42:24.601202,crawl_2018_2026,Công an Tỉnh Nam Định,BCA_CA_NDI,cong an tinh nam inh,BCA,Annotator_A,HIGH,Khớp hoàn toàn danh mục hành chính chuẩn,2026-09-12,DataVietNam,2026-09-12
BCA_CA_NDI_PC01,Văn phòng Cơ quan Cảnh sát điều tra - Công an Tỉnh Nam Định,BCA,ministry,2018,2026,dvc_2018,https://dichvucong.gov.vn/archive/2018,generated_catalog,source,2026-09-12T19:42:24.601202,crawl_2018_2026,Văn phòng Cơ quan Cảnh sát điều tra - Công an Tỉnh Nam Định,BCA_CA_NDI_PC01,van phong co quan canh sat ieu tra cong an tinh nam inh,BCA,Annotator_A,HIGH,Khớp hoàn toàn danh mục hành chính chuẩn,2026-09-12,DataVietNam,2026-09-12
BCA_CA_NDI_PC02,Phòng Cảnh sát hình sự - Công an Tỉnh Nam Định,BCA,province,2018,2026,dvc_2018,https://dichvucong.gov.vn/archive/2018,generated_catalog,source,2026-09-12T19:42:24.601202,crawl_2018_2026,Phòng Cảnh sát hình sự - Công an Tỉnh Nam Định,BCA_CA_NDI_PC02,phong canh sat hinh su cong an tinh nam inh,BCA,Annotator_A,HIGH,Khớp hoàn toàn danh mục hành chính chuẩn,2026-09-12,DataVietNam,2026-09-12
BCA_CA_NDI_PC03,Phòng Cảnh sát kinh tế - Công an Tỉnh Nam Định,BCA,province,2018,2026,dvc_2018,https://dichvucong.gov.vn/archive/2018,generated_catalog,source,2026-09-12T19:42:24.601202,crawl_2018_2026,Phòng Cảnh sát kinh tế - Công an Tỉnh Nam Định,BCA_CA_NDI_PC03,phong canh sat kinh te cong an tinh nam inh,BCA,Annotator_A,HIGH,Khớp hoàn toàn danh mục hành chính chuẩn,2026-09-12,DataVietNam,2026-09-12
BCA_CA_NDI_PC04,Phòng Cảnh sát điều tra tội phạm về ma túy - Công an Tỉnh Nam Định,BCA,province,2018,2026,dvc_2018,https://dichvucong.gov.vn/archive/2018,generated_catalog,source,2026-09-12T19:42:24.601202,crawl_2018_2026,Phòng Cảnh sát điều tra tội phạm về ma túy - Công an Tỉnh Nam Định,BCA_CA_NDI_PC04,phong canh sat ieu tra toi pham ve ma tuy cong an tinh nam inh,BCA,Annotator_A,HIGH,Khớp hoàn toàn danh mục hành chính chuẩn,2026-09-12,DataVietNam,2026-09-12
BCA_CA_NDI_PC06,Phòng Cảnh sát quản lý hành chính về trật tự xã hội - Công an Tỉnh Nam Định,BCA,province,2018,2026,dvc_2018,https://dichvucong.gov.vn/archive/2018,generated_catalog,source,2026-09-12T19:42:24.601202,crawl_2018_2026,Phòng Cảnh sát quản lý hành chính về trật tự xã hội - Công an Tỉnh Nam Định,BCA_CA_NDI_PC06,phong canh sat quan ly hanh chinh ve trat tu xa hoi cong an tinh nam inh,BCA,Annotator_A,HIGH,Khớp hoàn toàn danh mục hành chính chuẩn,2026-09-12,DataVietNam,2026-09-12
BCA_CA_NDI_PC07,Phòng Cảnh sát Phòng cháy chữa cháy và Cứu nạn cứu hộ - Công an Tỉnh Nam Định,BCA,province,2018,2026,dvc_2018,https://dichvucong.gov.vn/archive/2018,generated_catalog,source,2026-09-12T19:42:24.601202,crawl_2018_2026,Phòng Cảnh sát Phòng cháy chữa cháy và Cứu nạn cứu hộ - Công an Tỉnh Nam Định,BCA_CA_NDI_PC07,phong canh sat phong chay chua chay va cuu nan cuu ho cong an tinh nam inh,BCA,Annotator_A,HIGH,Khớp hoàn toàn danh mục hành chính chuẩn,2026-09-12,DataVietNam,2026-09-12
BCA_CA_NDI_PC08,Phòng Cảnh sát giao thông - Công an Tỉnh Nam Định,BCA,province,2018,2026,dvc_2018,https://dichvucong.gov.vn/archive/2018,generated_catalog,source,2026-09-12T19:42:24.601202,crawl_2018_2026,Phòng Cảnh sát giao thông - Công an Tỉnh Nam Định,BCA_CA_NDI_PC08,phong canh sat giao thong cong an tinh nam inh,BCA,Annotator_A,HIGH,Khớp hoàn toàn danh mục hành chính chuẩn,2026-09-12,DataVietNam,2026-09-12
BCA_CA_NDI_PA01,Phòng An ninh đối ngoại - Công an Tỉnh Nam Định,BCA,province,2018,2026,dvc_2018,https://dichvucong.gov.vn/archive/2018,generated_catalog,source,2026-09-12T19:42:24.601202,crawl_2018_2026,Phòng An ninh đối ngoại - Công an Tỉnh Nam Định,BCA_CA_NDI_PA01,phong an ninh oi ngoai cong an tinh nam inh,BCA,Annotator_A,HIGH,Khớp hoàn toàn danh mục hành chính chuẩn,2026-09-12,DataVietNam,2026-09-12
BCA_CA_NDI_PA02,Phòng An ninh nội địa - Công an Tỉnh Nam Định,BCA,province,2018,2026,dvc_2018,https://dichvucong.gov.vn/archive/2018,generated_catalog,source,2026-09-12T19:42:24.601202,crawl_2018_2026,Phòng An ninh nội địa - Công an Tỉnh Nam Định,BCA_CA_NDI_PA02,phong an ninh noi ia cong an tinh nam inh,BCA,Annotator_A,HIGH,Khớp hoàn toàn danh mục hành chính chuẩn,2026-09-12,DataVietNam,2026-09-12
BCA_CA_NDI_PA03,Phòng An ninh chính trị nội bộ - Công an Tỉnh Nam Định,BCA,province,2018,2026,dvc_2018,https://dichvucong.gov.vn/archive/2018,generated_catalog,source,2026-09-12T19:42:24.601202,crawl_2018_2026,Phòng An ninh chính trị nội bộ - Công an Tỉnh Nam Định,BCA_CA_NDI_PA03,phong an ninh chinh tri noi bo cong an tinh nam inh,BCA,Annotator_A,HIGH,Khớp hoàn toàn danh mục hành chính chuẩn,2026-09-12,DataVietNam,2026-09-12
BCA_CA_NDI_PA05,Phòng An ninh mạng và phòng chống tội phạm công nghệ cao - Công an Tỉnh Nam Định,BCA,province,2018,2026,dvc_2018,https://dichvucong.gov.vn/archive/2018,generated_catalog,source,2026-09-12T19:42:24.601202,crawl_2018_2026,Phòng An ninh mạng và phòng chống tội phạm công nghệ cao - Công an Tỉnh Nam Định,BCA_CA_NDI_PA05,phong an ninh mang va phong chong toi pham cong nghe cao cong an tinh nam inh,BCA,Annotator_A,HIGH,Khớp hoàn toàn danh mục hành chính chuẩn,2026-09-12,DataVietNam,2026-09-12
BCA_CA_HNA,Công an Tỉnh Hà Nam,BCA,province,2018,2026,dvc_2018,https://dichvucong.gov.vn/archive/2018,generated_catalog,source,2026-09-12T19:42:24.601202,crawl_2018_2026,Công an Tỉnh Hà Nam,BCA_CA_HNA,cong an tinh ha nam,BCA,Annotator_A,HIGH,Khớp hoàn toàn danh mục hành chính chuẩn,2026-09-12,DataVietNam,2026-09-12
BCA_CA_HNA_PC01,Văn phòng Cơ quan Cảnh sát điều tra - Công an Tỉnh Hà Nam,BCA,ministry,2018,2026,dvc_2018,https://dichvucong.gov.vn/archive/2018,generated_catalog,source,2026-09-12T19:42:24.601202,crawl_2018_2026,Văn phòng Cơ quan Cảnh sát điều tra - Công an Tỉnh Hà Nam,BCA_CA_HNA_PC01,van phong co quan canh sat ieu tra cong an tinh ha nam,BCA,Annotator_A,HIGH,Khớp hoàn toàn danh mục hành chính chuẩn,2026-09-12,DataVietNam,2026-09-12
BCA_CA_HNA_PC02,Phòng Cảnh sát hình sự - Công an Tỉnh Hà Nam,BCA,province,2018,2026,dvc_2018,https://dichvucong.gov.vn/archive/2018,generated_catalog,source,2026-09-12T19:42:24.601202,crawl_2018_2026,Phòng Cảnh sát hình sự - Công an Tỉnh Hà Nam,BCA_CA_HNA_PC02,phong canh sat hinh su cong an tinh ha nam,BCA,Annotator_A,HIGH,Khớp hoàn toàn danh mục hành chính chuẩn,2026-09-12,DataVietNam,2026-09-12
BCA_CA_HNA_PC03,Phòng Cảnh sát kinh tế - Công an Tỉnh Hà Nam,BCA,province,2018,2026,dvc_2018,https://dichvucong.gov.vn/archive/2018,generated_catalog,source,2026-09-12T19:42:24.601202,crawl_2018_2026,Phòng Cảnh sát kinh tế - Công an Tỉnh Hà Nam,BCA_CA_HNA_PC03,phong canh sat kinh te cong an tinh ha nam,BCA,Annotator_A,HIGH,Khớp hoàn toàn danh mục hành chính chuẩn,2026-09-12,DataVietNam,2026-09-12
BCA_CA_HNA_PC04,Phòng Cảnh sát điều tra tội phạm về ma túy - Công an Tỉnh Hà Nam,BCA,province,2018,2026,dvc_2018,https://dichvucong.gov.vn/archive/2018,generated_catalog,source,2026-09-12T19:42:24.601202,crawl_2018_2026,Phòng Cảnh sát điều tra tội phạm về ma túy - Công an Tỉnh Hà Nam,BCA_CA_HNA_PC04,phong canh sat ieu tra toi pham ve ma tuy cong an tinh ha nam,BCA,Annotator_A,HIGH,Khớp hoàn toàn danh mục hành chính chuẩn,2026-09-12,DataVietNam,2026-09-12
BCA_CA_HNA_PC06,Phòng Cảnh sát quản lý hành chính về trật tự xã hội - Công an Tỉnh Hà Nam,BCA,province,2018,2026,dvc_2018,https://dichvucong.gov.vn/archive/2018,generated_catalog,source,2026-09-12T19:42:24.601202,crawl_2018_2026,Phòng Cảnh sát quản lý hành chính về trật tự xã hội - Công an Tỉnh Hà Nam,BCA_CA_HNA_PC06,phong canh sat quan ly hanh chinh ve trat tu xa hoi cong an tinh ha nam,BCA,Annotator_A,HIGH,Khớp hoàn toàn danh mục hành chính chuẩn,2026-09-12,DataVietNam,2026-09-12
BCA_CA_HNA_PC07,Phòng Cảnh sát Phòng cháy chữa cháy và Cứu nạn cứu hộ - Công an Tỉnh Hà Nam,BCA,province,2018,2026,dvc_2018,https://dichvucong.gov.vn/archive/2018,generated_catalog,source,2026-09-12T19:42:24.601202,crawl_2018_2026,Phòng Cảnh sát Phòng cháy chữa cháy và Cứu nạn cứu hộ - Công an Tỉnh Hà Nam,BCA_CA_HNA_PC07,phong canh sat phong chay chua chay va cuu nan cuu ho cong an tinh ha nam,BCA,Annotator_A,HIGH,Khớp hoàn toàn danh mục hành chính chuẩn,2026-09-12,DataVietNam,2026-09-12
BCA_CA_HNA_PC08,Phòng Cảnh sát giao thông - Công an Tỉnh Hà Nam,BCA,province,2018,2026,dvc_2018,https://dichvucong.gov.vn/archive/2018,generated_catalog,source,2026-09-12T19:42:24.601202,crawl_2018_2026,Phòng Cảnh sát giao thông - Công an Tỉnh Hà Nam,BCA_CA_HNA_PC08,phong canh sat giao thong cong an tinh ha nam,BCA,Annotator_A,HIGH,Khớp hoàn toàn danh mục hành chính chuẩn,2026-09-12,DataVietNam,2026-09-12
BCA_CA_HNA_PA01,Phòng An ninh đối ngoại - Công an Tỉnh Hà Nam,BCA,province,2018,2026,dvc_2018,https://dichvucong.gov.vn/archive/2018,generated_catalog,source,2026-09-12T19:42:24.601202,crawl_2018_2026,Phòng An ninh đối ngoại - Công an Tỉnh Hà Nam,BCA_CA_HNA_PA01,phong an ninh oi ngoai cong an tinh ha nam,BCA,Annotator_A,HIGH,Khớp hoàn toàn danh mục hành chính chuẩn,2026-09-12,DataVietNam,2026-09-12
BCA_CA_HNA_PA02,Phòng An ninh nội địa - Công an Tỉnh Hà Nam,BCA,province,2018,2026,dvc_2018,https://dichvucong.gov.vn/archive/2018,generated_catalog,source,2026-09-12T19:42:24.601202,crawl_2018_2026,Phòng An ninh nội địa - Công an Tỉnh Hà Nam,BCA_CA_HNA_PA02,phong an ninh noi ia cong an tinh ha nam,BCA,Annotator_A,HIGH,Khớp hoàn toàn danh mục hành chính chuẩn,2026-09-12,DataVietNam,2026-09-12
BCA_CA_HNA_PA03,Phòng An ninh chính trị nội bộ - Công an Tỉnh Hà Nam,BCA,province,2018,2026,dvc_2018,https://dichvucong.gov.vn/archive/2018,generated_catalog,source,2026-09-12T19:42:24.601202,crawl_2018_2026,Phòng An ninh chính trị nội bộ - Công an Tỉnh Hà Nam,BCA_CA_HNA_PA03,phong an ninh chinh tri noi bo cong an tinh ha nam,BCA,Annotator_A,HIGH,Khớp hoàn toàn danh mục hành chính chuẩn,2026-09-12,DataVietNam,2026-09-12
BCA_CA_HNA_PA05,Phòng An ninh mạng và phòng chống tội phạm công nghệ cao - Công an Tỉnh Hà Nam,BCA,province,2018,2026,dvc_2018,https://dichvucong.gov.vn/archive/2018,generated_catalog,source,2026-09-12T19:42:24.601202,crawl_2018_2026,Phòng An ninh mạng và phòng chống tội phạm công nghệ cao - Công an Tỉnh Hà Nam,BCA_CA_HNA_PA05,phong an ninh mang va phong chong toi pham cong nghe cao cong an tinh ha nam,BCA,Annotator_A,HIGH,Khớp hoàn toàn danh mục hành chính chuẩn,2026-09-12,DataVietNam,2026-09-12
BCA_CA_NB,Công an Tỉnh Ninh Bình,BCA,province,2018,2026,dvc_2018,https://dichvucong.gov.vn/archive/2018,generated_catalog,source,2026-09-12T19:42:24.601202,crawl_2018_2026,Công an Tỉnh Ninh Bình,BCA_CA_NB,cong an tinh ninh binh,BCA,Annotator_A,HIGH,Khớp hoàn toàn danh mục hành chính chuẩn,2026-09-12,DataVietNam,2026-09-12
BCA_CA_NB_PC01,Văn phòng Cơ quan Cảnh sát điều tra - Công an Tỉnh Ninh Bình,BCA,ministry,2018,2026,dvc_2018,https://dichvucong.gov.vn/archive/2018,generated_catalog,source,2026-09-12T19:42:24.601202,crawl_2018_2026,Văn phòng Cơ quan Cảnh sát điều tra - Công an Tỉnh Ninh Bình,BCA_CA_NB_PC01,van phong co quan canh sat ieu tra cong an tinh ninh binh,BCA,Annotator_A,HIGH,Khớp hoàn toàn danh mục hành chính chuẩn,2026-09-12,DataVietNam,2026-09-12
BCA_CA_NB_PC02,Phòng Cảnh sát hình sự - Công an Tỉnh Ninh Bình,BCA,province,2018,2026,dvc_2018,https://dichvucong.gov.vn/archive/2018,generated_catalog,source,2026-09-12T19:42:24.601202,crawl_2018_2026,Phòng Cảnh sát hình sự - Công an Tỉnh Ninh Bình,BCA_CA_NB_PC02,phong canh sat hinh su cong an tinh ninh binh,BCA,Annotator_A,HIGH,Khớp hoàn toàn danh mục hành chính chuẩn,2026-09-12,DataVietNam,2026-09-12
BCA_CA_NB_PC03,Phòng Cảnh sát kinh tế - Công an Tỉnh Ninh Bình,BCA,province,2018,2026,dvc_2018,https://dichvucong.gov.vn/archive/2018,generated_catalog,source,2026-09-12T19:42:24.601202,crawl_2018_2026,Phòng Cảnh sát kinh tế - Công an Tỉnh Ninh Bình,BCA_CA_NB_PC03,phong canh sat kinh te cong an tinh ninh binh,BCA,Annotator_A,HIGH,Khớp hoàn toàn danh mục hành chính chuẩn,2026-09-12,DataVietNam,2026-09-12
BCA_CA_NB_PC04,Phòng Cảnh sát điều tra tội phạm về ma túy - Công an Tỉnh Ninh Bình,BCA,province,2018,2026,dvc_2018,https://dichvucong.gov.vn/archive/2018,generated_catalog,source,2026-09-12T19:42:24.601202,crawl_2018_2026,Phòng Cảnh sát điều tra tội phạm về ma túy - Công an Tỉnh Ninh Bình,BCA_CA_NB_PC04,phong canh sat ieu tra toi pham ve ma tuy cong an tinh ninh binh,BCA,Annotator_A,HIGH,Khớp hoàn toàn danh mục hành chính chuẩn,2026-09-12,DataVietNam,2026-09-12
BCA_CA_NB_PC06,Phòng Cảnh sát quản lý hành chính về trật tự xã hội - Công an Tỉnh Ninh Bình,BCA,province,2018,2026,dvc_2018,https://dichvucong.gov.vn/archive/2018,generated_catalog,source,2026-09-12T19:42:24.601202,crawl_2018_2026,Phòng Cảnh sát quản lý hành chính về trật tự xã hội - Công an Tỉnh Ninh Bình,BCA_CA_NB_PC06,phong canh sat quan ly hanh chinh ve trat tu xa hoi cong an tinh ninh binh,BCA,Annotator_A,HIGH,Khớp hoàn toàn danh mục hành chính chuẩn,2026-09-12,DataVietNam,2026-09-12
BCA_CA_NB_PC07,Phòng Cảnh sát Phòng cháy chữa cháy và Cứu nạn cứu hộ - Công an Tỉnh Ninh Bình,BCA,province,2018,2026,dvc_2018,https://dichvucong.gov.vn/archive/2018,generated_catalog,source,2026-09-12T19:42:24.601202,crawl_2018_2026,Phòng Cảnh sát Phòng cháy chữa cháy và Cứu nạn cứu hộ - Công an Tỉnh Ninh Bình,BCA_CA_NB_PC07,phong canh sat phong chay chua chay va cuu nan cuu ho cong an tinh ninh binh,BCA,Annotator_A,HIGH,Khớp hoàn toàn danh mục hành chính chuẩn,2026-09-12,DataVietNam,2026-09-12
BCA_CA_NB_PC08,Phòng Cảnh sát giao thông - Công an Tỉnh Ninh Bình,BCA,province,2018,2026,dvc_2018,https://dichvucong.gov.vn/archive/2018,generated_catalog,source,2026-09-12T19:42:24.601202,crawl_2018_2026,Phòng Cảnh sát giao thông - Công an Tỉnh Ninh Bình,BCA_CA_NB_PC08,phong canh sat giao thong cong an tinh ninh binh,BCA,Annotator_A,HIGH,Khớp hoàn toàn danh mục hành chính chuẩn,2026-09-12,DataVietNam,2026-09-12
BCA_CA_NB_PA01,Phòng An ninh đối ngoại - Công an Tỉnh Ninh Bình,BCA,province,2018,2026,dvc_2018,https://dichvucong.gov.vn/archive/2018,generated_catalog,source,2026-09-12T19:42:24.601202,crawl_2018_2026,Phòng An ninh đối ngoại - Công an Tỉnh Ninh Bình,BCA_CA_NB_PA01,phong an ninh oi ngoai cong an tinh ninh binh,BCA,Annotator_A,HIGH,Khớp hoàn toàn danh mục hành chính chuẩn,2026-09-12,DataVietNam,2026-09-12
BCA_CA_NB_PA02,Phòng An ninh nội địa - Công an Tỉnh Ninh Bình,BCA,province,2018,2026,dvc_2018,https://dichvucong.gov.vn/archive/2018,generated_catalog,source,2026-09-12T19:42:24.601202,crawl_2018_2026,Phòng An ninh nội địa - Công an Tỉnh Ninh Bình,BCA_CA_NB_PA02,phong an ninh noi ia cong an tinh ninh binh,BCA,Annotator_A,HIGH,Khớp hoàn toàn danh mục hành chính chuẩn,2026-09-12,DataVietNam,2026-09-12
BCA_CA_NB_PA03,Phòng An ninh chính trị nội bộ - Công an Tỉnh Ninh Bình,BCA,province,2018,2026,dvc_2018,https://dichvucong.gov.vn/archive/2018,generated_catalog,source,2026-09-12T19:42:24.601202,crawl_2018_2026,Phòng An ninh chính trị nội bộ - Công an Tỉnh Ninh Bình,BCA_CA_NB_PA03,phong an ninh chinh tri noi bo cong an tinh ninh binh,BCA,Annotator_A,HIGH,Khớp hoàn toàn danh mục hành chính chuẩn,2026-09-12,DataVietNam,2026-09-12
BCA_CA_NB_PA05,Phòng An ninh mạng và phòng chống tội phạm công nghệ cao - Công an Tỉnh Ninh Bình,BCA,province,2018,2026,dvc_2018,https://dichvucong.gov.vn/archive/2018,generated_catalog,source,2026-09-12T19:42:24.601202,crawl_2018_2026,Phòng An ninh mạng và phòng chống tội phạm công nghệ cao - Công an Tỉnh Ninh Bình,BCA_CA_NB_PA05,phong an ninh mang va phong chong toi pham cong nghe cao cong an tinh ninh binh,BCA,Annotator_A,HIGH,Khớp hoàn toàn danh mục hành chính chuẩn,2026-09-12,DataVietNam,2026-09-12
BCA_CA_VP,Công an Tỉnh Vĩnh Phúc,BCA,province,2018,2026,dvc_2018,https://dichvucong.gov.vn/archive/2018,generated_catalog,source,2026-09-12T19:42:24.601202,crawl_2018_2026,Công an Tỉnh Vĩnh Phúc,BCA_CA_VP,cong an tinh vinh phuc,BCA,Annotator_A,HIGH,Khớp hoàn toàn danh mục hành chính chuẩn,2026-09-12,DataVietNam,2026-09-12
BCA_CA_VP_PC01,Văn phòng Cơ quan Cảnh sát điều tra - Công an Tỉnh Vĩnh Phúc,BCA,ministry,2018,2026,dvc_2018,https://dichvucong.gov.vn/archive/2018,generated_catalog,source,2026-09-12T19:42:24.601202,crawl_2018_2026,Văn phòng Cơ quan Cảnh sát điều tra - Công an Tỉnh Vĩnh Phúc,BCA_CA_VP_PC01,van phong co quan canh sat ieu tra cong an tinh vinh phuc,BCA,Annotator_A,HIGH,Khớp hoàn toàn danh mục hành chính chuẩn,2026-09-12,DataVietNam,2026-09-12
BCA_CA_VP_PC02,Phòng Cảnh sát hình sự - Công an Tỉnh Vĩnh Phúc,BCA,province,2018,2026,dvc_2018,https://dichvucong.gov.vn/archive/2018,generated_catalog,source,2026-09-12T19:42:24.601202,crawl_2018_2026,Phòng Cảnh sát hình sự - Công an Tỉnh Vĩnh Phúc,BCA_CA_VP_PC02,phong canh sat hinh su cong an tinh vinh phuc,BCA,Annotator_A,HIGH,Khớp hoàn toàn danh mục hành chính chuẩn,2026-09-12,DataVietNam,2026-09-12
BCA_CA_VP_PC03,Phòng Cảnh sát kinh tế - Công an Tỉnh Vĩnh Phúc,BCA,province,2018,2026,dvc_2018,https://dichvucong.gov.vn/archive/2018,generated_catalog,source,2026-09-12T19:42:24.601202,crawl_2018_2026,Phòng Cảnh sát kinh tế - Công an Tỉnh Vĩnh Phúc,BCA_CA_VP_PC03,phong canh sat kinh te cong an tinh vinh phuc,BCA,Annotator_A,HIGH,Khớp hoàn toàn danh mục hành chính chuẩn,2026-09-12,DataVietNam,2026-09-12
BCA_CA_VP_PC04,Phòng Cảnh sát điều tra tội phạm về ma túy - Công an Tỉnh Vĩnh Phúc,BCA,province,2018,2026,dvc_2018,https://dichvucong.gov.vn/archive/2018,generated_catalog,source,2026-09-12T19:42:24.601202,crawl_2018_2026,Phòng Cảnh sát điều tra tội phạm về ma túy - Công an Tỉnh Vĩnh Phúc,BCA_CA_VP_PC04,phong canh sat ieu tra toi pham ve ma tuy cong an tinh vinh phuc,BCA,Annotator_A,HIGH,Khớp hoàn toàn danh mục hành chính chuẩn,2026-09-12,DataVietNam,2026-09-12
BCA_CA_VP_PC06,Phòng Cảnh sát quản lý hành chính về trật tự xã hội - Công an Tỉnh Vĩnh Phúc,BCA,province,2018,2026,dvc_2018,https://dichvucong.gov.vn/archive/2018,generated_catalog,source,2026-09-12T19:42:24.601202,crawl_2018_2026,Phòng Cảnh sát quản lý hành chính về trật tự xã hội - Công an Tỉnh Vĩnh Phúc,BCA_CA_VP_PC06,phong canh sat quan ly hanh chinh ve trat tu xa hoi cong an tinh vinh phuc,BCA,Annotator_A,HIGH,Khớp hoàn toàn danh mục hành chính chuẩn,2026-09-12,DataVietNam,2026-09-12
BCA_CA_VP_PC07,Phòng Cảnh sát Phòng cháy chữa cháy và Cứu nạn cứu hộ - Công an Tỉnh Vĩnh Phúc,BCA,province,2018,2026,dvc_2018,https://dichvucong.gov.vn/archive/2018,generated_catalog,source,2026-09-12T19:42:24.601202,crawl_2018_2026,Phòng Cảnh sát Phòng cháy chữa cháy và Cứu nạn cứu hộ - Công an Tỉnh Vĩnh Phúc,BCA_CA_VP_PC07,phong canh sat phong chay chua chay va cuu nan cuu ho cong an tinh vinh phuc,BCA,Annotator_A,HIGH,Khớp hoàn toàn danh mục hành chính chuẩn,2026-09-12,DataVietNam,2026-09-12
BCA_CA_VP_PC08,Phòng Cảnh sát giao thông - Công an Tỉnh Vĩnh Phúc,BCA,province,2018,2026,dvc_2018,https://dichvucong.gov.vn/archive/2018,generated_catalog,source,2026-09-12T19:42:24.601202,crawl_2018_2026,Phòng Cảnh sát giao thông - Công an Tỉnh Vĩnh Phúc,BCA_CA_VP_PC08,phong canh sat giao thong cong an tinh vinh phuc,BCA,Annotator_A,HIGH,Khớp hoàn toàn danh mục hành chính chuẩn,2026-09-12,DataVietNam,2026-09-12
BCA_CA_VP_PA01,Phòng An ninh đối ngoại - Công an Tỉnh Vĩnh Phúc,BCA,province,2018,2026,dvc_2018,https://dichvucong.gov.vn/archive/2018,generated_catalog,source,2026-09-12T19:42:24.601202,crawl_2018_2026,Phòng An ninh đối ngoại - Công an Tỉnh Vĩnh Phúc,BCA_CA_VP_PA01,phong an ninh oi ngoai cong an tinh vinh phuc,BCA,Annotator_A,HIGH,Khớp hoàn toàn danh mục hành chính chuẩn,2026-09-12,DataVietNam,2026-09-12
BCA_CA_VP_PA02,Phòng An ninh nội địa - Công an Tỉnh Vĩnh Phúc,BCA,province,2018,2026,dvc_2018,https://dichvucong.gov.vn/archive/2018,generated_catalog,source,2026-09-12T19:42:24.601202,crawl_2018_2026,Phòng An ninh nội địa - Công an Tỉnh Vĩnh Phúc,BCA_CA_VP_PA02,phong an ninh noi ia cong an tinh vinh phuc,BCA,Annotator_A,HIGH,Khớp hoàn toàn danh mục hành chính chuẩn,2026-09-12,DataVietNam,2026-09-12
BCA_CA_VP_PA03,Phòng An ninh chính trị nội bộ - Công an Tỉnh Vĩnh Phúc,BCA,province,2018,2026,dvc_2018,https://dichvucong.gov.vn/archive/2018,generated_catalog,source,2026-09-12T19:42:24.601202,crawl_2018_2026,Phòng An ninh chính trị nội bộ - Công an Tỉnh Vĩnh Phúc,BCA_CA_VP_PA03,phong an ninh chinh tri noi bo cong an tinh vinh phuc,BCA,Annotator_A,HIGH,Khớp hoàn toàn danh mục hành chính chuẩn,2026-09-12,DataVietNam,2026-09-12
BCA_CA_VP_PA05,Phòng An ninh mạng và phòng chống tội phạm công nghệ cao - Công an Tỉnh Vĩnh Phúc,BCA,province,2018,2026,dvc_2018,https://dichvucong.gov.vn/archive/2018,generated_catalog,source,2026-09-12T19:42:24.601202,crawl_2018_2026,Phòng An ninh mạng và phòng chống tội phạm công nghệ cao - Công an Tỉnh Vĩnh Phúc,BCA_CA_VP_PA05,phong an ninh mang va phong chong toi pham cong nghe cao cong an tinh vinh phuc,BCA,Annotator_A,HIGH,Khớp hoàn toàn danh mục hành chính chuẩn,2026-09-12,DataVietNam,2026-09-12
BCA_CA_BNI,Công an Tỉnh Bắc Ninh,BCA,province,2018,2026,dvc_2018,https://dichvucong.gov.vn/archive/2018,generated_catalog,source,2026-09-12T19:42:24.601202,crawl_2018_2026,Công an Tỉnh Bắc Ninh,BCA_CA_BNI,cong an tinh bac ninh,BCA,Annotator_A,HIGH,Khớp hoàn toàn danh mục hành chính chuẩn,2026-09-12,DataVietNam,2026-09-12
BCA_CA_BNI_PC01,Văn phòng Cơ quan Cảnh sát điều tra - Công an Tỉnh Bắc Ninh,BCA,ministry,2018,2026,dvc_2018,https://dichvucong.gov.vn/archive/2018,generated_catalog,source,2026-09-12T19:42:24.601202,crawl_2018_2026,Văn phòng Cơ quan Cảnh sát điều tra - Công an Tỉnh Bắc Ninh,BCA_CA_BNI_PC01,van phong co quan canh sat ieu tra cong an tinh bac ninh,BCA,Annotator_A,HIGH,Khớp hoàn toàn danh mục hành chính chuẩn,2026-09-12,DataVietNam,2026-09-12
BCA_CA_BNI_PC02,Phòng Cảnh sát hình sự - Công an Tỉnh Bắc Ninh,BCA,province,2018,2026,dvc_2018,https://dichvucong.gov.vn/archive/2018,generated_catalog,source,2026-09-12T19:42:24.601202,crawl_2018_2026,Phòng Cảnh sát hình sự - Công an Tỉnh Bắc Ninh,BCA_CA_BNI_PC02,phong canh sat hinh su cong an tinh bac ninh,BCA,Annotator_A,HIGH,Khớp hoàn toàn danh mục hành chính chuẩn,2026-09-12,DataVietNam,2026-09-12
BCA_CA_BNI_PC03,Phòng Cảnh sát kinh tế - Công an Tỉnh Bắc Ninh,BCA,province,2018,2026,dvc_2018,https://dichvucong.gov.vn/archive/2018,generated_catalog,source,2026-09-12T19:42:24.601202,crawl_2018_2026,Phòng Cảnh sát kinh tế - Công an Tỉnh Bắc Ninh,BCA_CA_BNI_PC03,phong canh sat kinh te cong an tinh bac ninh,BCA,Annotator_A,HIGH,Khớp hoàn toàn danh mục hành chính chuẩn,2026-09-12,DataVietNam,2026-09-12
BCA_CA_BNI_PC04,Phòng Cảnh sát điều tra tội phạm về ma túy - Công an Tỉnh Bắc Ninh,BCA,province,2018,2026,dvc_2018,https://dichvucong.gov.vn/archive/2018,generated_catalog,source,2026-09-12T19:42:24.601202,crawl_2018_2026,Phòng Cảnh sát điều tra tội phạm về ma túy - Công an Tỉnh Bắc Ninh,BCA_CA_BNI_PC04,phong canh sat ieu tra toi pham ve ma tuy cong an tinh bac ninh,BCA,Annotator_A,HIGH,Khớp hoàn toàn danh mục hành chính chuẩn,2026-09-12,DataVietNam,2026-09-12
BCA_CA_BNI_PC06,Phòng Cảnh sát quản lý hành chính về trật tự xã hội - Công an Tỉnh Bắc Ninh,BCA,province,2018,2026,dvc_2018,https://dichvucong.gov.vn/archive/2018,generated_catalog,source,2026-09-12T19:42:24.601202,crawl_2018_2026,Phòng Cảnh sát quản lý hành chính về trật tự xã hội - Công an Tỉnh Bắc Ninh,BCA_CA_BNI_PC06,phong canh sat quan ly hanh chinh ve trat tu xa hoi cong an tinh bac ninh,BCA,Annotator_A,HIGH,Khớp hoàn toàn danh mục hành chính chuẩn,2026-09-12,DataVietNam,2026-09-12
BCA_CA_BNI_PC07,Phòng Cảnh sát Phòng cháy chữa cháy và Cứu nạn cứu hộ - Công an Tỉnh Bắc Ninh,BCA,province,2018,2026,dvc_2018,https://dichvucong.gov.vn/archive/2018,generated_catalog,source,2026-09-12T19:42:24.601202,crawl_2018_2026,Phòng Cảnh sát Phòng cháy chữa cháy và Cứu nạn cứu hộ - Công an Tỉnh Bắc Ninh,BCA_CA_BNI_PC07,phong canh sat phong chay chua chay va cuu nan cuu ho cong an tinh bac ninh,BCA,Annotator_A,HIGH,Khớp hoàn toàn danh mục hành chính chuẩn,2026-09-12,DataVietNam,2026-09-12
BCA_CA_BNI_PC08,Phòng Cảnh sát giao thông - Công an Tỉnh Bắc Ninh,BCA,province,2018,2026,dvc_2018,https://dichvucong.gov.vn/archive/2018,generated_catalog,source,2026-09-12T19:42:24.601202,crawl_2018_2026,Phòng Cảnh sát giao thông - Công an Tỉnh Bắc Ninh,BCA_CA_BNI_PC08,phong canh sat giao thong cong an tinh bac ninh,BCA,Annotator_A,HIGH,Khớp hoàn toàn danh mục hành chính chuẩn,2026-09-12,DataVietNam,2026-09-12
BCA_CA_BNI_PA01,Phòng An ninh đối ngoại - Công an Tỉnh Bắc Ninh,BCA,province,2018,2026,dvc_2018,https://dichvucong.gov.vn/archive/2018,generated_catalog,source,2026-09-12T19:42:24.601202,crawl_2018_2026,Phòng An ninh đối ngoại - Công an Tỉnh Bắc Ninh,BCA_CA_BNI_PA01,phong an ninh oi ngoai cong an tinh bac ninh,BCA,Annotator_A,HIGH,Khớp hoàn toàn danh mục hành chính chuẩn,2026-09-12,DataVietNam,2026-09-12
BCA_CA_BNI_PA02,Phòng An ninh nội địa - Công an Tỉnh Bắc Ninh,BCA,province,2018,2026,dvc_2018,https://dichvucong.gov.vn/archive/2018,generated_catalog,source,2026-09-12T19:42:24.601202,crawl_2018_2026,Phòng An ninh nội địa - Công an Tỉnh Bắc Ninh,BCA_CA_BNI_PA02,phong an ninh noi ia cong an tinh bac ninh,BCA,Annotator_A,HIGH,Khớp hoàn toàn danh mục hành chính chuẩn,2026-09-12,DataVietNam,2026-09-12
BCA_CA_BNI_PA03,Phòng An ninh chính trị nội bộ - Công an Tỉnh Bắc Ninh,BCA,province,2018,2026,dvc_2018,https://dichvucong.gov.vn/archive/2018,generated_catalog,source,2026-09-12T19:42:24.601202,crawl_2018_2026,Phòng An ninh chính trị nội bộ - Công an Tỉnh Bắc Ninh,BCA_CA_BNI_PA03,phong an ninh chinh tri noi bo cong an tinh bac ninh,BCA,Annotator_A,HIGH,Khớp hoàn toàn danh mục hành chính chuẩn,2026-09-12,DataVietNam,2026-09-12
BCA_CA_BNI_PA05,Phòng An ninh mạng và phòng chống tội phạm công nghệ cao - Công an Tỉnh Bắc Ninh,BCA,province,2018,2026,dvc_2018,https://dichvucong.gov.vn/archive/2018,generated_catalog,source,2026-09-12T19:42:24.601202,crawl_2018_2026,Phòng An ninh mạng và phòng chống tội phạm công nghệ cao - Công an Tỉnh Bắc Ninh,BCA_CA_BNI_PA05,phong an ninh mang va phong chong toi pham cong nghe cao cong an tinh bac ninh,BCA,Annotator_A,HIGH,Khớp hoàn toàn danh mục hành chính chuẩn,2026-09-12,DataVietNam,2026-09-12
BCA_CA_BGI,Công an Tỉnh Bắc Giang,BCA,province,2018,2026,dvc_2018,https://dichvucong.gov.vn/archive/2018,generated_catalog,source,2026-09-12T19:42:24.601202,crawl_2018_2026,Công an Tỉnh Bắc Giang,BCA_CA_BGI,cong an tinh bac giang,BCA,Annotator_A,HIGH,Khớp hoàn toàn danh mục hành chính chuẩn,2026-09-12,DataVietNam,2026-09-12
BCA_CA_BGI_PC01,Văn phòng Cơ quan Cảnh sát điều tra - Công an Tỉnh Bắc Giang,BCA,ministry,2018,2026,dvc_2018,https://dichvucong.gov.vn/archive/2018,generated_catalog,source,2026-09-12T19:42:24.601202,crawl_2018_2026,Văn phòng Cơ quan Cảnh sát điều tra - Công an Tỉnh Bắc Giang,BCA_CA_BGI_PC01,van phong co quan canh sat ieu tra cong an tinh bac giang,BCA,Annotator_A,HIGH,Khớp hoàn toàn danh mục hành chính chuẩn,2026-09-12,DataVietNam,2026-09-12
BCA_CA_BGI_PC02,Phòng Cảnh sát hình sự - Công an Tỉnh Bắc Giang,BCA,province,2018,2026,dvc_2018,https://dichvucong.gov.vn/archive/2018,generated_catalog,source,2026-09-12T19:42:24.601202,crawl_2018_2026,Phòng Cảnh sát hình sự - Công an Tỉnh Bắc Giang,BCA_CA_BGI_PC02,phong canh sat hinh su cong an tinh bac giang,BCA,Annotator_A,HIGH,Khớp hoàn toàn danh mục hành chính chuẩn,2026-09-12,DataVietNam,2026-09-12
BCA_CA_BGI_PC03,Phòng Cảnh sát kinh tế - Công an Tỉnh Bắc Giang,BCA,province,2018,2026,dvc_2018,https://dichvucong.gov.vn/archive/2018,generated_catalog,source,2026-09-12T19:42:24.601202,crawl_2018_2026,Phòng Cảnh sát kinh tế - Công an Tỉnh Bắc Giang,BCA_CA_BGI_PC03,phong canh sat kinh te cong an tinh bac giang,BCA,Annotator_A,HIGH,Khớp hoàn toàn danh mục hành chính chuẩn,2026-09-12,DataVietNam,2026-09-12
BCA_CA_BGI_PC04,Phòng Cảnh sát điều tra tội phạm về ma túy - Công an Tỉnh Bắc Giang,BCA,province,2018,2026,dvc_2018,https://dichvucong.gov.vn/archive/2018,generated_catalog,source,2026-09-12T19:42:24.601202,crawl_2018_2026,Phòng Cảnh sát điều tra tội phạm về ma túy - Công an Tỉnh Bắc Giang,BCA_CA_BGI_PC04,phong canh sat ieu tra toi pham ve ma tuy cong an tinh bac giang,BCA,Annotator_A,HIGH,Khớp hoàn toàn danh mục hành chính chuẩn,2026-09-12,DataVietNam,2026-09-12
BCA_CA_BGI_PC06,Phòng Cảnh sát quản lý hành chính về trật tự xã hội - Công an Tỉnh Bắc Giang,BCA,province,2018,2026,dvc_2018,https://dichvucong.gov.vn/archive/2018,generated_catalog,source,2026-09-12T19:42:24.601202,crawl_2018_2026,Phòng Cảnh sát quản lý hành chính về trật tự xã hội - Công an Tỉnh Bắc Giang,BCA_CA_BGI_PC06,phong canh sat quan ly hanh chinh ve trat tu xa hoi cong an tinh bac giang,BCA,Annotator_A,HIGH,Khớp hoàn toàn danh mục hành chính chuẩn,2026-09-12,DataVietNam,2026-09-12
BCA_CA_BGI_PC07,Phòng Cảnh sát Phòng cháy chữa cháy và Cứu nạn cứu hộ - Công an Tỉnh Bắc Giang,BCA,province,2018,2026,dvc_2018,https://dichvucong.gov.vn/archive/2018,generated_catalog,source,2026-09-12T19:42:24.601202,crawl_2018_2026,Phòng Cảnh sát Phòng cháy chữa cháy và Cứu nạn cứu hộ - Công an Tỉnh Bắc Giang,BCA_CA_BGI_PC07,phong canh sat phong chay chua chay va cuu nan cuu ho cong an tinh bac giang,BCA,Annotator_A,HIGH,Khớp hoàn toàn danh mục hành chính chuẩn,2026-09-12,DataVietNam,2026-09-12
BCA_CA_BGI_PC08,Phòng Cảnh sát giao thông - Công an Tỉnh Bắc Giang,BCA,province,2018,2026,dvc_2018,https://dichvucong.gov.vn/archive/2018,generated_catalog,source,2026-09-12T19:42:24.601202,crawl_2018_2026,Phòng Cảnh sát giao thông - Công an Tỉnh Bắc Giang,BCA_CA_BGI_PC08,phong canh sat giao thong cong an tinh bac giang,BCA,Annotator_A,HIGH,Khớp hoàn toàn danh mục hành chính chuẩn,2026-09-12,DataVietNam,2026-09-12
BCA_CA_BGI_PA01,Phòng An ninh đối ngoại - Công an Tỉnh Bắc Giang,BCA,province,2018,2026,dvc_2018,https://dichvucong.gov.vn/archive/2018,generated_catalog,source,2026-09-12T19:42:24.601202,crawl_2018_2026,Phòng An ninh đối ngoại - Công an Tỉnh Bắc Giang,BCA_CA_BGI_PA01,phong an ninh oi ngoai cong an tinh bac giang,BCA,Annotator_A,HIGH,Khớp hoàn toàn danh mục hành chính chuẩn,2026-09-12,DataVietNam,2026-09-12
BCA_CA_BGI_PA02,Phòng An ninh nội địa - Công an Tỉnh Bắc Giang,BCA,province,2018,2026,dvc_2018,https://dichvucong.gov.vn/archive/2018,generated_catalog,source,2026-09-12T19:42:24.601202,crawl_2018_2026,Phòng An ninh nội địa - Công an Tỉnh Bắc Giang,BCA_CA_BGI_PA02,phong an ninh noi ia cong an tinh bac giang,BCA,Annotator_A,HIGH,Khớp hoàn toàn danh mục hành chính chuẩn,2026-09-12,DataVietNam,2026-09-12
BCA_CA_BGI_PA03,Phòng An ninh chính trị nội bộ - Công an Tỉnh Bắc Giang,BCA,province,2018,2026,dvc_2018,https://dichvucong.gov.vn/archive/2018,generated_catalog,source,2026-09-12T19:42:24.601202,crawl_2018_2026,Phòng An ninh chính trị nội bộ - Công an Tỉnh Bắc Giang,BCA_CA_BGI_PA03,phong an ninh chinh tri noi bo cong an tinh bac giang,BCA,Annotator_A,HIGH,Khớp hoàn toàn danh mục hành chính chuẩn,2026-09-12,DataVietNam,2026-09-12
BCA_CA_BGI_PA05,Phòng An ninh mạng và phòng chống tội phạm công nghệ cao - Công an Tỉnh Bắc Giang,BCA,province,2018,2026,dvc_2018,https://dichvucong.gov.vn/archive/2018,generated_catalog,source,2026-09-12T19:42:24.601202,crawl_2018_2026,Phòng An ninh mạng và phòng chống tội phạm công nghệ cao - Công an Tỉnh Bắc Giang,BCA_CA_BGI_PA05,phong an ninh mang va phong chong toi pham cong nghe cao cong an tinh bac giang,BCA,Annotator_A,HIGH,Khớp hoàn toàn danh mục hành chính chuẩn,2026-09-12,DataVietNam,2026-09-12
BCA_CA_PTH,Công an Tỉnh Phú Thọ,BCA,province,2018,2026,dvc_2018,https://dichvucong.gov.vn/archive/2018,generated_catalog,source,2026-09-12T19:42:24.601202,crawl_2018_2026,Công an Tỉnh Phú Thọ,BCA_CA_PTH,cong an tinh phu tho,BCA,Annotator_A,HIGH,Khớp hoàn toàn danh mục hành chính chuẩn,2026-09-12,DataVietNam,2026-09-12
BCA_CA_PTH_PC01,Văn phòng Cơ quan Cảnh sát điều tra - Công an Tỉnh Phú Thọ,BCA,ministry,2018,2026,dvc_2018,https://dichvucong.gov.vn/archive/2018,generated_catalog,source,2026-09-12T19:42:24.601202,crawl_2018_2026,Văn phòng Cơ quan Cảnh sát điều tra - Công an Tỉnh Phú Thọ,BCA_CA_PTH_PC01,van phong co quan canh sat ieu tra cong an tinh phu tho,BCA,Annotator_A,HIGH,Khớp hoàn toàn danh mục hành chính chuẩn,2026-09-12,DataVietNam,2026-09-12
BCA_CA_PTH_PC02,Phòng Cảnh sát hình sự - Công an Tỉnh Phú Thọ,BCA,province,2018,2026,dvc_2018,https://dichvucong.gov.vn/archive/2018,generated_catalog,source,2026-09-12T19:42:24.601202,crawl_2018_2026,Phòng Cảnh sát hình sự - Công an Tỉnh Phú Thọ,BCA_CA_PTH_PC02,phong canh sat hinh su cong an tinh phu tho,BCA,Annotator_A,HIGH,Khớp hoàn toàn danh mục hành chính chuẩn,2026-09-12,DataVietNam,2026-09-12
BCA_CA_PTH_PC03,Phòng Cảnh sát kinh tế - Công an Tỉnh Phú Thọ,BCA,province,2018,2026,dvc_2018,https://dichvucong.gov.vn/archive/2018,generated_catalog,source,2026-09-12T19:42:24.601202,crawl_2018_2026,Phòng Cảnh sát kinh tế - Công an Tỉnh Phú Thọ,BCA_CA_PTH_PC03,phong canh sat kinh te cong an tinh phu tho,BCA,Annotator_A,HIGH,Khớp hoàn toàn danh mục hành chính chuẩn,2026-09-12,DataVietNam,2026-09-12
BCA_CA_PTH_PC04,Phòng Cảnh sát điều tra tội phạm về ma túy - Công an Tỉnh Phú Thọ,BCA,province,2018,2026,dvc_2018,https://dichvucong.gov.vn/archive/2018,generated_catalog,source,2026-09-12T19:42:24.601202,crawl_2018_2026,Phòng Cảnh sát điều tra tội phạm về ma túy - Công an Tỉnh Phú Thọ,BCA_CA_PTH_PC04,phong canh sat ieu tra toi pham ve ma tuy cong an tinh phu tho,BCA,Annotator_A,HIGH,Khớp hoàn toàn danh mục hành chính chuẩn,2026-09-12,DataVietNam,2026-09-12
BCA_CA_PTH_PC06,Phòng Cảnh sát quản lý hành chính về trật tự xã hội - Công an Tỉnh Phú Thọ,BCA,province,2018,2026,dvc_2018,https://dichvucong.gov.vn/archive/2018,generated_catalog,source,2026-09-12T19:42:24.601202,crawl_2018_2026,Phòng Cảnh sát quản lý hành chính về trật tự xã hội - Công an Tỉnh Phú Thọ,BCA_CA_PTH_PC06,phong canh sat quan ly hanh chinh ve trat tu xa hoi cong an tinh phu tho,BCA,Annotator_A,HIGH,Khớp hoàn toàn danh mục hành chính chuẩn,2026-09-12,DataVietNam,2026-09-12
BCA_CA_PTH_PC07,Phòng Cảnh sát Phòng cháy chữa cháy và Cứu nạn cứu hộ - Công an Tỉnh Phú Thọ,BCA,province,2018,2026,dvc_2018,https://dichvucong.gov.vn/archive/2018,generated_catalog,source,2026-09-12T19:42:24.601202,crawl_2018_2026,Phòng Cảnh sát Phòng cháy chữa cháy và Cứu nạn cứu hộ - Công an Tỉnh Phú Thọ,BCA_CA_PTH_PC07,phong canh sat phong chay chua chay va cuu nan cuu ho cong an tinh phu tho,BCA,Annotator_A,HIGH,Khớp hoàn toàn danh mục hành chính chuẩn,2026-09-12,DataVietNam,2026-09-12
BCA_CA_PTH_PC08,Phòng Cảnh sát giao thông - Công an Tỉnh Phú Thọ,BCA,province,2018,2026,dvc_2018,https://dichvucong.gov.vn/archive/2018,generated_catalog,source,2026-09-12T19:42:24.601202,crawl_2018_2026,Phòng Cảnh sát giao thông - Công an Tỉnh Phú Thọ,BCA_CA_PTH_PC08,phong canh sat giao thong cong an tinh phu tho,BCA,Annotator_A,HIGH,Khớp hoàn toàn danh mục hành chính chuẩn,2026-09-12,DataVietNam,2026-09-12
BCA_CA_PTH_PA01,Phòng An ninh đối ngoại - Công an Tỉnh Phú Thọ,BCA,province,2018,2026,dvc_2018,https://dichvucong.gov.vn/archive/2018,generated_catalog,source,2026-09-12T19:42:24.601202,crawl_2018_2026,Phòng An ninh đối ngoại - Công an Tỉnh Phú Thọ,BCA_CA_PTH_PA01,phong an ninh oi ngoai cong an tinh phu tho,BCA,Annotator_A,HIGH,Khớp hoàn toàn danh mục hành chính chuẩn,2026-09-12,DataVietNam,2026-09-12
BCA_CA_PTH_PA02,Phòng An ninh nội địa - Công an Tỉnh Phú Thọ,BCA,province,2018,2026,dvc_2018,https://dichvucong.gov.vn/archive/2018,generated_catalog,source,2026-09-12T19:42:24.601202,crawl_2018_2026,Phòng An ninh nội địa - Công an Tỉnh Phú Thọ,BCA_CA_PTH_PA02,phong an ninh noi ia cong an tinh phu tho,BCA,Annotator_A,HIGH,Khớp hoàn toàn danh mục hành chính chuẩn,2026-09-12,DataVietNam,2026-09-12
BCA_CA_PTH_PA03,Phòng An ninh chính trị nội bộ - Công an Tỉnh Phú Thọ,BCA,province,2018,2026,dvc_2018,https://dichvucong.gov.vn/archive/2018,generated_catalog,source,2026-09-12T19:42:24.601202,crawl_2018_2026,Phòng An ninh chính trị nội bộ - Công an Tỉnh Phú Thọ,BCA_CA_PTH_PA03,phong an ninh chinh tri noi bo cong an tinh phu tho,BCA,Annotator_A,HIGH,Khớp hoàn toàn danh mục hành chính chuẩn,2026-09-12,DataVietNam,2026-09-12
BCA_CA_PTH_PA05,Phòng An ninh mạng và phòng chống tội phạm công nghệ cao - Công an Tỉnh Phú Thọ,BCA,province,2018,2026,dvc_2018,https://dichvucong.gov.vn/archive/2018,generated_catalog,source,2026-09-12T19:42:24.601202,crawl_2018_2026,Phòng An ninh mạng và phòng chống tội phạm công nghệ cao - Công an Tỉnh Phú Thọ,BCA_CA_PTH_PA05,phong an ninh mang va phong chong toi pham cong nghe cao cong an tinh phu tho,BCA,Annotator_A,HIGH,Khớp hoàn toàn danh mục hành chính chuẩn,2026-09-12,DataVietNam,2026-09-12
BCA_CA_TNG,Công an Tỉnh Thái Nguyên,BCA,province,2018,2026,dvc_2018,https://dichvucong.gov.vn/archive/2018,generated_catalog,source,2026-09-12T19:42:24.601202,crawl_2018_2026,Công an Tỉnh Thái Nguyên,BCA_CA_TNG,cong an tinh thai nguyen,BCA,Annotator_A,HIGH,Khớp hoàn toàn danh mục hành chính chuẩn,2026-09-12,DataVietNam,2026-09-12
BCA_CA_TNG_PC01,Văn phòng Cơ quan Cảnh sát điều tra - Công an Tỉnh Thái Nguyên,BCA,ministry,2018,2026,dvc_2018,https://dichvucong.gov.vn/archive/2018,generated_catalog,source,2026-09-12T19:42:24.601202,crawl_2018_2026,Văn phòng Cơ quan Cảnh sát điều tra - Công an Tỉnh Thái Nguyên,BCA_CA_TNG_PC01,van phong co quan canh sat ieu tra cong an tinh thai nguyen,BCA,Annotator_A,HIGH,Khớp hoàn toàn danh mục hành chính chuẩn,2026-09-12,DataVietNam,2026-09-12
BCA_CA_TNG_PC02,Phòng Cảnh sát hình sự - Công an Tỉnh Thái Nguyên,BCA,province,2018,2026,dvc_2018,https://dichvucong.gov.vn/archive/2018,generated_catalog,source,2026-09-12T19:42:24.601202,crawl_2018_2026,Phòng Cảnh sát hình sự - Công an Tỉnh Thái Nguyên,BCA_CA_TNG_PC02,phong canh sat hinh su cong an tinh thai nguyen,BCA,Annotator_A,HIGH,Khớp hoàn toàn danh mục hành chính chuẩn,2026-09-12,DataVietNam,2026-09-12
BCA_CA_TNG_PC03,Phòng Cảnh sát kinh tế - Công an Tỉnh Thái Nguyên,BCA,province,2018,2026,dvc_2018,https://dichvucong.gov.vn/archive/2018,generated_catalog,source,2026-09-12T19:42:24.601202,crawl_2018_2026,Phòng Cảnh sát kinh tế - Công an Tỉnh Thái Nguyên,BCA_CA_TNG_PC03,phong canh sat kinh te cong an tinh thai nguyen,BCA,Annotator_A,HIGH,Khớp hoàn toàn danh mục hành chính chuẩn,2026-09-12,DataVietNam,2026-09-12
BCA_CA_TNG_PC04,Phòng Cảnh sát điều tra tội phạm về ma túy - Công an Tỉnh Thái Nguyên,BCA,province,2018,2026,dvc_2018,https://dichvucong.gov.vn/archive/2018,generated_catalog,source,2026-09-12T19:42:24.601202,crawl_2018_2026,Phòng Cảnh sát điều tra tội phạm về ma túy - Công an Tỉnh Thái Nguyên,BCA_CA_TNG_PC04,phong canh sat ieu tra toi pham ve ma tuy cong an tinh thai nguyen,BCA,Annotator_A,HIGH,Khớp hoàn toàn danh mục hành chính chuẩn,2026-09-12,DataVietNam,2026-09-12
BCA_CA_TNG_PC06,Phòng Cảnh sát quản lý hành chính về trật tự xã hội - Công an Tỉnh Thái Nguyên,BCA,province,2018,2026,dvc_2018,https://dichvucong.gov.vn/archive/2018,generated_catalog,source,2026-09-12T19:42:24.601202,crawl_2018_2026,Phòng Cảnh sát quản lý hành chính về trật tự xã hội - Công an Tỉnh Thái Nguyên,BCA_CA_TNG_PC06,phong canh sat quan ly hanh chinh ve trat tu xa hoi cong an tinh thai nguyen,BCA,Annotator_A,HIGH,Khớp hoàn toàn danh mục hành chính chuẩn,2026-09-12,DataVietNam,2026-09-12
BCA_CA_TNG_PC07,Phòng Cảnh sát Phòng cháy chữa cháy và Cứu nạn cứu hộ - Công an Tỉnh Thái Nguyên,BCA,province,2018,2026,dvc_2018,https://dichvucong.gov.vn/archive/2018,generated_catalog,source,2026-09-12T19:42:24.601202,crawl_2018_2026,Phòng Cảnh sát Phòng cháy chữa cháy và Cứu nạn cứu hộ - Công an Tỉnh Thái Nguyên,BCA_CA_TNG_PC07,phong canh sat phong chay chua chay va cuu nan cuu ho cong an tinh thai nguyen,BCA,Annotator_A,HIGH,Khớp hoàn toàn danh mục hành chính chuẩn,2026-09-12,DataVietNam,2026-09-12
BCA_CA_TNG_PC08,Phòng Cảnh sát giao thông - Công an Tỉnh Thái Nguyên,BCA,province,2018,2026,dvc_2018,https://dichvucong.gov.vn/archive/2018,generated_catalog,source,2026-09-12T19:42:24.601202,crawl_2018_2026,Phòng Cảnh sát giao thông - Công an Tỉnh Thái Nguyên,BCA_CA_TNG_PC08,phong canh sat giao thong cong an tinh thai nguyen,BCA,Annotator_A,HIGH,Khớp hoàn toàn danh mục hành chính chuẩn,2026-09-12,DataVietNam,2026-09-12
BCA_CA_TNG_PA01,Phòng An ninh đối ngoại - Công an Tỉnh Thái Nguyên,BCA,province,2018,2026,dvc_2018,https://dichvucong.gov.vn/archive/2018,generated_catalog,source,2026-09-12T19:42:24.601202,crawl_2018_2026,Phòng An ninh đối ngoại - Công an Tỉnh Thái Nguyên,BCA_CA_TNG_PA01,phong an ninh oi ngoai cong an tinh thai nguyen,BCA,Annotator_A,HIGH,Khớp hoàn toàn danh mục hành chính chuẩn,2026-09-12,DataVietNam,2026-09-12
BCA_CA_TNG_PA02,Phòng An ninh nội địa - Công an Tỉnh Thái Nguyên,BCA,province,2018,2026,dvc_2018,https://dichvucong.gov.vn/archive/2018,generated_catalog,source,2026-09-12T19:42:24.601202,crawl_2018_2026,Phòng An ninh nội địa - Công an Tỉnh Thái Nguyên,BCA_CA_TNG_PA02,phong an ninh noi ia cong an tinh thai nguyen,BCA,Annotator_A,HIGH,Khớp hoàn toàn danh mục hành chính chuẩn,2026-09-12,DataVietNam,2026-09-12
BCA_CA_TNG_PA03,Phòng An ninh chính trị nội bộ - Công an Tỉnh Thái Nguyên,BCA,province,2018,2026,dvc_2018,https://dichvucong.gov.vn/archive/2018,generated_catalog,source,2026-09-12T19:42:24.601202,crawl_2018_2026,Phòng An ninh chính trị nội bộ - Công an Tỉnh Thái Nguyên,BCA_CA_TNG_PA03,phong an ninh chinh tri noi bo cong an tinh thai nguyen,BCA,Annotator_A,HIGH,Khớp hoàn toàn danh mục hành chính chuẩn,2026-09-12,DataVietNam,2026-09-12
BCA_CA_TNG_PA05,Phòng An ninh mạng và phòng chống tội phạm công nghệ cao - Công an Tỉnh Thái Nguyên,BCA,province,2018,2026,dvc_2018,https://dichvucong.gov.vn/archive/2018,generated_catalog,source,2026-09-12T19:42:24.601202,crawl_2018_2026,Phòng An ninh mạng và phòng chống tội phạm công nghệ cao - Công an Tỉnh Thái Nguyên,BCA_CA_TNG_PA05,phong an ninh mang va phong chong toi pham cong nghe cao cong an tinh thai nguyen,BCA,Annotator_A,HIGH,Khớp hoàn toàn danh mục hành chính chuẩn,2026-09-12,DataVietNam,2026-09-12
BCA_CA_YBI,Công an Tỉnh Yên Bái,BCA,province,2018,2026,dvc_2018,https://dichvucong.gov.vn/archive/2018,generated_catalog,source,2026-09-12T19:42:24.601202,crawl_2018_2026,Công an Tỉnh Yên Bái,BCA_CA_YBI,cong an tinh yen bai,BCA,Annotator_A,HIGH,Khớp hoàn toàn danh mục hành chính chuẩn,2026-09-12,DataVietNam,2026-09-12
BCA_CA_YBI_PC01,Văn phòng Cơ quan Cảnh sát điều tra - Công an Tỉnh Yên Bái,BCA,ministry,2018,2026,dvc_2018,https://dichvucong.gov.vn/archive/2018,generated_catalog,source,2026-09-12T19:42:24.601202,crawl_2018_2026,Văn phòng Cơ quan Cảnh sát điều tra - Công an Tỉnh Yên Bái,BCA_CA_YBI_PC01,van phong co quan canh sat ieu tra cong an tinh yen bai,BCA,Annotator_A,HIGH,Khớp hoàn toàn danh mục hành chính chuẩn,2026-09-12,DataVietNam,2026-09-12
BCA_CA_YBI_PC02,Phòng Cảnh sát hình sự - Công an Tỉnh Yên Bái,BCA,province,2018,2026,dvc_2018,https://dichvucong.gov.vn/archive/2018,generated_catalog,source,2026-09-12T19:42:24.601202,crawl_2018_2026,Phòng Cảnh sát hình sự - Công an Tỉnh Yên Bái,BCA_CA_YBI_PC02,phong canh sat hinh su cong an tinh yen bai,BCA,Annotator_A,HIGH,Khớp hoàn toàn danh mục hành chính chuẩn,2026-09-12,DataVietNam,2026-09-12
BCA_CA_YBI_PC03,Phòng Cảnh sát kinh tế - Công an Tỉnh Yên Bái,BCA,province,2018,2026,dvc_2018,https://dichvucong.gov.vn/archive/2018,generated_catalog,source,2026-09-12T19:42:24.601202,crawl_2018_2026,Phòng Cảnh sát kinh tế - Công an Tỉnh Yên Bái,BCA_CA_YBI_PC03,phong canh sat kinh te cong an tinh yen bai,BCA,Annotator_A,HIGH,Khớp hoàn toàn danh mục hành chính chuẩn,2026-09-12,DataVietNam,2026-09-12
BCA_CA_YBI_PC04,Phòng Cảnh sát điều tra tội phạm về ma túy - Công an Tỉnh Yên Bái,BCA,province,2018,2026,dvc_2018,https://dichvucong.gov.vn/archive/2018,generated_catalog,source,2026-09-12T19:42:24.601202,crawl_2018_2026,Phòng Cảnh sát điều tra tội phạm về ma túy - Công an Tỉnh Yên Bái,BCA_CA_YBI_PC04,phong canh sat ieu tra toi pham ve ma tuy cong an tinh yen bai,BCA,Annotator_A,HIGH,Khớp hoàn toàn danh mục hành chính chuẩn,2026-09-12,DataVietNam,2026-09-12
BCA_CA_YBI_PC06,Phòng Cảnh sát quản lý hành chính về trật tự xã hội - Công an Tỉnh Yên Bái,BCA,province,2018,2026,dvc_2018,https://dichvucong.gov.vn/archive/2018,generated_catalog,source,2026-09-12T19:42:24.601202,crawl_2018_2026,Phòng Cảnh sát quản lý hành chính về trật tự xã hội - Công an Tỉnh Yên Bái,BCA_CA_YBI_PC06,phong canh sat quan ly hanh chinh ve trat tu xa hoi cong an tinh yen bai,BCA,Annotator_A,HIGH,Khớp hoàn toàn danh mục hành chính chuẩn,2026-09-12,DataVietNam,2026-09-12
BCA_CA_YBI_PC07,Phòng Cảnh sát Phòng cháy chữa cháy và Cứu nạn cứu hộ - Công an Tỉnh Yên Bái,BCA,province,2018,2026,dvc_2018,https://dichvucong.gov.vn/archive/2018,generated_catalog,source,2026-09-12T19:42:24.601202,crawl_2018_2026,Phòng Cảnh sát Phòng cháy chữa cháy và Cứu nạn cứu hộ - Công an Tỉnh Yên Bái,BCA_CA_YBI_PC07,phong canh sat phong chay chua chay va cuu nan cuu ho cong an tinh yen bai,BCA,Annotator_A,HIGH,Khớp hoàn toàn danh mục hành chính chuẩn,2026-09-12,DataVietNam,2026-09-12
BCA_CA_YBI_PC08,Phòng Cảnh sát giao thông - Công an Tỉnh Yên Bái,BCA,province,2018,2026,dvc_2018,https://dichvucong.gov.vn/archive/2018,generated_catalog,source,2026-09-12T19:42:24.601202,crawl_2018_2026,Phòng Cảnh sát giao thông - Công an Tỉnh Yên Bái,BCA_CA_YBI_PC08,phong canh sat giao thong cong an tinh yen bai,BCA,Annotator_A,HIGH,Khớp hoàn toàn danh mục hành chính chuẩn,2026-09-12,DataVietNam,2026-09-12
BCA_CA_YBI_PA01,Phòng An ninh đối ngoại - Công an Tỉnh Yên Bái,BCA,province,2018,2026,dvc_2018,https://dichvucong.gov.vn/archive/2018,generated_catalog,source,2026-09-12T19:42:24.601202,crawl_2018_2026,Phòng An ninh đối ngoại - Công an Tỉnh Yên Bái,BCA_CA_YBI_PA01,phong an ninh oi ngoai cong an tinh yen bai,BCA,Annotator_A,HIGH,Khớp hoàn toàn danh mục hành chính chuẩn,2026-09-12,DataVietNam,2026-09-12
BCA_CA_YBI_PA02,Phòng An ninh nội địa - Công an Tỉnh Yên Bái,BCA,province,2018,2026,dvc_2018,https://dichvucong.gov.vn/archive/2018,generated_catalog,source,2026-09-12T19:42:24.601202,crawl_2018_2026,Phòng An ninh nội địa - Công an Tỉnh Yên Bái,BCA_CA_YBI_PA02,phong an ninh noi ia cong an tinh yen bai,BCA,Annotator_A,HIGH,Khớp hoàn toàn danh mục hành chính chuẩn,2026-09-12,DataVietNam,2026-09-12
BCA_CA_YBI_PA03,Phòng An ninh chính trị nội bộ - Công an Tỉnh Yên Bái,BCA,province,2018,2026,dvc_2018,https://dichvucong.gov.vn/archive/2018,generated_catalog,source,2026-09-12T19:42:24.601202,crawl_2018_2026,Phòng An ninh chính trị nội bộ - Công an Tỉnh Yên Bái,BCA_CA_YBI_PA03,phong an ninh chinh tri noi bo cong an tinh yen bai,BCA,Annotator_A,HIGH,Khớp hoàn toàn danh mục hành chính chuẩn,2026-09-12,DataVietNam,2026-09-12
BCA_CA_YBI_PA05,Phòng An ninh mạng và phòng chống tội phạm công nghệ cao - Công an Tỉnh Yên Bái,BCA,province,2018,2026,dvc_2018,https://dichvucong.gov.vn/archive/2018,generated_catalog,source,2026-09-12T19:42:24.601202,crawl_2018_2026,Phòng An ninh mạng và phòng chống tội phạm công nghệ cao - Công an Tỉnh Yên Bái,BCA_CA_YBI_PA05,phong an ninh mang va phong chong toi pham cong nghe cao cong an tinh yen bai,BCA,Annotator_A,HIGH,Khớp hoàn toàn danh mục hành chính chuẩn,2026-09-12,DataVietNam,2026-09-12
BCA_CA_TQ,Công an Tỉnh Tuyên Quang,BCA,province,2018,2026,dvc_2018,https://dichvucong.gov.vn/archive/2018,generated_catalog,source,2026-09-12T19:42:24.601202,crawl_2018_2026,Công an Tỉnh Tuyên Quang,BCA_CA_TQ,cong an tinh tuyen quang,BCA,Annotator_A,HIGH,Khớp hoàn toàn danh mục hành chính chuẩn,2026-09-12,DataVietNam,2026-09-12
BCA_CA_TQ_PC01,Văn phòng Cơ quan Cảnh sát điều tra - Công an Tỉnh Tuyên Quang,BCA,ministry,2018,2026,dvc_2018,https://dichvucong.gov.vn/archive/2018,generated_catalog,source,2026-09-12T19:42:24.601202,crawl_2018_2026,Văn phòng Cơ quan Cảnh sát điều tra - Công an Tỉnh Tuyên Quang,BCA_CA_TQ_PC01,van phong co quan canh sat ieu tra cong an tinh tuyen quang,BCA,Annotator_A,HIGH,Khớp hoàn toàn danh mục hành chính chuẩn,2026-09-12,DataVietNam,2026-09-12
BCA_CA_TQ_PC02,Phòng Cảnh sát hình sự - Công an Tỉnh Tuyên Quang,BCA,province,2018,2026,dvc_2018,https://dichvucong.gov.vn/archive/2018,generated_catalog,source,2026-09-12T19:42:24.601202,crawl_2018_2026,Phòng Cảnh sát hình sự - Công an Tỉnh Tuyên Quang,BCA_CA_TQ_PC02,phong canh sat hinh su cong an tinh tuyen quang,BCA,Annotator_A,HIGH,Khớp hoàn toàn danh mục hành chính chuẩn,2026-09-12,DataVietNam,2026-09-12
BCA_CA_TQ_PC03,Phòng Cảnh sát kinh tế - Công an Tỉnh Tuyên Quang,BCA,province,2018,2026,dvc_2018,https://dichvucong.gov.vn/archive/2018,generated_catalog,source,2026-09-12T19:42:24.601202,crawl_2018_2026,Phòng Cảnh sát kinh tế - Công an Tỉnh Tuyên Quang,BCA_CA_TQ_PC03,phong canh sat kinh te cong an tinh tuyen quang,BCA,Annotator_A,HIGH,Khớp hoàn toàn danh mục hành chính chuẩn,2026-09-12,DataVietNam,2026-09-12
BCA_CA_TQ_PC04,Phòng Cảnh sát điều tra tội phạm về ma túy - Công an Tỉnh Tuyên Quang,BCA,province,2018,2026,dvc_2018,https://dichvucong.gov.vn/archive/2018,generated_catalog,source,2026-09-12T19:42:24.601202,crawl_2018_2026,Phòng Cảnh sát điều tra tội phạm về ma túy - Công an Tỉnh Tuyên Quang,BCA_CA_TQ_PC04,phong canh sat ieu tra toi pham ve ma tuy cong an tinh tuyen quang,BCA,Annotator_A,HIGH,Khớp hoàn toàn danh mục hành chính chuẩn,2026-09-12,DataVietNam,2026-09-12
BCA_CA_TQ_PC06,Phòng Cảnh sát quản lý hành chính về trật tự xã hội - Công an Tỉnh Tuyên Quang,BCA,province,2018,2026,dvc_2018,https://dichvucong.gov.vn/archive/2018,generated_catalog,source,2026-09-12T19:42:24.601202,crawl_2018_2026,Phòng Cảnh sát quản lý hành chính về trật tự xã hội - Công an Tỉnh Tuyên Quang,BCA_CA_TQ_PC06,phong canh sat quan ly hanh chinh ve trat tu xa hoi cong an tinh tuyen quang,BCA,Annotator_A,HIGH,Khớp hoàn toàn danh mục hành chính chuẩn,2026-09-12,DataVietNam,2026-09-12
BCA_CA_TQ_PC07,Phòng Cảnh sát Phòng cháy chữa cháy và Cứu nạn cứu hộ - Công an Tỉnh Tuyên Quang,BCA,province,2018,2026,dvc_2018,https://dichvucong.gov.vn/archive/2018,generated_catalog,source,2026-09-12T19:42:24.601202,crawl_2018_2026,Phòng Cảnh sát Phòng cháy chữa cháy và Cứu nạn cứu hộ - Công an Tỉnh Tuyên Quang,BCA_CA_TQ_PC07,phong canh sat phong chay chua chay va cuu nan cuu ho cong an tinh tuyen quang,BCA,Annotator_A,HIGH,Khớp hoàn toàn danh mục hành chính chuẩn,2026-09-12,DataVietNam,2026-09-12
BCA_CA_TQ_PC08,Phòng Cảnh sát giao thông - Công an Tỉnh Tuyên Quang,BCA,province,2018,2026,dvc_2018,https://dichvucong.gov.vn/archive/2018,generated_catalog,source,2026-09-12T19:42:24.601202,crawl_2018_2026,Phòng Cảnh sát giao thông - Công an Tỉnh Tuyên Quang,BCA_CA_TQ_PC08,phong canh sat giao thong cong an tinh tuyen quang,BCA,Annotator_A,HIGH,Khớp hoàn toàn danh mục hành chính chuẩn,2026-09-12,DataVietNam,2026-09-12
BCA_CA_TQ_PA01,Phòng An ninh đối ngoại - Công an Tỉnh Tuyên Quang,BCA,province,2018,2026,dvc_2018,https://dichvucong.gov.vn/archive/2018,generated_catalog,source,2026-09-12T19:42:24.601202,crawl_2018_2026,Phòng An ninh đối ngoại - Công an Tỉnh Tuyên Quang,BCA_CA_TQ_PA01,phong an ninh oi ngoai cong an tinh tuyen quang,BCA,Annotator_A,HIGH,Khớp hoàn toàn danh mục hành chính chuẩn,2026-09-12,DataVietNam,2026-09-12
BCA_CA_TQ_PA02,Phòng An ninh nội địa - Công an Tỉnh Tuyên Quang,BCA,province,2018,2026,dvc_2018,https://dichvucong.gov.vn/archive/2018,generated_catalog,source,2026-09-12T19:42:24.601202,crawl_2018_2026,Phòng An ninh nội địa - Công an Tỉnh Tuyên Quang,BCA_CA_TQ_PA02,phong an ninh noi ia cong an tinh tuyen quang,BCA,Annotator_A,HIGH,Khớp hoàn toàn danh mục hành chính chuẩn,2026-09-12,DataVietNam,2026-09-12
BCA_CA_TQ_PA03,Phòng An ninh chính trị nội bộ - Công an Tỉnh Tuyên Quang,BCA,province,2018,2026,dvc_2018,https://dichvucong.gov.vn/archive/2018,generated_catalog,source,2026-09-12T19:42:24.601202,crawl_2018_2026,Phòng An ninh chính trị nội bộ - Công an Tỉnh Tuyên Quang,BCA_CA_TQ_PA03,phong an ninh chinh tri noi bo cong an tinh tuyen quang,BCA,Annotator_A,HIGH,Khớp hoàn toàn danh mục hành chính chuẩn,2026-09-12,DataVietNam,2026-09-12
BCA_CA_TQ_PA05,Phòng An ninh mạng và phòng chống tội phạm công nghệ cao - Công an Tỉnh Tuyên Quang,BCA,province,2018,2026,dvc_2018,https://dichvucong.gov.vn/archive/2018,generated_catalog,source,2026-09-12T19:42:24.601202,crawl_2018_2026,Phòng An ninh mạng và phòng chống tội phạm công nghệ cao - Công an Tỉnh Tuyên Quang,BCA_CA_TQ_PA05,phong an ninh mang va phong chong toi pham cong nghe cao cong an tinh tuyen quang,BCA,Annotator_A,HIGH,Khớp hoàn toàn danh mục hành chính chuẩn,2026-09-12,DataVietNam,2026-09-12
BCA_CA_HGI,Công an Tỉnh Hà Giang,BCA,province,2018,2026,dvc_2018,https://dichvucong.gov.vn/archive/2018,generated_catalog,source,2026-09-12T19:42:24.601202,crawl_2018_2026,Công an Tỉnh Hà Giang,BCA_CA_HGI,cong an tinh ha giang,BCA,Annotator_A,HIGH,Khớp hoàn toàn danh mục hành chính chuẩn,2026-09-12,DataVietNam,2026-09-12
BCA_CA_HGI_PC01,Văn phòng Cơ quan Cảnh sát điều tra - Công an Tỉnh Hà Giang,BCA,ministry,2018,2026,dvc_2018,https://dichvucong.gov.vn/archive/2018,generated_catalog,source,2026-09-12T19:42:24.601202,crawl_2018_2026,Văn phòng Cơ quan Cảnh sát điều tra - Công an Tỉnh Hà Giang,BCA_CA_HGI_PC01,van phong co quan canh sat ieu tra cong an tinh ha giang,BCA,Annotator_A,HIGH,Khớp hoàn toàn danh mục hành chính chuẩn,2026-09-12,DataVietNam,2026-09-12
BCA_CA_HGI_PC02,Phòng Cảnh sát hình sự - Công an Tỉnh Hà Giang,BCA,province,2018,2026,dvc_2018,https://dichvucong.gov.vn/archive/2018,generated_catalog,source,2026-09-12T19:42:24.601202,crawl_2018_2026,Phòng Cảnh sát hình sự - Công an Tỉnh Hà Giang,BCA_CA_HGI_PC02,phong canh sat hinh su cong an tinh ha giang,BCA,Annotator_A,HIGH,Khớp hoàn toàn danh mục hành chính chuẩn,2026-09-12,DataVietNam,2026-09-12
BCA_CA_HGI_PC03,Phòng Cảnh sát kinh tế - Công an Tỉnh Hà Giang,BCA,province,2018,2026,dvc_2018,https://dichvucong.gov.vn/archive/2018,generated_catalog,source,2026-09-12T19:42:24.601202,crawl_2018_2026,Phòng Cảnh sát kinh tế - Công an Tỉnh Hà Giang,BCA_CA_HGI_PC03,phong canh sat kinh te cong an tinh ha giang,BCA,Annotator_A,HIGH,Khớp hoàn toàn danh mục hành chính chuẩn,2026-09-12,DataVietNam,2026-09-12
BCA_CA_HGI_PC04,Phòng Cảnh sát điều tra tội phạm về ma túy - Công an Tỉnh Hà Giang,BCA,province,2018,2026,dvc_2018,https://dichvucong.gov.vn/archive/2018,generated_catalog,source,2026-09-12T19:42:24.601202,crawl_2018_2026,Phòng Cảnh sát điều tra tội phạm về ma túy - Công an Tỉnh Hà Giang,BCA_CA_HGI_PC04,phong canh sat ieu tra toi pham ve ma tuy cong an tinh ha giang,BCA,Annotator_A,HIGH,Khớp hoàn toàn danh mục hành chính chuẩn,2026-09-12,DataVietNam,2026-09-12
BCA_CA_HGI_PC06,Phòng Cảnh sát quản lý hành chính về trật tự xã hội - Công an Tỉnh Hà Giang,BCA,province,2018,2026,dvc_2018,https://dichvucong.gov.vn/archive/2018,generated_catalog,source,2026-09-12T19:42:24.601202,crawl_2018_2026,Phòng Cảnh sát quản lý hành chính về trật tự xã hội - Công an Tỉnh Hà Giang,BCA_CA_HGI_PC06,phong canh sat quan ly hanh chinh ve trat tu xa hoi cong an tinh ha giang,BCA,Annotator_A,HIGH,Khớp hoàn toàn danh mục hành chính chuẩn,2026-09-12,DataVietNam,2026-09-12
BCA_CA_HGI_PC07,Phòng Cảnh sát Phòng cháy chữa cháy và Cứu nạn cứu hộ - Công an Tỉnh Hà Giang,BCA,province,2018,2026,dvc_2018,https://dichvucong.gov.vn/archive/2018,generated_catalog,source,2026-09-12T19:42:24.601202,crawl_2018_2026,Phòng Cảnh sát Phòng cháy chữa cháy và Cứu nạn cứu hộ - Công an Tỉnh Hà Giang,BCA_CA_HGI_PC07,phong canh sat phong chay chua chay va cuu nan cuu ho cong an tinh ha giang,BCA,Annotator_A,HIGH,Khớp hoàn toàn danh mục hành chính chuẩn,2026-09-12,DataVietNam,2026-09-12
BCA_CA_HGI_PC08,Phòng Cảnh sát giao thông - Công an Tỉnh Hà Giang,BCA,province,2018,2026,dvc_2018,https://dichvucong.gov.vn/archive/2018,generated_catalog,source,2026-09-12T19:42:24.601202,crawl_2018_2026,Phòng Cảnh sát giao thông - Công an Tỉnh Hà Giang,BCA_CA_HGI_PC08,phong canh sat giao thong cong an tinh ha giang,BCA,Annotator_A,HIGH,Khớp hoàn toàn danh mục hành chính chuẩn,2026-09-12,DataVietNam,2026-09-12
BCA_CA_HGI_PA01,Phòng An ninh đối ngoại - Công an Tỉnh Hà Giang,BCA,province,2018,2026,dvc_2018,https://dichvucong.gov.vn/archive/2018,generated_catalog,source,2026-09-12T19:42:24.601202,crawl_2018_2026,Phòng An ninh đối ngoại - Công an Tỉnh Hà Giang,BCA_CA_HGI_PA01,phong an ninh oi ngoai cong an tinh ha giang,BCA,Annotator_A,HIGH,Khớp hoàn toàn danh mục hành chính chuẩn,2026-09-12,DataVietNam,2026-09-12
BCA_CA_HGI_PA02,Phòng An ninh nội địa - Công an Tỉnh Hà Giang,BCA,province,2018,2026,dvc_2018,https://dichvucong.gov.vn/archive/2018,generated_catalog,source,2026-09-12T19:42:24.601202,crawl_2018_2026,Phòng An ninh nội địa - Công an Tỉnh Hà Giang,BCA_CA_HGI_PA02,phong an ninh noi ia cong an tinh ha giang,BCA,Annotator_A,HIGH,Khớp hoàn toàn danh mục hành chính chuẩn,2026-09-12,DataVietNam,2026-09-12
BCA_CA_HGI_PA03,Phòng An ninh chính trị nội bộ - Công an Tỉnh Hà Giang,BCA,province,2018,2026,dvc_2018,https://dichvucong.gov.vn/archive/2018,generated_catalog,source,2026-09-12T19:42:24.601202,crawl_2018_2026,Phòng An ninh chính trị nội bộ - Công an Tỉnh Hà Giang,BCA_CA_HGI_PA03,phong an ninh chinh tri noi bo cong an tinh ha giang,BCA,Annotator_A,HIGH,Khớp hoàn toàn danh mục hành chính chuẩn,2026-09-12,DataVietNam,2026-09-12
BCA_CA_HGI_PA05,Phòng An ninh mạng và phòng chống tội phạm công nghệ cao - Công an Tỉnh Hà Giang,BCA,province,2018,2026,dvc_2018,https://dichvucong.gov.vn/archive/2018,generated_catalog,source,2026-09-12T19:42:24.601202,crawl_2018_2026,Phòng An ninh mạng và phòng chống tội phạm công nghệ cao - Công an Tỉnh Hà Giang,BCA_CA_HGI_PA05,phong an ninh mang va phong chong toi pham cong nghe cao cong an tinh ha giang,BCA,Annotator_A,HIGH,Khớp hoàn toàn danh mục hành chính chuẩn,2026-09-12,DataVietNam,2026-09-12
BCA_CA_CBG,Công an Tỉnh Cao Bằng,BCA,province,2018,2026,dvc_2018,https://dichvucong.gov.vn/archive/2018,generated_catalog,source,2026-09-12T19:42:24.601202,crawl_2018_2026,Công an Tỉnh Cao Bằng,BCA_CA_CBG,cong an tinh cao bang,BCA,Annotator_A,HIGH,Khớp hoàn toàn danh mục hành chính chuẩn,2026-09-12,DataVietNam,2026-09-12
BCA_CA_CBG_PC01,Văn phòng Cơ quan Cảnh sát điều tra - Công an Tỉnh Cao Bằng,BCA,ministry,2018,2026,dvc_2018,https://dichvucong.gov.vn/archive/2018,generated_catalog,source,2026-09-12T19:42:24.601202,crawl_2018_2026,Văn phòng Cơ quan Cảnh sát điều tra - Công an Tỉnh Cao Bằng,BCA_CA_CBG_PC01,van phong co quan canh sat ieu tra cong an tinh cao bang,BCA,Annotator_A,HIGH,Khớp hoàn toàn danh mục hành chính chuẩn,2026-09-12,DataVietNam,2026-09-12
BCA_CA_CBG_PC02,Phòng Cảnh sát hình sự - Công an Tỉnh Cao Bằng,BCA,province,2018,2026,dvc_2018,https://dichvucong.gov.vn/archive/2018,generated_catalog,source,2026-09-12T19:42:24.601202,crawl_2018_2026,Phòng Cảnh sát hình sự - Công an Tỉnh Cao Bằng,BCA_CA_CBG_PC02,phong canh sat hinh su cong an tinh cao bang,BCA,Annotator_A,HIGH,Khớp hoàn toàn danh mục hành chính chuẩn,2026-09-12,DataVietNam,2026-09-12
BCA_CA_CBG_PC03,Phòng Cảnh sát kinh tế - Công an Tỉnh Cao Bằng,BCA,province,2018,2026,dvc_2018,https://dichvucong.gov.vn/archive/2018,generated_catalog,source,2026-09-12T19:42:24.601202,crawl_2018_2026,Phòng Cảnh sát kinh tế - Công an Tỉnh Cao Bằng,BCA_CA_CBG_PC03,phong canh sat kinh te cong an tinh cao bang,BCA,Annotator_A,HIGH,Khớp hoàn toàn danh mục hành chính chuẩn,2026-09-12,DataVietNam,2026-09-12
BCA_CA_CBG_PC04,Phòng Cảnh sát điều tra tội phạm về ma túy - Công an Tỉnh Cao Bằng,BCA,province,2018,2026,dvc_2018,https://dichvucong.gov.vn/archive/2018,generated_catalog,source,2026-09-12T19:42:24.601202,crawl_2018_2026,Phòng Cảnh sát điều tra tội phạm về ma túy - Công an Tỉnh Cao Bằng,BCA_CA_CBG_PC04,phong canh sat ieu tra toi pham ve ma tuy cong an tinh cao bang,BCA,Annotator_A,HIGH,Khớp hoàn toàn danh mục hành chính chuẩn,2026-09-12,DataVietNam,2026-09-12
BCA_CA_CBG_PC06,Phòng Cảnh sát quản lý hành chính về trật tự xã hội - Công an Tỉnh Cao Bằng,BCA,province,2018,2026,dvc_2018,https://dichvucong.gov.vn/archive/2018,generated_catalog,source,2026-09-12T19:42:24.601202,crawl_2018_2026,Phòng Cảnh sát quản lý hành chính về trật tự xã hội - Công an Tỉnh Cao Bằng,BCA_CA_CBG_PC06,phong canh sat quan ly hanh chinh ve trat tu xa hoi cong an tinh cao bang,BCA,Annotator_A,HIGH,Khớp hoàn toàn danh mục hành chính chuẩn,2026-09-12,DataVietNam,2026-09-12
BCA_CA_CBG_PC07,Phòng Cảnh sát Phòng cháy chữa cháy và Cứu nạn cứu hộ - Công an Tỉnh Cao Bằng,BCA,province,2018,2026,dvc_2018,https://dichvucong.gov.vn/archive/2018,generated_catalog,source,2026-09-12T19:42:24.601202,crawl_2018_2026,Phòng Cảnh sát Phòng cháy chữa cháy và Cứu nạn cứu hộ - Công an Tỉnh Cao Bằng,BCA_CA_CBG_PC07,phong canh sat phong chay chua chay va cuu nan cuu ho cong an tinh cao bang,BCA,Annotator_A,HIGH,Khớp hoàn toàn danh mục hành chính chuẩn,2026-09-12,DataVietNam,2026-09-12
BCA_CA_CBG_PC08,Phòng Cảnh sát giao thông - Công an Tỉnh Cao Bằng,BCA,province,2018,2026,dvc_2018,https://dichvucong.gov.vn/archive/2018,generated_catalog,source,2026-09-12T19:42:24.601202,crawl_2018_2026,Phòng Cảnh sát giao thông - Công an Tỉnh Cao Bằng,BCA_CA_CBG_PC08,phong canh sat giao thong cong an tinh cao bang,BCA,Annotator_A,HIGH,Khớp hoàn toàn danh mục hành chính chuẩn,2026-09-12,DataVietNam,2026-09-12
BCA_CA_CBG_PA01,Phòng An ninh đối ngoại - Công an Tỉnh Cao Bằng,BCA,province,2018,2026,dvc_2018,https://dichvucong.gov.vn/archive/2018,generated_catalog,source,2026-09-12T19:42:24.601202,crawl_2018_2026,Phòng An ninh đối ngoại - Công an Tỉnh Cao Bằng,BCA_CA_CBG_PA01,phong an ninh oi ngoai cong an tinh cao bang,BCA,Annotator_A,HIGH,Khớp hoàn toàn danh mục hành chính chuẩn,2026-09-12,DataVietNam,2026-09-12
BCA_CA_CBG_PA02,Phòng An ninh nội địa - Công an Tỉnh Cao Bằng,BCA,province,2018,2026,dvc_2018,https://dichvucong.gov.vn/archive/2018,generated_catalog,source,2026-09-12T19:42:24.601202,crawl_2018_2026,Phòng An ninh nội địa - Công an Tỉnh Cao Bằng,BCA_CA_CBG_PA02,phong an ninh noi ia cong an tinh cao bang,BCA,Annotator_A,HIGH,Khớp hoàn toàn danh mục hành chính chuẩn,2026-09-12,DataVietNam,2026-09-12
BCA_CA_CBG_PA03,Phòng An ninh chính trị nội bộ - Công an Tỉnh Cao Bằng,BCA,province,2018,2026,dvc_2018,https://dichvucong.gov.vn/archive/2018,generated_catalog,source,2026-09-12T19:42:24.601202,crawl_2018_2026,Phòng An ninh chính trị nội bộ - Công an Tỉnh Cao Bằng,BCA_CA_CBG_PA03,phong an ninh chinh tri noi bo cong an tinh cao bang,BCA,Annotator_A,HIGH,Khớp hoàn toàn danh mục hành chính chuẩn,2026-09-12,DataVietNam,2026-09-12
BCA_CA_CBG_PA05,Phòng An ninh mạng và phòng chống tội phạm công nghệ cao - Công an Tỉnh Cao Bằng,BCA,province,2018,2026,dvc_2018,https://dichvucong.gov.vn/archive/2018,generated_catalog,source,2026-09-12T19:42:24.601202,crawl_2018_2026,Phòng An ninh mạng và phòng chống tội phạm công nghệ cao - Công an Tỉnh Cao Bằng,BCA_CA_CBG_PA05,phong an ninh mang va phong chong toi pham cong nghe cao cong an tinh cao bang,BCA,Annotator_A,HIGH,Khớp hoàn toàn danh mục hành chính chuẩn,2026-09-12,DataVietNam,2026-09-12
BCA_CA_LSO,Công an Tỉnh Lạng Sơn,BCA,province,2018,2026,dvc_2018,https://dichvucong.gov.vn/archive/2018,generated_catalog,source,2026-09-12T19:42:24.601202,crawl_2018_2026,Công an Tỉnh Lạng Sơn,BCA_CA_LSO,cong an tinh lang son,BCA,Annotator_A,HIGH,Khớp hoàn toàn danh mục hành chính chuẩn,2026-09-12,DataVietNam,2026-09-12
BCA_CA_LSO_PC01,Văn phòng Cơ quan Cảnh sát điều tra - Công an Tỉnh Lạng Sơn,BCA,ministry,2018,2026,dvc_2018,https://dichvucong.gov.vn/archive/2018,generated_catalog,source,2026-09-12T19:42:24.601202,crawl_2018_2026,Văn phòng Cơ quan Cảnh sát điều tra - Công an Tỉnh Lạng Sơn,BCA_CA_LSO_PC01,van phong co quan canh sat ieu tra cong an tinh lang son,BCA,Annotator_A,HIGH,Khớp hoàn toàn danh mục hành chính chuẩn,2026-09-12,DataVietNam,2026-09-12
BCA_CA_LSO_PC02,Phòng Cảnh sát hình sự - Công an Tỉnh Lạng Sơn,BCA,province,2018,2026,dvc_2018,https://dichvucong.gov.vn/archive/2018,generated_catalog,source,2026-09-12T19:42:24.601202,crawl_2018_2026,Phòng Cảnh sát hình sự - Công an Tỉnh Lạng Sơn,BCA_CA_LSO_PC02,phong canh sat hinh su cong an tinh lang son,BCA,Annotator_A,HIGH,Khớp hoàn toàn danh mục hành chính chuẩn,2026-09-12,DataVietNam,2026-09-12
BCA_CA_LSO_PC03,Phòng Cảnh sát kinh tế - Công an Tỉnh Lạng Sơn,BCA,province,2018,2026,dvc_2018,https://dichvucong.gov.vn/archive/2018,generated_catalog,source,2026-09-12T19:42:24.601202,crawl_2018_2026,Phòng Cảnh sát kinh tế - Công an Tỉnh Lạng Sơn,BCA_CA_LSO_PC03,phong canh sat kinh te cong an tinh lang son,BCA,Annotator_A,HIGH,Khớp hoàn toàn danh mục hành chính chuẩn,2026-09-12,DataVietNam,2026-09-12
BCA_CA_LSO_PC04,Phòng Cảnh sát điều tra tội phạm về ma túy - Công an Tỉnh Lạng Sơn,BCA,province,2018,2026,dvc_2018,https://dichvucong.gov.vn/archive/2018,generated_catalog,source,2026-09-12T19:42:24.601202,crawl_2018_2026,Phòng Cảnh sát điều tra tội phạm về ma túy - Công an Tỉnh Lạng Sơn,BCA_CA_LSO_PC04,phong canh sat ieu tra toi pham ve ma tuy cong an tinh lang son,BCA,Annotator_A,HIGH,Khớp hoàn toàn danh mục hành chính chuẩn,2026-09-12,DataVietNam,2026-09-12
BCA_CA_LSO_PC06,Phòng Cảnh sát quản lý hành chính về trật tự xã hội - Công an Tỉnh Lạng Sơn,BCA,province,2018,2026,dvc_2018,https://dichvucong.gov.vn/archive/2018,generated_catalog,source,2026-09-12T19:42:24.601202,crawl_2018_2026,Phòng Cảnh sát quản lý hành chính về trật tự xã hội - Công an Tỉnh Lạng Sơn,BCA_CA_LSO_PC06,phong canh sat quan ly hanh chinh ve trat tu xa hoi cong an tinh lang son,BCA,Annotator_A,HIGH,Khớp hoàn toàn danh mục hành chính chuẩn,2026-09-12,DataVietNam,2026-09-12
BCA_CA_LSO_PC07,Phòng Cảnh sát Phòng cháy chữa cháy và Cứu nạn cứu hộ - Công an Tỉnh Lạng Sơn,BCA,province,2018,2026,dvc_2018,https://dichvucong.gov.vn/archive/2018,generated_catalog,source,2026-09-12T19:42:24.601202,crawl_2018_2026,Phòng Cảnh sát Phòng cháy chữa cháy và Cứu nạn cứu hộ - Công an Tỉnh Lạng Sơn,BCA_CA_LSO_PC07,phong canh sat phong chay chua chay va cuu nan cuu ho cong an tinh lang son,BCA,Annotator_A,HIGH,Khớp hoàn toàn danh mục hành chính chuẩn,2026-09-12,DataVietNam,2026-09-12
BCA_CA_LSO_PC08,Phòng Cảnh sát giao thông - Công an Tỉnh Lạng Sơn,BCA,province,2018,2026,dvc_2018,https://dichvucong.gov.vn/archive/2018,generated_catalog,source,2026-09-12T19:42:24.601202,crawl_2018_2026,Phòng Cảnh sát giao thông - Công an Tỉnh Lạng Sơn,BCA_CA_LSO_PC08,phong canh sat giao thong cong an tinh lang son,BCA,Annotator_A,HIGH,Khớp hoàn toàn danh mục hành chính chuẩn,2026-09-12,DataVietNam,2026-09-12
BCA_CA_LSO_PA01,Phòng An ninh đối ngoại - Công an Tỉnh Lạng Sơn,BCA,province,2018,2026,dvc_2018,https://dichvucong.gov.vn/archive/2018,generated_catalog,source,2026-09-12T19:42:24.601202,crawl_2018_2026,Phòng An ninh đối ngoại - Công an Tỉnh Lạng Sơn,BCA_CA_LSO_PA01,phong an ninh oi ngoai cong an tinh lang son,BCA,Annotator_A,HIGH,Khớp hoàn toàn danh mục hành chính chuẩn,2026-09-12,DataVietNam,2026-09-12
BCA_CA_LSO_PA02,Phòng An ninh nội địa - Công an Tỉnh Lạng Sơn,BCA,province,2018,2026,dvc_2018,https://dichvucong.gov.vn/archive/2018,generated_catalog,source,2026-09-12T19:42:24.601202,crawl_2018_2026,Phòng An ninh nội địa - Công an Tỉnh Lạng Sơn,BCA_CA_LSO_PA02,phong an ninh noi ia cong an tinh lang son,BCA,Annotator_A,HIGH,Khớp hoàn toàn danh mục hành chính chuẩn,2026-09-12,DataVietNam,2026-09-12
BCA_CA_LSO_PA03,Phòng An ninh chính trị nội bộ - Công an Tỉnh Lạng Sơn,BCA,province,2018,2026,dvc_2018,https://dichvucong.gov.vn/archive/2018,generated_catalog,source,2026-09-12T19:42:24.601202,crawl_2018_2026,Phòng An ninh chính trị nội bộ - Công an Tỉnh Lạng Sơn,BCA_CA_LSO_PA03,phong an ninh chinh tri noi bo cong an tinh lang son,BCA,Annotator_A,HIGH,Khớp hoàn toàn danh mục hành chính chuẩn,2026-09-12,DataVietNam,2026-09-12
BCA_CA_LSO_PA05,Phòng An ninh mạng và phòng chống tội phạm công nghệ cao - Công an Tỉnh Lạng Sơn,BCA,province,2018,2026,dvc_2018,https://dichvucong.gov.vn/archive/2018,generated_catalog,source,2026-09-12T19:42:24.601202,crawl_2018_2026,Phòng An ninh mạng và phòng chống tội phạm công nghệ cao - Công an Tỉnh Lạng Sơn,BCA_CA_LSO_PA05,phong an ninh mang va phong chong toi pham cong nghe cao cong an tinh lang son,BCA,Annotator_A,HIGH,Khớp hoàn toàn danh mục hành chính chuẩn,2026-09-12,DataVietNam,2026-09-12
BCA_CA_BKN,Công an Tỉnh Bắc Kạn,BCA,province,2018,2026,dvc_2018,https://dichvucong.gov.vn/archive/2018,generated_catalog,source,2026-09-12T19:42:24.601202,crawl_2018_2026,Công an Tỉnh Bắc Kạn,BCA_CA_BKN,cong an tinh bac kan,BCA,Annotator_A,HIGH,Khớp hoàn toàn danh mục hành chính chuẩn,2026-09-12,DataVietNam,2026-09-12
BCA_CA_BKN_PC01,Văn phòng Cơ quan Cảnh sát điều tra - Công an Tỉnh Bắc Kạn,BCA,ministry,2018,2026,dvc_2018,https://dichvucong.gov.vn/archive/2018,generated_catalog,source,2026-09-12T19:42:24.601202,crawl_2018_2026,Văn phòng Cơ quan Cảnh sát điều tra - Công an Tỉnh Bắc Kạn,BCA_CA_BKN_PC01,van phong co quan canh sat ieu tra cong an tinh bac kan,BCA,Annotator_A,HIGH,Khớp hoàn toàn danh mục hành chính chuẩn,2026-09-12,DataVietNam,2026-09-12
BCA_CA_BKN_PC02,Phòng Cảnh sát hình sự - Công an Tỉnh Bắc Kạn,BCA,province,2018,2026,dvc_2018,https://dichvucong.gov.vn/archive/2018,generated_catalog,source,2026-09-12T19:42:24.601202,crawl_2018_2026,Phòng Cảnh sát hình sự - Công an Tỉnh Bắc Kạn,BCA_CA_BKN_PC02,phong canh sat hinh su cong an tinh bac kan,BCA,Annotator_A,HIGH,Khớp hoàn toàn danh mục hành chính chuẩn,2026-09-12,DataVietNam,2026-09-12
BCA_CA_BKN_PC03,Phòng Cảnh sát kinh tế - Công an Tỉnh Bắc Kạn,BCA,province,2018,2026,dvc_2018,https://dichvucong.gov.vn/archive/2018,generated_catalog,source,2026-09-12T19:42:24.601202,crawl_2018_2026,Phòng Cảnh sát kinh tế - Công an Tỉnh Bắc Kạn,BCA_CA_BKN_PC03,phong canh sat kinh te cong an tinh bac kan,BCA,Annotator_A,HIGH,Khớp hoàn toàn danh mục hành chính chuẩn,2026-09-12,DataVietNam,2026-09-12
BCA_CA_BKN_PC04,Phòng Cảnh sát điều tra tội phạm về ma túy - Công an Tỉnh Bắc Kạn,BCA,province,2018,2026,dvc_2018,https://dichvucong.gov.vn/archive/2018,generated_catalog,source,2026-09-12T19:42:24.601202,crawl_2018_2026,Phòng Cảnh sát điều tra tội phạm về ma túy - Công an Tỉnh Bắc Kạn,BCA_CA_BKN_PC04,phong canh sat ieu tra toi pham ve ma tuy cong an tinh bac kan,BCA,Annotator_A,HIGH,Khớp hoàn toàn danh mục hành chính chuẩn,2026-09-12,DataVietNam,2026-09-12
BCA_CA_BKN_PC06,Phòng Cảnh sát quản lý hành chính về trật tự xã hội - Công an Tỉnh Bắc Kạn,BCA,province,2018,2026,dvc_2018,https://dichvucong.gov.vn/archive/2018,generated_catalog,source,2026-09-12T19:42:24.601202,crawl_2018_2026,Phòng Cảnh sát quản lý hành chính về trật tự xã hội - Công an Tỉnh Bắc Kạn,BCA_CA_BKN_PC06,phong canh sat quan ly hanh chinh ve trat tu xa hoi cong an tinh bac kan,BCA,Annotator_A,HIGH,Khớp hoàn toàn danh mục hành chính chuẩn,2026-09-12,DataVietNam,2026-09-12
BCA_CA_BKN_PC07,Phòng Cảnh sát Phòng cháy chữa cháy và Cứu nạn cứu hộ - Công an Tỉnh Bắc Kạn,BCA,province,2018,2026,dvc_2018,https://dichvucong.gov.vn/archive/2018,generated_catalog,source,2026-09-12T19:42:24.601202,crawl_2018_2026,Phòng Cảnh sát Phòng cháy chữa cháy và Cứu nạn cứu hộ - Công an Tỉnh Bắc Kạn,BCA_CA_BKN_PC07,phong canh sat phong chay chua chay va cuu nan cuu ho cong an tinh bac kan,BCA,Annotator_A,HIGH,Khớp hoàn toàn danh mục hành chính chuẩn,2026-09-12,DataVietNam,2026-09-12
BCA_CA_BKN_PC08,Phòng Cảnh sát giao thông - Công an Tỉnh Bắc Kạn,BCA,province,2018,2026,dvc_2018,https://dichvucong.gov.vn/archive/2018,generated_catalog,source,2026-09-12T19:42:24.601202,crawl_2018_2026,Phòng Cảnh sát giao thông - Công an Tỉnh Bắc Kạn,BCA_CA_BKN_PC08,phong canh sat giao thong cong an tinh bac kan,BCA,Annotator_A,HIGH,Khớp hoàn toàn danh mục hành chính chuẩn,2026-09-12,DataVietNam,2026-09-12
BCA_CA_BKN_PA01,Phòng An ninh đối ngoại - Công an Tỉnh Bắc Kạn,BCA,province,2018,2026,dvc_2018,https://dichvucong.gov.vn/archive/2018,generated_catalog,source,2026-09-12T19:42:24.601202,crawl_2018_2026,Phòng An ninh đối ngoại - Công an Tỉnh Bắc Kạn,BCA_CA_BKN_PA01,phong an ninh oi ngoai cong an tinh bac kan,BCA,Annotator_A,HIGH,Khớp hoàn toàn danh mục hành chính chuẩn,2026-09-12,DataVietNam,2026-09-12
BCA_CA_BKN_PA02,Phòng An ninh nội địa - Công an Tỉnh Bắc Kạn,BCA,province,2018,2026,dvc_2018,https://dichvucong.gov.vn/archive/2018,generated_catalog,source,2026-09-12T19:42:24.601202,crawl_2018_2026,Phòng An ninh nội địa - Công an Tỉnh Bắc Kạn,BCA_CA_BKN_PA02,phong an ninh noi ia cong an tinh bac kan,BCA,Annotator_A,HIGH,Khớp hoàn toàn danh mục hành chính chuẩn,2026-09-12,DataVietNam,2026-09-12
BCA_CA_BKN_PA03,Phòng An ninh chính trị nội bộ - Công an Tỉnh Bắc Kạn,BCA,province,2018,2026,dvc_2018,https://dichvucong.gov.vn/archive/2018,generated_catalog,source,2026-09-12T19:42:24.601202,crawl_2018_2026,Phòng An ninh chính trị nội bộ - Công an Tỉnh Bắc Kạn,BCA_CA_BKN_PA03,phong an ninh chinh tri noi bo cong an tinh bac kan,BCA,Annotator_A,HIGH,Khớp hoàn toàn danh mục hành chính chuẩn,2026-09-12,DataVietNam,2026-09-12
BCA_CA_BKN_PA05,Phòng An ninh mạng và phòng chống tội phạm công nghệ cao - Công an Tỉnh Bắc Kạn,BCA,province,2018,2026,dvc_2018,https://dichvucong.gov.vn/archive/2018,generated_catalog,source,2026-09-12T19:42:24.601202,crawl_2018_2026,Phòng An ninh mạng và phòng chống tội phạm công nghệ cao - Công an Tỉnh Bắc Kạn,BCA_CA_BKN_PA05,phong an ninh mang va phong chong toi pham cong nghe cao cong an tinh bac kan,BCA,Annotator_A,HIGH,Khớp hoàn toàn danh mục hành chính chuẩn,2026-09-12,DataVietNam,2026-09-12
BCA_CA_SLA,Công an Tỉnh Sơn La,BCA,province,2018,2026,dvc_2018,https://dichvucong.gov.vn/archive/2018,generated_catalog,source,2026-09-12T19:42:24.601202,crawl_2018_2026,Công an Tỉnh Sơn La,BCA_CA_SLA,cong an tinh son la,BCA,Annotator_A,HIGH,Khớp hoàn toàn danh mục hành chính chuẩn,2026-09-12,DataVietNam,2026-09-12
BCA_CA_SLA_PC01,Văn phòng Cơ quan Cảnh sát điều tra - Công an Tỉnh Sơn La,BCA,ministry,2018,2026,dvc_2018,https://dichvucong.gov.vn/archive/2018,generated_catalog,source,2026-09-12T19:42:24.601202,crawl_2018_2026,Văn phòng Cơ quan Cảnh sát điều tra - Công an Tỉnh Sơn La,BCA_CA_SLA_PC01,van phong co quan canh sat ieu tra cong an tinh son la,BCA,Annotator_A,HIGH,Khớp hoàn toàn danh mục hành chính chuẩn,2026-09-12,DataVietNam,2026-09-12
BCA_CA_SLA_PC02,Phòng Cảnh sát hình sự - Công an Tỉnh Sơn La,BCA,province,2018,2026,dvc_2018,https://dichvucong.gov.vn/archive/2018,generated_catalog,source,2026-09-12T19:42:24.601202,crawl_2018_2026,Phòng Cảnh sát hình sự - Công an Tỉnh Sơn La,BCA_CA_SLA_PC02,phong canh sat hinh su cong an tinh son la,BCA,Annotator_A,HIGH,Khớp hoàn toàn danh mục hành chính chuẩn,2026-09-12,DataVietNam,2026-09-12
BCA_CA_SLA_PC03,Phòng Cảnh sát kinh tế - Công an Tỉnh Sơn La,BCA,province,2018,2026,dvc_2018,https://dichvucong.gov.vn/archive/2018,generated_catalog,source,2026-09-12T19:42:24.601202,crawl_2018_2026,Phòng Cảnh sát kinh tế - Công an Tỉnh Sơn La,BCA_CA_SLA_PC03,phong canh sat kinh te cong an tinh son la,BCA,Annotator_A,HIGH,Khớp hoàn toàn danh mục hành chính chuẩn,2026-09-12,DataVietNam,2026-09-12
BCA_CA_SLA_PC04,Phòng Cảnh sát điều tra tội phạm về ma túy - Công an Tỉnh Sơn La,BCA,province,2018,2026,dvc_2018,https://dichvucong.gov.vn/archive/2018,generated_catalog,source,2026-09-12T19:42:24.601202,crawl_2018_2026,Phòng Cảnh sát điều tra tội phạm về ma túy - Công an Tỉnh Sơn La,BCA_CA_SLA_PC04,phong canh sat ieu tra toi pham ve ma tuy cong an tinh son la,BCA,Annotator_A,HIGH,Khớp hoàn toàn danh mục hành chính chuẩn,2026-09-12,DataVietNam,2026-09-12
BCA_CA_SLA_PC06,Phòng Cảnh sát quản lý hành chính về trật tự xã hội - Công an Tỉnh Sơn La,BCA,province,2018,2026,dvc_2018,https://dichvucong.gov.vn/archive/2018,generated_catalog,source,2026-09-12T19:42:24.601202,crawl_2018_2026,Phòng Cảnh sát quản lý hành chính về trật tự xã hội - Công an Tỉnh Sơn La,BCA_CA_SLA_PC06,phong canh sat quan ly hanh chinh ve trat tu xa hoi cong an tinh son la,BCA,Annotator_A,HIGH,Khớp hoàn toàn danh mục hành chính chuẩn,2026-09-12,DataVietNam,2026-09-12
BCA_CA_SLA_PC07,Phòng Cảnh sát Phòng cháy chữa cháy và Cứu nạn cứu hộ - Công an Tỉnh Sơn La,BCA,province,2018,2026,dvc_2018,https://dichvucong.gov.vn/archive/2018,generated_catalog,source,2026-09-12T19:42:24.601202,crawl_2018_2026,Phòng Cảnh sát Phòng cháy chữa cháy và Cứu nạn cứu hộ - Công an Tỉnh Sơn La,BCA_CA_SLA_PC07,phong canh sat phong chay chua chay va cuu nan cuu ho cong an tinh son la,BCA,Annotator_A,HIGH,Khớp hoàn toàn danh mục hành chính chuẩn,2026-09-12,DataVietNam,2026-09-12
BCA_CA_SLA_PC08,Phòng Cảnh sát giao thông - Công an Tỉnh Sơn La,BCA,province,2018,2026,dvc_2018,https://dichvucong.gov.vn/archive/2018,generated_catalog,source,2026-09-12T19:42:24.601202,crawl_2018_2026,Phòng Cảnh sát giao thông - Công an Tỉnh Sơn La,BCA_CA_SLA_PC08,phong canh sat giao thong cong an tinh son la,BCA,Annotator_A,HIGH,Khớp hoàn toàn danh mục hành chính chuẩn,2026-09-12,DataVietNam,2026-09-12
BCA_CA_SLA_PA01,Phòng An ninh đối ngoại - Công an Tỉnh Sơn La,BCA,province,2018,2026,dvc_2018,https://dichvucong.gov.vn/archive/2018,generated_catalog,source,2026-09-12T19:42:24.601202,crawl_2018_2026,Phòng An ninh đối ngoại - Công an Tỉnh Sơn La,BCA_CA_SLA_PA01,phong an ninh oi ngoai cong an tinh son la,BCA,Annotator_A,HIGH,Khớp hoàn toàn danh mục hành chính chuẩn,2026-09-12,DataVietNam,2026-09-12
BCA_CA_SLA_PA02,Phòng An ninh nội địa - Công an Tỉnh Sơn La,BCA,province,2018,2026,dvc_2018,https://dichvucong.gov.vn/archive/2018,generated_catalog,source,2026-09-12T19:42:24.601202,crawl_2018_2026,Phòng An ninh nội địa - Công an Tỉnh Sơn La,BCA_CA_SLA_PA02,phong an ninh noi ia cong an tinh son la,BCA,Annotator_A,HIGH,Khớp hoàn toàn danh mục hành chính chuẩn,2026-09-12,DataVietNam,2026-09-12
BCA_CA_SLA_PA03,Phòng An ninh chính trị nội bộ - Công an Tỉnh Sơn La,BCA,province,2018,2026,dvc_2018,https://dichvucong.gov.vn/archive/2018,generated_catalog,source,2026-09-12T19:42:24.601202,crawl_2018_2026,Phòng An ninh chính trị nội bộ - Công an Tỉnh Sơn La,BCA_CA_SLA_PA03,phong an ninh chinh tri noi bo cong an tinh son la,BCA,Annotator_A,HIGH,Khớp hoàn toàn danh mục hành chính chuẩn,2026-09-12,DataVietNam,2026-09-12
BCA_CA_SLA_PA05,Phòng An ninh mạng và phòng chống tội phạm công nghệ cao - Công an Tỉnh Sơn La,BCA,province,2018,2026,dvc_2018,https://dichvucong.gov.vn/archive/2018,generated_catalog,source,2026-09-12T19:42:24.601202,crawl_2018_2026,Phòng An ninh mạng và phòng chống tội phạm công nghệ cao - Công an Tỉnh Sơn La,BCA_CA_SLA_PA05,phong an ninh mang va phong chong toi pham cong nghe cao cong an tinh son la,BCA,Annotator_A,HIGH,Khớp hoàn toàn danh mục hành chính chuẩn,2026-09-12,DataVietNam,2026-09-12
BCA_CA_DB,Công an Tỉnh Điện Biên,BCA,province,2018,2026,dvc_2018,https://dichvucong.gov.vn/archive/2018,generated_catalog,source,2026-09-12T19:42:24.601202,crawl_2018_2026,Công an Tỉnh Điện Biên,BCA_CA_DB,cong an tinh ien bien,BCA,Annotator_A,HIGH,Khớp hoàn toàn danh mục hành chính chuẩn,2026-09-12,DataVietNam,2026-09-12
BCA_CA_DB_PC01,Văn phòng Cơ quan Cảnh sát điều tra - Công an Tỉnh Điện Biên,BCA,ministry,2018,2026,dvc_2018,https://dichvucong.gov.vn/archive/2018,generated_catalog,source,2026-09-12T19:42:24.601202,crawl_2018_2026,Văn phòng Cơ quan Cảnh sát điều tra - Công an Tỉnh Điện Biên,BCA_CA_DB_PC01,van phong co quan canh sat ieu tra cong an tinh ien bien,BCA,Annotator_A,HIGH,Khớp hoàn toàn danh mục hành chính chuẩn,2026-09-12,DataVietNam,2026-09-12
BCA_CA_DB_PC02,Phòng Cảnh sát hình sự - Công an Tỉnh Điện Biên,BCA,province,2018,2026,dvc_2018,https://dichvucong.gov.vn/archive/2018,generated_catalog,source,2026-09-12T19:42:24.601202,crawl_2018_2026,Phòng Cảnh sát hình sự - Công an Tỉnh Điện Biên,BCA_CA_DB_PC02,phong canh sat hinh su cong an tinh ien bien,BCA,Annotator_A,HIGH,Khớp hoàn toàn danh mục hành chính chuẩn,2026-09-12,DataVietNam,2026-09-12
BCA_CA_DB_PC03,Phòng Cảnh sát kinh tế - Công an Tỉnh Điện Biên,BCA,province,2018,2026,dvc_2018,https://dichvucong.gov.vn/archive/2018,generated_catalog,source,2026-09-12T19:42:24.601202,crawl_2018_2026,Phòng Cảnh sát kinh tế - Công an Tỉnh Điện Biên,BCA_CA_DB_PC03,phong canh sat kinh te cong an tinh ien bien,BCA,Annotator_A,HIGH,Khớp hoàn toàn danh mục hành chính chuẩn,2026-09-12,DataVietNam,2026-09-12
BCA_CA_DB_PC04,Phòng Cảnh sát điều tra tội phạm về ma túy - Công an Tỉnh Điện Biên,BCA,province,2018,2026,dvc_2018,https://dichvucong.gov.vn/archive/2018,generated_catalog,source,2026-09-12T19:42:24.601202,crawl_2018_2026,Phòng Cảnh sát điều tra tội phạm về ma túy - Công an Tỉnh Điện Biên,BCA_CA_DB_PC04,phong canh sat ieu tra toi pham ve ma tuy cong an tinh ien bien,BCA,Annotator_A,HIGH,Khớp hoàn toàn danh mục hành chính chuẩn,2026-09-12,DataVietNam,2026-09-12
BCA_CA_DB_PC06,Phòng Cảnh sát quản lý hành chính về trật tự xã hội - Công an Tỉnh Điện Biên,BCA,province,2018,2026,dvc_2018,https://dichvucong.gov.vn/archive/2018,generated_catalog,source,2026-09-12T19:42:24.601202,crawl_2018_2026,Phòng Cảnh sát quản lý hành chính về trật tự xã hội - Công an Tỉnh Điện Biên,BCA_CA_DB_PC06,phong canh sat quan ly hanh chinh ve trat tu xa hoi cong an tinh ien bien,BCA,Annotator_A,HIGH,Khớp hoàn toàn danh mục hành chính chuẩn,2026-09-12,DataVietNam,2026-09-12
BCA_CA_DB_PC07,Phòng Cảnh sát Phòng cháy chữa cháy và Cứu nạn cứu hộ - Công an Tỉnh Điện Biên,BCA,province,2018,2026,dvc_2018,https://dichvucong.gov.vn/archive/2018,generated_catalog,source,2026-09-12T19:42:24.601202,crawl_2018_2026,Phòng Cảnh sát Phòng cháy chữa cháy và Cứu nạn cứu hộ - Công an Tỉnh Điện Biên,BCA_CA_DB_PC07,phong canh sat phong chay chua chay va cuu nan cuu ho cong an tinh ien bien,BCA,Annotator_A,HIGH,Khớp hoàn toàn danh mục hành chính chuẩn,2026-09-12,DataVietNam,2026-09-12
BCA_CA_DB_PC08,Phòng Cảnh sát giao thông - Công an Tỉnh Điện Biên,BCA,province,2018,2026,dvc_2018,https://dichvucong.gov.vn/archive/2018,generated_catalog,source,2026-09-12T19:42:24.601202,crawl_2018_2026,Phòng Cảnh sát giao thông - Công an Tỉnh Điện Biên,BCA_CA_DB_PC08,phong canh sat giao thong cong an tinh ien bien,BCA,Annotator_A,HIGH,Khớp hoàn toàn danh mục hành chính chuẩn,2026-09-12,DataVietNam,2026-09-12
BCA_CA_DB_PA01,Phòng An ninh đối ngoại - Công an Tỉnh Điện Biên,BCA,province,2018,2026,dvc_2018,https://dichvucong.gov.vn/archive/2018,generated_catalog,source,2026-09-12T19:42:24.601202,crawl_2018_2026,Phòng An ninh đối ngoại - Công an Tỉnh Điện Biên,BCA_CA_DB_PA01,phong an ninh oi ngoai cong an tinh ien bien,BCA,Annotator_A,HIGH,Khớp hoàn toàn danh mục hành chính chuẩn,2026-09-12,DataVietNam,2026-09-12
BCA_CA_DB_PA02,Phòng An ninh nội địa - Công an Tỉnh Điện Biên,BCA,province,2018,2026,dvc_2018,https://dichvucong.gov.vn/archive/2018,generated_catalog,source,2026-09-12T19:42:24.601202,crawl_2018_2026,Phòng An ninh nội địa - Công an Tỉnh Điện Biên,BCA_CA_DB_PA02,phong an ninh noi ia cong an tinh ien bien,BCA,Annotator_A,HIGH,Khớp hoàn toàn danh mục hành chính chuẩn,2026-09-12,DataVietNam,2026-09-12
BCA_CA_DB_PA03,Phòng An ninh chính trị nội bộ - Công an Tỉnh Điện Biên,BCA,province,2018,2026,dvc_2018,https://dichvucong.gov.vn/archive/2018,generated_catalog,source,2026-09-12T19:42:24.601202,crawl_2018_2026,Phòng An ninh chính trị nội bộ - Công an Tỉnh Điện Biên,BCA_CA_DB_PA03,phong an ninh chinh tri noi bo cong an tinh ien bien,BCA,Annotator_A,HIGH,Khớp hoàn toàn danh mục hành chính chuẩn,2026-09-12,DataVietNam,2026-09-12
BCA_CA_DB_PA05,Phòng An ninh mạng và phòng chống tội phạm công nghệ cao - Công an Tỉnh Điện Biên,BCA,province,2018,2026,dvc_2018,https://dichvucong.gov.vn/archive/2018,generated_catalog,source,2026-09-12T19:42:24.601202,crawl_2018_2026,Phòng An ninh mạng và phòng chống tội phạm công nghệ cao - Công an Tỉnh Điện Biên,BCA_CA_DB_PA05,phong an ninh mang va phong chong toi pham cong nghe cao cong an tinh ien bien,BCA,Annotator_A,HIGH,Khớp hoàn toàn danh mục hành chính chuẩn,2026-09-12,DataVietNam,2026-09-12
BCA_CA_LCH,Công an Tỉnh Lai Châu,BCA,province,2018,2026,dvc_2018,https://dichvucong.gov.vn/archive/2018,generated_catalog,source,2026-09-12T19:42:24.601202,crawl_2018_2026,Công an Tỉnh Lai Châu,BCA_CA_LCH,cong an tinh lai chau,BCA,Annotator_A,HIGH,Khớp hoàn toàn danh mục hành chính chuẩn,2026-09-12,DataVietNam,2026-09-12
BCA_CA_LCH_PC01,Văn phòng Cơ quan Cảnh sát điều tra - Công an Tỉnh Lai Châu,BCA,ministry,2018,2026,dvc_2018,https://dichvucong.gov.vn/archive/2018,generated_catalog,source,2026-09-12T19:42:24.601202,crawl_2018_2026,Văn phòng Cơ quan Cảnh sát điều tra - Công an Tỉnh Lai Châu,BCA_CA_LCH_PC01,van phong co quan canh sat ieu tra cong an tinh lai chau,BCA,Annotator_A,HIGH,Khớp hoàn toàn danh mục hành chính chuẩn,2026-09-12,DataVietNam,2026-09-12
BCA_CA_LCH_PC02,Phòng Cảnh sát hình sự - Công an Tỉnh Lai Châu,BCA,province,2018,2026,dvc_2018,https://dichvucong.gov.vn/archive/2018,generated_catalog,source,2026-09-12T19:42:24.601202,crawl_2018_2026,Phòng Cảnh sát hình sự - Công an Tỉnh Lai Châu,BCA_CA_LCH_PC02,phong canh sat hinh su cong an tinh lai chau,BCA,Annotator_A,HIGH,Khớp hoàn toàn danh mục hành chính chuẩn,2026-09-12,DataVietNam,2026-09-12
BCA_CA_LCH_PC03,Phòng Cảnh sát kinh tế - Công an Tỉnh Lai Châu,BCA,province,2018,2026,dvc_2018,https://dichvucong.gov.vn/archive/2018,generated_catalog,source,2026-09-12T19:42:24.601202,crawl_2018_2026,Phòng Cảnh sát kinh tế - Công an Tỉnh Lai Châu,BCA_CA_LCH_PC03,phong canh sat kinh te cong an tinh lai chau,BCA,Annotator_A,HIGH,Khớp hoàn toàn danh mục hành chính chuẩn,2026-09-12,DataVietNam,2026-09-12
BCA_CA_LCH_PC04,Phòng Cảnh sát điều tra tội phạm về ma túy - Công an Tỉnh Lai Châu,BCA,province,2018,2026,dvc_2018,https://dichvucong.gov.vn/archive/2018,generated_catalog,source,2026-09-12T19:42:24.601202,crawl_2018_2026,Phòng Cảnh sát điều tra tội phạm về ma túy - Công an Tỉnh Lai Châu,BCA_CA_LCH_PC04,phong canh sat ieu tra toi pham ve ma tuy cong an tinh lai chau,BCA,Annotator_A,HIGH,Khớp hoàn toàn danh mục hành chính chuẩn,2026-09-12,DataVietNam,2026-09-12
BCA_CA_LCH_PC06,Phòng Cảnh sát quản lý hành chính về trật tự xã hội - Công an Tỉnh Lai Châu,BCA,province,2018,2026,dvc_2018,https://dichvucong.gov.vn/archive/2018,generated_catalog,source,2026-09-12T19:42:24.601202,crawl_2018_2026,Phòng Cảnh sát quản lý hành chính về trật tự xã hội - Công an Tỉnh Lai Châu,BCA_CA_LCH_PC06,phong canh sat quan ly hanh chinh ve trat tu xa hoi cong an tinh lai chau,BCA,Annotator_A,HIGH,Khớp hoàn toàn danh mục hành chính chuẩn,2026-09-12,DataVietNam,2026-09-12
BCA_CA_LCH_PC07,Phòng Cảnh sát Phòng cháy chữa cháy và Cứu nạn cứu hộ - Công an Tỉnh Lai Châu,BCA,province,2018,2026,dvc_2018,https://dichvucong.gov.vn/archive/2018,generated_catalog,source,2026-09-12T19:42:24.601202,crawl_2018_2026,Phòng Cảnh sát Phòng cháy chữa cháy và Cứu nạn cứu hộ - Công an Tỉnh Lai Châu,BCA_CA_LCH_PC07,phong canh sat phong chay chua chay va cuu nan cuu ho cong an tinh lai chau,BCA,Annotator_A,HIGH,Khớp hoàn toàn danh mục hành chính chuẩn,2026-09-12,DataVietNam,2026-09-12
BCA_CA_LCH_PC08,Phòng Cảnh sát giao thông - Công an Tỉnh Lai Châu,BCA,province,2018,2026,dvc_2018,https://dichvucong.gov.vn/archive/2018,generated_catalog,source,2026-09-12T19:42:24.601202,crawl_2018_2026,Phòng Cảnh sát giao thông - Công an Tỉnh Lai Châu,BCA_CA_LCH_PC08,phong canh sat giao thong cong an tinh lai chau,BCA,Annotator_A,HIGH,Khớp hoàn toàn danh mục hành chính chuẩn,2026-09-12,DataVietNam,2026-09-12
BCA_CA_LCH_PA01,Phòng An ninh đối ngoại - Công an Tỉnh Lai Châu,BCA,province,2018,2026,dvc_2018,https://dichvucong.gov.vn/archive/2018,generated_catalog,source,2026-09-12T19:42:24.601202,crawl_2018_2026,Phòng An ninh đối ngoại - Công an Tỉnh Lai Châu,BCA_CA_LCH_PA01,phong an ninh oi ngoai cong an tinh lai chau,BCA,Annotator_A,HIGH,Khớp hoàn toàn danh mục hành chính chuẩn,2026-09-12,DataVietNam,2026-09-12
BCA_CA_LCH_PA02,Phòng An ninh nội địa - Công an Tỉnh Lai Châu,BCA,province,2018,2026,dvc_2018,https://dichvucong.gov.vn/archive/2018,generated_catalog,source,2026-09-12T19:42:24.601202,crawl_2018_2026,Phòng An ninh nội địa - Công an Tỉnh Lai Châu,BCA_CA_LCH_PA02,phong an ninh noi ia cong an tinh lai chau,BCA,Annotator_A,HIGH,Khớp hoàn toàn danh mục hành chính chuẩn,2026-09-12,DataVietNam,2026-09-12
BCA_CA_LCH_PA03,Phòng An ninh chính trị nội bộ - Công an Tỉnh Lai Châu,BCA,province,2018,2026,dvc_2018,https://dichvucong.gov.vn/archive/2018,generated_catalog,source,2026-09-12T19:42:24.601202,crawl_2018_2026,Phòng An ninh chính trị nội bộ - Công an Tỉnh Lai Châu,BCA_CA_LCH_PA03,phong an ninh chinh tri noi bo cong an tinh lai chau,BCA,Annotator_A,HIGH,Khớp hoàn toàn danh mục hành chính chuẩn,2026-09-12,DataVietNam,2026-09-12
BCA_CA_LCH_PA05,Phòng An ninh mạng và phòng chống tội phạm công nghệ cao - Công an Tỉnh Lai Châu,BCA,province,2018,2026,dvc_2018,https://dichvucong.gov.vn/archive/2018,generated_catalog,source,2026-09-12T19:42:24.601202,crawl_2018_2026,Phòng An ninh mạng và phòng chống tội phạm công nghệ cao - Công an Tỉnh Lai Châu,BCA_CA_LCH_PA05,phong an ninh mang va phong chong toi pham cong nghe cao cong an tinh lai chau,BCA,Annotator_A,HIGH,Khớp hoàn toàn danh mục hành chính chuẩn,2026-09-12,DataVietNam,2026-09-12
BCA_CA_LCA,Công an Tỉnh Lào Cai,BCA,province,2018,2026,dvc_2018,https://dichvucong.gov.vn/archive/2018,generated_catalog,source,2026-09-12T19:42:24.601202,crawl_2018_2026,Công an Tỉnh Lào Cai,BCA_CA_LCA,cong an tinh lao cai,BCA,Annotator_A,HIGH,Khớp hoàn toàn danh mục hành chính chuẩn,2026-09-12,DataVietNam,2026-09-12
BCA_CA_LCA_PC01,Văn phòng Cơ quan Cảnh sát điều tra - Công an Tỉnh Lào Cai,BCA,ministry,2018,2026,dvc_2018,https://dichvucong.gov.vn/archive/2018,generated_catalog,source,2026-09-12T19:42:24.601202,crawl_2018_2026,Văn phòng Cơ quan Cảnh sát điều tra - Công an Tỉnh Lào Cai,BCA_CA_LCA_PC01,van phong co quan canh sat ieu tra cong an tinh lao cai,BCA,Annotator_A,HIGH,Khớp hoàn toàn danh mục hành chính chuẩn,2026-09-12,DataVietNam,2026-09-12
BCA_CA_LCA_PC02,Phòng Cảnh sát hình sự - Công an Tỉnh Lào Cai,BCA,province,2018,2026,dvc_2018,https://dichvucong.gov.vn/archive/2018,generated_catalog,source,2026-09-12T19:42:24.601202,crawl_2018_2026,Phòng Cảnh sát hình sự - Công an Tỉnh Lào Cai,BCA_CA_LCA_PC02,phong canh sat hinh su cong an tinh lao cai,BCA,Annotator_A,HIGH,Khớp hoàn toàn danh mục hành chính chuẩn,2026-09-12,DataVietNam,2026-09-12
BCA_CA_LCA_PC03,Phòng Cảnh sát kinh tế - Công an Tỉnh Lào Cai,BCA,province,2018,2026,dvc_2018,https://dichvucong.gov.vn/archive/2018,generated_catalog,source,2026-09-12T19:42:24.601202,crawl_2018_2026,Phòng Cảnh sát kinh tế - Công an Tỉnh Lào Cai,BCA_CA_LCA_PC03,phong canh sat kinh te cong an tinh lao cai,BCA,Annotator_A,HIGH,Khớp hoàn toàn danh mục hành chính chuẩn,2026-09-12,DataVietNam,2026-09-12
BCA_CA_LCA_PC04,Phòng Cảnh sát điều tra tội phạm về ma túy - Công an Tỉnh Lào Cai,BCA,province,2018,2026,dvc_2018,https://dichvucong.gov.vn/archive/2018,generated_catalog,source,2026-09-12T19:42:24.601202,crawl_2018_2026,Phòng Cảnh sát điều tra tội phạm về ma túy - Công an Tỉnh Lào Cai,BCA_CA_LCA_PC04,phong canh sat ieu tra toi pham ve ma tuy cong an tinh lao cai,BCA,Annotator_A,HIGH,Khớp hoàn toàn danh mục hành chính chuẩn,2026-09-12,DataVietNam,2026-09-12
BCA_CA_LCA_PC06,Phòng Cảnh sát quản lý hành chính về trật tự xã hội - Công an Tỉnh Lào Cai,BCA,province,2018,2026,dvc_2018,https://dichvucong.gov.vn/archive/2018,generated_catalog,source,2026-09-12T19:42:24.601202,crawl_2018_2026,Phòng Cảnh sát quản lý hành chính về trật tự xã hội - Công an Tỉnh Lào Cai,BCA_CA_LCA_PC06,phong canh sat quan ly hanh chinh ve trat tu xa hoi cong an tinh lao cai,BCA,Annotator_A,HIGH,Khớp hoàn toàn danh mục hành chính chuẩn,2026-09-12,DataVietNam,2026-09-12
BCA_CA_LCA_PC07,Phòng Cảnh sát Phòng cháy chữa cháy và Cứu nạn cứu hộ - Công an Tỉnh Lào Cai,BCA,province,2018,2026,dvc_2018,https://dichvucong.gov.vn/archive/2018,generated_catalog,source,2026-09-12T19:42:24.601202,crawl_2018_2026,Phòng Cảnh sát Phòng cháy chữa cháy và Cứu nạn cứu hộ - Công an Tỉnh Lào Cai,BCA_CA_LCA_PC07,phong canh sat phong chay chua chay va cuu nan cuu ho cong an tinh lao cai,BCA,Annotator_A,HIGH,Khớp hoàn toàn danh mục hành chính chuẩn,2026-09-12,DataVietNam,2026-09-12
BCA_CA_LCA_PC08,Phòng Cảnh sát giao thông - Công an Tỉnh Lào Cai,BCA,province,2018,2026,dvc_2018,https://dichvucong.gov.vn/archive/2018,generated_catalog,source,2026-09-12T19:42:24.601202,crawl_2018_2026,Phòng Cảnh sát giao thông - Công an Tỉnh Lào Cai,BCA_CA_LCA_PC08,phong canh sat giao thong cong an tinh lao cai,BCA,Annotator_A,HIGH,Khớp hoàn toàn danh mục hành chính chuẩn,2026-09-12,DataVietNam,2026-09-12
BCA_CA_LCA_PA01,Phòng An ninh đối ngoại - Công an Tỉnh Lào Cai,BCA,province,2018,2026,dvc_2018,https://dichvucong.gov.vn/archive/2018,generated_catalog,source,2026-09-12T19:42:24.601202,crawl_2018_2026,Phòng An ninh đối ngoại - Công an Tỉnh Lào Cai,BCA_CA_LCA_PA01,phong an ninh oi ngoai cong an tinh lao cai,BCA,Annotator_A,HIGH,Khớp hoàn toàn danh mục hành chính chuẩn,2026-09-12,DataVietNam,2026-09-12
BCA_CA_LCA_PA02,Phòng An ninh nội địa - Công an Tỉnh Lào Cai,BCA,province,2018,2026,dvc_2018,https://dichvucong.gov.vn/archive/2018,generated_catalog,source,2026-09-12T19:42:24.601202,crawl_2018_2026,Phòng An ninh nội địa - Công an Tỉnh Lào Cai,BCA_CA_LCA_PA02,phong an ninh noi ia cong an tinh lao cai,BCA,Annotator_A,HIGH,Khớp hoàn toàn danh mục hành chính chuẩn,2026-09-12,DataVietNam,2026-09-12
BCA_CA_LCA_PA03,Phòng An ninh chính trị nội bộ - Công an Tỉnh Lào Cai,BCA,province,2018,2026,dvc_2018,https://dichvucong.gov.vn/archive/2018,generated_catalog,source,2026-09-12T19:42:24.601202,crawl_2018_2026,Phòng An ninh chính trị nội bộ - Công an Tỉnh Lào Cai,BCA_CA_LCA_PA03,phong an ninh chinh tri noi bo cong an tinh lao cai,BCA,Annotator_A,HIGH,Khớp hoàn toàn danh mục hành chính chuẩn,2026-09-12,DataVietNam,2026-09-12
BCA_CA_LCA_PA05,Phòng An ninh mạng và phòng chống tội phạm công nghệ cao - Công an Tỉnh Lào Cai,BCA,province,2018,2026,dvc_2018,https://dichvucong.gov.vn/archive/2018,generated_catalog,source,2026-09-12T19:42:24.601202,crawl_2018_2026,Phòng An ninh mạng và phòng chống tội phạm công nghệ cao - Công an Tỉnh Lào Cai,BCA_CA_LCA_PA05,phong an ninh mang va phong chong toi pham cong nghe cao cong an tinh lao cai,BCA,Annotator_A,HIGH,Khớp hoàn toàn danh mục hành chính chuẩn,2026-09-12,DataVietNam,2026-09-12
BCA_CA_HN_BDG,Công an Huyện Ba Đình - Hà Nội,BCA,province,2018,2026,dvc_2018,https://dichvucong.gov.vn/archive/2018,generated_catalog,source,2026-09-12T19:42:24.601202,crawl_2018_2026,Công an Huyện Ba Đình - Hà Nội,BCA_CA_HN_BDG,cong an huyen ba inh ha noi,BCA,Annotator_A,HIGH,Khớp hoàn toàn danh mục hành chính chuẩn,2026-09-12,DataVietNam,2026-09-12
BCA_CA_HN_HK,Công an Huyện Hoàn Kiếm - Hà Nội,BCA,province,2018,2026,dvc_2018,https://dichvucong.gov.vn/archive/2018,generated_catalog,source,2026-09-12T19:42:24.601202,crawl_2018_2026,Công an Huyện Hoàn Kiếm - Hà Nội,BCA_CA_HN_HK,cong an huyen hoan kiem ha noi,BCA,Annotator_A,HIGH,Khớp hoàn toàn danh mục hành chính chuẩn,2026-09-12,DataVietNam,2026-09-12
BCA_CA_HN_CG,Công an Huyện Cầu Giấy - Hà Nội,BCA,province,2018,2026,dvc_2018,https://dichvucong.gov.vn/archive/2018,generated_catalog,source,2026-09-12T19:42:24.601202,crawl_2018_2026,Công an Huyện Cầu Giấy - Hà Nội,BCA_CA_HN_CG,cong an huyen cau giay ha noi,BCA,Annotator_A,HIGH,Khớp hoàn toàn danh mục hành chính chuẩn,2026-09-12,DataVietNam,2026-09-12
BCA_CA_HN_DD,Công an Huyện Đống Đa - Hà Nội,BCA,province,2018,2026,dvc_2018,https://dichvucong.gov.vn/archive/2018,generated_catalog,source,2026-09-12T19:42:24.601202,crawl_2018_2026,Công an Huyện Đống Đa - Hà Nội,BCA_CA_HN_DD,cong an huyen ong a ha noi,BCA,Annotator_A,HIGH,Khớp hoàn toàn danh mục hành chính chuẩn,2026-09-12,DataVietNam,2026-09-12
BCA_CA_HN_TX,Công an Huyện Thanh Xuân - Hà Nội,BCA,province,2018,2026,dvc_2018,https://dichvucong.gov.vn/archive/2018,generated_catalog,source,2026-09-12T19:42:24.601202,crawl_2018_2026,Công an Huyện Thanh Xuân - Hà Nội,BCA_CA_HN_TX,cong an huyen thanh xuan ha noi,BCA,Annotator_A,HIGH,Khớp hoàn toàn danh mục hành chính chuẩn,2026-09-12,DataVietNam,2026-09-12
BCA_CA_HN_GL,Công an Huyện Gia Lâm - Hà Nội,BCA,province,2018,2026,dvc_2018,https://dichvucong.gov.vn/archive/2018,generated_catalog,source,2026-09-12T19:42:24.601202,crawl_2018_2026,Công an Huyện Gia Lâm - Hà Nội,BCA_CA_HN_GL,cong an huyen gia lam ha noi,BCA,Annotator_A,HIGH,Khớp hoàn toàn danh mục hành chính chuẩn,2026-09-12,DataVietNam,2026-09-12
BCA_CA_HN_SOC,Công an Huyện Sóc Sơn - Hà Nội,BCA,province,2018,2026,dvc_2018,https://dichvucong.gov.vn/archive/2018,generated_catalog,source,2026-09-12T19:42:24.601202,crawl_2018_2026,Công an Huyện Sóc Sơn - Hà Nội,BCA_CA_HN_SOC,cong an huyen soc son ha noi,BCA,Annotator_A,HIGH,Khớp hoàn toàn danh mục hành chính chuẩn,2026-09-12,DataVietNam,2026-09-12
BCA_CA_HN_DDA,Công an Huyện Đông Anh - Hà Nội,BCA,province,2018,2026,dvc_2018,https://dichvucong.gov.vn/archive/2018,generated_catalog,source,2026-09-12T19:42:24.601202,crawl_2018_2026,Công an Huyện Đông Anh - Hà Nội,BCA_CA_HN_DDA,cong an huyen ong anh ha noi,BCA,Annotator_A,HIGH,Khớp hoàn toàn danh mục hành chính chuẩn,2026-09-12,DataVietNam,2026-09-12
BCA_CA_HTAY_HDO,Công an Huyện Hà Đông - Hà Tây,BCA,district,2018,2026,legacy_record_dvc,https://dichvucong.gov.vn/archive/2018,generated_catalog,source,2026-09-12T19:42:24.601202,crawl_2018_2026,Công an Huyện Hà Đông - Hà Tây,BCA_CA_HTAY_HDO,cong an huyen ha ong ha tay,BCA,Annotator_A,MEDIUM,Đơn vị lịch sử sáp nhập (Hà Tây hoặc legacy) — cần xác nhận,2026-09-12,DataVietNam,2026-09-12
BCA_CA_HTAY_ST,Công an Huyện Sơn Tây - Hà Tây,BCA,district,2018,2026,legacy_record_dvc,https://dichvucong.gov.vn/archive/2018,generated_catalog,source,2026-09-12T19:42:24.601202,crawl_2018_2026,Công an Huyện Sơn Tây - Hà Tây,BCA_CA_HTAY_ST,cong an huyen son tay ha tay,BCA,Annotator_A,MEDIUM,Đơn vị lịch sử sáp nhập (Hà Tây hoặc legacy) — cần xác nhận,2026-09-12,DataVietNam,2026-09-12
BCA_CA_HTAY_BV,Công an Huyện Ba Vì - Hà Tây,BCA,district,2018,2026,legacy_record_dvc,https://dichvucong.gov.vn/archive/2018,generated_catalog,source,2026-09-12T19:42:24.601202,crawl_2018_2026,Công an Huyện Ba Vì - Hà Tây,BCA_CA_HTAY_BV,cong an huyen ba vi ha tay,BCA,Annotator_A,MEDIUM,Đơn vị lịch sử sáp nhập (Hà Tây hoặc legacy) — cần xác nhận,2026-09-12,DataVietNam,2026-09-12
BCA_CA_HTAY_CT,Công an Huyện Chương Mỹ - Hà Tây,BCA,district,2018,2026,legacy_record_dvc,https://dichvucong.gov.vn/archive/2018,generated_catalog,source,2026-09-12T19:42:24.601202,crawl_2018_2026,Công an Huyện Chương Mỹ - Hà Tây,BCA_CA_HTAY_CT,cong an huyen chuong my ha tay,BCA,Annotator_A,MEDIUM,Đơn vị lịch sử sáp nhập (Hà Tây hoặc legacy) — cần xác nhận,2026-09-12,DataVietNam,2026-09-12
BCA_CA_HCM_Q1,Công an Quận Quận 1 - Thành phố Hồ Chí Minh,BCA,province,2018,2026,dvc_2018,https://dichvucong.gov.vn/archive/2018,generated_catalog,source,2026-09-12T19:42:24.601202,crawl_2018_2026,Công an Quận Quận 1 - Thành phố Hồ Chí Minh,BCA_CA_HCM_Q1,cong an quan quan 1 thanh pho ho chi minh,BCA,Annotator_A,HIGH,Khớp hoàn toàn danh mục hành chính chuẩn,2026-09-12,DataVietNam,2026-09-12
BCA_CA_HCM_Q3,Công an Quận Quận 3 - Thành phố Hồ Chí Minh,BCA,province,2018,2026,dvc_2018,https://dichvucong.gov.vn/archive/2018,generated_catalog,source,2026-09-12T19:42:24.601202,crawl_2018_2026,Công an Quận Quận 3 - Thành phố Hồ Chí Minh,BCA_CA_HCM_Q3,cong an quan quan 3 thanh pho ho chi minh,BCA,Annotator_A,HIGH,Khớp hoàn toàn danh mục hành chính chuẩn,2026-09-12,DataVietNam,2026-09-12
BCA_CA_HCM_Q7,Công an Quận Quận 7 - Thành phố Hồ Chí Minh,BCA,province,2018,2026,dvc_2018,https://dichvucong.gov.vn/archive/2018,generated_catalog,source,2026-09-12T19:42:24.601202,crawl_2018_2026,Công an Quận Quận 7 - Thành phố Hồ Chí Minh,BCA_CA_HCM_Q7,cong an quan quan 7 thanh pho ho chi minh,BCA,Annotator_A,HIGH,Khớp hoàn toàn danh mục hành chính chuẩn,2026-09-12,DataVietNam,2026-09-12
BCA_CA_HCM_BT,Công an Huyện Bình Thạnh - Thành phố Hồ Chí Minh,BCA,province,2018,2026,dvc_2018,https://dichvucong.gov.vn/archive/2018,generated_catalog,source,2026-09-12T19:42:24.601202,crawl_2018_2026,Công an Huyện Bình Thạnh - Thành phố Hồ Chí Minh,BCA_CA_HCM_BT,cong an huyen binh thanh thanh pho ho chi minh,BCA,Annotator_A,HIGH,Khớp hoàn toàn danh mục hành chính chuẩn,2026-09-12,DataVietNam,2026-09-12
BCA_CA_HCM_TB,Công an Huyện Tân Bình - Thành phố Hồ Chí Minh,BCA,province,2018,2026,dvc_2018,https://dichvucong.gov.vn/archive/2018,generated_catalog,source,2026-09-12T19:42:24.601202,crawl_2018_2026,Công an Huyện Tân Bình - Thành phố Hồ Chí Minh,BCA_CA_HCM_TB,cong an huyen tan binh thanh pho ho chi minh,BCA,Annotator_A,HIGH,Khớp hoàn toàn danh mục hành chính chuẩn,2026-09-12,DataVietNam,2026-09-12
BCA_CA_HCM_GV,Công an Huyện Gò Vấp - Thành phố Hồ Chí Minh,BCA,province,2018,2026,dvc_2018,https://dichvucong.gov.vn/archive/2018,generated_catalog,source,2026-09-12T19:42:24.601202,crawl_2018_2026,Công an Huyện Gò Vấp - Thành phố Hồ Chí Minh,BCA_CA_HCM_GV,cong an huyen go vap thanh pho ho chi minh,BCA,Annotator_A,HIGH,Khớp hoàn toàn danh mục hành chính chuẩn,2026-09-12,DataVietNam,2026-09-12
BCA_CA_HCM_BC,Công an Huyện Bình Chánh - Thành phố Hồ Chí Minh,BCA,province,2018,2026,dvc_2018,https://dichvucong.gov.vn/archive/2018,generated_catalog,source,2026-09-12T19:42:24.601202,crawl_2018_2026,Công an Huyện Bình Chánh - Thành phố Hồ Chí Minh,BCA_CA_HCM_BC,cong an huyen binh chanh thanh pho ho chi minh,BCA,Annotator_A,HIGH,Khớp hoàn toàn danh mục hành chính chuẩn,2026-09-12,DataVietNam,2026-09-12
BCA_CA_HCM_HM,Công an Huyện Hóc Môn - Thành phố Hồ Chí Minh,BCA,province,2018,2026,dvc_2018,https://dichvucong.gov.vn/archive/2018,generated_catalog,source,2026-09-12T19:42:24.601202,crawl_2018_2026,Công an Huyện Hóc Môn - Thành phố Hồ Chí Minh,BCA_CA_HCM_HM,cong an huyen hoc mon thanh pho ho chi minh,BCA,Annotator_A,HIGH,Khớp hoàn toàn danh mục hành chính chuẩn,2026-09-12,DataVietNam,2026-09-12
BCA_CA_DN_HC,Công an Huyện Hải Châu - Đà Nẵng,BCA,province,2018,2026,dvc_2018,https://dichvucong.gov.vn/archive/2018,generated_catalog,source,2026-09-12T19:42:24.601202,crawl_2018_2026,Công an Huyện Hải Châu - Đà Nẵng,BCA_CA_DN_HC,cong an huyen hai chau a nang,BCA,Annotator_A,HIGH,Khớp hoàn toàn danh mục hành chính chuẩn,2026-09-12,DataVietNam,2026-09-12
BCA_CA_DN_TK,Công an Huyện Thanh Khê - Đà Nẵng,BCA,province,2018,2026,dvc_2018,https://dichvucong.gov.vn/archive/2018,generated_catalog,source,2026-09-12T19:42:24.601202,crawl_2018_2026,Công an Huyện Thanh Khê - Đà Nẵng,BCA_CA_DN_TK,cong an huyen thanh khe a nang,BCA,Annotator_A,HIGH,Khớp hoàn toàn danh mục hành chính chuẩn,2026-09-12,DataVietNam,2026-09-12
BCA_CA_DN_NHS,Công an Huyện Ngũ Hành Sơn - Đà Nẵng,BCA,province,2018,2026,dvc_2018,https://dichvucong.gov.vn/archive/2018,generated_catalog,source,2026-09-12T19:42:24.601202,crawl_2018_2026,Công an Huyện Ngũ Hành Sơn - Đà Nẵng,BCA_CA_DN_NHS,cong an huyen ngu hanh son a nang,BCA,Annotator_A,HIGH,Khớp hoàn toàn danh mục hành chính chuẩn,2026-09-12,DataVietNam,2026-09-12
BCA_CA_DN_CL,Công an Huyện Cẩm Lệ - Đà Nẵng,BCA,province,2018,2026,dvc_2018,https://dichvucong.gov.vn/archive/2018,generated_catalog,source,2026-09-12T19:42:24.601202,crawl_2018_2026,Công an Huyện Cẩm Lệ - Đà Nẵng,BCA_CA_DN_CL,cong an huyen cam le a nang,BCA,Annotator_A,HIGH,Khớp hoàn toàn danh mục hành chính chuẩn,2026-09-12,DataVietNam,2026-09-12
BCA_CA_HP_HB,Công an Huyện Hồng Bàng - Hải Phòng,BCA,province,2018,2026,dvc_2018,https://dichvucong.gov.vn/archive/2018,generated_catalog,source,2026-09-12T19:42:24.601202,crawl_2018_2026,Công an Huyện Hồng Bàng - Hải Phòng,BCA_CA_HP_HB,cong an huyen hong bang hai phong,BCA,Annotator_A,HIGH,Khớp hoàn toàn danh mục hành chính chuẩn,2026-09-12,DataVietNam,2026-09-12
BCA_CA_HP_NG,Công an Huyện Ngô Quyền - Hải Phòng,BCA,province,2018,2026,dvc_2018,https://dichvucong.gov.vn/archive/2018,generated_catalog,source,2026-09-12T19:42:24.601202,crawl_2018_2026,Công an Huyện Ngô Quyền - Hải Phòng,BCA_CA_HP_NG,cong an huyen ngo quyen hai phong,BCA,Annotator_A,HIGH,Khớp hoàn toàn danh mục hành chính chuẩn,2026-09-12,DataVietNam,2026-09-12
BCA_CA_HP_LC,Công an Huyện Lê Chân - Hải Phòng,BCA,province,2018,2026,dvc_2018,https://dichvucong.gov.vn/archive/2018,generated_catalog,source,2026-09-12T19:42:24.601202,crawl_2018_2026,Công an Huyện Lê Chân - Hải Phòng,BCA_CA_HP_LC,cong an huyen le chan hai phong,BCA,Annotator_A,HIGH,Khớp hoàn toàn danh mục hành chính chuẩn,2026-09-12,DataVietNam,2026-09-12
BCA_CA_HP_AD,Công an Huyện An Dương - Hải Phòng,BCA,province,2018,2026,dvc_2018,https://dichvucong.gov.vn/archive/2018,generated_catalog,source,2026-09-12T19:42:24.601202,crawl_2018_2026,Công an Huyện An Dương - Hải Phòng,BCA_CA_HP_AD,cong an huyen an duong hai phong,BCA,Annotator_A,HIGH,Khớp hoàn toàn danh mục hành chính chuẩn,2026-09-12,DataVietNam,2026-09-12
BCA_CA_DNAI_BH,Công an Huyện Biên Hòa - Đồng Nai,BCA,province,2018,2026,dvc_2018,https://dichvucong.gov.vn/archive/2018,generated_catalog,source,2026-09-12T19:42:24.601202,crawl_2018_2026,Công an Huyện Biên Hòa - Đồng Nai,BCA_CA_DNAI_BH,cong an huyen bien hoa ong nai,BCA,Annotator_A,HIGH,Khớp hoàn toàn danh mục hành chính chuẩn,2026-09-12,DataVietNam,2026-09-12
BCA_CA_DNAI_LK,Công an Huyện Long Khánh - Đồng Nai,BCA,province,2018,2026,dvc_2018,https://dichvucong.gov.vn/archive/2018,generated_catalog,source,2026-09-12T19:42:24.601202,crawl_2018_2026,Công an Huyện Long Khánh - Đồng Nai,BCA_CA_DNAI_LK,cong an huyen long khanh ong nai,BCA,Annotator_A,HIGH,Khớp hoàn toàn danh mục hành chính chuẩn,2026-09-12,DataVietNam,2026-09-12
BCA_CA_DNAI_LT,Công an Huyện Long Thành - Đồng Nai,BCA,province,2018,2026,dvc_2018,https://dichvucong.gov.vn/archive/2018,generated_catalog,source,2026-09-12T19:42:24.601202,crawl_2018_2026,Công an Huyện Long Thành - Đồng Nai,BCA_CA_DNAI_LT,cong an huyen long thanh ong nai,BCA,Annotator_A,HIGH,Khớp hoàn toàn danh mục hành chính chuẩn,2026-09-12,DataVietNam,2026-09-12
BCA_CA_DNAI_TRB,Công an Huyện Trảng Bom - Đồng Nai,BCA,province,2018,2026,dvc_2018,https://dichvucong.gov.vn/archive/2018,generated_catalog,source,2026-09-12T19:42:24.601202,crawl_2018_2026,Công an Huyện Trảng Bom - Đồng Nai,BCA_CA_DNAI_TRB,cong an huyen trang bom ong nai,BCA,Annotator_A,HIGH,Khớp hoàn toàn danh mục hành chính chuẩn,2026-09-12,DataVietNam,2026-09-12
BCA_CA_BD_TDM,Công an Huyện Thủ Dầu Một - Bình Dương,BCA,province,2018,2026,dvc_2018,https://dichvucong.gov.vn/archive/2018,generated_catalog,source,2026-09-12T19:42:24.601202,crawl_2018_2026,Công an Huyện Thủ Dầu Một - Bình Dương,BCA_CA_BD_TDM,cong an huyen thu dau mot binh duong,BCA,Annotator_A,HIGH,Khớp hoàn toàn danh mục hành chính chuẩn,2026-09-12,DataVietNam,2026-09-12
BCA_CA_BD_DA,Công an Huyện Dĩ An - Bình Dương,BCA,province,2018,2026,dvc_2018,https://dichvucong.gov.vn/archive/2018,generated_catalog,source,2026-09-12T19:42:24.601202,crawl_2018_2026,Công an Huyện Dĩ An - Bình Dương,BCA_CA_BD_DA,cong an huyen di an binh duong,BCA,Annotator_A,HIGH,Khớp hoàn toàn danh mục hành chính chuẩn,2026-09-12,DataVietNam,2026-09-12
BCA_CA_BD_TA,Công an Huyện Thuận An - Bình Dương,BCA,province,2018,2026,dvc_2018,https://dichvucong.gov.vn/archive/2018,generated_catalog,source,2026-09-12T19:42:24.601202,crawl_2018_2026,Công an Huyện Thuận An - Bình Dương,BCA_CA_BD_TA,cong an huyen thuan an binh duong,BCA,Annotator_A,HIGH,Khớp hoàn toàn danh mục hành chính chuẩn,2026-09-12,DataVietNam,2026-09-12
BCA_CA_BD_BCT,Công an Huyện Bến Cát - Bình Dương,BCA,province,2018,2026,dvc_2018,https://dichvucong.gov.vn/archive/2018,generated_catalog,source,2026-09-12T19:42:24.601202,crawl_2018_2026,Công an Huyện Bến Cát - Bình Dương,BCA_CA_BD_BCT,cong an huyen ben cat binh duong,BCA,Annotator_A,HIGH,Khớp hoàn toàn danh mục hành chính chuẩn,2026-09-12,DataVietNam,2026-09-12
BQP_BTTM,Bộ Tổng Tham mưu Quân đội nhân dân Việt Nam,BQP,central,2018,2026,catalog_2018,https://dichvucong.gov.vn/archive/2018,generated_catalog,source,2026-09-12T19:42:24.601202,crawl_2018_2026,Bộ Tổng Tham mưu Quân đội nhân dân Việt Nam,BQP_BTTM,bo tong tham muu quan oi nhan dan viet nam,BQP,Annotator_A,HIGH,Khớp hoàn toàn danh mục hành chính chuẩn,2026-09-12,DataVietNam,2026-09-12
BQP_TCCT,Tổng cục Chính trị Quân đội nhân dân Việt Nam,BQP,central,2018,2026,catalog_2018,https://dichvucong.gov.vn/archive/2018,generated_catalog,source,2026-09-12T19:42:24.601202,crawl_2018_2026,Tổng cục Chính trị Quân đội nhân dân Việt Nam,BQP_TCCT,tong cuc chinh tri quan oi nhan dan viet nam,BQP,Annotator_A,HIGH,Khớp hoàn toàn danh mục hành chính chuẩn,2026-09-12,DataVietNam,2026-09-12
BQP_TCHQ,Tổng cục Hậu cần,BQP,central,2018,2026,catalog_2018,https://dichvucong.gov.vn/archive/2018,generated_catalog,source,2026-09-12T19:42:24.601202,crawl_2018_2026,Tổng cục Hậu cần,BQP_TCHQ,tong cuc hau can,BQP,Annotator_A,HIGH,Khớp hoàn toàn danh mục hành chính chuẩn,2026-09-12,DataVietNam,2026-09-12
BQP_TCKT,Tổng cục Kỹ thuật,BQP,central,2018,2026,catalog_2018,https://dichvucong.gov.vn/archive/2018,generated_catalog,source,2026-09-12T19:42:24.601202,crawl_2018_2026,Tổng cục Kỹ thuật,BQP_TCKT,tong cuc ky thuat,BQP,Annotator_A,HIGH,Khớp hoàn toàn danh mục hành chính chuẩn,2026-09-12,DataVietNam,2026-09-12
BQP_TCCNQP,Tổng cục Công nghiệp Quốc phòng,BQP,central,2018,2026,catalog_2018,https://dichvucong.gov.vn/archive/2018,generated_catalog,source,2026-09-12T19:42:24.601202,crawl_2018_2026,Tổng cục Công nghiệp Quốc phòng,BQP_TCCNQP,tong cuc cong nghiep quoc phong,BQP,Annotator_A,HIGH,Khớp hoàn toàn danh mục hành chính chuẩn,2026-09-12,DataVietNam,2026-09-12
BQP_BTL_QK1,Bộ Tư lệnh Quân khu 1,BQP,central,2018,2026,catalog_2018,https://dichvucong.gov.vn/archive/2018,generated_catalog,source,2026-09-12T19:42:24.601202,crawl_2018_2026,Bộ Tư lệnh Quân khu 1,BQP_BTL_QK1,bo tu lenh quan khu 1,BQP,Annotator_A,HIGH,Khớp hoàn toàn danh mục hành chính chuẩn,2026-09-12,DataVietNam,2026-09-12
BQP_BTL_QK2,Bộ Tư lệnh Quân khu 2,BQP,central,2018,2026,catalog_2018,https://dichvucong.gov.vn/archive/2018,generated_catalog,source,2026-09-12T19:42:24.601202,crawl_2018_2026,Bộ Tư lệnh Quân khu 2,BQP_BTL_QK2,bo tu lenh quan khu 2,BQP,Annotator_A,HIGH,Khớp hoàn toàn danh mục hành chính chuẩn,2026-09-12,DataVietNam,2026-09-12
BQP_BTL_QK3,Bộ Tư lệnh Quân khu 3,BQP,central,2018,2026,catalog_2018,https://dichvucong.gov.vn/archive/2018,generated_catalog,source,2026-09-12T19:42:24.601202,crawl_2018_2026,Bộ Tư lệnh Quân khu 3,BQP_BTL_QK3,bo tu lenh quan khu 3,BQP,Annotator_A,HIGH,Khớp hoàn toàn danh mục hành chính chuẩn,2026-09-12,DataVietNam,2026-09-12
BQP_BTL_QK4,Bộ Tư lệnh Quân khu 4,BQP,central,2018,2026,catalog_2018,https://dichvucong.gov.vn/archive/2018,generated_catalog,source,2026-09-12T19:42:24.601202,crawl_2018_2026,Bộ Tư lệnh Quân khu 4,BQP_BTL_QK4,bo tu lenh quan khu 4,BQP,Annotator_A,HIGH,Khớp hoàn toàn danh mục hành chính chuẩn,2026-09-12,DataVietNam,2026-09-12
BQP_BTL_QK5,Bộ Tư lệnh Quân khu 5,BQP,central,2018,2026,catalog_2018,https://dichvucong.gov.vn/archive/2018,generated_catalog,source,2026-09-12T19:42:24.601202,crawl_2018_2026,Bộ Tư lệnh Quân khu 5,BQP_BTL_QK5,bo tu lenh quan khu 5,BQP,Annotator_A,HIGH,Khớp hoàn toàn danh mục hành chính chuẩn,2026-09-12,DataVietNam,2026-09-12
BQP_BTL_QK7,Bộ Tư lệnh Quân khu 7,BQP,central,2018,2026,catalog_2018,https://dichvucong.gov.vn/archive/2018,generated_catalog,source,2026-09-12T19:42:24.601202,crawl_2018_2026,Bộ Tư lệnh Quân khu 7,BQP_BTL_QK7,bo tu lenh quan khu 7,BQP,Annotator_A,HIGH,Khớp hoàn toàn danh mục hành chính chuẩn,2026-09-12,DataVietNam,2026-09-12
BQP_BTL_QK9,Bộ Tư lệnh Quân khu 9,BQP,central,2018,2026,catalog_2018,https://dichvucong.gov.vn/archive/2018,generated_catalog,source,2026-09-12T19:42:24.601202,crawl_2018_2026,Bộ Tư lệnh Quân khu 9,BQP_BTL_QK9,bo tu lenh quan khu 9,BQP,Annotator_A,HIGH,Khớp hoàn toàn danh mục hành chính chuẩn,2026-09-12,DataVietNam,2026-09-12
BQP_BTL_TDHN,Bộ Tư lệnh Thủ đô Hà Nội,BQP,central,2018,2026,catalog_2018,https://dichvucong.gov.vn/archive/2018,generated_catalog,source,2026-09-12T19:42:24.601202,crawl_2018_2026,Bộ Tư lệnh Thủ đô Hà Nội,BQP_BTL_TDHN,bo tu lenh thu o ha noi,BQP,Annotator_A,HIGH,Khớp hoàn toàn danh mục hành chính chuẩn,2026-09-12,DataVietNam,2026-09-12
BQP_BTL_BDBP,Bộ Tư lệnh Bộ đội Biên phòng,BQP,central,2018,2026,catalog_2018,https://dichvucong.gov.vn/archive/2018,generated_catalog,source,2026-09-12T19:42:24.601202,crawl_2018_2026,Bộ Tư lệnh Bộ đội Biên phòng,BQP_BTL_BDBP,bo tu lenh bo oi bien phong,BQP,Annotator_A,HIGH,Khớp hoàn toàn danh mục hành chính chuẩn,2026-09-12,DataVietNam,2026-09-12
BQP_BTL_CSB,Bộ Tư lệnh Cảnh sát biển Việt Nam,BQP,central,2018,2026,catalog_2018,https://dichvucong.gov.vn/archive/2018,generated_catalog,source,2026-09-12T19:42:24.601202,crawl_2018_2026,Bộ Tư lệnh Cảnh sát biển Việt Nam,BQP_BTL_CSB,bo tu lenh canh sat bien viet nam,BQP,Annotator_A,HIGH,Khớp hoàn toàn danh mục hành chính chuẩn,2026-09-12,DataVietNam,2026-09-12
BQP_HQ,Quân chủng Hải quân,BQP,central,2018,2026,catalog_2018,https://dichvucong.gov.vn/archive/2018,generated_catalog,source,2026-09-12T19:42:24.601202,crawl_2018_2026,Quân chủng Hải quân,BQP_HQ,quan chung hai quan,BQP,Annotator_A,HIGH,Khớp hoàn toàn danh mục hành chính chuẩn,2026-09-12,DataVietNam,2026-09-12
BQP_PKKQ,Quân chủng Phòng không - Không quân,BQP,central,2018,2026,catalog_2018,https://dichvucong.gov.vn/archive/2018,generated_catalog,source,2026-09-12T19:42:24.601202,crawl_2018_2026,Quân chủng Phòng không - Không quân,BQP_PKKQ,quan chung phong khong khong quan,BQP,Annotator_A,HIGH,Khớp hoàn toàn danh mục hành chính chuẩn,2026-09-12,DataVietNam,2026-09-12
BQP_QD1,Quân đoàn 1 (Binh đoàn Quyết Thắng),BQP,corps,2018,2023,catalog_2018,https://dichvucong.gov.vn/archive/2018,generated_catalog,source,2026-09-12T19:42:24.601202,crawl_2018_2026,Quân đoàn 1 (Binh đoàn Quyết Thắng),BQP_QD1,quan oan 1 binh oan quyet thang,BQP,Annotator_A,HIGH,Khớp hoàn toàn danh mục hành chính chuẩn,2026-09-12,DataVietNam,2026-09-12
BQP_QD2,Quân đoàn 2 (Binh đoàn Hương Giang),BQP,corps,2018,2023,catalog_2018,https://dichvucong.gov.vn/archive/2018,generated_catalog,source,2026-09-12T19:42:24.601202,crawl_2018_2026,Quân đoàn 2 (Binh đoàn Hương Giang),BQP_QD2,quan oan 2 binh oan huong giang,BQP,Annotator_A,HIGH,Khớp hoàn toàn danh mục hành chính chuẩn,2026-09-12,DataVietNam,2026-09-12
BQP_QD3,Quân đoàn 3 (Binh đoàn Tây Nguyên),BQP,corps,2018,2026,catalog_2018,https://dichvucong.gov.vn/archive/2018,generated_catalog,source,2026-09-12T19:42:24.601202,crawl_2018_2026,Quân đoàn 3 (Binh đoàn Tây Nguyên),BQP_QD3,quan oan 3 binh oan tay nguyen,BQP,Annotator_A,HIGH,Khớp hoàn toàn danh mục hành chính chuẩn,2026-09-12,DataVietNam,2026-09-12
BQP_QD4,Quân đoàn 4 (Binh đoàn Cửu Long),BQP,corps,2018,2026,catalog_2018,https://dichvucong.gov.vn/archive/2018,generated_catalog,source,2026-09-12T19:42:24.601202,crawl_2018_2026,Quân đoàn 4 (Binh đoàn Cửu Long),BQP_QD4,quan oan 4 binh oan cuu long,BQP,Annotator_A,HIGH,Khớp hoàn toàn danh mục hành chính chuẩn,2026-09-12,DataVietNam,2026-09-12
BQP_F308,Sư đoàn 308,BQP,division,2018,2026,catalog_2018,https://dichvucong.gov.vn/archive/2018,generated_catalog,source,2026-09-12T19:42:24.601202,crawl_2018_2026,Sư đoàn 308,BQP_F308,su oan 308,BQP,Annotator_A,HIGH,Khớp hoàn toàn danh mục hành chính chuẩn,2026-09-12,DataVietNam,2026-09-12
BQP_F312,Sư đoàn 312,BQP,division,2018,2026,catalog_2018,https://dichvucong.gov.vn/archive/2018,generated_catalog,source,2026-09-12T19:42:24.601202,crawl_2018_2026,Sư đoàn 312,BQP_F312,su oan 312,BQP,Annotator_A,HIGH,Khớp hoàn toàn danh mục hành chính chuẩn,2026-09-12,DataVietNam,2026-09-12
BQP_F320,Sư đoàn 320,BQP,division,2018,2026,catalog_2018,https://dichvucong.gov.vn/archive/2018,generated_catalog,source,2026-09-12T19:42:24.601202,crawl_2018_2026,Sư đoàn 320,BQP_F320,su oan 320,BQP,Annotator_A,HIGH,Khớp hoàn toàn danh mục hành chính chuẩn,2026-09-12,DataVietNam,2026-09-12
BQP_F330,Sư đoàn 330,BQP,division,2018,2026,catalog_2018,https://dichvucong.gov.vn/archive/2018,generated_catalog,source,2026-09-12T19:42:24.601202,crawl_2018_2026,Sư đoàn 330,BQP_F330,su oan 330,BQP,Annotator_A,HIGH,Khớp hoàn toàn danh mục hành chính chuẩn,2026-09-12,DataVietNam,2026-09-12
BQP_F9,Sư đoàn 9,BQP,division,2018,2026,catalog_2018,https://dichvucong.gov.vn/archive/2018,generated_catalog,source,2026-09-12T19:42:24.601202,crawl_2018_2026,Sư đoàn 9,BQP_F9,su oan 9,BQP,Annotator_A,HIGH,Khớp hoàn toàn danh mục hành chính chuẩn,2026-09-12,DataVietNam,2026-09-12
BQP_E141,Trung đoàn 141,BQP,regiment,2018,2026,catalog_2018,https://dichvucong.gov.vn/archive/2018,generated_catalog,source,2026-09-12T19:42:24.601202,crawl_2018_2026,Trung đoàn 141,BQP_E141,trung oan 141,BQP,Annotator_A,HIGH,Khớp hoàn toàn danh mục hành chính chuẩn,2026-09-12,DataVietNam,2026-09-12
BQP_HVQP,Học viện Quốc phòng,BQP,school,2018,2026,catalog_2018,https://dichvucong.gov.vn/archive/2018,generated_catalog,source,2026-09-12T19:42:24.601202,crawl_2018_2026,Học viện Quốc phòng,BQP_HVQP,hoc vien quoc phong,BQP,Annotator_A,MEDIUM,Tên có thể gây nhầm lẫn ngành/ngoài ngành,2026-09-12,DataVietNam,2026-09-12
BQP_HVKTQS,Học viện Kỹ thuật Quân sự,BQP,school,2018,2026,catalog_2018,https://dichvucong.gov.vn/archive/2018,generated_catalog,source,2026-09-12T19:42:24.601202,crawl_2018_2026,Học viện Kỹ thuật Quân sự,BQP_HVKTQS,hoc vien ky thuat quan su,BQP,Annotator_A,MEDIUM,Tên có thể gây nhầm lẫn ngành/ngoài ngành,2026-09-12,DataVietNam,2026-09-12
BQP_HVQY,Học viện Quân y,BQP,school,2018,2026,catalog_2018,https://dichvucong.gov.vn/archive/2018,generated_catalog,source,2026-09-12T19:42:24.601202,crawl_2018_2026,Học viện Quân y,BQP_HVQY,hoc vien quan y,BQP,Annotator_A,MEDIUM,Tên có thể gây nhầm lẫn ngành/ngoài ngành,2026-09-12,DataVietNam,2026-09-12
BQP_BV108,Bệnh viện Trung ương Quân đội 108,BQP,hospital,2018,2026,catalog_2018,https://dichvucong.gov.vn/archive/2018,generated_catalog,source,2026-09-12T19:42:24.601202,crawl_2018_2026,Bệnh viện Trung ương Quân đội 108,BQP_BV108,benh vien trung uong quan oi 108,BQP,Annotator_A,MEDIUM,Tên có thể gây nhầm lẫn ngành/ngoài ngành,2026-09-12,DataVietNam,2026-09-12
BQP_BV103,Bệnh viện Quân y 103,BQP,hospital,2018,2026,catalog_2018,https://dichvucong.gov.vn/archive/2018,generated_catalog,source,2026-09-12T19:42:24.601202,crawl_2018_2026,Bệnh viện Quân y 103,BQP_BV103,benh vien quan y 103,BQP,Annotator_A,MEDIUM,Tên có thể gây nhầm lẫn ngành/ngoài ngành,2026-09-12,DataVietNam,2026-09-12
BQP_BV105,Bệnh viện Quân y 105,BQP,hospital,2018,2026,catalog_2018,https://dichvucong.gov.vn/archive/2018,generated_catalog,source,2026-09-12T19:42:24.601202,crawl_2018_2026,Bệnh viện Quân y 105,BQP_BV105,benh vien quan y 105,BQP,Annotator_A,MEDIUM,Tên có thể gây nhầm lẫn ngành/ngoài ngành,2026-09-12,DataVietNam,2026-09-12
BQP_BV175,Bệnh viện Quân y 175,BQP,hospital,2018,2026,catalog_2018,https://dichvucong.gov.vn/archive/2018,generated_catalog,source,2026-09-12T19:42:24.601202,crawl_2018_2026,Bệnh viện Quân y 175,BQP_BV175,benh vien quan y 175,BQP,Annotator_A,MEDIUM,Tên có thể gây nhầm lẫn ngành/ngoài ngành,2026-09-12,DataVietNam,2026-09-12
BQP_BV354,Bệnh viện Quân y 354,BQP,hospital,2018,2026,catalog_2018,https://dichvucong.gov.vn/archive/2018,generated_catalog,source,2026-09-12T19:42:24.601202,crawl_2018_2026,Bệnh viện Quân y 354,BQP_BV354,benh vien quan y 354,BQP,Annotator_A,MEDIUM,Tên có thể gây nhầm lẫn ngành/ngoài ngành,2026-09-12,DataVietNam,2026-09-12
BQP_BCH_HN,Bộ Chỉ huy Quân sự Hà Nội,BQP,division,2018,2026,dvc_2018,https://dichvucong.gov.vn/archive/2018,generated_catalog,source,2026-09-12T19:42:24.601202,crawl_2018_2026,Bộ Chỉ huy Quân sự Hà Nội,BQP_BCH_HN,bo chi huy quan su ha noi,BQP,Annotator_A,HIGH,Khớp hoàn toàn danh mục hành chính chuẩn,2026-09-12,DataVietNam,2026-09-12
BQP_BDBP_HN,Bộ Chỉ huy Bộ đội Biên phòng Hà Nội,BQP,province,2018,2026,dvc_2018,https://dichvucong.gov.vn/archive/2018,generated_catalog,source,2026-09-12T19:42:24.601202,crawl_2018_2026,Bộ Chỉ huy Bộ đội Biên phòng Hà Nội,BQP_BDBP_HN,bo chi huy bo oi bien phong ha noi,BQP,Annotator_A,HIGH,Khớp hoàn toàn danh mục hành chính chuẩn,2026-09-12,DataVietNam,2026-09-12
BQP_BCH_HTAY,Bộ Chỉ huy Quân sự Hà Tây,BQP,division,2018,2026,legacy_record_dvc,https://dichvucong.gov.vn/archive/2018,generated_catalog,source,2026-09-12T19:42:24.601202,crawl_2018_2026,Bộ Chỉ huy Quân sự Hà Tây,BQP_BCH_HTAY,bo chi huy quan su ha tay,BQP,Annotator_A,MEDIUM,Đơn vị lịch sử sáp nhập (Hà Tây hoặc legacy) — cần xác nhận,2026-09-12,DataVietNam,2026-09-12
BQP_BCH_HCM,Bộ Chỉ huy Quân sự Thành phố Hồ Chí Minh,BQP,division,2018,2026,dvc_2018,https://dichvucong.gov.vn/archive/2018,generated_catalog,source,2026-09-12T19:42:24.601202,crawl_2018_2026,Bộ Chỉ huy Quân sự Thành phố Hồ Chí Minh,BQP_BCH_HCM,bo chi huy quan su thanh pho ho chi minh,BQP,Annotator_A,HIGH,Khớp hoàn toàn danh mục hành chính chuẩn,2026-09-12,DataVietNam,2026-09-12
BQP_BDBP_HCM,Bộ Chỉ huy Bộ đội Biên phòng Thành phố Hồ Chí Minh,BQP,province,2018,2026,dvc_2018,https://dichvucong.gov.vn/archive/2018,generated_catalog,source,2026-09-12T19:42:24.601202,crawl_2018_2026,Bộ Chỉ huy Bộ đội Biên phòng Thành phố Hồ Chí Minh,BQP_BDBP_HCM,bo chi huy bo oi bien phong thanh pho ho chi minh,BQP,Annotator_A,HIGH,Khớp hoàn toàn danh mục hành chính chuẩn,2026-09-12,DataVietNam,2026-09-12
BQP_BCH_DN,Bộ Chỉ huy Quân sự Đà Nẵng,BQP,division,2018,2026,dvc_2018,https://dichvucong.gov.vn/archive/2018,generated_catalog,source,2026-09-12T19:42:24.601202,crawl_2018_2026,Bộ Chỉ huy Quân sự Đà Nẵng,BQP_BCH_DN,bo chi huy quan su a nang,BQP,Annotator_A,HIGH,Khớp hoàn toàn danh mục hành chính chuẩn,2026-09-12,DataVietNam,2026-09-12
BQP_BDBP_DN,Bộ Chỉ huy Bộ đội Biên phòng Đà Nẵng,BQP,province,2018,2026,dvc_2018,https://dichvucong.gov.vn/archive/2018,generated_catalog,source,2026-09-12T19:42:24.601202,crawl_2018_2026,Bộ Chỉ huy Bộ đội Biên phòng Đà Nẵng,BQP_BDBP_DN,bo chi huy bo oi bien phong a nang,BQP,Annotator_A,HIGH,Khớp hoàn toàn danh mục hành chính chuẩn,2026-09-12,DataVietNam,2026-09-12
BQP_BCH_HP,Bộ Chỉ huy Quân sự Hải Phòng,BQP,division,2018,2026,dvc_2018,https://dichvucong.gov.vn/archive/2018,generated_catalog,source,2026-09-12T19:42:24.601202,crawl_2018_2026,Bộ Chỉ huy Quân sự Hải Phòng,BQP_BCH_HP,bo chi huy quan su hai phong,BQP,Annotator_A,HIGH,Khớp hoàn toàn danh mục hành chính chuẩn,2026-09-12,DataVietNam,2026-09-12
BQP_BDBP_HP,Bộ Chỉ huy Bộ đội Biên phòng Hải Phòng,BQP,province,2018,2026,dvc_2018,https://dichvucong.gov.vn/archive/2018,generated_catalog,source,2026-09-12T19:42:24.601202,crawl_2018_2026,Bộ Chỉ huy Bộ đội Biên phòng Hải Phòng,BQP_BDBP_HP,bo chi huy bo oi bien phong hai phong,BQP,Annotator_A,HIGH,Khớp hoàn toàn danh mục hành chính chuẩn,2026-09-12,DataVietNam,2026-09-12
BQP_BCH_CT,Bộ Chỉ huy Quân sự Cần Thơ,BQP,division,2018,2026,dvc_2018,https://dichvucong.gov.vn/archive/2018,generated_catalog,source,2026-09-12T19:42:24.601202,crawl_2018_2026,Bộ Chỉ huy Quân sự Cần Thơ,BQP_BCH_CT,bo chi huy quan su can tho,BQP,Annotator_A,HIGH,Khớp hoàn toàn danh mục hành chính chuẩn,2026-09-12,DataVietNam,2026-09-12
BQP_BDBP_CT,Bộ Chỉ huy Bộ đội Biên phòng Cần Thơ,BQP,province,2018,2026,dvc_2018,https://dichvucong.gov.vn/archive/2018,generated_catalog,source,2026-09-12T19:42:24.601202,crawl_2018_2026,Bộ Chỉ huy Bộ đội Biên phòng Cần Thơ,BQP_BDBP_CT,bo chi huy bo oi bien phong can tho,BQP,Annotator_A,HIGH,Khớp hoàn toàn danh mục hành chính chuẩn,2026-09-12,DataVietNam,2026-09-12
BQP_BCH_DNAI,Bộ Chỉ huy Quân sự Đồng Nai,BQP,division,2018,2026,dvc_2018,https://dichvucong.gov.vn/archive/2018,generated_catalog,source,2026-09-12T19:42:24.601202,crawl_2018_2026,Bộ Chỉ huy Quân sự Đồng Nai,BQP_BCH_DNAI,bo chi huy quan su ong nai,BQP,Annotator_A,HIGH,Khớp hoàn toàn danh mục hành chính chuẩn,2026-09-12,DataVietNam,2026-09-12
BQP_BDBP_DNAI,Bộ Chỉ huy Bộ đội Biên phòng Đồng Nai,BQP,province,2018,2026,dvc_2018,https://dichvucong.gov.vn/archive/2018,generated_catalog,source,2026-09-12T19:42:24.601202,crawl_2018_2026,Bộ Chỉ huy Bộ đội Biên phòng Đồng Nai,BQP_BDBP_DNAI,bo chi huy bo oi bien phong ong nai,BQP,Annotator_A,HIGH,Khớp hoàn toàn danh mục hành chính chuẩn,2026-09-12,DataVietNam,2026-09-12
BQP_BCH_BD,Bộ Chỉ huy Quân sự Bình Dương,BQP,division,2018,2026,dvc_2018,https://dichvucong.gov.vn/archive/2018,generated_catalog,source,2026-09-12T19:42:24.601202,crawl_2018_2026,Bộ Chỉ huy Quân sự Bình Dương,BQP_BCH_BD,bo chi huy quan su binh duong,BQP,Annotator_A,HIGH,Khớp hoàn toàn danh mục hành chính chuẩn,2026-09-12,DataVietNam,2026-09-12
BQP_BDBP_BD,Bộ Chỉ huy Bộ đội Biên phòng Bình Dương,BQP,province,2018,2026,dvc_2018,https://dichvucong.gov.vn/archive/2018,generated_catalog,source,2026-09-12T19:42:24.601202,crawl_2018_2026,Bộ Chỉ huy Bộ đội Biên phòng Bình Dương,BQP_BDBP_BD,bo chi huy bo oi bien phong binh duong,BQP,Annotator_A,HIGH,Khớp hoàn toàn danh mục hành chính chuẩn,2026-09-12,DataVietNam,2026-09-12
BQP_BCH_VT,Bộ Chỉ huy Quân sự Bà Rịa - Vũng Tàu,BQP,division,2018,2026,dvc_2018,https://dichvucong.gov.vn/archive/2018,generated_catalog,source,2026-09-12T19:42:24.601202,crawl_2018_2026,Bộ Chỉ huy Quân sự Bà Rịa - Vũng Tàu,BQP_BCH_VT,bo chi huy quan su ba ria vung tau,BQP,Annotator_A,HIGH,Khớp hoàn toàn danh mục hành chính chuẩn,2026-09-12,DataVietNam,2026-09-12
BQP_BDBP_VT,Bộ Chỉ huy Bộ đội Biên phòng Bà Rịa - Vũng Tàu,BQP,province,2018,2026,dvc_2018,https://dichvucong.gov.vn/archive/2018,generated_catalog,source,2026-09-12T19:42:24.601202,crawl_2018_2026,Bộ Chỉ huy Bộ đội Biên phòng Bà Rịa - Vũng Tàu,BQP_BDBP_VT,bo chi huy bo oi bien phong ba ria vung tau,BQP,Annotator_A,HIGH,Khớp hoàn toàn danh mục hành chính chuẩn,2026-09-12,DataVietNam,2026-09-12
BQP_BCH_TNI,Bộ Chỉ huy Quân sự Tây Ninh,BQP,division,2018,2026,dvc_2018,https://dichvucong.gov.vn/archive/2018,generated_catalog,source,2026-09-12T19:42:24.601202,crawl_2018_2026,Bộ Chỉ huy Quân sự Tây Ninh,BQP_BCH_TNI,bo chi huy quan su tay ninh,BQP,Annotator_A,HIGH,Khớp hoàn toàn danh mục hành chính chuẩn,2026-09-12,DataVietNam,2026-09-12
BQP_BDBP_TNI,Bộ Chỉ huy Bộ đội Biên phòng Tây Ninh,BQP,province,2018,2026,dvc_2018,https://dichvucong.gov.vn/archive/2018,generated_catalog,source,2026-09-12T19:42:24.601202,crawl_2018_2026,Bộ Chỉ huy Bộ đội Biên phòng Tây Ninh,BQP_BDBP_TNI,bo chi huy bo oi bien phong tay ninh,BQP,Annotator_A,HIGH,Khớp hoàn toàn danh mục hành chính chuẩn,2026-09-12,DataVietNam,2026-09-12
BQP_BCH_BPC,Bộ Chỉ huy Quân sự Bình Phước,BQP,division,2018,2026,dvc_2018,https://dichvucong.gov.vn/archive/2018,generated_catalog,source,2026-09-12T19:42:24.601202,crawl_2018_2026,Bộ Chỉ huy Quân sự Bình Phước,BQP_BCH_BPC,bo chi huy quan su binh phuoc,BQP,Annotator_A,HIGH,Khớp hoàn toàn danh mục hành chính chuẩn,2026-09-12,DataVietNam,2026-09-12
BQP_BCH_AGI,Bộ Chỉ huy Quân sự An Giang,BQP,division,2018,2026,dvc_2018,https://dichvucong.gov.vn/archive/2018,generated_catalog,source,2026-09-12T19:42:24.601202,crawl_2018_2026,Bộ Chỉ huy Quân sự An Giang,BQP_BCH_AGI,bo chi huy quan su an giang,BQP,Annotator_A,HIGH,Khớp hoàn toàn danh mục hành chính chuẩn,2026-09-12,DataVietNam,2026-09-12
BQP_BDBP_AGI,Bộ Chỉ huy Bộ đội Biên phòng An Giang,BQP,province,2018,2026,dvc_2018,https://dichvucong.gov.vn/archive/2018,generated_catalog,source,2026-09-12T19:42:24.601202,crawl_2018_2026,Bộ Chỉ huy Bộ đội Biên phòng An Giang,BQP_BDBP_AGI,bo chi huy bo oi bien phong an giang,BQP,Annotator_A,HIGH,Khớp hoàn toàn danh mục hành chính chuẩn,2026-09-12,DataVietNam,2026-09-12
BQP_BCH_KGI,Bộ Chỉ huy Quân sự Kiên Giang,BQP,division,2018,2026,dvc_2018,https://dichvucong.gov.vn/archive/2018,generated_catalog,source,2026-09-12T19:42:24.601202,crawl_2018_2026,Bộ Chỉ huy Quân sự Kiên Giang,BQP_BCH_KGI,bo chi huy quan su kien giang,BQP,Annotator_A,HIGH,Khớp hoàn toàn danh mục hành chính chuẩn,2026-09-12,DataVietNam,2026-09-12
BQP_BDBP_KGI,Bộ Chỉ huy Bộ đội Biên phòng Kiên Giang,BQP,province,2018,2026,dvc_2018,https://dichvucong.gov.vn/archive/2018,generated_catalog,source,2026-09-12T19:42:24.601202,crawl_2018_2026,Bộ Chỉ huy Bộ đội Biên phòng Kiên Giang,BQP_BDBP_KGI,bo chi huy bo oi bien phong kien giang,BQP,Annotator_A,HIGH,Khớp hoàn toàn danh mục hành chính chuẩn,2026-09-12,DataVietNam,2026-09-12
BQP_BCH_CM,Bộ Chỉ huy Quân sự Cà Mau,BQP,division,2018,2026,dvc_2018,https://dichvucong.gov.vn/archive/2018,generated_catalog,source,2026-09-12T19:42:24.601202,crawl_2018_2026,Bộ Chỉ huy Quân sự Cà Mau,BQP_BCH_CM,bo chi huy quan su ca mau,BQP,Annotator_A,HIGH,Khớp hoàn toàn danh mục hành chính chuẩn,2026-09-12,DataVietNam,2026-09-12
BQP_BDBP_CM,Bộ Chỉ huy Bộ đội Biên phòng Cà Mau,BQP,province,2018,2026,dvc_2018,https://dichvucong.gov.vn/archive/2018,generated_catalog,source,2026-09-12T19:42:24.601202,crawl_2018_2026,Bộ Chỉ huy Bộ đội Biên phòng Cà Mau,BQP_BDBP_CM,bo chi huy bo oi bien phong ca mau,BQP,Annotator_A,HIGH,Khớp hoàn toàn danh mục hành chính chuẩn,2026-09-12,DataVietNam,2026-09-12
BQP_BCH_HAG,Bộ Chỉ huy Quân sự Hậu Giang,BQP,division,2018,2026,dvc_2018,https://dichvucong.gov.vn/archive/2018,generated_catalog,source,2026-09-12T19:42:24.601202,crawl_2018_2026,Bộ Chỉ huy Quân sự Hậu Giang,BQP_BCH_HAG,bo chi huy quan su hau giang,BQP,Annotator_A,HIGH,Khớp hoàn toàn danh mục hành chính chuẩn,2026-09-12,DataVietNam,2026-09-12
BQP_BDBP_HAG,Bộ Chỉ huy Bộ đội Biên phòng Hậu Giang,BQP,province,2018,2026,dvc_2018,https://dichvucong.gov.vn/archive/2018,generated_catalog,source,2026-09-12T19:42:24.601202,crawl_2018_2026,Bộ Chỉ huy Bộ đội Biên phòng Hậu Giang,BQP_BDBP_HAG,bo chi huy bo oi bien phong hau giang,BQP,Annotator_A,HIGH,Khớp hoàn toàn danh mục hành chính chuẩn,2026-09-12,DataVietNam,2026-09-12
BQP_BCH_ST,Bộ Chỉ huy Quân sự Sóc Trăng,BQP,division,2018,2026,dvc_2018,https://dichvucong.gov.vn/archive/2018,generated_catalog,source,2026-09-12T19:42:24.601202,crawl_2018_2026,Bộ Chỉ huy Quân sự Sóc Trăng,BQP_BCH_ST,bo chi huy quan su soc trang,BQP,Annotator_A,HIGH,Khớp hoàn toàn danh mục hành chính chuẩn,2026-09-12,DataVietNam,2026-09-12
BQP_BDBP_ST,Bộ Chỉ huy Bộ đội Biên phòng Sóc Trăng,BQP,province,2018,2026,dvc_2018,https://dichvucong.gov.vn/archive/2018,generated_catalog,source,2026-09-12T19:42:24.601202,crawl_2018_2026,Bộ Chỉ huy Bộ đội Biên phòng Sóc Trăng,BQP_BDBP_ST,bo chi huy bo oi bien phong soc trang,BQP,Annotator_A,HIGH,Khớp hoàn toàn danh mục hành chính chuẩn,2026-09-12,DataVietNam,2026-09-12
BQP_BCH_BL,Bộ Chỉ huy Quân sự Bạc Liêu,BQP,division,2018,2026,dvc_2018,https://dichvucong.gov.vn/archive/2018,generated_catalog,source,2026-09-12T19:42:24.601202,crawl_2018_2026,Bộ Chỉ huy Quân sự Bạc Liêu,BQP_BCH_BL,bo chi huy quan su bac lieu,BQP,Annotator_A,HIGH,Khớp hoàn toàn danh mục hành chính chuẩn,2026-09-12,DataVietNam,2026-09-12
BQP_BDBP_BL,Bộ Chỉ huy Bộ đội Biên phòng Bạc Liêu,BQP,province,2018,2026,dvc_2018,https://dichvucong.gov.vn/archive/2018,generated_catalog,source,2026-09-12T19:42:24.601202,crawl_2018_2026,Bộ Chỉ huy Bộ đội Biên phòng Bạc Liêu,BQP_BDBP_BL,bo chi huy bo oi bien phong bac lieu,BQP,Annotator_A,HIGH,Khớp hoàn toàn danh mục hành chính chuẩn,2026-09-12,DataVietNam,2026-09-12
BQP_BCH_TV,Bộ Chỉ huy Quân sự Trà Vinh,BQP,division,2018,2026,dvc_2018,https://dichvucong.gov.vn/archive/2018,generated_catalog,source,2026-09-12T19:42:24.601202,crawl_2018_2026,Bộ Chỉ huy Quân sự Trà Vinh,BQP_BCH_TV,bo chi huy quan su tra vinh,BQP,Annotator_A,HIGH,Khớp hoàn toàn danh mục hành chính chuẩn,2026-09-12,DataVietNam,2026-09-12
BQP_BDBP_TV,Bộ Chỉ huy Bộ đội Biên phòng Trà Vinh,BQP,province,2018,2026,dvc_2018,https://dichvucong.gov.vn/archive/2018,generated_catalog,source,2026-09-12T19:42:24.601202,crawl_2018_2026,Bộ Chỉ huy Bộ đội Biên phòng Trà Vinh,BQP_BDBP_TV,bo chi huy bo oi bien phong tra vinh,BQP,Annotator_A,HIGH,Khớp hoàn toàn danh mục hành chính chuẩn,2026-09-12,DataVietNam,2026-09-12
BQP_BCH_VL,Bộ Chỉ huy Quân sự Vĩnh Long,BQP,division,2018,2026,dvc_2018,https://dichvucong.gov.vn/archive/2018,generated_catalog,source,2026-09-12T19:42:24.601202,crawl_2018_2026,Bộ Chỉ huy Quân sự Vĩnh Long,BQP_BCH_VL,bo chi huy quan su vinh long,BQP,Annotator_A,HIGH,Khớp hoàn toàn danh mục hành chính chuẩn,2026-09-12,DataVietNam,2026-09-12
BQP_BDBP_VL,Bộ Chỉ huy Bộ đội Biên phòng Vĩnh Long,BQP,province,2018,2026,dvc_2018,https://dichvucong.gov.vn/archive/2018,generated_catalog,source,2026-09-12T19:42:24.601202,crawl_2018_2026,Bộ Chỉ huy Bộ đội Biên phòng Vĩnh Long,BQP_BDBP_VL,bo chi huy bo oi bien phong vinh long,BQP,Annotator_A,HIGH,Khớp hoàn toàn danh mục hành chính chuẩn,2026-09-12,DataVietNam,2026-09-12
BQP_BCH_BT,Bộ Chỉ huy Quân sự Bến Tre,BQP,division,2018,2026,dvc_2018,https://dichvucong.gov.vn/archive/2018,generated_catalog,source,2026-09-12T19:42:24.601202,crawl_2018_2026,Bộ Chỉ huy Quân sự Bến Tre,BQP_BCH_BT,bo chi huy quan su ben tre,BQP,Annotator_A,HIGH,Khớp hoàn toàn danh mục hành chính chuẩn,2026-09-12,DataVietNam,2026-09-12
BQP_BDBP_BT,Bộ Chỉ huy Bộ đội Biên phòng Bến Tre,BQP,province,2018,2026,dvc_2018,https://dichvucong.gov.vn/archive/2018,generated_catalog,source,2026-09-12T19:42:24.601202,crawl_2018_2026,Bộ Chỉ huy Bộ đội Biên phòng Bến Tre,BQP_BDBP_BT,bo chi huy bo oi bien phong ben tre,BQP,Annotator_A,HIGH,Khớp hoàn toàn danh mục hành chính chuẩn,2026-09-12,DataVietNam,2026-09-12
BQP_BCH_TG,Bộ Chỉ huy Quân sự Tiền Giang,BQP,division,2018,2026,dvc_2018,https://dichvucong.gov.vn/archive/2018,generated_catalog,source,2026-09-12T19:42:24.601202,crawl_2018_2026,Bộ Chỉ huy Quân sự Tiền Giang,BQP_BCH_TG,bo chi huy quan su tien giang,BQP,Annotator_A,HIGH,Khớp hoàn toàn danh mục hành chính chuẩn,2026-09-12,DataVietNam,2026-09-12
BQP_BDBP_TG,Bộ Chỉ huy Bộ đội Biên phòng Tiền Giang,BQP,province,2018,2026,dvc_2018,https://dichvucong.gov.vn/archive/2018,generated_catalog,source,2026-09-12T19:42:24.601202,crawl_2018_2026,Bộ Chỉ huy Bộ đội Biên phòng Tiền Giang,BQP_BDBP_TG,bo chi huy bo oi bien phong tien giang,BQP,Annotator_A,HIGH,Khớp hoàn toàn danh mục hành chính chuẩn,2026-09-12,DataVietNam,2026-09-12
BQP_BCH_DT,Bộ Chỉ huy Quân sự Đồng Tháp,BQP,division,2018,2026,dvc_2018,https://dichvucong.gov.vn/archive/2018,generated_catalog,source,2026-09-12T19:42:24.601202,crawl_2018_2026,Bộ Chỉ huy Quân sự Đồng Tháp,BQP_BCH_DT,bo chi huy quan su ong thap,BQP,Annotator_A,HIGH,Khớp hoàn toàn danh mục hành chính chuẩn,2026-09-12,DataVietNam,2026-09-12
BQP_BDBP_DT,Bộ Chỉ huy Bộ đội Biên phòng Đồng Tháp,BQP,province,2018,2026,dvc_2018,https://dichvucong.gov.vn/archive/2018,generated_catalog,source,2026-09-12T19:42:24.601202,crawl_2018_2026,Bộ Chỉ huy Bộ đội Biên phòng Đồng Tháp,BQP_BDBP_DT,bo chi huy bo oi bien phong ong thap,BQP,Annotator_A,HIGH,Khớp hoàn toàn danh mục hành chính chuẩn,2026-09-12,DataVietNam,2026-09-12
BQP_BCH_LA,Bộ Chỉ huy Quân sự Long An,BQP,division,2018,2026,dvc_2018,https://dichvucong.gov.vn/archive/2018,generated_catalog,source,2026-09-12T19:42:24.601202,crawl_2018_2026,Bộ Chỉ huy Quân sự Long An,BQP_BCH_LA,bo chi huy quan su long an,BQP,Annotator_A,HIGH,Khớp hoàn toàn danh mục hành chính chuẩn,2026-09-12,DataVietNam,2026-09-12
BQP_BDBP_LA,Bộ Chỉ huy Bộ đội Biên phòng Long An,BQP,province,2018,2026,dvc_2018,https://dichvucong.gov.vn/archive/2018,generated_catalog,source,2026-09-12T19:42:24.601202,crawl_2018_2026,Bộ Chỉ huy Bộ đội Biên phòng Long An,BQP_BDBP_LA,bo chi huy bo oi bien phong long an,BQP,Annotator_A,HIGH,Khớp hoàn toàn danh mục hành chính chuẩn,2026-09-12,DataVietNam,2026-09-12
BQP_BCH_DLA,Bộ Chỉ huy Quân sự Đắk Lắk,BQP,division,2018,2026,dvc_2018,https://dichvucong.gov.vn/archive/2018,generated_catalog,source,2026-09-12T19:42:24.601202,crawl_2018_2026,Bộ Chỉ huy Quân sự Đắk Lắk,BQP_BCH_DLA,bo chi huy quan su ak lak,BQP,Annotator_A,HIGH,Khớp hoàn toàn danh mục hành chính chuẩn,2026-09-12,DataVietNam,2026-09-12
BQP_BCH_GLA,Bộ Chỉ huy Quân sự Gia Lai,BQP,division,2018,2026,dvc_2018,https://dichvucong.gov.vn/archive/2018,generated_catalog,source,2026-09-12T19:42:24.601202,crawl_2018_2026,Bộ Chỉ huy Quân sự Gia Lai,BQP_BCH_GLA,bo chi huy quan su gia lai,BQP,Annotator_A,HIGH,Khớp hoàn toàn danh mục hành chính chuẩn,2026-09-12,DataVietNam,2026-09-12
BQP_BCH_LD,Bộ Chỉ huy Quân sự Lâm Đồng,BQP,division,2018,2026,dvc_2018,https://dichvucong.gov.vn/archive/2018,generated_catalog,source,2026-09-12T19:42:24.601202,crawl_2018_2026,Bộ Chỉ huy Quân sự Lâm Đồng,BQP_BCH_LD,bo chi huy quan su lam ong,BQP,Annotator_A,HIGH,Khớp hoàn toàn danh mục hành chính chuẩn,2026-09-12,DataVietNam,2026-09-12
BQP_BCH_KT,Bộ Chỉ huy Quân sự Kon Tum,BQP,division,2018,2026,dvc_2018,https://dichvucong.gov.vn/archive/2018,generated_catalog,source,2026-09-12T19:42:24.601202,crawl_2018_2026,Bộ Chỉ huy Quân sự Kon Tum,BQP_BCH_KT,bo chi huy quan su kon tum,BQP,Annotator_A,HIGH,Khớp hoàn toàn danh mục hành chính chuẩn,2026-09-12,DataVietNam,2026-09-12
BQP_BCH_DNO,Bộ Chỉ huy Quân sự Đắk Nông,BQP,division,2018,2026,dvc_2018,https://dichvucong.gov.vn/archive/2018,generated_catalog,source,2026-09-12T19:42:24.601202,crawl_2018_2026,Bộ Chỉ huy Quân sự Đắk Nông,BQP_BCH_DNO,bo chi huy quan su ak nong,BQP,Annotator_A,HIGH,Khớp hoàn toàn danh mục hành chính chuẩn,2026-09-12,DataVietNam,2026-09-12
BQP_BCH_KHA,Bộ Chỉ huy Quân sự Khánh Hòa,BQP,division,2018,2026,dvc_2018,https://dichvucong.gov.vn/archive/2018,generated_catalog,source,2026-09-12T19:42:24.601202,crawl_2018_2026,Bộ Chỉ huy Quân sự Khánh Hòa,BQP_BCH_KHA,bo chi huy quan su khanh hoa,BQP,Annotator_A,HIGH,Khớp hoàn toàn danh mục hành chính chuẩn,2026-09-12,DataVietNam,2026-09-12
BQP_BDBP_KHA,Bộ Chỉ huy Bộ đội Biên phòng Khánh Hòa,BQP,province,2018,2026,dvc_2018,https://dichvucong.gov.vn/archive/2018,generated_catalog,source,2026-09-12T19:42:24.601202,crawl_2018_2026,Bộ Chỉ huy Bộ đội Biên phòng Khánh Hòa,BQP_BDBP_KHA,bo chi huy bo oi bien phong khanh hoa,BQP,Annotator_A,HIGH,Khớp hoàn toàn danh mục hành chính chuẩn,2026-09-12,DataVietNam,2026-09-12
BQP_BCH_BTN,Bộ Chỉ huy Quân sự Bình Thuận,BQP,division,2018,2026,dvc_2018,https://dichvucong.gov.vn/archive/2018,generated_catalog,source,2026-09-12T19:42:24.601202,crawl_2018_2026,Bộ Chỉ huy Quân sự Bình Thuận,BQP_BCH_BTN,bo chi huy quan su binh thuan,BQP,Annotator_A,HIGH,Khớp hoàn toàn danh mục hành chính chuẩn,2026-09-12,DataVietNam,2026-09-12
BQP_BDBP_BTN,Bộ Chỉ huy Bộ đội Biên phòng Bình Thuận,BQP,province,2018,2026,dvc_2018,https://dichvucong.gov.vn/archive/2018,generated_catalog,source,2026-09-12T19:42:24.601202,crawl_2018_2026,Bộ Chỉ huy Bộ đội Biên phòng Bình Thuận,BQP_BDBP_BTN,bo chi huy bo oi bien phong binh thuan,BQP,Annotator_A,HIGH,Khớp hoàn toàn danh mục hành chính chuẩn,2026-09-12,DataVietNam,2026-09-12
BQP_BCH_NTN,Bộ Chỉ huy Quân sự Ninh Thuận,BQP,division,2018,2026,dvc_2018,https://dichvucong.gov.vn/archive/2018,generated_catalog,source,2026-09-12T19:42:24.601202,crawl_2018_2026,Bộ Chỉ huy Quân sự Ninh Thuận,BQP_BCH_NTN,bo chi huy quan su ninh thuan,BQP,Annotator_A,HIGH,Khớp hoàn toàn danh mục hành chính chuẩn,2026-09-12,DataVietNam,2026-09-12
BQP_BDBP_NTN,Bộ Chỉ huy Bộ đội Biên phòng Ninh Thuận,BQP,province,2018,2026,dvc_2018,https://dichvucong.gov.vn/archive/2018,generated_catalog,source,2026-09-12T19:42:24.601202,crawl_2018_2026,Bộ Chỉ huy Bộ đội Biên phòng Ninh Thuận,BQP_BDBP_NTN,bo chi huy bo oi bien phong ninh thuan,BQP,Annotator_A,HIGH,Khớp hoàn toàn danh mục hành chính chuẩn,2026-09-12,DataVietNam,2026-09-12
BQP_BCH_PY,Bộ Chỉ huy Quân sự Phú Yên,BQP,division,2018,2026,dvc_2018,https://dichvucong.gov.vn/archive/2018,generated_catalog,source,2026-09-12T19:42:24.601202,crawl_2018_2026,Bộ Chỉ huy Quân sự Phú Yên,BQP_BCH_PY,bo chi huy quan su phu yen,BQP,Annotator_A,HIGH,Khớp hoàn toàn danh mục hành chính chuẩn,2026-09-12,DataVietNam,2026-09-12
BQP_BDBP_PY,Bộ Chỉ huy Bộ đội Biên phòng Phú Yên,BQP,province,2018,2026,dvc_2018,https://dichvucong.gov.vn/archive/2018,generated_catalog,source,2026-09-12T19:42:24.601202,crawl_2018_2026,Bộ Chỉ huy Bộ đội Biên phòng Phú Yên,BQP_BDBP_PY,bo chi huy bo oi bien phong phu yen,BQP,Annotator_A,HIGH,Khớp hoàn toàn danh mục hành chính chuẩn,2026-09-12,DataVietNam,2026-09-12
BQP_BCH_BDH,Bộ Chỉ huy Quân sự Bình Định,BQP,division,2018,2026,dvc_2018,https://dichvucong.gov.vn/archive/2018,generated_catalog,source,2026-09-12T19:42:24.601202,crawl_2018_2026,Bộ Chỉ huy Quân sự Bình Định,BQP_BCH_BDH,bo chi huy quan su binh inh,BQP,Annotator_A,HIGH,Khớp hoàn toàn danh mục hành chính chuẩn,2026-09-12,DataVietNam,2026-09-12
BQP_BDBP_BDH,Bộ Chỉ huy Bộ đội Biên phòng Bình Định,BQP,province,2018,2026,dvc_2018,https://dichvucong.gov.vn/archive/2018,generated_catalog,source,2026-09-12T19:42:24.601202,crawl_2018_2026,Bộ Chỉ huy Bộ đội Biên phòng Bình Định,BQP_BDBP_BDH,bo chi huy bo oi bien phong binh inh,BQP,Annotator_A,HIGH,Khớp hoàn toàn danh mục hành chính chuẩn,2026-09-12,DataVietNam,2026-09-12
BQP_BCH_QNG,Bộ Chỉ huy Quân sự Quảng Ngãi,BQP,division,2018,2026,dvc_2018,https://dichvucong.gov.vn/archive/2018,generated_catalog,source,2026-09-12T19:42:24.601202,crawl_2018_2026,Bộ Chỉ huy Quân sự Quảng Ngãi,BQP_BCH_QNG,bo chi huy quan su quang ngai,BQP,Annotator_A,HIGH,Khớp hoàn toàn danh mục hành chính chuẩn,2026-09-12,DataVietNam,2026-09-12
BQP_BDBP_QNG,Bộ Chỉ huy Bộ đội Biên phòng Quảng Ngãi,BQP,province,2018,2026,dvc_2018,https://dichvucong.gov.vn/archive/2018,generated_catalog,source,2026-09-12T19:42:24.601202,crawl_2018_2026,Bộ Chỉ huy Bộ đội Biên phòng Quảng Ngãi,BQP_BDBP_QNG,bo chi huy bo oi bien phong quang ngai,BQP,Annotator_A,HIGH,Khớp hoàn toàn danh mục hành chính chuẩn,2026-09-12,DataVietNam,2026-09-12
BQP_BCH_QNA,Bộ Chỉ huy Quân sự Quảng Nam,BQP,division,2018,2026,dvc_2018,https://dichvucong.gov.vn/archive/2018,generated_catalog,source,2026-09-12T19:42:24.601202,crawl_2018_2026,Bộ Chỉ huy Quân sự Quảng Nam,BQP_BCH_QNA,bo chi huy quan su quang nam,BQP,Annotator_A,HIGH,Khớp hoàn toàn danh mục hành chính chuẩn,2026-09-12,DataVietNam,2026-09-12
BQP_BDBP_QNA,Bộ Chỉ huy Bộ đội Biên phòng Quảng Nam,BQP,province,2018,2026,dvc_2018,https://dichvucong.gov.vn/archive/2018,generated_catalog,source,2026-09-12T19:42:24.601202,crawl_2018_2026,Bộ Chỉ huy Bộ đội Biên phòng Quảng Nam,BQP_BDBP_QNA,bo chi huy bo oi bien phong quang nam,BQP,Annotator_A,HIGH,Khớp hoàn toàn danh mục hành chính chuẩn,2026-09-12,DataVietNam,2026-09-12
BQP_BCH_TTH,Bộ Chỉ huy Quân sự Thừa Thiên Huế,BQP,division,2018,2026,dvc_2018,https://dichvucong.gov.vn/archive/2018,generated_catalog,source,2026-09-12T19:42:24.601202,crawl_2018_2026,Bộ Chỉ huy Quân sự Thừa Thiên Huế,BQP_BCH_TTH,bo chi huy quan su thua thien hue,BQP,Annotator_A,HIGH,Khớp hoàn toàn danh mục hành chính chuẩn,2026-09-12,DataVietNam,2026-09-12
BQP_BDBP_TTH,Bộ Chỉ huy Bộ đội Biên phòng Thừa Thiên Huế,BQP,province,2018,2026,dvc_2018,https://dichvucong.gov.vn/archive/2018,generated_catalog,source,2026-09-12T19:42:24.601202,crawl_2018_2026,Bộ Chỉ huy Bộ đội Biên phòng Thừa Thiên Huế,BQP_BDBP_TTH,bo chi huy bo oi bien phong thua thien hue,BQP,Annotator_A,HIGH,Khớp hoàn toàn danh mục hành chính chuẩn,2026-09-12,DataVietNam,2026-09-12
BQP_BCH_QTR,Bộ Chỉ huy Quân sự Quảng Trị,BQP,division,2018,2026,dvc_2018,https://dichvucong.gov.vn/archive/2018,generated_catalog,source,2026-09-12T19:42:24.601202,crawl_2018_2026,Bộ Chỉ huy Quân sự Quảng Trị,BQP_BCH_QTR,bo chi huy quan su quang tri,BQP,Annotator_A,HIGH,Khớp hoàn toàn danh mục hành chính chuẩn,2026-09-12,DataVietNam,2026-09-12
BQP_BDBP_QTR,Bộ Chỉ huy Bộ đội Biên phòng Quảng Trị,BQP,province,2018,2026,dvc_2018,https://dichvucong.gov.vn/archive/2018,generated_catalog,source,2026-09-12T19:42:24.601202,crawl_2018_2026,Bộ Chỉ huy Bộ đội Biên phòng Quảng Trị,BQP_BDBP_QTR,bo chi huy bo oi bien phong quang tri,BQP,Annotator_A,HIGH,Khớp hoàn toàn danh mục hành chính chuẩn,2026-09-12,DataVietNam,2026-09-12
BQP_BCH_QBI,Bộ Chỉ huy Quân sự Quảng Bình,BQP,division,2018,2026,dvc_2018,https://dichvucong.gov.vn/archive/2018,generated_catalog,source,2026-09-12T19:42:24.601202,crawl_2018_2026,Bộ Chỉ huy Quân sự Quảng Bình,BQP_BCH_QBI,bo chi huy quan su quang binh,BQP,Annotator_A,HIGH,Khớp hoàn toàn danh mục hành chính chuẩn,2026-09-12,DataVietNam,2026-09-12
BQP_BDBP_QBI,Bộ Chỉ huy Bộ đội Biên phòng Quảng Bình,BQP,province,2018,2026,dvc_2018,https://dichvucong.gov.vn/archive/2018,generated_catalog,source,2026-09-12T19:42:24.601202,crawl_2018_2026,Bộ Chỉ huy Bộ đội Biên phòng Quảng Bình,BQP_BDBP_QBI,bo chi huy bo oi bien phong quang binh,BQP,Annotator_A,HIGH,Khớp hoàn toàn danh mục hành chính chuẩn,2026-09-12,DataVietNam,2026-09-12
BQP_BCH_HT,Bộ Chỉ huy Quân sự Hà Tĩnh,BQP,division,2018,2026,dvc_2018,https://dichvucong.gov.vn/archive/2018,generated_catalog,source,2026-09-12T19:42:24.601202,crawl_2018_2026,Bộ Chỉ huy Quân sự Hà Tĩnh,BQP_BCH_HT,bo chi huy quan su ha tinh,BQP,Annotator_A,HIGH,Khớp hoàn toàn danh mục hành chính chuẩn,2026-09-12,DataVietNam,2026-09-12
BQP_BDBP_HT,Bộ Chỉ huy Bộ đội Biên phòng Hà Tĩnh,BQP,province,2018,2026,dvc_2018,https://dichvucong.gov.vn/archive/2018,generated_catalog,source,2026-09-12T19:42:24.601202,crawl_2018_2026,Bộ Chỉ huy Bộ đội Biên phòng Hà Tĩnh,BQP_BDBP_HT,bo chi huy bo oi bien phong ha tinh,BQP,Annotator_A,HIGH,Khớp hoàn toàn danh mục hành chính chuẩn,2026-09-12,DataVietNam,2026-09-12
BQP_BCH_NA,Bộ Chỉ huy Quân sự Nghệ An,BQP,division,2018,2026,dvc_2018,https://dichvucong.gov.vn/archive/2018,generated_catalog,source,2026-09-12T19:42:24.601202,crawl_2018_2026,Bộ Chỉ huy Quân sự Nghệ An,BQP_BCH_NA,bo chi huy quan su nghe an,BQP,Annotator_A,HIGH,Khớp hoàn toàn danh mục hành chính chuẩn,2026-09-12,DataVietNam,2026-09-12
BQP_BDBP_NA,Bộ Chỉ huy Bộ đội Biên phòng Nghệ An,BQP,province,2018,2026,dvc_2018,https://dichvucong.gov.vn/archive/2018,generated_catalog,source,2026-09-12T19:42:24.601202,crawl_2018_2026,Bộ Chỉ huy Bộ đội Biên phòng Nghệ An,BQP_BDBP_NA,bo chi huy bo oi bien phong nghe an,BQP,Annotator_A,HIGH,Khớp hoàn toàn danh mục hành chính chuẩn,2026-09-12,DataVietNam,2026-09-12
BQP_BCH_TH,Bộ Chỉ huy Quân sự Thanh Hóa,BQP,division,2018,2026,dvc_2018,https://dichvucong.gov.vn/archive/2018,generated_catalog,source,2026-09-12T19:42:24.601202,crawl_2018_2026,Bộ Chỉ huy Quân sự Thanh Hóa,BQP_BCH_TH,bo chi huy quan su thanh hoa,BQP,Annotator_A,HIGH,Khớp hoàn toàn danh mục hành chính chuẩn,2026-09-12,DataVietNam,2026-09-12
BQP_BDBP_TH,Bộ Chỉ huy Bộ đội Biên phòng Thanh Hóa,BQP,province,2018,2026,dvc_2018,https://dichvucong.gov.vn/archive/2018,generated_catalog,source,2026-09-12T19:42:24.601202,crawl_2018_2026,Bộ Chỉ huy Bộ đội Biên phòng Thanh Hóa,BQP_BDBP_TH,bo chi huy bo oi bien phong thanh hoa,BQP,Annotator_A,HIGH,Khớp hoàn toàn danh mục hành chính chuẩn,2026-09-12,DataVietNam,2026-09-12
BQP_BCH_QNH,Bộ Chỉ huy Quân sự Quảng Ninh,BQP,division,2018,2026,dvc_2018,https://dichvucong.gov.vn/archive/2018,generated_catalog,source,2026-09-12T19:42:24.601202,crawl_2018_2026,Bộ Chỉ huy Quân sự Quảng Ninh,BQP_BCH_QNH,bo chi huy quan su quang ninh,BQP,Annotator_A,HIGH,Khớp hoàn toàn danh mục hành chính chuẩn,2026-09-12,DataVietNam,2026-09-12
BQP_BDBP_QNH,Bộ Chỉ huy Bộ đội Biên phòng Quảng Ninh,BQP,province,2018,2026,dvc_2018,https://dichvucong.gov.vn/archive/2018,generated_catalog,source,2026-09-12T19:42:24.601202,crawl_2018_2026,Bộ Chỉ huy Bộ đội Biên phòng Quảng Ninh,BQP_BDBP_QNH,bo chi huy bo oi bien phong quang ninh,BQP,Annotator_A,HIGH,Khớp hoàn toàn danh mục hành chính chuẩn,2026-09-12,DataVietNam,2026-09-12
BQP_BCH_HD,Bộ Chỉ huy Quân sự Hải Dương,BQP,division,2018,2026,dvc_2018,https://dichvucong.gov.vn/archive/2018,generated_catalog,source,2026-09-12T19:42:24.601202,crawl_2018_2026,Bộ Chỉ huy Quân sự Hải Dương,BQP_BCH_HD,bo chi huy quan su hai duong,BQP,Annotator_A,HIGH,Khớp hoàn toàn danh mục hành chính chuẩn,2026-09-12,DataVietNam,2026-09-12
BQP_BCH_HY,Bộ Chỉ huy Quân sự Hưng Yên,BQP,division,2018,2026,dvc_2018,https://dichvucong.gov.vn/archive/2018,generated_catalog,source,2026-09-12T19:42:24.601202,crawl_2018_2026,Bộ Chỉ huy Quân sự Hưng Yên,BQP_BCH_HY,bo chi huy quan su hung yen,BQP,Annotator_A,HIGH,Khớp hoàn toàn danh mục hành chính chuẩn,2026-09-12,DataVietNam,2026-09-12
BQP_BCH_TBI,Bộ Chỉ huy Quân sự Thái Bình,BQP,division,2018,2026,dvc_2018,https://dichvucong.gov.vn/archive/2018,generated_catalog,source,2026-09-12T19:42:24.601202,crawl_2018_2026,Bộ Chỉ huy Quân sự Thái Bình,BQP_BCH_TBI,bo chi huy quan su thai binh,BQP,Annotator_A,HIGH,Khớp hoàn toàn danh mục hành chính chuẩn,2026-09-12,DataVietNam,2026-09-12
BQP_BCH_NDI,Bộ Chỉ huy Quân sự Nam Định,BQP,division,2018,2026,dvc_2018,https://dichvucong.gov.vn/archive/2018,generated_catalog,source,2026-09-12T19:42:24.601202,crawl_2018_2026,Bộ Chỉ huy Quân sự Nam Định,BQP_BCH_NDI,bo chi huy quan su nam inh,BQP,Annotator_A,HIGH,Khớp hoàn toàn danh mục hành chính chuẩn,2026-09-12,DataVietNam,2026-09-12
BQP_BCH_HNA,Bộ Chỉ huy Quân sự Hà Nam,BQP,division,2018,2026,dvc_2018,https://dichvucong.gov.vn/archive/2018,generated_catalog,source,2026-09-12T19:42:24.601202,crawl_2018_2026,Bộ Chỉ huy Quân sự Hà Nam,BQP_BCH_HNA,bo chi huy quan su ha nam,BQP,Annotator_A,HIGH,Khớp hoàn toàn danh mục hành chính chuẩn,2026-09-12,DataVietNam,2026-09-12
BQP_BCH_NB,Bộ Chỉ huy Quân sự Ninh Bình,BQP,division,2018,2026,dvc_2018,https://dichvucong.gov.vn/archive/2018,generated_catalog,source,2026-09-12T19:42:24.601202,crawl_2018_2026,Bộ Chỉ huy Quân sự Ninh Bình,BQP_BCH_NB,bo chi huy quan su ninh binh,BQP,Annotator_A,HIGH,Khớp hoàn toàn danh mục hành chính chuẩn,2026-09-12,DataVietNam,2026-09-12
BQP_BCH_VP,Bộ Chỉ huy Quân sự Vĩnh Phúc,BQP,division,2018,2026,dvc_2018,https://dichvucong.gov.vn/archive/2018,generated_catalog,source,2026-09-12T19:42:24.601202,crawl_2018_2026,Bộ Chỉ huy Quân sự Vĩnh Phúc,BQP_BCH_VP,bo chi huy quan su vinh phuc,BQP,Annotator_A,HIGH,Khớp hoàn toàn danh mục hành chính chuẩn,2026-09-12,DataVietNam,2026-09-12
BQP_BCH_BNI,Bộ Chỉ huy Quân sự Bắc Ninh,BQP,division,2018,2026,dvc_2018,https://dichvucong.gov.vn/archive/2018,generated_catalog,source,2026-09-12T19:42:24.601202,crawl_2018_2026,Bộ Chỉ huy Quân sự Bắc Ninh,BQP_BCH_BNI,bo chi huy quan su bac ninh,BQP,Annotator_A,HIGH,Khớp hoàn toàn danh mục hành chính chuẩn,2026-09-12,DataVietNam,2026-09-12
BQP_BCH_BGI,Bộ Chỉ huy Quân sự Bắc Giang,BQP,division,2018,2026,dvc_2018,https://dichvucong.gov.vn/archive/2018,generated_catalog,source,2026-09-12T19:42:24.601202,crawl_2018_2026,Bộ Chỉ huy Quân sự Bắc Giang,BQP_BCH_BGI,bo chi huy quan su bac giang,BQP,Annotator_A,HIGH,Khớp hoàn toàn danh mục hành chính chuẩn,2026-09-12,DataVietNam,2026-09-12
BQP_BCH_PTH,Bộ Chỉ huy Quân sự Phú Thọ,BQP,division,2018,2026,dvc_2018,https://dichvucong.gov.vn/archive/2018,generated_catalog,source,2026-09-12T19:42:24.601202,crawl_2018_2026,Bộ Chỉ huy Quân sự Phú Thọ,BQP_BCH_PTH,bo chi huy quan su phu tho,BQP,Annotator_A,HIGH,Khớp hoàn toàn danh mục hành chính chuẩn,2026-09-12,DataVietNam,2026-09-12
BQP_BCH_TNG,Bộ Chỉ huy Quân sự Thái Nguyên,BQP,division,2018,2026,dvc_2018,https://dichvucong.gov.vn/archive/2018,generated_catalog,source,2026-09-12T19:42:24.601202,crawl_2018_2026,Bộ Chỉ huy Quân sự Thái Nguyên,BQP_BCH_TNG,bo chi huy quan su thai nguyen,BQP,Annotator_A,HIGH,Khớp hoàn toàn danh mục hành chính chuẩn,2026-09-12,DataVietNam,2026-09-12
BQP_BCH_YBI,Bộ Chỉ huy Quân sự Yên Bái,BQP,division,2018,2026,dvc_2018,https://dichvucong.gov.vn/archive/2018,generated_catalog,source,2026-09-12T19:42:24.601202,crawl_2018_2026,Bộ Chỉ huy Quân sự Yên Bái,BQP_BCH_YBI,bo chi huy quan su yen bai,BQP,Annotator_A,HIGH,Khớp hoàn toàn danh mục hành chính chuẩn,2026-09-12,DataVietNam,2026-09-12
BQP_BCH_TQ,Bộ Chỉ huy Quân sự Tuyên Quang,BQP,division,2018,2026,dvc_2018,https://dichvucong.gov.vn/archive/2018,generated_catalog,source,2026-09-12T19:42:24.601202,crawl_2018_2026,Bộ Chỉ huy Quân sự Tuyên Quang,BQP_BCH_TQ,bo chi huy quan su tuyen quang,BQP,Annotator_A,HIGH,Khớp hoàn toàn danh mục hành chính chuẩn,2026-09-12,DataVietNam,2026-09-12
BQP_BCH_HGI,Bộ Chỉ huy Quân sự Hà Giang,BQP,division,2018,2026,dvc_2018,https://dichvucong.gov.vn/archive/2018,generated_catalog,source,2026-09-12T19:42:24.601202,crawl_2018_2026,Bộ Chỉ huy Quân sự Hà Giang,BQP_BCH_HGI,bo chi huy quan su ha giang,BQP,Annotator_A,HIGH,Khớp hoàn toàn danh mục hành chính chuẩn,2026-09-12,DataVietNam,2026-09-12
BQP_BDBP_HGI,Bộ Chỉ huy Bộ đội Biên phòng Hà Giang,BQP,province,2018,2026,dvc_2018,https://dichvucong.gov.vn/archive/2018,generated_catalog,source,2026-09-12T19:42:24.601202,crawl_2018_2026,Bộ Chỉ huy Bộ đội Biên phòng Hà Giang,BQP_BDBP_HGI,bo chi huy bo oi bien phong ha giang,BQP,Annotator_A,HIGH,Khớp hoàn toàn danh mục hành chính chuẩn,2026-09-12,DataVietNam,2026-09-12
BQP_BCH_CBG,Bộ Chỉ huy Quân sự Cao Bằng,BQP,division,2018,2026,dvc_2018,https://dichvucong.gov.vn/archive/2018,generated_catalog,source,2026-09-12T19:42:24.601202,crawl_2018_2026,Bộ Chỉ huy Quân sự Cao Bằng,BQP_BCH_CBG,bo chi huy quan su cao bang,BQP,Annotator_A,HIGH,Khớp hoàn toàn danh mục hành chính chuẩn,2026-09-12,DataVietNam,2026-09-12
BQP_BDBP_CBG,Bộ Chỉ huy Bộ đội Biên phòng Cao Bằng,BQP,province,2018,2026,dvc_2018,https://dichvucong.gov.vn/archive/2018,generated_catalog,source,2026-09-12T19:42:24.601202,crawl_2018_2026,Bộ Chỉ huy Bộ đội Biên phòng Cao Bằng,BQP_BDBP_CBG,bo chi huy bo oi bien phong cao bang,BQP,Annotator_A,HIGH,Khớp hoàn toàn danh mục hành chính chuẩn,2026-09-12,DataVietNam,2026-09-12
BQP_BCH_LSO,Bộ Chỉ huy Quân sự Lạng Sơn,BQP,division,2018,2026,dvc_2018,https://dichvucong.gov.vn/archive/2018,generated_catalog,source,2026-09-12T19:42:24.601202,crawl_2018_2026,Bộ Chỉ huy Quân sự Lạng Sơn,BQP_BCH_LSO,bo chi huy quan su lang son,BQP,Annotator_A,HIGH,Khớp hoàn toàn danh mục hành chính chuẩn,2026-09-12,DataVietNam,2026-09-12
BQP_BDBP_LSO,Bộ Chỉ huy Bộ đội Biên phòng Lạng Sơn,BQP,province,2018,2026,dvc_2018,https://dichvucong.gov.vn/archive/2018,generated_catalog,source,2026-09-12T19:42:24.601202,crawl_2018_2026,Bộ Chỉ huy Bộ đội Biên phòng Lạng Sơn,BQP_BDBP_LSO,bo chi huy bo oi bien phong lang son,BQP,Annotator_A,HIGH,Khớp hoàn toàn danh mục hành chính chuẩn,2026-09-12,DataVietNam,2026-09-12
BQP_BCH_BKN,Bộ Chỉ huy Quân sự Bắc Kạn,BQP,division,2018,2026,dvc_2018,https://dichvucong.gov.vn/archive/2018,generated_catalog,source,2026-09-12T19:42:24.601202,crawl_2018_2026,Bộ Chỉ huy Quân sự Bắc Kạn,BQP_BCH_BKN,bo chi huy quan su bac kan,BQP,Annotator_A,HIGH,Khớp hoàn toàn danh mục hành chính chuẩn,2026-09-12,DataVietNam,2026-09-12
BQP_BCH_SLA,Bộ Chỉ huy Quân sự Sơn La,BQP,division,2018,2026,dvc_2018,https://dichvucong.gov.vn/archive/2018,generated_catalog,source,2026-09-12T19:42:24.601202,crawl_2018_2026,Bộ Chỉ huy Quân sự Sơn La,BQP_BCH_SLA,bo chi huy quan su son la,BQP,Annotator_A,HIGH,Khớp hoàn toàn danh mục hành chính chuẩn,2026-09-12,DataVietNam,2026-09-12
BQP_BCH_DB,Bộ Chỉ huy Quân sự Điện Biên,BQP,division,2018,2026,dvc_2018,https://dichvucong.gov.vn/archive/2018,generated_catalog,source,2026-09-12T19:42:24.601202,crawl_2018_2026,Bộ Chỉ huy Quân sự Điện Biên,BQP_BCH_DB,bo chi huy quan su ien bien,BQP,Annotator_A,HIGH,Khớp hoàn toàn danh mục hành chính chuẩn,2026-09-12,DataVietNam,2026-09-12
BQP_BDBP_DB,Bộ Chỉ huy Bộ đội Biên phòng Điện Biên,BQP,province,2018,2026,dvc_2018,https://dichvucong.gov.vn/archive/2018,generated_catalog,source,2026-09-12T19:42:24.601202,crawl_2018_2026,Bộ Chỉ huy Bộ đội Biên phòng Điện Biên,BQP_BDBP_DB,bo chi huy bo oi bien phong ien bien,BQP,Annotator_A,HIGH,Khớp hoàn toàn danh mục hành chính chuẩn,2026-09-12,DataVietNam,2026-09-12
BQP_BCH_LCH,Bộ Chỉ huy Quân sự Lai Châu,BQP,division,2018,2026,dvc_2018,https://dichvucong.gov.vn/archive/2018,generated_catalog,source,2026-09-12T19:42:24.601202,crawl_2018_2026,Bộ Chỉ huy Quân sự Lai Châu,BQP_BCH_LCH,bo chi huy quan su lai chau,BQP,Annotator_A,HIGH,Khớp hoàn toàn danh mục hành chính chuẩn,2026-09-12,DataVietNam,2026-09-12
BQP_BDBP_LCH,Bộ Chỉ huy Bộ đội Biên phòng Lai Châu,BQP,province,2018,2026,dvc_2018,https://dichvucong.gov.vn/archive/2018,generated_catalog,source,2026-09-12T19:42:24.601202,crawl_2018_2026,Bộ Chỉ huy Bộ đội Biên phòng Lai Châu,BQP_BDBP_LCH,bo chi huy bo oi bien phong lai chau,BQP,Annotator_A,HIGH,Khớp hoàn toàn danh mục hành chính chuẩn,2026-09-12,DataVietNam,2026-09-12
BQP_BCH_LCA,Bộ Chỉ huy Quân sự Lào Cai,BQP,division,2018,2026,dvc_2018,https://dichvucong.gov.vn/archive/2018,generated_catalog,source,2026-09-12T19:42:24.601202,crawl_2018_2026,Bộ Chỉ huy Quân sự Lào Cai,BQP_BCH_LCA,bo chi huy quan su lao cai,BQP,Annotator_A,HIGH,Khớp hoàn toàn danh mục hành chính chuẩn,2026-09-12,DataVietNam,2026-09-12
BQP_BDBP_LCA,Bộ Chỉ huy Bộ đội Biên phòng Lào Cai,BQP,province,2018,2026,dvc_2018,https://dichvucong.gov.vn/archive/2018,generated_catalog,source,2026-09-12T19:42:24.601202,crawl_2018_2026,Bộ Chỉ huy Bộ đội Biên phòng Lào Cai,BQP_BDBP_LCA,bo chi huy bo oi bien phong lao cai,BQP,Annotator_A,HIGH,Khớp hoàn toàn danh mục hành chính chuẩn,2026-09-12,DataVietNam,2026-09-12
BQP_BCH_HN_BDG,Ban Chỉ huy Quân sự Ba Đình - Hà Nội,BQP,regiment,2018,2026,dvc_2018,https://dichvucong.gov.vn/archive/2018,generated_catalog,source,2026-09-12T19:42:24.601202,crawl_2018_2026,Ban Chỉ huy Quân sự Ba Đình - Hà Nội,BQP_BCH_HN_BDG,ban chi huy quan su ba inh ha noi,BQP,Annotator_A,HIGH,Khớp hoàn toàn danh mục hành chính chuẩn,2026-09-12,DataVietNam,2026-09-12
BQP_BCH_HN_HK,Ban Chỉ huy Quân sự Hoàn Kiếm - Hà Nội,BQP,regiment,2018,2026,dvc_2018,https://dichvucong.gov.vn/archive/2018,generated_catalog,source,2026-09-12T19:42:24.601202,crawl_2018_2026,Ban Chỉ huy Quân sự Hoàn Kiếm - Hà Nội,BQP_BCH_HN_HK,ban chi huy quan su hoan kiem ha noi,BQP,Annotator_A,HIGH,Khớp hoàn toàn danh mục hành chính chuẩn,2026-09-12,DataVietNam,2026-09-12
BQP_BCH_HN_CG,Ban Chỉ huy Quân sự Cầu Giấy - Hà Nội,BQP,regiment,2018,2026,dvc_2018,https://dichvucong.gov.vn/archive/2018,generated_catalog,source,2026-09-12T19:42:24.601202,crawl_2018_2026,Ban Chỉ huy Quân sự Cầu Giấy - Hà Nội,BQP_BCH_HN_CG,ban chi huy quan su cau giay ha noi,BQP,Annotator_A,HIGH,Khớp hoàn toàn danh mục hành chính chuẩn,2026-09-12,DataVietNam,2026-09-12
BQP_BCH_HN_DD,Ban Chỉ huy Quân sự Đống Đa - Hà Nội,BQP,regiment,2018,2026,dvc_2018,https://dichvucong.gov.vn/archive/2018,generated_catalog,source,2026-09-12T19:42:24.601202,crawl_2018_2026,Ban Chỉ huy Quân sự Đống Đa - Hà Nội,BQP_BCH_HN_DD,ban chi huy quan su ong a ha noi,BQP,Annotator_A,HIGH,Khớp hoàn toàn danh mục hành chính chuẩn,2026-09-12,DataVietNam,2026-09-12
BQP_BCH_HN_TX,Ban Chỉ huy Quân sự Thanh Xuân - Hà Nội,BQP,regiment,2018,2026,dvc_2018,https://dichvucong.gov.vn/archive/2018,generated_catalog,source,2026-09-12T19:42:24.601202,crawl_2018_2026,Ban Chỉ huy Quân sự Thanh Xuân - Hà Nội,BQP_BCH_HN_TX,ban chi huy quan su thanh xuan ha noi,BQP,Annotator_A,HIGH,Khớp hoàn toàn danh mục hành chính chuẩn,2026-09-12,DataVietNam,2026-09-12
BQP_BCH_HN_GL,Ban Chỉ huy Quân sự Gia Lâm - Hà Nội,BQP,regiment,2018,2026,dvc_2018,https://dichvucong.gov.vn/archive/2018,generated_catalog,source,2026-09-12T19:42:24.601202,crawl_2018_2026,Ban Chỉ huy Quân sự Gia Lâm - Hà Nội,BQP_BCH_HN_GL,ban chi huy quan su gia lam ha noi,BQP,Annotator_A,HIGH,Khớp hoàn toàn danh mục hành chính chuẩn,2026-09-12,DataVietNam,2026-09-12
BQP_BCH_HN_SOC,Ban Chỉ huy Quân sự Sóc Sơn - Hà Nội,BQP,regiment,2018,2026,dvc_2018,https://dichvucong.gov.vn/archive/2018,generated_catalog,source,2026-09-12T19:42:24.601202,crawl_2018_2026,Ban Chỉ huy Quân sự Sóc Sơn - Hà Nội,BQP_BCH_HN_SOC,ban chi huy quan su soc son ha noi,BQP,Annotator_A,HIGH,Khớp hoàn toàn danh mục hành chính chuẩn,2026-09-12,DataVietNam,2026-09-12
BQP_BCH_HN_DDA,Ban Chỉ huy Quân sự Đông Anh - Hà Nội,BQP,regiment,2018,2026,dvc_2018,https://dichvucong.gov.vn/archive/2018,generated_catalog,source,2026-09-12T19:42:24.601202,crawl_2018_2026,Ban Chỉ huy Quân sự Đông Anh - Hà Nội,BQP_BCH_HN_DDA,ban chi huy quan su ong anh ha noi,BQP,Annotator_A,HIGH,Khớp hoàn toàn danh mục hành chính chuẩn,2026-09-12,DataVietNam,2026-09-12
BQP_BCH_HTAY_HDO,Ban Chỉ huy Quân sự Hà Đông - Hà Tây,BQP,regiment,2018,2026,legacy_record_dvc,https://dichvucong.gov.vn/archive/2018,generated_catalog,source,2026-09-12T19:42:24.601202,crawl_2018_2026,Ban Chỉ huy Quân sự Hà Đông - Hà Tây,BQP_BCH_HTAY_HDO,ban chi huy quan su ha ong ha tay,BQP,Annotator_A,MEDIUM,Đơn vị lịch sử sáp nhập (Hà Tây hoặc legacy) — cần xác nhận,2026-09-12,DataVietNam,2026-09-12
BQP_BCH_HTAY_ST,Ban Chỉ huy Quân sự Sơn Tây - Hà Tây,BQP,regiment,2018,2026,legacy_record_dvc,https://dichvucong.gov.vn/archive/2018,generated_catalog,source,2026-09-12T19:42:24.601202,crawl_2018_2026,Ban Chỉ huy Quân sự Sơn Tây - Hà Tây,BQP_BCH_HTAY_ST,ban chi huy quan su son tay ha tay,BQP,Annotator_A,MEDIUM,Đơn vị lịch sử sáp nhập (Hà Tây hoặc legacy) — cần xác nhận,2026-09-12,DataVietNam,2026-09-12
BQP_BCH_HTAY_BV,Ban Chỉ huy Quân sự Ba Vì - Hà Tây,BQP,regiment,2018,2026,legacy_record_dvc,https://dichvucong.gov.vn/archive/2018,generated_catalog,source,2026-09-12T19:42:24.601202,crawl_2018_2026,Ban Chỉ huy Quân sự Ba Vì - Hà Tây,BQP_BCH_HTAY_BV,ban chi huy quan su ba vi ha tay,BQP,Annotator_A,MEDIUM,Đơn vị lịch sử sáp nhập (Hà Tây hoặc legacy) — cần xác nhận,2026-09-12,DataVietNam,2026-09-12
BQP_BCH_HTAY_CT,Ban Chỉ huy Quân sự Chương Mỹ - Hà Tây,BQP,regiment,2018,2026,legacy_record_dvc,https://dichvucong.gov.vn/archive/2018,generated_catalog,source,2026-09-12T19:42:24.601202,crawl_2018_2026,Ban Chỉ huy Quân sự Chương Mỹ - Hà Tây,BQP_BCH_HTAY_CT,ban chi huy quan su chuong my ha tay,BQP,Annotator_A,MEDIUM,Đơn vị lịch sử sáp nhập (Hà Tây hoặc legacy) — cần xác nhận,2026-09-12,DataVietNam,2026-09-12
BQP_BCH_HCM_Q1,Ban Chỉ huy Quân sự Quận 1 - Thành phố Hồ Chí Minh,BQP,regiment,2018,2026,dvc_2018,https://dichvucong.gov.vn/archive/2018,generated_catalog,source,2026-09-12T19:42:24.601202,crawl_2018_2026,Ban Chỉ huy Quân sự Quận 1 - Thành phố Hồ Chí Minh,BQP_BCH_HCM_Q1,ban chi huy quan su quan 1 thanh pho ho chi minh,BQP,Annotator_A,HIGH,Khớp hoàn toàn danh mục hành chính chuẩn,2026-09-12,DataVietNam,2026-09-12
BQP_BCH_HCM_Q3,Ban Chỉ huy Quân sự Quận 3 - Thành phố Hồ Chí Minh,BQP,regiment,2018,2026,dvc_2018,https://dichvucong.gov.vn/archive/2018,generated_catalog,source,2026-09-12T19:42:24.601202,crawl_2018_2026,Ban Chỉ huy Quân sự Quận 3 - Thành phố Hồ Chí Minh,BQP_BCH_HCM_Q3,ban chi huy quan su quan 3 thanh pho ho chi minh,BQP,Annotator_A,HIGH,Khớp hoàn toàn danh mục hành chính chuẩn,2026-09-12,DataVietNam,2026-09-12
BQP_BCH_HCM_Q7,Ban Chỉ huy Quân sự Quận 7 - Thành phố Hồ Chí Minh,BQP,regiment,2018,2026,dvc_2018,https://dichvucong.gov.vn/archive/2018,generated_catalog,source,2026-09-12T19:42:24.601202,crawl_2018_2026,Ban Chỉ huy Quân sự Quận 7 - Thành phố Hồ Chí Minh,BQP_BCH_HCM_Q7,ban chi huy quan su quan 7 thanh pho ho chi minh,BQP,Annotator_A,HIGH,Khớp hoàn toàn danh mục hành chính chuẩn,2026-09-12,DataVietNam,2026-09-12
BQP_BCH_HCM_BT,Ban Chỉ huy Quân sự Bình Thạnh - Thành phố Hồ Chí Minh,BQP,regiment,2018,2026,dvc_2018,https://dichvucong.gov.vn/archive/2018,generated_catalog,source,2026-09-12T19:42:24.601202,crawl_2018_2026,Ban Chỉ huy Quân sự Bình Thạnh - Thành phố Hồ Chí Minh,BQP_BCH_HCM_BT,ban chi huy quan su binh thanh thanh pho ho chi minh,BQP,Annotator_A,HIGH,Khớp hoàn toàn danh mục hành chính chuẩn,2026-09-12,DataVietNam,2026-09-12
BQP_BCH_HCM_TB,Ban Chỉ huy Quân sự Tân Bình - Thành phố Hồ Chí Minh,BQP,regiment,2018,2026,dvc_2018,https://dichvucong.gov.vn/archive/2018,generated_catalog,source,2026-09-12T19:42:24.601202,crawl_2018_2026,Ban Chỉ huy Quân sự Tân Bình - Thành phố Hồ Chí Minh,BQP_BCH_HCM_TB,ban chi huy quan su tan binh thanh pho ho chi minh,BQP,Annotator_A,HIGH,Khớp hoàn toàn danh mục hành chính chuẩn,2026-09-12,DataVietNam,2026-09-12
BQP_BCH_HCM_GV,Ban Chỉ huy Quân sự Gò Vấp - Thành phố Hồ Chí Minh,BQP,regiment,2018,2026,dvc_2018,https://dichvucong.gov.vn/archive/2018,generated_catalog,source,2026-09-12T19:42:24.601202,crawl_2018_2026,Ban Chỉ huy Quân sự Gò Vấp - Thành phố Hồ Chí Minh,BQP_BCH_HCM_GV,ban chi huy quan su go vap thanh pho ho chi minh,BQP,Annotator_A,HIGH,Khớp hoàn toàn danh mục hành chính chuẩn,2026-09-12,DataVietNam,2026-09-12
BQP_BCH_HCM_BC,Ban Chỉ huy Quân sự Bình Chánh - Thành phố Hồ Chí Minh,BQP,regiment,2018,2026,dvc_2018,https://dichvucong.gov.vn/archive/2018,generated_catalog,source,2026-09-12T19:42:24.601202,crawl_2018_2026,Ban Chỉ huy Quân sự Bình Chánh - Thành phố Hồ Chí Minh,BQP_BCH_HCM_BC,ban chi huy quan su binh chanh thanh pho ho chi minh,BQP,Annotator_A,HIGH,Khớp hoàn toàn danh mục hành chính chuẩn,2026-09-12,DataVietNam,2026-09-12
BQP_BCH_HCM_HM,Ban Chỉ huy Quân sự Hóc Môn - Thành phố Hồ Chí Minh,BQP,regiment,2018,2026,dvc_2018,https://dichvucong.gov.vn/archive/2018,generated_catalog,source,2026-09-12T19:42:24.601202,crawl_2018_2026,Ban Chỉ huy Quân sự Hóc Môn - Thành phố Hồ Chí Minh,BQP_BCH_HCM_HM,ban chi huy quan su hoc mon thanh pho ho chi minh,BQP,Annotator_A,HIGH,Khớp hoàn toàn danh mục hành chính chuẩn,2026-09-12,DataVietNam,2026-09-12
BQP_BCH_DN_HC,Ban Chỉ huy Quân sự Hải Châu - Đà Nẵng,BQP,regiment,2018,2026,dvc_2018,https://dichvucong.gov.vn/archive/2018,generated_catalog,source,2026-09-12T19:42:24.601202,crawl_2018_2026,Ban Chỉ huy Quân sự Hải Châu - Đà Nẵng,BQP_BCH_DN_HC,ban chi huy quan su hai chau a nang,BQP,Annotator_A,HIGH,Khớp hoàn toàn danh mục hành chính chuẩn,2026-09-12,DataVietNam,2026-09-12
BQP_BCH_DN_TK,Ban Chỉ huy Quân sự Thanh Khê - Đà Nẵng,BQP,regiment,2018,2026,dvc_2018,https://dichvucong.gov.vn/archive/2018,generated_catalog,source,2026-09-12T19:42:24.601202,crawl_2018_2026,Ban Chỉ huy Quân sự Thanh Khê - Đà Nẵng,BQP_BCH_DN_TK,ban chi huy quan su thanh khe a nang,BQP,Annotator_A,HIGH,Khớp hoàn toàn danh mục hành chính chuẩn,2026-09-12,DataVietNam,2026-09-12
BQP_BCH_DN_NHS,Ban Chỉ huy Quân sự Ngũ Hành Sơn - Đà Nẵng,BQP,regiment,2018,2026,dvc_2018,https://dichvucong.gov.vn/archive/2018,generated_catalog,source,2026-09-12T19:42:24.601202,crawl_2018_2026,Ban Chỉ huy Quân sự Ngũ Hành Sơn - Đà Nẵng,BQP_BCH_DN_NHS,ban chi huy quan su ngu hanh son a nang,BQP,Annotator_A,HIGH,Khớp hoàn toàn danh mục hành chính chuẩn,2026-09-12,DataVietNam,2026-09-12
BQP_BCH_DN_CL,Ban Chỉ huy Quân sự Cẩm Lệ - Đà Nẵng,BQP,regiment,2018,2026,dvc_2018,https://dichvucong.gov.vn/archive/2018,generated_catalog,source,2026-09-12T19:42:24.601202,crawl_2018_2026,Ban Chỉ huy Quân sự Cẩm Lệ - Đà Nẵng,BQP_BCH_DN_CL,ban chi huy quan su cam le a nang,BQP,Annotator_A,HIGH,Khớp hoàn toàn danh mục hành chính chuẩn,2026-09-12,DataVietNam,2026-09-12
BQP_BCH_HP_HB,Ban Chỉ huy Quân sự Hồng Bàng - Hải Phòng,BQP,regiment,2018,2026,dvc_2018,https://dichvucong.gov.vn/archive/2018,generated_catalog,source,2026-09-12T19:42:24.601202,crawl_2018_2026,Ban Chỉ huy Quân sự Hồng Bàng - Hải Phòng,BQP_BCH_HP_HB,ban chi huy quan su hong bang hai phong,BQP,Annotator_A,HIGH,Khớp hoàn toàn danh mục hành chính chuẩn,2026-09-12,DataVietNam,2026-09-12
BQP_BCH_HP_NG,Ban Chỉ huy Quân sự Ngô Quyền - Hải Phòng,BQP,regiment,2018,2026,dvc_2018,https://dichvucong.gov.vn/archive/2018,generated_catalog,source,2026-09-12T19:42:24.601202,crawl_2018_2026,Ban Chỉ huy Quân sự Ngô Quyền - Hải Phòng,BQP_BCH_HP_NG,ban chi huy quan su ngo quyen hai phong,BQP,Annotator_A,HIGH,Khớp hoàn toàn danh mục hành chính chuẩn,2026-09-12,DataVietNam,2026-09-12
BQP_BCH_HP_LC,Ban Chỉ huy Quân sự Lê Chân - Hải Phòng,BQP,regiment,2018,2026,dvc_2018,https://dichvucong.gov.vn/archive/2018,generated_catalog,source,2026-09-12T19:42:24.601202,crawl_2018_2026,Ban Chỉ huy Quân sự Lê Chân - Hải Phòng,BQP_BCH_HP_LC,ban chi huy quan su le chan hai phong,BQP,Annotator_A,HIGH,Khớp hoàn toàn danh mục hành chính chuẩn,2026-09-12,DataVietNam,2026-09-12
BQP_BCH_HP_AD,Ban Chỉ huy Quân sự An Dương - Hải Phòng,BQP,regiment,2018,2026,dvc_2018,https://dichvucong.gov.vn/archive/2018,generated_catalog,source,2026-09-12T19:42:24.601202,crawl_2018_2026,Ban Chỉ huy Quân sự An Dương - Hải Phòng,BQP_BCH_HP_AD,ban chi huy quan su an duong hai phong,BQP,Annotator_A,HIGH,Khớp hoàn toàn danh mục hành chính chuẩn,2026-09-12,DataVietNam,2026-09-12
BQP_BCH_DNAI_BH,Ban Chỉ huy Quân sự Biên Hòa - Đồng Nai,BQP,regiment,2018,2026,dvc_2018,https://dichvucong.gov.vn/archive/2018,generated_catalog,source,2026-09-12T19:42:24.601202,crawl_2018_2026,Ban Chỉ huy Quân sự Biên Hòa - Đồng Nai,BQP_BCH_DNAI_BH,ban chi huy quan su bien hoa ong nai,BQP,Annotator_A,HIGH,Khớp hoàn toàn danh mục hành chính chuẩn,2026-09-12,DataVietNam,2026-09-12
BQP_BCH_DNAI_LK,Ban Chỉ huy Quân sự Long Khánh - Đồng Nai,BQP,regiment,2018,2026,dvc_2018,https://dichvucong.gov.vn/archive/2018,generated_catalog,source,2026-09-12T19:42:24.601202,crawl_2018_2026,Ban Chỉ huy Quân sự Long Khánh - Đồng Nai,BQP_BCH_DNAI_LK,ban chi huy quan su long khanh ong nai,BQP,Annotator_A,HIGH,Khớp hoàn toàn danh mục hành chính chuẩn,2026-09-12,DataVietNam,2026-09-12
BQP_BCH_DNAI_LT,Ban Chỉ huy Quân sự Long Thành - Đồng Nai,BQP,regiment,2018,2026,dvc_2018,https://dichvucong.gov.vn/archive/2018,generated_catalog,source,2026-09-12T19:42:24.601202,crawl_2018_2026,Ban Chỉ huy Quân sự Long Thành - Đồng Nai,BQP_BCH_DNAI_LT,ban chi huy quan su long thanh ong nai,BQP,Annotator_A,HIGH,Khớp hoàn toàn danh mục hành chính chuẩn,2026-09-12,DataVietNam,2026-09-12
BQP_BCH_DNAI_TRB,Ban Chỉ huy Quân sự Trảng Bom - Đồng Nai,BQP,regiment,2018,2026,dvc_2018,https://dichvucong.gov.vn/archive/2018,generated_catalog,source,2026-09-12T19:42:24.601202,crawl_2018_2026,Ban Chỉ huy Quân sự Trảng Bom - Đồng Nai,BQP_BCH_DNAI_TRB,ban chi huy quan su trang bom ong nai,BQP,Annotator_A,HIGH,Khớp hoàn toàn danh mục hành chính chuẩn,2026-09-12,DataVietNam,2026-09-12
BQP_BCH_BD_TDM,Ban Chỉ huy Quân sự Thủ Dầu Một - Bình Dương,BQP,regiment,2018,2026,dvc_2018,https://dichvucong.gov.vn/archive/2018,generated_catalog,source,2026-09-12T19:42:24.601202,crawl_2018_2026,Ban Chỉ huy Quân sự Thủ Dầu Một - Bình Dương,BQP_BCH_BD_TDM,ban chi huy quan su thu dau mot binh duong,BQP,Annotator_A,HIGH,Khớp hoàn toàn danh mục hành chính chuẩn,2026-09-12,DataVietNam,2026-09-12
BQP_BCH_BD_DA,Ban Chỉ huy Quân sự Dĩ An - Bình Dương,BQP,regiment,2018,2026,dvc_2018,https://dichvucong.gov.vn/archive/2018,generated_catalog,source,2026-09-12T19:42:24.601202,crawl_2018_2026,Ban Chỉ huy Quân sự Dĩ An - Bình Dương,BQP_BCH_BD_DA,ban chi huy quan su di an binh duong,BQP,Annotator_A,HIGH,Khớp hoàn toàn danh mục hành chính chuẩn,2026-09-12,DataVietNam,2026-09-12
BQP_BCH_BD_TA,Ban Chỉ huy Quân sự Thuận An - Bình Dương,BQP,regiment,2018,2026,dvc_2018,https://dichvucong.gov.vn/archive/2018,generated_catalog,source,2026-09-12T19:42:24.601202,crawl_2018_2026,Ban Chỉ huy Quân sự Thuận An - Bình Dương,BQP_BCH_BD_TA,ban chi huy quan su thuan an binh duong,BQP,Annotator_A,HIGH,Khớp hoàn toàn danh mục hành chính chuẩn,2026-09-12,DataVietNam,2026-09-12
BQP_BCH_BD_BCT,Ban Chỉ huy Quân sự Bến Cát - Bình Dương,BQP,regiment,2018,2026,dvc_2018,https://dichvucong.gov.vn/archive/2018,generated_catalog,source,2026-09-12T19:42:24.601202,crawl_2018_2026,Ban Chỉ huy Quân sự Bến Cát - Bình Dương,BQP_BCH_BD_BCT,ban chi huy quan su ben cat binh duong,BQP,Annotator_A,HIGH,Khớp hoàn toàn danh mục hành chính chuẩn,2026-09-12,DataVietNam,2026-09-12
OTH_BHXH_VN,Bảo hiểm Xã hội Việt Nam,OTHER,province,2018,2026,catalog_2018,https://dichvucong.gov.vn/archive/2018,generated_catalog,source,2026-09-12T19:42:24.601202,crawl_2018_2026,Bảo hiểm Xã hội Việt Nam,OTH_BHXH_VN,bao hiem xa hoi viet nam,OTHER,Annotator_A,HIGH,Khớp hoàn toàn danh mục hành chính chuẩn,2026-09-12,DataVietNam,2026-09-12
OTH_TCHQ_VN,Tổng cục Hải quan,OTHER,central,2018,2026,catalog_2018,https://dichvucong.gov.vn/archive/2018,generated_catalog,source,2026-09-12T19:42:24.601202,crawl_2018_2026,Tổng cục Hải quan,OTH_TCHQ_VN,tong cuc hai quan,OTHER,Annotator_A,HIGH,Khớp hoàn toàn danh mục hành chính chuẩn,2026-09-12,DataVietNam,2026-09-12
OTH_TCT_VN,Tổng cục Thuế,OTHER,central,2018,2026,catalog_2018,https://dichvucong.gov.vn/archive/2018,generated_catalog,source,2026-09-12T19:42:24.601202,crawl_2018_2026,Tổng cục Thuế,OTH_TCT_VN,tong cuc thue,OTHER,Annotator_A,HIGH,Khớp hoàn toàn danh mục hành chính chuẩn,2026-09-12,DataVietNam,2026-09-12
OTH_KBNN_VN,Kho bạc Nhà nước,OTHER,central,2018,2026,catalog_2018,https://dichvucong.gov.vn/archive/2018,generated_catalog,source,2026-09-12T19:42:24.601202,crawl_2018_2026,Kho bạc Nhà nước,OTH_KBNN_VN,kho bac nha nuoc,OTHER,Annotator_A,HIGH,Khớp hoàn toàn danh mục hành chính chuẩn,2026-09-12,DataVietNam,2026-09-12
OTH_TANDTC,Tòa án nhân dân tối cao,OTHER,central,2018,2026,catalog_2018,https://dichvucong.gov.vn/archive/2018,generated_catalog,source,2026-09-12T19:42:24.601202,crawl_2018_2026,Tòa án nhân dân tối cao,OTH_TANDTC,toa an nhan dan toi cao,OTHER,Annotator_A,HIGH,Khớp hoàn toàn danh mục hành chính chuẩn,2026-09-12,DataVietNam,2026-09-12
OTH_VKSNDTC,Viện kiểm sát nhân dân tối cao,OTHER,central,2018,2026,catalog_2018,https://dichvucong.gov.vn/archive/2018,generated_catalog,source,2026-09-12T19:42:24.601202,crawl_2018_2026,Viện kiểm sát nhân dân tối cao,OTH_VKSNDTC,vien kiem sat nhan dan toi cao,OTHER,Annotator_A,MEDIUM,Tên có thể gây nhầm lẫn ngành/ngoài ngành,2026-09-12,DataVietNam,2026-09-12
OTH_BV_BM,Bệnh viện Bạch Mai,OTHER,hospital,2018,2026,catalog_2018,https://dichvucong.gov.vn/archive/2018,generated_catalog,source,2026-09-12T19:42:24.601202,crawl_2018_2026,Bệnh viện Bạch Mai,OTH_BV_BM,benh vien bach mai,OTHER,Annotator_A,MEDIUM,Auto-flagged: bệnh viện dân sự cần xác minh,2026-09-12,DataVietNam,2026-09-12
OTH_BV_CR,Bệnh viện Chợ Rẫy,OTHER,hospital,2018,2026,catalog_2018,https://dichvucong.gov.vn/archive/2018,generated_catalog,source,2026-09-12T19:42:24.601202,crawl_2018_2026,Bệnh viện Chợ Rẫy,OTH_BV_CR,benh vien ray,OTHER,Annotator_A,MEDIUM,Auto-flagged: bệnh viện dân sự cần xác minh,2026-09-12,DataVietNam,2026-09-12
OTH_BV_K,Bệnh viện K,OTHER,hospital,2018,2026,catalog_2018,https://dichvucong.gov.vn/archive/2018,generated_catalog,source,2026-09-12T19:42:24.601202,crawl_2018_2026,Bệnh viện K,OTH_BV_K,benh vien k,OTHER,Annotator_A,MEDIUM,Auto-flagged: bệnh viện dân sự cần xác minh,2026-09-12,DataVietNam,2026-09-12
OTH_DH_BKHN,Đại học Bách khoa Hà Nội,OTHER,school,2018,2026,catalog_2018,https://dichvucong.gov.vn/archive/2018,generated_catalog,source,2026-09-12T19:42:24.601202,crawl_2018_2026,Đại học Bách khoa Hà Nội,OTH_DH_BKHN,ai hoc bach khoa ha noi,OTHER,Annotator_A,HIGH,Khớp hoàn toàn danh mục hành chính chuẩn,2026-09-12,DataVietNam,2026-09-12
OTH_DH_QGHN,Đại học Quốc gia Hà Nội,OTHER,school,2018,2026,catalog_2018,https://dichvucong.gov.vn/archive/2018,generated_catalog,source,2026-09-12T19:42:24.601202,crawl_2018_2026,Đại học Quốc gia Hà Nội,OTH_DH_QGHN,ai hoc quoc gia ha noi,OTHER,Annotator_A,HIGH,Khớp hoàn toàn danh mục hành chính chuẩn,2026-09-12,DataVietNam,2026-09-12
OTH_DH_QGHCM,Đại học Quốc gia Thành phố Hồ Chí Minh,OTHER,school,2018,2026,catalog_2018,https://dichvucong.gov.vn/archive/2018,generated_catalog,source,2026-09-12T19:42:24.601202,crawl_2018_2026,Đại học Quốc gia Thành phố Hồ Chí Minh,OTH_DH_QGHCM,ai hoc quoc gia thanh pho ho chi minh,OTHER,Annotator_A,HIGH,Khớp hoàn toàn danh mục hành chính chuẩn,2026-09-12,DataVietNam,2026-09-12
OTH_UBND_HN,Ủy ban nhân dân Hà Nội,OTHER,province,2018,2026,dvc_2018,https://dichvucong.gov.vn/archive/2018,generated_catalog,source,2026-09-12T19:42:24.601202,crawl_2018_2026,Ủy ban nhân dân Hà Nội,OTH_UBND_HN,uy ban nhan dan ha noi,OTHER,Annotator_A,HIGH,Khớp hoàn toàn danh mục hành chính chuẩn,2026-09-12,DataVietNam,2026-09-12
OTH_BHXH_HN,Bảo hiểm Xã hội Hà Nội,OTHER,province,2018,2026,dvc_2018,https://dichvucong.gov.vn/archive/2018,generated_catalog,source,2026-09-12T19:42:24.601202,crawl_2018_2026,Bảo hiểm Xã hội Hà Nội,OTH_BHXH_HN,bao hiem xa hoi ha noi,OTHER,Annotator_A,HIGH,Khớp hoàn toàn danh mục hành chính chuẩn,2026-09-12,DataVietNam,2026-09-12
OTH_SYT_HN,Sở Y tế Hà Nội,OTHER,province,2018,2026,dvc_2018,https://dichvucong.gov.vn/archive/2018,generated_catalog,source,2026-09-12T19:42:24.601202,crawl_2018_2026,Sở Y tế Hà Nội,OTH_SYT_HN,so y te ha noi,OTHER,Annotator_A,HIGH,Khớp hoàn toàn danh mục hành chính chuẩn,2026-09-12,DataVietNam,2026-09-12
OTH_SGD_HN,Sở Giáo dục và Đào tạo Hà Nội,OTHER,province,2018,2026,dvc_2018,https://dichvucong.gov.vn/archive/2018,generated_catalog,source,2026-09-12T19:42:24.601202,crawl_2018_2026,Sở Giáo dục và Đào tạo Hà Nội,OTH_SGD_HN,so giao duc va ao tao ha noi,OTHER,Annotator_A,HIGH,Khớp hoàn toàn danh mục hành chính chuẩn,2026-09-12,DataVietNam,2026-09-12
OTH_STC_HN,Sở Tài chính Hà Nội,OTHER,province,2018,2026,dvc_2018,https://dichvucong.gov.vn/archive/2018,generated_catalog,source,2026-09-12T19:42:24.601202,crawl_2018_2026,Sở Tài chính Hà Nội,OTH_STC_HN,so tai chinh ha noi,OTHER,Annotator_A,HIGH,Khớp hoàn toàn danh mục hành chính chuẩn,2026-09-12,DataVietNam,2026-09-12
OTH_STP_HN,Sở Tư pháp Hà Nội,OTHER,province,2018,2026,dvc_2018,https://dichvucong.gov.vn/archive/2018,generated_catalog,source,2026-09-12T19:42:24.601202,crawl_2018_2026,Sở Tư pháp Hà Nội,OTH_STP_HN,so tu phap ha noi,OTHER,Annotator_A,HIGH,Khớp hoàn toàn danh mục hành chính chuẩn,2026-09-12,DataVietNam,2026-09-12
OTH_SKH_HN,Sở Kế hoạch và Đầu tư Hà Nội,OTHER,province,2018,2026,dvc_2018,https://dichvucong.gov.vn/archive/2018,generated_catalog,source,2026-09-12T19:42:24.601202,crawl_2018_2026,Sở Kế hoạch và Đầu tư Hà Nội,OTH_SKH_HN,so ke hoach va au tu ha noi,OTHER,Annotator_A,HIGH,Khớp hoàn toàn danh mục hành chính chuẩn,2026-09-12,DataVietNam,2026-09-12
OTH_SXD_HN,Sở Xây dựng Hà Nội,OTHER,province,2018,2026,dvc_2018,https://dichvucong.gov.vn/archive/2018,generated_catalog,source,2026-09-12T19:42:24.601202,crawl_2018_2026,Sở Xây dựng Hà Nội,OTH_SXD_HN,so xay dung ha noi,OTHER,Annotator_A,HIGH,Khớp hoàn toàn danh mục hành chính chuẩn,2026-09-12,DataVietNam,2026-09-12
OTH_STNMT_HN,Sở Tài nguyên và Môi trường Hà Nội,OTHER,province,2018,2026,dvc_2018,https://dichvucong.gov.vn/archive/2018,generated_catalog,source,2026-09-12T19:42:24.601202,crawl_2018_2026,Sở Tài nguyên và Môi trường Hà Nội,OTH_STNMT_HN,so tai nguyen va moi truong ha noi,OTHER,Annotator_A,HIGH,Khớp hoàn toàn danh mục hành chính chuẩn,2026-09-12,DataVietNam,2026-09-12
OTH_SNV_HN,Sở Nội vụ Hà Nội,OTHER,province,2018,2026,dvc_2018,https://dichvucong.gov.vn/archive/2018,generated_catalog,source,2026-09-12T19:42:24.601202,crawl_2018_2026,Sở Nội vụ Hà Nội,OTH_SNV_HN,so noi vu ha noi,OTHER,Annotator_A,HIGH,Khớp hoàn toàn danh mục hành chính chuẩn,2026-09-12,DataVietNam,2026-09-12
OTH_SGTVT_HN,Sở Giao thông vận tải Hà Nội,OTHER,province,2018,2026,dvc_2018,https://dichvucong.gov.vn/archive/2018,generated_catalog,source,2026-09-12T19:42:24.601202,crawl_2018_2026,Sở Giao thông vận tải Hà Nội,OTH_SGTVT_HN,so giao thong van tai ha noi,OTHER,Annotator_A,HIGH,Khớp hoàn toàn danh mục hành chính chuẩn,2026-09-12,DataVietNam,2026-09-12
OTH_SCT_HN,Sở Công Thương Hà Nội,OTHER,province,2018,2026,dvc_2018,https://dichvucong.gov.vn/archive/2018,generated_catalog,source,2026-09-12T19:42:24.601202,crawl_2018_2026,Sở Công Thương Hà Nội,OTH_SCT_HN,so cong thuong ha noi,OTHER,Annotator_A,HIGH,Khớp hoàn toàn danh mục hành chính chuẩn,2026-09-12,DataVietNam,2026-09-12
OTH_SNNPTNT_HN,Sở Nông nghiệp và Phát triển nông thôn Hà Nội,OTHER,province,2018,2026,dvc_2018,https://dichvucong.gov.vn/archive/2018,generated_catalog,source,2026-09-12T19:42:24.601202,crawl_2018_2026,Sở Nông nghiệp và Phát triển nông thôn Hà Nội,OTH_SNNPTNT_HN,so nong nghiep va phat trien nong thon ha noi,OTHER,Annotator_A,HIGH,Khớp hoàn toàn danh mục hành chính chuẩn,2026-09-12,DataVietNam,2026-09-12
OTH_SLĐTBXH_HN,Sở Lao động - Thương binh và Xã hội Hà Nội,OTHER,province,2018,2026,dvc_2018,https://dichvucong.gov.vn/archive/2018,generated_catalog,source,2026-09-12T19:42:24.601202,crawl_2018_2026,Sở Lao động - Thương binh và Xã hội Hà Nội,OTH_SLĐTBXH_HN,so lao ong thuong binh va xa hoi ha noi,OTHER,Annotator_A,HIGH,Khớp hoàn toàn danh mục hành chính chuẩn,2026-09-12,DataVietNam,2026-09-12
OTH_SVHTTDL_HN,Sở Văn hóa Thể thao và Du lịch Hà Nội,OTHER,province,2018,2026,dvc_2018,https://dichvucong.gov.vn/archive/2018,generated_catalog,source,2026-09-12T19:42:24.601202,crawl_2018_2026,Sở Văn hóa Thể thao và Du lịch Hà Nội,OTH_SVHTTDL_HN,so van hoa the thao va du lich ha noi,OTHER,Annotator_A,HIGH,Khớp hoàn toàn danh mục hành chính chuẩn,2026-09-12,DataVietNam,2026-09-12
OTH_STTTT_HN,Sở Thông tin và Truyền thông Hà Nội,OTHER,province,2018,2026,dvc_2018,https://dichvucong.gov.vn/archive/2018,generated_catalog,source,2026-09-12T19:42:24.601202,crawl_2018_2026,Sở Thông tin và Truyền thông Hà Nội,OTH_STTTT_HN,so thong tin va truyen thong ha noi,OTHER,Annotator_A,HIGH,Khớp hoàn toàn danh mục hành chính chuẩn,2026-09-12,DataVietNam,2026-09-12
OTH_SKHCN_HN,Sở Khoa học và Công nghệ Hà Nội,OTHER,province,2018,2026,dvc_2018,https://dichvucong.gov.vn/archive/2018,generated_catalog,source,2026-09-12T19:42:24.601202,crawl_2018_2026,Sở Khoa học và Công nghệ Hà Nội,OTH_SKHCN_HN,so khoa hoc va cong nghe ha noi,OTHER,Annotator_A,HIGH,Khớp hoàn toàn danh mục hành chính chuẩn,2026-09-12,DataVietNam,2026-09-12
OTH_UBND_HTAY,Ủy ban nhân dân Hà Tây,OTHER,province,2018,2026,legacy_record_dvc,https://dichvucong.gov.vn/archive/2018,generated_catalog,source,2026-09-12T19:42:24.601202,crawl_2018_2026,Ủy ban nhân dân Hà Tây,OTH_UBND_HTAY,uy ban nhan dan ha tay,OTHER,Annotator_A,MEDIUM,Đơn vị lịch sử sáp nhập (Hà Tây hoặc legacy) — cần xác nhận,2026-09-12,DataVietNam,2026-09-12
OTH_BHXH_HTAY,Bảo hiểm Xã hội Hà Tây,OTHER,province,2018,2026,legacy_record_dvc,https://dichvucong.gov.vn/archive/2018,generated_catalog,source,2026-09-12T19:42:24.601202,crawl_2018_2026,Bảo hiểm Xã hội Hà Tây,OTH_BHXH_HTAY,bao hiem xa hoi ha tay,OTHER,Annotator_A,MEDIUM,Đơn vị lịch sử sáp nhập (Hà Tây hoặc legacy) — cần xác nhận,2026-09-12,DataVietNam,2026-09-12
OTH_SYT_HTAY,Sở Y tế Hà Tây,OTHER,province,2018,2026,legacy_record_dvc,https://dichvucong.gov.vn/archive/2018,generated_catalog,source,2026-09-12T19:42:24.601202,crawl_2018_2026,Sở Y tế Hà Tây,OTH_SYT_HTAY,so y te ha tay,OTHER,Annotator_A,MEDIUM,Đơn vị lịch sử sáp nhập (Hà Tây hoặc legacy) — cần xác nhận,2026-09-12,DataVietNam,2026-09-12
OTH_SGD_HTAY,Sở Giáo dục và Đào tạo Hà Tây,OTHER,province,2018,2026,legacy_record_dvc,https://dichvucong.gov.vn/archive/2018,generated_catalog,source,2026-09-12T19:42:24.601202,crawl_2018_2026,Sở Giáo dục và Đào tạo Hà Tây,OTH_SGD_HTAY,so giao duc va ao tao ha tay,OTHER,Annotator_A,MEDIUM,Đơn vị lịch sử sáp nhập (Hà Tây hoặc legacy) — cần xác nhận,2026-09-12,DataVietNam,2026-09-12
OTH_STC_HTAY,Sở Tài chính Hà Tây,OTHER,province,2018,2026,legacy_record_dvc,https://dichvucong.gov.vn/archive/2018,generated_catalog,source,2026-09-12T19:42:24.601202,crawl_2018_2026,Sở Tài chính Hà Tây,OTH_STC_HTAY,so tai chinh ha tay,OTHER,Annotator_A,MEDIUM,Đơn vị lịch sử sáp nhập (Hà Tây hoặc legacy) — cần xác nhận,2026-09-12,DataVietNam,2026-09-12
OTH_STP_HTAY,Sở Tư pháp Hà Tây,OTHER,province,2018,2026,legacy_record_dvc,https://dichvucong.gov.vn/archive/2018,generated_catalog,source,2026-09-12T19:42:24.601202,crawl_2018_2026,Sở Tư pháp Hà Tây,OTH_STP_HTAY,so tu phap ha tay,OTHER,Annotator_A,MEDIUM,Đơn vị lịch sử sáp nhập (Hà Tây hoặc legacy) — cần xác nhận,2026-09-12,DataVietNam,2026-09-12
OTH_SKH_HTAY,Sở Kế hoạch và Đầu tư Hà Tây,OTHER,province,2018,2026,legacy_record_dvc,https://dichvucong.gov.vn/archive/2018,generated_catalog,source,2026-09-12T19:42:24.601202,crawl_2018_2026,Sở Kế hoạch và Đầu tư Hà Tây,OTH_SKH_HTAY,so ke hoach va au tu ha tay,OTHER,Annotator_A,MEDIUM,Đơn vị lịch sử sáp nhập (Hà Tây hoặc legacy) — cần xác nhận,2026-09-12,DataVietNam,2026-09-12
OTH_SXD_HTAY,Sở Xây dựng Hà Tây,OTHER,province,2018,2026,legacy_record_dvc,https://dichvucong.gov.vn/archive/2018,generated_catalog,source,2026-09-12T19:42:24.601202,crawl_2018_2026,Sở Xây dựng Hà Tây,OTH_SXD_HTAY,so xay dung ha tay,OTHER,Annotator_A,MEDIUM,Đơn vị lịch sử sáp nhập (Hà Tây hoặc legacy) — cần xác nhận,2026-09-12,DataVietNam,2026-09-12
OTH_STNMT_HTAY,Sở Tài nguyên và Môi trường Hà Tây,OTHER,province,2018,2026,legacy_record_dvc,https://dichvucong.gov.vn/archive/2018,generated_catalog,source,2026-09-12T19:42:24.601202,crawl_2018_2026,Sở Tài nguyên và Môi trường Hà Tây,OTH_STNMT_HTAY,so tai nguyen va moi truong ha tay,OTHER,Annotator_A,MEDIUM,Đơn vị lịch sử sáp nhập (Hà Tây hoặc legacy) — cần xác nhận,2026-09-12,DataVietNam,2026-09-12
OTH_SNV_HTAY,Sở Nội vụ Hà Tây,OTHER,province,2018,2026,legacy_record_dvc,https://dichvucong.gov.vn/archive/2018,generated_catalog,source,2026-09-12T19:42:24.601202,crawl_2018_2026,Sở Nội vụ Hà Tây,OTH_SNV_HTAY,so noi vu ha tay,OTHER,Annotator_A,MEDIUM,Đơn vị lịch sử sáp nhập (Hà Tây hoặc legacy) — cần xác nhận,2026-09-12,DataVietNam,2026-09-12
OTH_SGTVT_HTAY,Sở Giao thông vận tải Hà Tây,OTHER,province,2018,2026,legacy_record_dvc,https://dichvucong.gov.vn/archive/2018,generated_catalog,source,2026-09-12T19:42:24.601202,crawl_2018_2026,Sở Giao thông vận tải Hà Tây,OTH_SGTVT_HTAY,so giao thong van tai ha tay,OTHER,Annotator_A,MEDIUM,Đơn vị lịch sử sáp nhập (Hà Tây hoặc legacy) — cần xác nhận,2026-09-12,DataVietNam,2026-09-12
OTH_SCT_HTAY,Sở Công Thương Hà Tây,OTHER,province,2018,2026,legacy_record_dvc,https://dichvucong.gov.vn/archive/2018,generated_catalog,source,2026-09-12T19:42:24.601202,crawl_2018_2026,Sở Công Thương Hà Tây,OTH_SCT_HTAY,so cong thuong ha tay,OTHER,Annotator_A,MEDIUM,Đơn vị lịch sử sáp nhập (Hà Tây hoặc legacy) — cần xác nhận,2026-09-12,DataVietNam,2026-09-12
OTH_SNNPTNT_HTAY,Sở Nông nghiệp và Phát triển nông thôn Hà Tây,OTHER,province,2018,2026,legacy_record_dvc,https://dichvucong.gov.vn/archive/2018,generated_catalog,source,2026-09-12T19:42:24.601202,crawl_2018_2026,Sở Nông nghiệp và Phát triển nông thôn Hà Tây,OTH_SNNPTNT_HTAY,so nong nghiep va phat trien nong thon ha tay,OTHER,Annotator_A,MEDIUM,Đơn vị lịch sử sáp nhập (Hà Tây hoặc legacy) — cần xác nhận,2026-09-12,DataVietNam,2026-09-12
OTH_SLĐTBXH_HTAY,Sở Lao động - Thương binh và Xã hội Hà Tây,OTHER,province,2018,2026,legacy_record_dvc,https://dichvucong.gov.vn/archive/2018,generated_catalog,source,2026-09-12T19:42:24.601202,crawl_2018_2026,Sở Lao động - Thương binh và Xã hội Hà Tây,OTH_SLĐTBXH_HTAY,so lao ong thuong binh va xa hoi ha tay,OTHER,Annotator_A,MEDIUM,Đơn vị lịch sử sáp nhập (Hà Tây hoặc legacy) — cần xác nhận,2026-09-12,DataVietNam,2026-09-12
OTH_SVHTTDL_HTAY,Sở Văn hóa Thể thao và Du lịch Hà Tây,OTHER,province,2018,2026,legacy_record_dvc,https://dichvucong.gov.vn/archive/2018,generated_catalog,source,2026-09-12T19:42:24.601202,crawl_2018_2026,Sở Văn hóa Thể thao và Du lịch Hà Tây,OTH_SVHTTDL_HTAY,so van hoa the thao va du lich ha tay,OTHER,Annotator_A,MEDIUM,Đơn vị lịch sử sáp nhập (Hà Tây hoặc legacy) — cần xác nhận,2026-09-12,DataVietNam,2026-09-12
OTH_STTTT_HTAY,Sở Thông tin và Truyền thông Hà Tây,OTHER,province,2018,2026,legacy_record_dvc,https://dichvucong.gov.vn/archive/2018,generated_catalog,source,2026-09-12T19:42:24.601202,crawl_2018_2026,Sở Thông tin và Truyền thông Hà Tây,OTH_STTTT_HTAY,so thong tin va truyen thong ha tay,OTHER,Annotator_A,MEDIUM,Đơn vị lịch sử sáp nhập (Hà Tây hoặc legacy) — cần xác nhận,2026-09-12,DataVietNam,2026-09-12
OTH_SKHCN_HTAY,Sở Khoa học và Công nghệ Hà Tây,OTHER,province,2018,2026,legacy_record_dvc,https://dichvucong.gov.vn/archive/2018,generated_catalog,source,2026-09-12T19:42:24.601202,crawl_2018_2026,Sở Khoa học và Công nghệ Hà Tây,OTH_SKHCN_HTAY,so khoa hoc va cong nghe ha tay,OTHER,Annotator_A,MEDIUM,Đơn vị lịch sử sáp nhập (Hà Tây hoặc legacy) — cần xác nhận,2026-09-12,DataVietNam,2026-09-12
OTH_UBND_HCM,Ủy ban nhân dân Thành phố Hồ Chí Minh,OTHER,province,2018,2026,dvc_2018,https://dichvucong.gov.vn/archive/2018,generated_catalog,source,2026-09-12T19:42:24.601202,crawl_2018_2026,Ủy ban nhân dân Thành phố Hồ Chí Minh,OTH_UBND_HCM,uy ban nhan dan thanh pho ho chi minh,OTHER,Annotator_A,HIGH,Khớp hoàn toàn danh mục hành chính chuẩn,2026-09-12,DataVietNam,2026-09-12
OTH_BHXH_HCM,Bảo hiểm Xã hội Thành phố Hồ Chí Minh,OTHER,province,2018,2026,dvc_2018,https://dichvucong.gov.vn/archive/2018,generated_catalog,source,2026-09-12T19:42:24.601202,crawl_2018_2026,Bảo hiểm Xã hội Thành phố Hồ Chí Minh,OTH_BHXH_HCM,bao hiem xa hoi thanh pho ho chi minh,OTHER,Annotator_A,HIGH,Khớp hoàn toàn danh mục hành chính chuẩn,2026-09-12,DataVietNam,2026-09-12
OTH_SYT_HCM,Sở Y tế Thành phố Hồ Chí Minh,OTHER,province,2018,2026,dvc_2018,https://dichvucong.gov.vn/archive/2018,generated_catalog,source,2026-09-12T19:42:24.601202,crawl_2018_2026,Sở Y tế Thành phố Hồ Chí Minh,OTH_SYT_HCM,so y te thanh pho ho chi minh,OTHER,Annotator_A,HIGH,Khớp hoàn toàn danh mục hành chính chuẩn,2026-09-12,DataVietNam,2026-09-12
OTH_SGD_HCM,Sở Giáo dục và Đào tạo Thành phố Hồ Chí Minh,OTHER,province,2018,2026,dvc_2018,https://dichvucong.gov.vn/archive/2018,generated_catalog,source,2026-09-12T19:42:24.601202,crawl_2018_2026,Sở Giáo dục và Đào tạo Thành phố Hồ Chí Minh,OTH_SGD_HCM,so giao duc va ao tao thanh pho ho chi minh,OTHER,Annotator_A,HIGH,Khớp hoàn toàn danh mục hành chính chuẩn,2026-09-12,DataVietNam,2026-09-12
OTH_STC_HCM,Sở Tài chính Thành phố Hồ Chí Minh,OTHER,province,2018,2026,dvc_2018,https://dichvucong.gov.vn/archive/2018,generated_catalog,source,2026-09-12T19:42:24.601202,crawl_2018_2026,Sở Tài chính Thành phố Hồ Chí Minh,OTH_STC_HCM,so tai chinh thanh pho ho chi minh,OTHER,Annotator_A,HIGH,Khớp hoàn toàn danh mục hành chính chuẩn,2026-09-12,DataVietNam,2026-09-12
OTH_STP_HCM,Sở Tư pháp Thành phố Hồ Chí Minh,OTHER,province,2018,2026,dvc_2018,https://dichvucong.gov.vn/archive/2018,generated_catalog,source,2026-09-12T19:42:24.601202,crawl_2018_2026,Sở Tư pháp Thành phố Hồ Chí Minh,OTH_STP_HCM,so tu phap thanh pho ho chi minh,OTHER,Annotator_A,HIGH,Khớp hoàn toàn danh mục hành chính chuẩn,2026-09-12,DataVietNam,2026-09-12
OTH_SKH_HCM,Sở Kế hoạch và Đầu tư Thành phố Hồ Chí Minh,OTHER,province,2018,2026,dvc_2018,https://dichvucong.gov.vn/archive/2018,generated_catalog,source,2026-09-12T19:42:24.601202,crawl_2018_2026,Sở Kế hoạch và Đầu tư Thành phố Hồ Chí Minh,OTH_SKH_HCM,so ke hoach va au tu thanh pho ho chi minh,OTHER,Annotator_A,HIGH,Khớp hoàn toàn danh mục hành chính chuẩn,2026-09-12,DataVietNam,2026-09-12
OTH_SXD_HCM,Sở Xây dựng Thành phố Hồ Chí Minh,OTHER,province,2018,2026,dvc_2018,https://dichvucong.gov.vn/archive/2018,generated_catalog,source,2026-09-12T19:42:24.601202,crawl_2018_2026,Sở Xây dựng Thành phố Hồ Chí Minh,OTH_SXD_HCM,so xay dung thanh pho ho chi minh,OTHER,Annotator_A,HIGH,Khớp hoàn toàn danh mục hành chính chuẩn,2026-09-12,DataVietNam,2026-09-12
OTH_STNMT_HCM,Sở Tài nguyên và Môi trường Thành phố Hồ Chí Minh,OTHER,province,2018,2026,dvc_2018,https://dichvucong.gov.vn/archive/2018,generated_catalog,source,2026-09-12T19:42:24.601202,crawl_2018_2026,Sở Tài nguyên và Môi trường Thành phố Hồ Chí Minh,OTH_STNMT_HCM,so tai nguyen va moi truong thanh pho ho chi minh,OTHER,Annotator_A,HIGH,Khớp hoàn toàn danh mục hành chính chuẩn,2026-09-12,DataVietNam,2026-09-12
OTH_SNV_HCM,Sở Nội vụ Thành phố Hồ Chí Minh,OTHER,province,2018,2026,dvc_2018,https://dichvucong.gov.vn/archive/2018,generated_catalog,source,2026-09-12T19:42:24.601202,crawl_2018_2026,Sở Nội vụ Thành phố Hồ Chí Minh,OTH_SNV_HCM,so noi vu thanh pho ho chi minh,OTHER,Annotator_A,HIGH,Khớp hoàn toàn danh mục hành chính chuẩn,2026-09-12,DataVietNam,2026-09-12
OTH_SGTVT_HCM,Sở Giao thông vận tải Thành phố Hồ Chí Minh,OTHER,province,2018,2026,dvc_2018,https://dichvucong.gov.vn/archive/2018,generated_catalog,source,2026-09-12T19:42:24.601202,crawl_2018_2026,Sở Giao thông vận tải Thành phố Hồ Chí Minh,OTH_SGTVT_HCM,so giao thong van tai thanh pho ho chi minh,OTHER,Annotator_A,HIGH,Khớp hoàn toàn danh mục hành chính chuẩn,2026-09-12,DataVietNam,2026-09-12
OTH_SCT_HCM,Sở Công Thương Thành phố Hồ Chí Minh,OTHER,province,2018,2026,dvc_2018,https://dichvucong.gov.vn/archive/2018,generated_catalog,source,2026-09-12T19:42:24.601202,crawl_2018_2026,Sở Công Thương Thành phố Hồ Chí Minh,OTH_SCT_HCM,so cong thuong thanh pho ho chi minh,OTHER,Annotator_A,HIGH,Khớp hoàn toàn danh mục hành chính chuẩn,2026-09-12,DataVietNam,2026-09-12
OTH_SNNPTNT_HCM,Sở Nông nghiệp và Phát triển nông thôn Thành phố Hồ Chí Minh,OTHER,province,2018,2026,dvc_2018,https://dichvucong.gov.vn/archive/2018,generated_catalog,source,2026-09-12T19:42:24.601202,crawl_2018_2026,Sở Nông nghiệp và Phát triển nông thôn Thành phố Hồ Chí Minh,OTH_SNNPTNT_HCM,so nong nghiep va phat trien nong thon thanh pho ho chi minh,OTHER,Annotator_A,HIGH,Khớp hoàn toàn danh mục hành chính chuẩn,2026-09-12,DataVietNam,2026-09-12
OTH_SLĐTBXH_HCM,Sở Lao động - Thương binh và Xã hội Thành phố Hồ Chí Minh,OTHER,province,2018,2026,dvc_2018,https://dichvucong.gov.vn/archive/2018,generated_catalog,source,2026-09-12T19:42:24.601202,crawl_2018_2026,Sở Lao động - Thương binh và Xã hội Thành phố Hồ Chí Minh,OTH_SLĐTBXH_HCM,so lao ong thuong binh va xa hoi thanh pho ho chi minh,OTHER,Annotator_A,HIGH,Khớp hoàn toàn danh mục hành chính chuẩn,2026-09-12,DataVietNam,2026-09-12
OTH_SVHTTDL_HCM,Sở Văn hóa Thể thao và Du lịch Thành phố Hồ Chí Minh,OTHER,province,2018,2026,dvc_2018,https://dichvucong.gov.vn/archive/2018,generated_catalog,source,2026-09-12T19:42:24.601202,crawl_2018_2026,Sở Văn hóa Thể thao và Du lịch Thành phố Hồ Chí Minh,OTH_SVHTTDL_HCM,so van hoa the thao va du lich thanh pho ho chi minh,OTHER,Annotator_A,HIGH,Khớp hoàn toàn danh mục hành chính chuẩn,2026-09-12,DataVietNam,2026-09-12
OTH_STTTT_HCM,Sở Thông tin và Truyền thông Thành phố Hồ Chí Minh,OTHER,province,2018,2026,dvc_2018,https://dichvucong.gov.vn/archive/2018,generated_catalog,source,2026-09-12T19:42:24.601202,crawl_2018_2026,Sở Thông tin và Truyền thông Thành phố Hồ Chí Minh,OTH_STTTT_HCM,so thong tin va truyen thong thanh pho ho chi minh,OTHER,Annotator_A,HIGH,Khớp hoàn toàn danh mục hành chính chuẩn,2026-09-12,DataVietNam,2026-09-12
OTH_SKHCN_HCM,Sở Khoa học và Công nghệ Thành phố Hồ Chí Minh,OTHER,province,2018,2026,dvc_2018,https://dichvucong.gov.vn/archive/2018,generated_catalog,source,2026-09-12T19:42:24.601202,crawl_2018_2026,Sở Khoa học và Công nghệ Thành phố Hồ Chí Minh,OTH_SKHCN_HCM,so khoa hoc va cong nghe thanh pho ho chi minh,OTHER,Annotator_A,HIGH,Khớp hoàn toàn danh mục hành chính chuẩn,2026-09-12,DataVietNam,2026-09-12
OTH_UBND_DN,Ủy ban nhân dân Đà Nẵng,OTHER,province,2018,2026,dvc_2018,https://dichvucong.gov.vn/archive/2018,generated_catalog,source,2026-09-12T19:42:24.601202,crawl_2018_2026,Ủy ban nhân dân Đà Nẵng,OTH_UBND_DN,uy ban nhan dan a nang,OTHER,Annotator_A,HIGH,Khớp hoàn toàn danh mục hành chính chuẩn,2026-09-12,DataVietNam,2026-09-12
OTH_BHXH_DN,Bảo hiểm Xã hội Đà Nẵng,OTHER,province,2018,2026,dvc_2018,https://dichvucong.gov.vn/archive/2018,generated_catalog,source,2026-09-12T19:42:24.601202,crawl_2018_2026,Bảo hiểm Xã hội Đà Nẵng,OTH_BHXH_DN,bao hiem xa hoi a nang,OTHER,Annotator_A,HIGH,Khớp hoàn toàn danh mục hành chính chuẩn,2026-09-12,DataVietNam,2026-09-12
OTH_SYT_DN,Sở Y tế Đà Nẵng,OTHER,province,2018,2026,dvc_2018,https://dichvucong.gov.vn/archive/2018,generated_catalog,source,2026-09-12T19:42:24.601202,crawl_2018_2026,Sở Y tế Đà Nẵng,OTH_SYT_DN,so y te a nang,OTHER,Annotator_A,HIGH,Khớp hoàn toàn danh mục hành chính chuẩn,2026-09-12,DataVietNam,2026-09-12
OTH_SGD_DN,Sở Giáo dục và Đào tạo Đà Nẵng,OTHER,province,2018,2026,dvc_2018,https://dichvucong.gov.vn/archive/2018,generated_catalog,source,2026-09-12T19:42:24.601202,crawl_2018_2026,Sở Giáo dục và Đào tạo Đà Nẵng,OTH_SGD_DN,so giao duc va ao tao a nang,OTHER,Annotator_A,HIGH,Khớp hoàn toàn danh mục hành chính chuẩn,2026-09-12,DataVietNam,2026-09-12
OTH_STC_DN,Sở Tài chính Đà Nẵng,OTHER,province,2018,2026,dvc_2018,https://dichvucong.gov.vn/archive/2018,generated_catalog,source,2026-09-12T19:42:24.601202,crawl_2018_2026,Sở Tài chính Đà Nẵng,OTH_STC_DN,so tai chinh a nang,OTHER,Annotator_A,HIGH,Khớp hoàn toàn danh mục hành chính chuẩn,2026-09-12,DataVietNam,2026-09-12
OTH_STP_DN,Sở Tư pháp Đà Nẵng,OTHER,province,2018,2026,dvc_2018,https://dichvucong.gov.vn/archive/2018,generated_catalog,source,2026-09-12T19:42:24.601202,crawl_2018_2026,Sở Tư pháp Đà Nẵng,OTH_STP_DN,so tu phap a nang,OTHER,Annotator_A,HIGH,Khớp hoàn toàn danh mục hành chính chuẩn,2026-09-12,DataVietNam,2026-09-12
OTH_SKH_DN,Sở Kế hoạch và Đầu tư Đà Nẵng,OTHER,province,2018,2026,dvc_2018,https://dichvucong.gov.vn/archive/2018,generated_catalog,source,2026-09-12T19:42:24.601202,crawl_2018_2026,Sở Kế hoạch và Đầu tư Đà Nẵng,OTH_SKH_DN,so ke hoach va au tu a nang,OTHER,Annotator_A,HIGH,Khớp hoàn toàn danh mục hành chính chuẩn,2026-09-12,DataVietNam,2026-09-12
OTH_SXD_DN,Sở Xây dựng Đà Nẵng,OTHER,province,2018,2026,dvc_2018,https://dichvucong.gov.vn/archive/2018,generated_catalog,source,2026-09-12T19:42:24.601202,crawl_2018_2026,Sở Xây dựng Đà Nẵng,OTH_SXD_DN,so xay dung a nang,OTHER,Annotator_A,HIGH,Khớp hoàn toàn danh mục hành chính chuẩn,2026-09-12,DataVietNam,2026-09-12
OTH_STNMT_DN,Sở Tài nguyên và Môi trường Đà Nẵng,OTHER,province,2018,2026,dvc_2018,https://dichvucong.gov.vn/archive/2018,generated_catalog,source,2026-09-12T19:42:24.601202,crawl_2018_2026,Sở Tài nguyên và Môi trường Đà Nẵng,OTH_STNMT_DN,so tai nguyen va moi truong a nang,OTHER,Annotator_A,HIGH,Khớp hoàn toàn danh mục hành chính chuẩn,2026-09-12,DataVietNam,2026-09-12
OTH_SNV_DN,Sở Nội vụ Đà Nẵng,OTHER,province,2018,2026,dvc_2018,https://dichvucong.gov.vn/archive/2018,generated_catalog,source,2026-09-12T19:42:24.601202,crawl_2018_2026,Sở Nội vụ Đà Nẵng,OTH_SNV_DN,so noi vu a nang,OTHER,Annotator_A,HIGH,Khớp hoàn toàn danh mục hành chính chuẩn,2026-09-12,DataVietNam,2026-09-12
OTH_SGTVT_DN,Sở Giao thông vận tải Đà Nẵng,OTHER,province,2018,2026,dvc_2018,https://dichvucong.gov.vn/archive/2018,generated_catalog,source,2026-09-12T19:42:24.601202,crawl_2018_2026,Sở Giao thông vận tải Đà Nẵng,OTH_SGTVT_DN,so giao thong van tai a nang,OTHER,Annotator_A,HIGH,Khớp hoàn toàn danh mục hành chính chuẩn,2026-09-12,DataVietNam,2026-09-12
OTH_SCT_DN,Sở Công Thương Đà Nẵng,OTHER,province,2018,2026,dvc_2018,https://dichvucong.gov.vn/archive/2018,generated_catalog,source,2026-09-12T19:42:24.601202,crawl_2018_2026,Sở Công Thương Đà Nẵng,OTH_SCT_DN,so cong thuong a nang,OTHER,Annotator_A,HIGH,Khớp hoàn toàn danh mục hành chính chuẩn,2026-09-12,DataVietNam,2026-09-12
OTH_SNNPTNT_DN,Sở Nông nghiệp và Phát triển nông thôn Đà Nẵng,OTHER,province,2018,2026,dvc_2018,https://dichvucong.gov.vn/archive/2018,generated_catalog,source,2026-09-12T19:42:24.601202,crawl_2018_2026,Sở Nông nghiệp và Phát triển nông thôn Đà Nẵng,OTH_SNNPTNT_DN,so nong nghiep va phat trien nong thon a nang,OTHER,Annotator_A,HIGH,Khớp hoàn toàn danh mục hành chính chuẩn,2026-09-12,DataVietNam,2026-09-12
OTH_SLĐTBXH_DN,Sở Lao động - Thương binh và Xã hội Đà Nẵng,OTHER,province,2018,2026,dvc_2018,https://dichvucong.gov.vn/archive/2018,generated_catalog,source,2026-09-12T19:42:24.601202,crawl_2018_2026,Sở Lao động - Thương binh và Xã hội Đà Nẵng,OTH_SLĐTBXH_DN,so lao ong thuong binh va xa hoi a nang,OTHER,Annotator_A,HIGH,Khớp hoàn toàn danh mục hành chính chuẩn,2026-09-12,DataVietNam,2026-09-12
OTH_SVHTTDL_DN,Sở Văn hóa Thể thao và Du lịch Đà Nẵng,OTHER,province,2018,2026,dvc_2018,https://dichvucong.gov.vn/archive/2018,generated_catalog,source,2026-09-12T19:42:24.601202,crawl_2018_2026,Sở Văn hóa Thể thao và Du lịch Đà Nẵng,OTH_SVHTTDL_DN,so van hoa the thao va du lich a nang,OTHER,Annotator_A,HIGH,Khớp hoàn toàn danh mục hành chính chuẩn,2026-09-12,DataVietNam,2026-09-12
OTH_STTTT_DN,Sở Thông tin và Truyền thông Đà Nẵng,OTHER,province,2018,2026,dvc_2018,https://dichvucong.gov.vn/archive/2018,generated_catalog,source,2026-09-12T19:42:24.601202,crawl_2018_2026,Sở Thông tin và Truyền thông Đà Nẵng,OTH_STTTT_DN,so thong tin va truyen thong a nang,OTHER,Annotator_A,HIGH,Khớp hoàn toàn danh mục hành chính chuẩn,2026-09-12,DataVietNam,2026-09-12
OTH_SKHCN_DN,Sở Khoa học và Công nghệ Đà Nẵng,OTHER,province,2018,2026,dvc_2018,https://dichvucong.gov.vn/archive/2018,generated_catalog,source,2026-09-12T19:42:24.601202,crawl_2018_2026,Sở Khoa học và Công nghệ Đà Nẵng,OTH_SKHCN_DN,so khoa hoc va cong nghe a nang,OTHER,Annotator_A,HIGH,Khớp hoàn toàn danh mục hành chính chuẩn,2026-09-12,DataVietNam,2026-09-12
OTH_UBND_HP,Ủy ban nhân dân Hải Phòng,OTHER,province,2018,2026,dvc_2018,https://dichvucong.gov.vn/archive/2018,generated_catalog,source,2026-09-12T19:42:24.601202,crawl_2018_2026,Ủy ban nhân dân Hải Phòng,OTH_UBND_HP,uy ban nhan dan hai phong,OTHER,Annotator_A,HIGH,Khớp hoàn toàn danh mục hành chính chuẩn,2026-09-12,DataVietNam,2026-09-12
OTH_BHXH_HP,Bảo hiểm Xã hội Hải Phòng,OTHER,province,2018,2026,dvc_2018,https://dichvucong.gov.vn/archive/2018,generated_catalog,source,2026-09-12T19:42:24.601202,crawl_2018_2026,Bảo hiểm Xã hội Hải Phòng,OTH_BHXH_HP,bao hiem xa hoi hai phong,OTHER,Annotator_A,HIGH,Khớp hoàn toàn danh mục hành chính chuẩn,2026-09-12,DataVietNam,2026-09-12
OTH_SYT_HP,Sở Y tế Hải Phòng,OTHER,province,2018,2026,dvc_2018,https://dichvucong.gov.vn/archive/2018,generated_catalog,source,2026-09-12T19:42:24.601202,crawl_2018_2026,Sở Y tế Hải Phòng,OTH_SYT_HP,so y te hai phong,OTHER,Annotator_A,HIGH,Khớp hoàn toàn danh mục hành chính chuẩn,2026-09-12,DataVietNam,2026-09-12
OTH_SGD_HP,Sở Giáo dục và Đào tạo Hải Phòng,OTHER,province,2018,2026,dvc_2018,https://dichvucong.gov.vn/archive/2018,generated_catalog,source,2026-09-12T19:42:24.601202,crawl_2018_2026,Sở Giáo dục và Đào tạo Hải Phòng,OTH_SGD_HP,so giao duc va ao tao hai phong,OTHER,Annotator_A,HIGH,Khớp hoàn toàn danh mục hành chính chuẩn,2026-09-12,DataVietNam,2026-09-12
OTH_STC_HP,Sở Tài chính Hải Phòng,OTHER,province,2018,2026,dvc_2018,https://dichvucong.gov.vn/archive/2018,generated_catalog,source,2026-09-12T19:42:24.601202,crawl_2018_2026,Sở Tài chính Hải Phòng,OTH_STC_HP,so tai chinh hai phong,OTHER,Annotator_A,HIGH,Khớp hoàn toàn danh mục hành chính chuẩn,2026-09-12,DataVietNam,2026-09-12
OTH_STP_HP,Sở Tư pháp Hải Phòng,OTHER,province,2018,2026,dvc_2018,https://dichvucong.gov.vn/archive/2018,generated_catalog,source,2026-09-12T19:42:24.601202,crawl_2018_2026,Sở Tư pháp Hải Phòng,OTH_STP_HP,so tu phap hai phong,OTHER,Annotator_A,HIGH,Khớp hoàn toàn danh mục hành chính chuẩn,2026-09-12,DataVietNam,2026-09-12
OTH_SKH_HP,Sở Kế hoạch và Đầu tư Hải Phòng,OTHER,province,2018,2026,dvc_2018,https://dichvucong.gov.vn/archive/2018,generated_catalog,source,2026-09-12T19:42:24.601202,crawl_2018_2026,Sở Kế hoạch và Đầu tư Hải Phòng,OTH_SKH_HP,so ke hoach va au tu hai phong,OTHER,Annotator_A,HIGH,Khớp hoàn toàn danh mục hành chính chuẩn,2026-09-12,DataVietNam,2026-09-12
OTH_SXD_HP,Sở Xây dựng Hải Phòng,OTHER,province,2018,2026,dvc_2018,https://dichvucong.gov.vn/archive/2018,generated_catalog,source,2026-09-12T19:42:24.601202,crawl_2018_2026,Sở Xây dựng Hải Phòng,OTH_SXD_HP,so xay dung hai phong,OTHER,Annotator_A,HIGH,Khớp hoàn toàn danh mục hành chính chuẩn,2026-09-12,DataVietNam,2026-09-12
OTH_STNMT_HP,Sở Tài nguyên và Môi trường Hải Phòng,OTHER,province,2018,2026,dvc_2018,https://dichvucong.gov.vn/archive/2018,generated_catalog,source,2026-09-12T19:42:24.601202,crawl_2018_2026,Sở Tài nguyên và Môi trường Hải Phòng,OTH_STNMT_HP,so tai nguyen va moi truong hai phong,OTHER,Annotator_A,HIGH,Khớp hoàn toàn danh mục hành chính chuẩn,2026-09-12,DataVietNam,2026-09-12
OTH_SNV_HP,Sở Nội vụ Hải Phòng,OTHER,province,2018,2026,dvc_2018,https://dichvucong.gov.vn/archive/2018,generated_catalog,source,2026-09-12T19:42:24.601202,crawl_2018_2026,Sở Nội vụ Hải Phòng,OTH_SNV_HP,so noi vu hai phong,OTHER,Annotator_A,HIGH,Khớp hoàn toàn danh mục hành chính chuẩn,2026-09-12,DataVietNam,2026-09-12
OTH_SGTVT_HP,Sở Giao thông vận tải Hải Phòng,OTHER,province,2018,2026,dvc_2018,https://dichvucong.gov.vn/archive/2018,generated_catalog,source,2026-09-12T19:42:24.601202,crawl_2018_2026,Sở Giao thông vận tải Hải Phòng,OTH_SGTVT_HP,so giao thong van tai hai phong,OTHER,Annotator_A,HIGH,Khớp hoàn toàn danh mục hành chính chuẩn,2026-09-12,DataVietNam,2026-09-12
OTH_SCT_HP,Sở Công Thương Hải Phòng,OTHER,province,2018,2026,dvc_2018,https://dichvucong.gov.vn/archive/2018,generated_catalog,source,2026-09-12T19:42:24.601202,crawl_2018_2026,Sở Công Thương Hải Phòng,OTH_SCT_HP,so cong thuong hai phong,OTHER,Annotator_A,HIGH,Khớp hoàn toàn danh mục hành chính chuẩn,2026-09-12,DataVietNam,2026-09-12
OTH_SNNPTNT_HP,Sở Nông nghiệp và Phát triển nông thôn Hải Phòng,OTHER,province,2018,2026,dvc_2018,https://dichvucong.gov.vn/archive/2018,generated_catalog,source,2026-09-12T19:42:24.601202,crawl_2018_2026,Sở Nông nghiệp và Phát triển nông thôn Hải Phòng,OTH_SNNPTNT_HP,so nong nghiep va phat trien nong thon hai phong,OTHER,Annotator_A,HIGH,Khớp hoàn toàn danh mục hành chính chuẩn,2026-09-12,DataVietNam,2026-09-12
OTH_SLĐTBXH_HP,Sở Lao động - Thương binh và Xã hội Hải Phòng,OTHER,province,2018,2026,dvc_2018,https://dichvucong.gov.vn/archive/2018,generated_catalog,source,2026-09-12T19:42:24.601202,crawl_2018_2026,Sở Lao động - Thương binh và Xã hội Hải Phòng,OTH_SLĐTBXH_HP,so lao ong thuong binh va xa hoi hai phong,OTHER,Annotator_A,HIGH,Khớp hoàn toàn danh mục hành chính chuẩn,2026-09-12,DataVietNam,2026-09-12
OTH_SVHTTDL_HP,Sở Văn hóa Thể thao và Du lịch Hải Phòng,OTHER,province,2018,2026,dvc_2018,https://dichvucong.gov.vn/archive/2018,generated_catalog,source,2026-09-12T19:42:24.601202,crawl_2018_2026,Sở Văn hóa Thể thao và Du lịch Hải Phòng,OTH_SVHTTDL_HP,so van hoa the thao va du lich hai phong,OTHER,Annotator_A,HIGH,Khớp hoàn toàn danh mục hành chính chuẩn,2026-09-12,DataVietNam,2026-09-12
OTH_STTTT_HP,Sở Thông tin và Truyền thông Hải Phòng,OTHER,province,2018,2026,dvc_2018,https://dichvucong.gov.vn/archive/2018,generated_catalog,source,2026-09-12T19:42:24.601202,crawl_2018_2026,Sở Thông tin và Truyền thông Hải Phòng,OTH_STTTT_HP,so thong tin va truyen thong hai phong,OTHER,Annotator_A,HIGH,Khớp hoàn toàn danh mục hành chính chuẩn,2026-09-12,DataVietNam,2026-09-12
OTH_SKHCN_HP,Sở Khoa học và Công nghệ Hải Phòng,OTHER,province,2018,2026,dvc_2018,https://dichvucong.gov.vn/archive/2018,generated_catalog,source,2026-09-12T19:42:24.601202,crawl_2018_2026,Sở Khoa học và Công nghệ Hải Phòng,OTH_SKHCN_HP,so khoa hoc va cong nghe hai phong,OTHER,Annotator_A,HIGH,Khớp hoàn toàn danh mục hành chính chuẩn,2026-09-12,DataVietNam,2026-09-12
OTH_UBND_CT,Ủy ban nhân dân Cần Thơ,OTHER,province,2018,2026,dvc_2018,https://dichvucong.gov.vn/archive/2018,generated_catalog,source,2026-09-12T19:42:24.601202,crawl_2018_2026,Ủy ban nhân dân Cần Thơ,OTH_UBND_CT,uy ban nhan dan can tho,OTHER,Annotator_A,HIGH,Khớp hoàn toàn danh mục hành chính chuẩn,2026-09-12,DataVietNam,2026-09-12
OTH_BHXH_CT,Bảo hiểm Xã hội Cần Thơ,OTHER,province,2018,2026,dvc_2018,https://dichvucong.gov.vn/archive/2018,generated_catalog,source,2026-09-12T19:42:24.601202,crawl_2018_2026,Bảo hiểm Xã hội Cần Thơ,OTH_BHXH_CT,bao hiem xa hoi can tho,OTHER,Annotator_A,HIGH,Khớp hoàn toàn danh mục hành chính chuẩn,2026-09-12,DataVietNam,2026-09-12
OTH_SYT_CT,Sở Y tế Cần Thơ,OTHER,province,2018,2026,dvc_2018,https://dichvucong.gov.vn/archive/2018,generated_catalog,source,2026-09-12T19:42:24.601202,crawl_2018_2026,Sở Y tế Cần Thơ,OTH_SYT_CT,so y te can tho,OTHER,Annotator_A,HIGH,Khớp hoàn toàn danh mục hành chính chuẩn,2026-09-12,DataVietNam,2026-09-12
OTH_SGD_CT,Sở Giáo dục và Đào tạo Cần Thơ,OTHER,province,2018,2026,dvc_2018,https://dichvucong.gov.vn/archive/2018,generated_catalog,source,2026-09-12T19:42:24.601202,crawl_2018_2026,Sở Giáo dục và Đào tạo Cần Thơ,OTH_SGD_CT,so giao duc va ao tao can tho,OTHER,Annotator_A,HIGH,Khớp hoàn toàn danh mục hành chính chuẩn,2026-09-12,DataVietNam,2026-09-12
OTH_STC_CT,Sở Tài chính Cần Thơ,OTHER,province,2018,2026,dvc_2018,https://dichvucong.gov.vn/archive/2018,generated_catalog,source,2026-09-12T19:42:24.601202,crawl_2018_2026,Sở Tài chính Cần Thơ,OTH_STC_CT,so tai chinh can tho,OTHER,Annotator_A,HIGH,Khớp hoàn toàn danh mục hành chính chuẩn,2026-09-12,DataVietNam,2026-09-12
OTH_STP_CT,Sở Tư pháp Cần Thơ,OTHER,province,2018,2026,dvc_2018,https://dichvucong.gov.vn/archive/2018,generated_catalog,source,2026-09-12T19:42:24.601202,crawl_2018_2026,Sở Tư pháp Cần Thơ,OTH_STP_CT,so tu phap can tho,OTHER,Annotator_A,HIGH,Khớp hoàn toàn danh mục hành chính chuẩn,2026-09-12,DataVietNam,2026-09-12
OTH_SKH_CT,Sở Kế hoạch và Đầu tư Cần Thơ,OTHER,province,2018,2026,dvc_2018,https://dichvucong.gov.vn/archive/2018,generated_catalog,source,2026-09-12T19:42:24.601202,crawl_2018_2026,Sở Kế hoạch và Đầu tư Cần Thơ,OTH_SKH_CT,so ke hoach va au tu can tho,OTHER,Annotator_A,HIGH,Khớp hoàn toàn danh mục hành chính chuẩn,2026-09-12,DataVietNam,2026-09-12
OTH_SXD_CT,Sở Xây dựng Cần Thơ,OTHER,province,2018,2026,dvc_2018,https://dichvucong.gov.vn/archive/2018,generated_catalog,source,2026-09-12T19:42:24.601202,crawl_2018_2026,Sở Xây dựng Cần Thơ,OTH_SXD_CT,so xay dung can tho,OTHER,Annotator_A,HIGH,Khớp hoàn toàn danh mục hành chính chuẩn,2026-09-12,DataVietNam,2026-09-12
OTH_STNMT_CT,Sở Tài nguyên và Môi trường Cần Thơ,OTHER,province,2018,2026,dvc_2018,https://dichvucong.gov.vn/archive/2018,generated_catalog,source,2026-09-12T19:42:24.601202,crawl_2018_2026,Sở Tài nguyên và Môi trường Cần Thơ,OTH_STNMT_CT,so tai nguyen va moi truong can tho,OTHER,Annotator_A,HIGH,Khớp hoàn toàn danh mục hành chính chuẩn,2026-09-12,DataVietNam,2026-09-12
OTH_SNV_CT,Sở Nội vụ Cần Thơ,OTHER,province,2018,2026,dvc_2018,https://dichvucong.gov.vn/archive/2018,generated_catalog,source,2026-09-12T19:42:24.601202,crawl_2018_2026,Sở Nội vụ Cần Thơ,OTH_SNV_CT,so noi vu can tho,OTHER,Annotator_A,HIGH,Khớp hoàn toàn danh mục hành chính chuẩn,2026-09-12,DataVietNam,2026-09-12
OTH_SGTVT_CT,Sở Giao thông vận tải Cần Thơ,OTHER,province,2018,2026,dvc_2018,https://dichvucong.gov.vn/archive/2018,generated_catalog,source,2026-09-12T19:42:24.601202,crawl_2018_2026,Sở Giao thông vận tải Cần Thơ,OTH_SGTVT_CT,so giao thong van tai can tho,OTHER,Annotator_A,HIGH,Khớp hoàn toàn danh mục hành chính chuẩn,2026-09-12,DataVietNam,2026-09-12
OTH_SCT_CT,Sở Công Thương Cần Thơ,OTHER,province,2018,2026,dvc_2018,https://dichvucong.gov.vn/archive/2018,generated_catalog,source,2026-09-12T19:42:24.601202,crawl_2018_2026,Sở Công Thương Cần Thơ,OTH_SCT_CT,so cong thuong can tho,OTHER,Annotator_A,HIGH,Khớp hoàn toàn danh mục hành chính chuẩn,2026-09-12,DataVietNam,2026-09-12
OTH_SNNPTNT_CT,Sở Nông nghiệp và Phát triển nông thôn Cần Thơ,OTHER,province,2018,2026,dvc_2018,https://dichvucong.gov.vn/archive/2018,generated_catalog,source,2026-09-12T19:42:24.601202,crawl_2018_2026,Sở Nông nghiệp và Phát triển nông thôn Cần Thơ,OTH_SNNPTNT_CT,so nong nghiep va phat trien nong thon can tho,OTHER,Annotator_A,HIGH,Khớp hoàn toàn danh mục hành chính chuẩn,2026-09-12,DataVietNam,2026-09-12
OTH_SLĐTBXH_CT,Sở Lao động - Thương binh và Xã hội Cần Thơ,OTHER,province,2018,2026,dvc_2018,https://dichvucong.gov.vn/archive/2018,generated_catalog,source,2026-09-12T19:42:24.601202,crawl_2018_2026,Sở Lao động - Thương binh và Xã hội Cần Thơ,OTH_SLĐTBXH_CT,so lao ong thuong binh va xa hoi can tho,OTHER,Annotator_A,HIGH,Khớp hoàn toàn danh mục hành chính chuẩn,2026-09-12,DataVietNam,2026-09-12
OTH_SVHTTDL_CT,Sở Văn hóa Thể thao và Du lịch Cần Thơ,OTHER,province,2018,2026,dvc_2018,https://dichvucong.gov.vn/archive/2018,generated_catalog,source,2026-09-12T19:42:24.601202,crawl_2018_2026,Sở Văn hóa Thể thao và Du lịch Cần Thơ,OTH_SVHTTDL_CT,so van hoa the thao va du lich can tho,OTHER,Annotator_A,HIGH,Khớp hoàn toàn danh mục hành chính chuẩn,2026-09-12,DataVietNam,2026-09-12
OTH_STTTT_CT,Sở Thông tin và Truyền thông Cần Thơ,OTHER,province,2018,2026,dvc_2018,https://dichvucong.gov.vn/archive/2018,generated_catalog,source,2026-09-12T19:42:24.601202,crawl_2018_2026,Sở Thông tin và Truyền thông Cần Thơ,OTH_STTTT_CT,so thong tin va truyen thong can tho,OTHER,Annotator_A,HIGH,Khớp hoàn toàn danh mục hành chính chuẩn,2026-09-12,DataVietNam,2026-09-12
OTH_SKHCN_CT,Sở Khoa học và Công nghệ Cần Thơ,OTHER,province,2018,2026,dvc_2018,https://dichvucong.gov.vn/archive/2018,generated_catalog,source,2026-09-12T19:42:24.601202,crawl_2018_2026,Sở Khoa học và Công nghệ Cần Thơ,OTH_SKHCN_CT,so khoa hoc va cong nghe can tho,OTHER,Annotator_A,HIGH,Khớp hoàn toàn danh mục hành chính chuẩn,2026-09-12,DataVietNam,2026-09-12
OTH_UBND_DNAI,Ủy ban nhân dân Đồng Nai,OTHER,province,2018,2026,dvc_2018,https://dichvucong.gov.vn/archive/2018,generated_catalog,source,2026-09-12T19:42:24.601202,crawl_2018_2026,Ủy ban nhân dân Đồng Nai,OTH_UBND_DNAI,uy ban nhan dan ong nai,OTHER,Annotator_A,HIGH,Khớp hoàn toàn danh mục hành chính chuẩn,2026-09-12,DataVietNam,2026-09-12
OTH_BHXH_DNAI,Bảo hiểm Xã hội Đồng Nai,OTHER,province,2018,2026,dvc_2018,https://dichvucong.gov.vn/archive/2018,generated_catalog,source,2026-09-12T19:42:24.601202,crawl_2018_2026,Bảo hiểm Xã hội Đồng Nai,OTH_BHXH_DNAI,bao hiem xa hoi ong nai,OTHER,Annotator_A,HIGH,Khớp hoàn toàn danh mục hành chính chuẩn,2026-09-12,DataVietNam,2026-09-12
OTH_SYT_DNAI,Sở Y tế Đồng Nai,OTHER,province,2018,2026,dvc_2018,https://dichvucong.gov.vn/archive/2018,generated_catalog,source,2026-09-12T19:42:24.601202,crawl_2018_2026,Sở Y tế Đồng Nai,OTH_SYT_DNAI,so y te ong nai,OTHER,Annotator_A,HIGH,Khớp hoàn toàn danh mục hành chính chuẩn,2026-09-12,DataVietNam,2026-09-12
OTH_SGD_DNAI,Sở Giáo dục và Đào tạo Đồng Nai,OTHER,province,2018,2026,dvc_2018,https://dichvucong.gov.vn/archive/2018,generated_catalog,source,2026-09-12T19:42:24.601202,crawl_2018_2026,Sở Giáo dục và Đào tạo Đồng Nai,OTH_SGD_DNAI,so giao duc va ao tao ong nai,OTHER,Annotator_A,HIGH,Khớp hoàn toàn danh mục hành chính chuẩn,2026-09-12,DataVietNam,2026-09-12
OTH_STC_DNAI,Sở Tài chính Đồng Nai,OTHER,province,2018,2026,dvc_2018,https://dichvucong.gov.vn/archive/2018,generated_catalog,source,2026-09-12T19:42:24.601202,crawl_2018_2026,Sở Tài chính Đồng Nai,OTH_STC_DNAI,so tai chinh ong nai,OTHER,Annotator_A,HIGH,Khớp hoàn toàn danh mục hành chính chuẩn,2026-09-12,DataVietNam,2026-09-12
OTH_STP_DNAI,Sở Tư pháp Đồng Nai,OTHER,province,2018,2026,dvc_2018,https://dichvucong.gov.vn/archive/2018,generated_catalog,source,2026-09-12T19:42:24.601202,crawl_2018_2026,Sở Tư pháp Đồng Nai,OTH_STP_DNAI,so tu phap ong nai,OTHER,Annotator_A,HIGH,Khớp hoàn toàn danh mục hành chính chuẩn,2026-09-12,DataVietNam,2026-09-12
OTH_SKH_DNAI,Sở Kế hoạch và Đầu tư Đồng Nai,OTHER,province,2018,2026,dvc_2018,https://dichvucong.gov.vn/archive/2018,generated_catalog,source,2026-09-12T19:42:24.601202,crawl_2018_2026,Sở Kế hoạch và Đầu tư Đồng Nai,OTH_SKH_DNAI,so ke hoach va au tu ong nai,OTHER,Annotator_A,HIGH,Khớp hoàn toàn danh mục hành chính chuẩn,2026-09-12,DataVietNam,2026-09-12
OTH_SXD_DNAI,Sở Xây dựng Đồng Nai,OTHER,province,2018,2026,dvc_2018,https://dichvucong.gov.vn/archive/2018,generated_catalog,source,2026-09-12T19:42:24.601202,crawl_2018_2026,Sở Xây dựng Đồng Nai,OTH_SXD_DNAI,so xay dung ong nai,OTHER,Annotator_A,HIGH,Khớp hoàn toàn danh mục hành chính chuẩn,2026-09-12,DataVietNam,2026-09-12
OTH_STNMT_DNAI,Sở Tài nguyên và Môi trường Đồng Nai,OTHER,province,2018,2026,dvc_2018,https://dichvucong.gov.vn/archive/2018,generated_catalog,source,2026-09-12T19:42:24.601202,crawl_2018_2026,Sở Tài nguyên và Môi trường Đồng Nai,OTH_STNMT_DNAI,so tai nguyen va moi truong ong nai,OTHER,Annotator_A,HIGH,Khớp hoàn toàn danh mục hành chính chuẩn,2026-09-12,DataVietNam,2026-09-12
OTH_SNV_DNAI,Sở Nội vụ Đồng Nai,OTHER,province,2018,2026,dvc_2018,https://dichvucong.gov.vn/archive/2018,generated_catalog,source,2026-09-12T19:42:24.601202,crawl_2018_2026,Sở Nội vụ Đồng Nai,OTH_SNV_DNAI,so noi vu ong nai,OTHER,Annotator_A,HIGH,Khớp hoàn toàn danh mục hành chính chuẩn,2026-09-12,DataVietNam,2026-09-12
OTH_SGTVT_DNAI,Sở Giao thông vận tải Đồng Nai,OTHER,province,2018,2026,dvc_2018,https://dichvucong.gov.vn/archive/2018,generated_catalog,source,2026-09-12T19:42:24.601202,crawl_2018_2026,Sở Giao thông vận tải Đồng Nai,OTH_SGTVT_DNAI,so giao thong van tai ong nai,OTHER,Annotator_A,HIGH,Khớp hoàn toàn danh mục hành chính chuẩn,2026-09-12,DataVietNam,2026-09-12
OTH_SCT_DNAI,Sở Công Thương Đồng Nai,OTHER,province,2018,2026,dvc_2018,https://dichvucong.gov.vn/archive/2018,generated_catalog,source,2026-09-12T19:42:24.601202,crawl_2018_2026,Sở Công Thương Đồng Nai,OTH_SCT_DNAI,so cong thuong ong nai,OTHER,Annotator_A,HIGH,Khớp hoàn toàn danh mục hành chính chuẩn,2026-09-12,DataVietNam,2026-09-12
OTH_SNNPTNT_DNAI,Sở Nông nghiệp và Phát triển nông thôn Đồng Nai,OTHER,province,2018,2026,dvc_2018,https://dichvucong.gov.vn/archive/2018,generated_catalog,source,2026-09-12T19:42:24.601202,crawl_2018_2026,Sở Nông nghiệp và Phát triển nông thôn Đồng Nai,OTH_SNNPTNT_DNAI,so nong nghiep va phat trien nong thon ong nai,OTHER,Annotator_A,HIGH,Khớp hoàn toàn danh mục hành chính chuẩn,2026-09-12,DataVietNam,2026-09-12
OTH_SLĐTBXH_DNAI,Sở Lao động - Thương binh và Xã hội Đồng Nai,OTHER,province,2018,2026,dvc_2018,https://dichvucong.gov.vn/archive/2018,generated_catalog,source,2026-09-12T19:42:24.601202,crawl_2018_2026,Sở Lao động - Thương binh và Xã hội Đồng Nai,OTH_SLĐTBXH_DNAI,so lao ong thuong binh va xa hoi ong nai,OTHER,Annotator_A,HIGH,Khớp hoàn toàn danh mục hành chính chuẩn,2026-09-12,DataVietNam,2026-09-12
OTH_SVHTTDL_DNAI,Sở Văn hóa Thể thao và Du lịch Đồng Nai,OTHER,province,2018,2026,dvc_2018,https://dichvucong.gov.vn/archive/2018,generated_catalog,source,2026-09-12T19:42:24.601202,crawl_2018_2026,Sở Văn hóa Thể thao và Du lịch Đồng Nai,OTH_SVHTTDL_DNAI,so van hoa the thao va du lich ong nai,OTHER,Annotator_A,HIGH,Khớp hoàn toàn danh mục hành chính chuẩn,2026-09-12,DataVietNam,2026-09-12
OTH_STTTT_DNAI,Sở Thông tin và Truyền thông Đồng Nai,OTHER,province,2018,2026,dvc_2018,https://dichvucong.gov.vn/archive/2018,generated_catalog,source,2026-09-12T19:42:24.601202,crawl_2018_2026,Sở Thông tin và Truyền thông Đồng Nai,OTH_STTTT_DNAI,so thong tin va truyen thong ong nai,OTHER,Annotator_A,HIGH,Khớp hoàn toàn danh mục hành chính chuẩn,2026-09-12,DataVietNam,2026-09-12
OTH_SKHCN_DNAI,Sở Khoa học và Công nghệ Đồng Nai,OTHER,province,2018,2026,dvc_2018,https://dichvucong.gov.vn/archive/2018,generated_catalog,source,2026-09-12T19:42:24.601202,crawl_2018_2026,Sở Khoa học và Công nghệ Đồng Nai,OTH_SKHCN_DNAI,so khoa hoc va cong nghe ong nai,OTHER,Annotator_A,HIGH,Khớp hoàn toàn danh mục hành chính chuẩn,2026-09-12,DataVietNam,2026-09-12
OTH_UBND_BD,Ủy ban nhân dân Bình Dương,OTHER,province,2018,2026,dvc_2018,https://dichvucong.gov.vn/archive/2018,generated_catalog,source,2026-09-12T19:42:24.601202,crawl_2018_2026,Ủy ban nhân dân Bình Dương,OTH_UBND_BD,uy ban nhan dan binh duong,OTHER,Annotator_A,HIGH,Khớp hoàn toàn danh mục hành chính chuẩn,2026-09-12,DataVietNam,2026-09-12
OTH_BHXH_BD,Bảo hiểm Xã hội Bình Dương,OTHER,province,2018,2026,dvc_2018,https://dichvucong.gov.vn/archive/2018,generated_catalog,source,2026-09-12T19:42:24.601202,crawl_2018_2026,Bảo hiểm Xã hội Bình Dương,OTH_BHXH_BD,bao hiem xa hoi binh duong,OTHER,Annotator_A,HIGH,Khớp hoàn toàn danh mục hành chính chuẩn,2026-09-12,DataVietNam,2026-09-12
OTH_SYT_BD,Sở Y tế Bình Dương,OTHER,province,2018,2026,dvc_2018,https://dichvucong.gov.vn/archive/2018,generated_catalog,source,2026-09-12T19:42:24.601202,crawl_2018_2026,Sở Y tế Bình Dương,OTH_SYT_BD,so y te binh duong,OTHER,Annotator_A,HIGH,Khớp hoàn toàn danh mục hành chính chuẩn,2026-09-12,DataVietNam,2026-09-12
OTH_SGD_BD,Sở Giáo dục và Đào tạo Bình Dương,OTHER,province,2018,2026,dvc_2018,https://dichvucong.gov.vn/archive/2018,generated_catalog,source,2026-09-12T19:42:24.601202,crawl_2018_2026,Sở Giáo dục và Đào tạo Bình Dương,OTH_SGD_BD,so giao duc va ao tao binh duong,OTHER,Annotator_A,HIGH,Khớp hoàn toàn danh mục hành chính chuẩn,2026-09-12,DataVietNam,2026-09-12
OTH_STC_BD,Sở Tài chính Bình Dương,OTHER,province,2018,2026,dvc_2018,https://dichvucong.gov.vn/archive/2018,generated_catalog,source,2026-09-12T19:42:24.601202,crawl_2018_2026,Sở Tài chính Bình Dương,OTH_STC_BD,so tai chinh binh duong,OTHER,Annotator_A,HIGH,Khớp hoàn toàn danh mục hành chính chuẩn,2026-09-12,DataVietNam,2026-09-12
OTH_STP_BD,Sở Tư pháp Bình Dương,OTHER,province,2018,2026,dvc_2018,https://dichvucong.gov.vn/archive/2018,generated_catalog,source,2026-09-12T19:42:24.601202,crawl_2018_2026,Sở Tư pháp Bình Dương,OTH_STP_BD,so tu phap binh duong,OTHER,Annotator_A,HIGH,Khớp hoàn toàn danh mục hành chính chuẩn,2026-09-12,DataVietNam,2026-09-12
OTH_SKH_BD,Sở Kế hoạch và Đầu tư Bình Dương,OTHER,province,2018,2026,dvc_2018,https://dichvucong.gov.vn/archive/2018,generated_catalog,source,2026-09-12T19:42:24.601202,crawl_2018_2026,Sở Kế hoạch và Đầu tư Bình Dương,OTH_SKH_BD,so ke hoach va au tu binh duong,OTHER,Annotator_A,HIGH,Khớp hoàn toàn danh mục hành chính chuẩn,2026-09-12,DataVietNam,2026-09-12
OTH_SXD_BD,Sở Xây dựng Bình Dương,OTHER,province,2018,2026,dvc_2018,https://dichvucong.gov.vn/archive/2018,generated_catalog,source,2026-09-12T19:42:24.601202,crawl_2018_2026,Sở Xây dựng Bình Dương,OTH_SXD_BD,so xay dung binh duong,OTHER,Annotator_A,HIGH,Khớp hoàn toàn danh mục hành chính chuẩn,2026-09-12,DataVietNam,2026-09-12
OTH_STNMT_BD,Sở Tài nguyên và Môi trường Bình Dương,OTHER,province,2018,2026,dvc_2018,https://dichvucong.gov.vn/archive/2018,generated_catalog,source,2026-09-12T19:42:24.601202,crawl_2018_2026,Sở Tài nguyên và Môi trường Bình Dương,OTH_STNMT_BD,so tai nguyen va moi truong binh duong,OTHER,Annotator_A,HIGH,Khớp hoàn toàn danh mục hành chính chuẩn,2026-09-12,DataVietNam,2026-09-12
OTH_SNV_BD,Sở Nội vụ Bình Dương,OTHER,province,2018,2026,dvc_2018,https://dichvucong.gov.vn/archive/2018,generated_catalog,source,2026-09-12T19:42:24.601202,crawl_2018_2026,Sở Nội vụ Bình Dương,OTH_SNV_BD,so noi vu binh duong,OTHER,Annotator_A,HIGH,Khớp hoàn toàn danh mục hành chính chuẩn,2026-09-12,DataVietNam,2026-09-12
OTH_SGTVT_BD,Sở Giao thông vận tải Bình Dương,OTHER,province,2018,2026,dvc_2018,https://dichvucong.gov.vn/archive/2018,generated_catalog,source,2026-09-12T19:42:24.601202,crawl_2018_2026,Sở Giao thông vận tải Bình Dương,OTH_SGTVT_BD,so giao thong van tai binh duong,OTHER,Annotator_A,HIGH,Khớp hoàn toàn danh mục hành chính chuẩn,2026-09-12,DataVietNam,2026-09-12
OTH_SCT_BD,Sở Công Thương Bình Dương,OTHER,province,2018,2026,dvc_2018,https://dichvucong.gov.vn/archive/2018,generated_catalog,source,2026-09-12T19:42:24.601202,crawl_2018_2026,Sở Công Thương Bình Dương,OTH_SCT_BD,so cong thuong binh duong,OTHER,Annotator_A,HIGH,Khớp hoàn toàn danh mục hành chính chuẩn,2026-09-12,DataVietNam,2026-09-12
OTH_SNNPTNT_BD,Sở Nông nghiệp và Phát triển nông thôn Bình Dương,OTHER,province,2018,2026,dvc_2018,https://dichvucong.gov.vn/archive/2018,generated_catalog,source,2026-09-12T19:42:24.601202,crawl_2018_2026,Sở Nông nghiệp và Phát triển nông thôn Bình Dương,OTH_SNNPTNT_BD,so nong nghiep va phat trien nong thon binh duong,OTHER,Annotator_A,HIGH,Khớp hoàn toàn danh mục hành chính chuẩn,2026-09-12,DataVietNam,2026-09-12
OTH_SLĐTBXH_BD,Sở Lao động - Thương binh và Xã hội Bình Dương,OTHER,province,2018,2026,dvc_2018,https://dichvucong.gov.vn/archive/2018,generated_catalog,source,2026-09-12T19:42:24.601202,crawl_2018_2026,Sở Lao động - Thương binh và Xã hội Bình Dương,OTH_SLĐTBXH_BD,so lao ong thuong binh va xa hoi binh duong,OTHER,Annotator_A,HIGH,Khớp hoàn toàn danh mục hành chính chuẩn,2026-09-12,DataVietNam,2026-09-12
OTH_SVHTTDL_BD,Sở Văn hóa Thể thao và Du lịch Bình Dương,OTHER,province,2018,2026,dvc_2018,https://dichvucong.gov.vn/archive/2018,generated_catalog,source,2026-09-12T19:42:24.601202,crawl_2018_2026,Sở Văn hóa Thể thao và Du lịch Bình Dương,OTH_SVHTTDL_BD,so van hoa the thao va du lich binh duong,OTHER,Annotator_A,HIGH,Khớp hoàn toàn danh mục hành chính chuẩn,2026-09-12,DataVietNam,2026-09-12
OTH_STTTT_BD,Sở Thông tin và Truyền thông Bình Dương,OTHER,province,2018,2026,dvc_2018,https://dichvucong.gov.vn/archive/2018,generated_catalog,source,2026-09-12T19:42:24.601202,crawl_2018_2026,Sở Thông tin và Truyền thông Bình Dương,OTH_STTTT_BD,so thong tin va truyen thong binh duong,OTHER,Annotator_A,HIGH,Khớp hoàn toàn danh mục hành chính chuẩn,2026-09-12,DataVietNam,2026-09-12
OTH_SKHCN_BD,Sở Khoa học và Công nghệ Bình Dương,OTHER,province,2018,2026,dvc_2018,https://dichvucong.gov.vn/archive/2018,generated_catalog,source,2026-09-12T19:42:24.601202,crawl_2018_2026,Sở Khoa học và Công nghệ Bình Dương,OTH_SKHCN_BD,so khoa hoc va cong nghe binh duong,OTHER,Annotator_A,HIGH,Khớp hoàn toàn danh mục hành chính chuẩn,2026-09-12,DataVietNam,2026-09-12
OTH_UBND_VT,Ủy ban nhân dân Bà Rịa - Vũng Tàu,OTHER,province,2018,2026,dvc_2018,https://dichvucong.gov.vn/archive/2018,generated_catalog,source,2026-09-12T19:42:24.601202,crawl_2018_2026,Ủy ban nhân dân Bà Rịa - Vũng Tàu,OTH_UBND_VT,uy ban nhan dan ba ria vung tau,OTHER,Annotator_A,HIGH,Khớp hoàn toàn danh mục hành chính chuẩn,2026-09-12,DataVietNam,2026-09-12
OTH_BHXH_VT,Bảo hiểm Xã hội Bà Rịa - Vũng Tàu,OTHER,province,2018,2026,dvc_2018,https://dichvucong.gov.vn/archive/2018,generated_catalog,source,2026-09-12T19:42:24.601202,crawl_2018_2026,Bảo hiểm Xã hội Bà Rịa - Vũng Tàu,OTH_BHXH_VT,bao hiem xa hoi ba ria vung tau,OTHER,Annotator_A,HIGH,Khớp hoàn toàn danh mục hành chính chuẩn,2026-09-12,DataVietNam,2026-09-12
OTH_SYT_VT,Sở Y tế Bà Rịa - Vũng Tàu,OTHER,province,2018,2026,dvc_2018,https://dichvucong.gov.vn/archive/2018,generated_catalog,source,2026-09-12T19:42:24.601202,crawl_2018_2026,Sở Y tế Bà Rịa - Vũng Tàu,OTH_SYT_VT,so y te ba ria vung tau,OTHER,Annotator_A,HIGH,Khớp hoàn toàn danh mục hành chính chuẩn,2026-09-12,DataVietNam,2026-09-12
OTH_SGD_VT,Sở Giáo dục và Đào tạo Bà Rịa - Vũng Tàu,OTHER,province,2018,2026,dvc_2018,https://dichvucong.gov.vn/archive/2018,generated_catalog,source,2026-09-12T19:42:24.601202,crawl_2018_2026,Sở Giáo dục và Đào tạo Bà Rịa - Vũng Tàu,OTH_SGD_VT,so giao duc va ao tao ba ria vung tau,OTHER,Annotator_A,HIGH,Khớp hoàn toàn danh mục hành chính chuẩn,2026-09-12,DataVietNam,2026-09-12
OTH_STC_VT,Sở Tài chính Bà Rịa - Vũng Tàu,OTHER,province,2018,2026,dvc_2018,https://dichvucong.gov.vn/archive/2018,generated_catalog,source,2026-09-12T19:42:24.601202,crawl_2018_2026,Sở Tài chính Bà Rịa - Vũng Tàu,OTH_STC_VT,so tai chinh ba ria vung tau,OTHER,Annotator_A,HIGH,Khớp hoàn toàn danh mục hành chính chuẩn,2026-09-12,DataVietNam,2026-09-12
OTH_STP_VT,Sở Tư pháp Bà Rịa - Vũng Tàu,OTHER,province,2018,2026,dvc_2018,https://dichvucong.gov.vn/archive/2018,generated_catalog,source,2026-09-12T19:42:24.601202,crawl_2018_2026,Sở Tư pháp Bà Rịa - Vũng Tàu,OTH_STP_VT,so tu phap ba ria vung tau,OTHER,Annotator_A,HIGH,Khớp hoàn toàn danh mục hành chính chuẩn,2026-09-12,DataVietNam,2026-09-12
OTH_SKH_VT,Sở Kế hoạch và Đầu tư Bà Rịa - Vũng Tàu,OTHER,province,2018,2026,dvc_2018,https://dichvucong.gov.vn/archive/2018,generated_catalog,source,2026-09-12T19:42:24.601202,crawl_2018_2026,Sở Kế hoạch và Đầu tư Bà Rịa - Vũng Tàu,OTH_SKH_VT,so ke hoach va au tu ba ria vung tau,OTHER,Annotator_A,HIGH,Khớp hoàn toàn danh mục hành chính chuẩn,2026-09-12,DataVietNam,2026-09-12
OTH_SXD_VT,Sở Xây dựng Bà Rịa - Vũng Tàu,OTHER,province,2018,2026,dvc_2018,https://dichvucong.gov.vn/archive/2018,generated_catalog,source,2026-09-12T19:42:24.601202,crawl_2018_2026,Sở Xây dựng Bà Rịa - Vũng Tàu,OTH_SXD_VT,so xay dung ba ria vung tau,OTHER,Annotator_A,HIGH,Khớp hoàn toàn danh mục hành chính chuẩn,2026-09-12,DataVietNam,2026-09-12
OTH_STNMT_VT,Sở Tài nguyên và Môi trường Bà Rịa - Vũng Tàu,OTHER,province,2018,2026,dvc_2018,https://dichvucong.gov.vn/archive/2018,generated_catalog,source,2026-09-12T19:42:24.601202,crawl_2018_2026,Sở Tài nguyên và Môi trường Bà Rịa - Vũng Tàu,OTH_STNMT_VT,so tai nguyen va moi truong ba ria vung tau,OTHER,Annotator_A,HIGH,Khớp hoàn toàn danh mục hành chính chuẩn,2026-09-12,DataVietNam,2026-09-12
OTH_SNV_VT,Sở Nội vụ Bà Rịa - Vũng Tàu,OTHER,province,2018,2026,dvc_2018,https://dichvucong.gov.vn/archive/2018,generated_catalog,source,2026-09-12T19:42:24.601202,crawl_2018_2026,Sở Nội vụ Bà Rịa - Vũng Tàu,OTH_SNV_VT,so noi vu ba ria vung tau,OTHER,Annotator_A,HIGH,Khớp hoàn toàn danh mục hành chính chuẩn,2026-09-12,DataVietNam,2026-09-12
OTH_SGTVT_VT,Sở Giao thông vận tải Bà Rịa - Vũng Tàu,OTHER,province,2018,2026,dvc_2018,https://dichvucong.gov.vn/archive/2018,generated_catalog,source,2026-09-12T19:42:24.601202,crawl_2018_2026,Sở Giao thông vận tải Bà Rịa - Vũng Tàu,OTH_SGTVT_VT,so giao thong van tai ba ria vung tau,OTHER,Annotator_A,HIGH,Khớp hoàn toàn danh mục hành chính chuẩn,2026-09-12,DataVietNam,2026-09-12
OTH_SCT_VT,Sở Công Thương Bà Rịa - Vũng Tàu,OTHER,province,2018,2026,dvc_2018,https://dichvucong.gov.vn/archive/2018,generated_catalog,source,2026-09-12T19:42:24.601202,crawl_2018_2026,Sở Công Thương Bà Rịa - Vũng Tàu,OTH_SCT_VT,so cong thuong ba ria vung tau,OTHER,Annotator_A,HIGH,Khớp hoàn toàn danh mục hành chính chuẩn,2026-09-12,DataVietNam,2026-09-12
OTH_SNNPTNT_VT,Sở Nông nghiệp và Phát triển nông thôn Bà Rịa - Vũng Tàu,OTHER,province,2018,2026,dvc_2018,https://dichvucong.gov.vn/archive/2018,generated_catalog,source,2026-09-12T19:42:24.601202,crawl_2018_2026,Sở Nông nghiệp và Phát triển nông thôn Bà Rịa - Vũng Tàu,OTH_SNNPTNT_VT,so nong nghiep va phat trien nong thon ba ria vung tau,OTHER,Annotator_A,HIGH,Khớp hoàn toàn danh mục hành chính chuẩn,2026-09-12,DataVietNam,2026-09-12
OTH_SLĐTBXH_VT,Sở Lao động - Thương binh và Xã hội Bà Rịa - Vũng Tàu,OTHER,province,2018,2026,dvc_2018,https://dichvucong.gov.vn/archive/2018,generated_catalog,source,2026-09-12T19:42:24.601202,crawl_2018_2026,Sở Lao động - Thương binh và Xã hội Bà Rịa - Vũng Tàu,OTH_SLĐTBXH_VT,so lao ong thuong binh va xa hoi ba ria vung tau,OTHER,Annotator_A,HIGH,Khớp hoàn toàn danh mục hành chính chuẩn,2026-09-12,DataVietNam,2026-09-12
OTH_SVHTTDL_VT,Sở Văn hóa Thể thao và Du lịch Bà Rịa - Vũng Tàu,OTHER,province,2018,2026,dvc_2018,https://dichvucong.gov.vn/archive/2018,generated_catalog,source,2026-09-12T19:42:24.601202,crawl_2018_2026,Sở Văn hóa Thể thao và Du lịch Bà Rịa - Vũng Tàu,OTH_SVHTTDL_VT,so van hoa the thao va du lich ba ria vung tau,OTHER,Annotator_A,HIGH,Khớp hoàn toàn danh mục hành chính chuẩn,2026-09-12,DataVietNam,2026-09-12
OTH_STTTT_VT,Sở Thông tin và Truyền thông Bà Rịa - Vũng Tàu,OTHER,province,2018,2026,dvc_2018,https://dichvucong.gov.vn/archive/2018,generated_catalog,source,2026-09-12T19:42:24.601202,crawl_2018_2026,Sở Thông tin và Truyền thông Bà Rịa - Vũng Tàu,OTH_STTTT_VT,so thong tin va truyen thong ba ria vung tau,OTHER,Annotator_A,HIGH,Khớp hoàn toàn danh mục hành chính chuẩn,2026-09-12,DataVietNam,2026-09-12
OTH_SKHCN_VT,Sở Khoa học và Công nghệ Bà Rịa - Vũng Tàu,OTHER,province,2018,2026,dvc_2018,https://dichvucong.gov.vn/archive/2018,generated_catalog,source,2026-09-12T19:42:24.601202,crawl_2018_2026,Sở Khoa học và Công nghệ Bà Rịa - Vũng Tàu,OTH_SKHCN_VT,so khoa hoc va cong nghe ba ria vung tau,OTHER,Annotator_A,HIGH,Khớp hoàn toàn danh mục hành chính chuẩn,2026-09-12,DataVietNam,2026-09-12
OTH_UBND_TNI,Ủy ban nhân dân Tây Ninh,OTHER,province,2018,2026,dvc_2018,https://dichvucong.gov.vn/archive/2018,generated_catalog,source,2026-09-12T19:42:24.601202,crawl_2018_2026,Ủy ban nhân dân Tây Ninh,OTH_UBND_TNI,uy ban nhan dan tay ninh,OTHER,Annotator_A,HIGH,Khớp hoàn toàn danh mục hành chính chuẩn,2026-09-12,DataVietNam,2026-09-12
OTH_BHXH_TNI,Bảo hiểm Xã hội Tây Ninh,OTHER,province,2018,2026,dvc_2018,https://dichvucong.gov.vn/archive/2018,generated_catalog,source,2026-09-12T19:42:24.601202,crawl_2018_2026,Bảo hiểm Xã hội Tây Ninh,OTH_BHXH_TNI,bao hiem xa hoi tay ninh,OTHER,Annotator_A,HIGH,Khớp hoàn toàn danh mục hành chính chuẩn,2026-09-12,DataVietNam,2026-09-12
OTH_SYT_TNI,Sở Y tế Tây Ninh,OTHER,province,2018,2026,dvc_2018,https://dichvucong.gov.vn/archive/2018,generated_catalog,source,2026-09-12T19:42:24.601202,crawl_2018_2026,Sở Y tế Tây Ninh,OTH_SYT_TNI,so y te tay ninh,OTHER,Annotator_A,HIGH,Khớp hoàn toàn danh mục hành chính chuẩn,2026-09-12,DataVietNam,2026-09-12
OTH_SGD_TNI,Sở Giáo dục và Đào tạo Tây Ninh,OTHER,province,2018,2026,dvc_2018,https://dichvucong.gov.vn/archive/2018,generated_catalog,source,2026-09-12T19:42:24.601202,crawl_2018_2026,Sở Giáo dục và Đào tạo Tây Ninh,OTH_SGD_TNI,so giao duc va ao tao tay ninh,OTHER,Annotator_A,HIGH,Khớp hoàn toàn danh mục hành chính chuẩn,2026-09-12,DataVietNam,2026-09-12
OTH_STC_TNI,Sở Tài chính Tây Ninh,OTHER,province,2018,2026,dvc_2018,https://dichvucong.gov.vn/archive/2018,generated_catalog,source,2026-09-12T19:42:24.601202,crawl_2018_2026,Sở Tài chính Tây Ninh,OTH_STC_TNI,so tai chinh tay ninh,OTHER,Annotator_A,HIGH,Khớp hoàn toàn danh mục hành chính chuẩn,2026-09-12,DataVietNam,2026-09-12
OTH_STP_TNI,Sở Tư pháp Tây Ninh,OTHER,province,2018,2026,dvc_2018,https://dichvucong.gov.vn/archive/2018,generated_catalog,source,2026-09-12T19:42:24.601202,crawl_2018_2026,Sở Tư pháp Tây Ninh,OTH_STP_TNI,so tu phap tay ninh,OTHER,Annotator_A,HIGH,Khớp hoàn toàn danh mục hành chính chuẩn,2026-09-12,DataVietNam,2026-09-12
OTH_SKH_TNI,Sở Kế hoạch và Đầu tư Tây Ninh,OTHER,province,2018,2026,dvc_2018,https://dichvucong.gov.vn/archive/2018,generated_catalog,source,2026-09-12T19:42:24.601202,crawl_2018_2026,Sở Kế hoạch và Đầu tư Tây Ninh,OTH_SKH_TNI,so ke hoach va au tu tay ninh,OTHER,Annotator_A,HIGH,Khớp hoàn toàn danh mục hành chính chuẩn,2026-09-12,DataVietNam,2026-09-12
OTH_SXD_TNI,Sở Xây dựng Tây Ninh,OTHER,province,2018,2026,dvc_2018,https://dichvucong.gov.vn/archive/2018,generated_catalog,source,2026-09-12T19:42:24.601202,crawl_2018_2026,Sở Xây dựng Tây Ninh,OTH_SXD_TNI,so xay dung tay ninh,OTHER,Annotator_A,HIGH,Khớp hoàn toàn danh mục hành chính chuẩn,2026-09-12,DataVietNam,2026-09-12
OTH_STNMT_TNI,Sở Tài nguyên và Môi trường Tây Ninh,OTHER,province,2018,2026,dvc_2018,https://dichvucong.gov.vn/archive/2018,generated_catalog,source,2026-09-12T19:42:24.601202,crawl_2018_2026,Sở Tài nguyên và Môi trường Tây Ninh,OTH_STNMT_TNI,so tai nguyen va moi truong tay ninh,OTHER,Annotator_A,HIGH,Khớp hoàn toàn danh mục hành chính chuẩn,2026-09-12,DataVietNam,2026-09-12
OTH_SNV_TNI,Sở Nội vụ Tây Ninh,OTHER,province,2018,2026,dvc_2018,https://dichvucong.gov.vn/archive/2018,generated_catalog,source,2026-09-12T19:42:24.601202,crawl_2018_2026,Sở Nội vụ Tây Ninh,OTH_SNV_TNI,so noi vu tay ninh,OTHER,Annotator_A,HIGH,Khớp hoàn toàn danh mục hành chính chuẩn,2026-09-12,DataVietNam,2026-09-12
OTH_SGTVT_TNI,Sở Giao thông vận tải Tây Ninh,OTHER,province,2018,2026,dvc_2018,https://dichvucong.gov.vn/archive/2018,generated_catalog,source,2026-09-12T19:42:24.601202,crawl_2018_2026,Sở Giao thông vận tải Tây Ninh,OTH_SGTVT_TNI,so giao thong van tai tay ninh,OTHER,Annotator_A,HIGH,Khớp hoàn toàn danh mục hành chính chuẩn,2026-09-12,DataVietNam,2026-09-12
OTH_SCT_TNI,Sở Công Thương Tây Ninh,OTHER,province,2018,2026,dvc_2018,https://dichvucong.gov.vn/archive/2018,generated_catalog,source,2026-09-12T19:42:24.601202,crawl_2018_2026,Sở Công Thương Tây Ninh,OTH_SCT_TNI,so cong thuong tay ninh,OTHER,Annotator_A,HIGH,Khớp hoàn toàn danh mục hành chính chuẩn,2026-09-12,DataVietNam,2026-09-12
OTH_SNNPTNT_TNI,Sở Nông nghiệp và Phát triển nông thôn Tây Ninh,OTHER,province,2018,2026,dvc_2018,https://dichvucong.gov.vn/archive/2018,generated_catalog,source,2026-09-12T19:42:24.601202,crawl_2018_2026,Sở Nông nghiệp và Phát triển nông thôn Tây Ninh,OTH_SNNPTNT_TNI,so nong nghiep va phat trien nong thon tay ninh,OTHER,Annotator_A,HIGH,Khớp hoàn toàn danh mục hành chính chuẩn,2026-09-12,DataVietNam,2026-09-12
OTH_SLĐTBXH_TNI,Sở Lao động - Thương binh và Xã hội Tây Ninh,OTHER,province,2018,2026,dvc_2018,https://dichvucong.gov.vn/archive/2018,generated_catalog,source,2026-09-12T19:42:24.601202,crawl_2018_2026,Sở Lao động - Thương binh và Xã hội Tây Ninh,OTH_SLĐTBXH_TNI,so lao ong thuong binh va xa hoi tay ninh,OTHER,Annotator_A,HIGH,Khớp hoàn toàn danh mục hành chính chuẩn,2026-09-12,DataVietNam,2026-09-12
OTH_SVHTTDL_TNI,Sở Văn hóa Thể thao và Du lịch Tây Ninh,OTHER,province,2018,2026,dvc_2018,https://dichvucong.gov.vn/archive/2018,generated_catalog,source,2026-09-12T19:42:24.601202,crawl_2018_2026,Sở Văn hóa Thể thao và Du lịch Tây Ninh,OTH_SVHTTDL_TNI,so van hoa the thao va du lich tay ninh,OTHER,Annotator_A,HIGH,Khớp hoàn toàn danh mục hành chính chuẩn,2026-09-12,DataVietNam,2026-09-12
OTH_STTTT_TNI,Sở Thông tin và Truyền thông Tây Ninh,OTHER,province,2018,2026,dvc_2018,https://dichvucong.gov.vn/archive/2018,generated_catalog,source,2026-09-12T19:42:24.601202,crawl_2018_2026,Sở Thông tin và Truyền thông Tây Ninh,OTH_STTTT_TNI,so thong tin va truyen thong tay ninh,OTHER,Annotator_A,HIGH,Khớp hoàn toàn danh mục hành chính chuẩn,2026-09-12,DataVietNam,2026-09-12
OTH_SKHCN_TNI,Sở Khoa học và Công nghệ Tây Ninh,OTHER,province,2018,2026,dvc_2018,https://dichvucong.gov.vn/archive/2018,generated_catalog,source,2026-09-12T19:42:24.601202,crawl_2018_2026,Sở Khoa học và Công nghệ Tây Ninh,OTH_SKHCN_TNI,so khoa hoc va cong nghe tay ninh,OTHER,Annotator_A,HIGH,Khớp hoàn toàn danh mục hành chính chuẩn,2026-09-12,DataVietNam,2026-09-12
OTH_UBND_BPC,Ủy ban nhân dân Bình Phước,OTHER,province,2018,2026,dvc_2018,https://dichvucong.gov.vn/archive/2018,generated_catalog,source,2026-09-12T19:42:24.601202,crawl_2018_2026,Ủy ban nhân dân Bình Phước,OTH_UBND_BPC,uy ban nhan dan binh phuoc,OTHER,Annotator_A,HIGH,Khớp hoàn toàn danh mục hành chính chuẩn,2026-09-12,DataVietNam,2026-09-12
OTH_BHXH_BPC,Bảo hiểm Xã hội Bình Phước,OTHER,province,2018,2026,dvc_2018,https://dichvucong.gov.vn/archive/2018,generated_catalog,source,2026-09-12T19:42:24.601202,crawl_2018_2026,Bảo hiểm Xã hội Bình Phước,OTH_BHXH_BPC,bao hiem xa hoi binh phuoc,OTHER,Annotator_A,HIGH,Khớp hoàn toàn danh mục hành chính chuẩn,2026-09-12,DataVietNam,2026-09-12
OTH_SYT_BPC,Sở Y tế Bình Phước,OTHER,province,2018,2026,dvc_2018,https://dichvucong.gov.vn/archive/2018,generated_catalog,source,2026-09-12T19:42:24.601202,crawl_2018_2026,Sở Y tế Bình Phước,OTH_SYT_BPC,so y te binh phuoc,OTHER,Annotator_A,HIGH,Khớp hoàn toàn danh mục hành chính chuẩn,2026-09-12,DataVietNam,2026-09-12
OTH_SGD_BPC,Sở Giáo dục và Đào tạo Bình Phước,OTHER,province,2018,2026,dvc_2018,https://dichvucong.gov.vn/archive/2018,generated_catalog,source,2026-09-12T19:42:24.601202,crawl_2018_2026,Sở Giáo dục và Đào tạo Bình Phước,OTH_SGD_BPC,so giao duc va ao tao binh phuoc,OTHER,Annotator_A,HIGH,Khớp hoàn toàn danh mục hành chính chuẩn,2026-09-12,DataVietNam,2026-09-12
OTH_STC_BPC,Sở Tài chính Bình Phước,OTHER,province,2018,2026,dvc_2018,https://dichvucong.gov.vn/archive/2018,generated_catalog,source,2026-09-12T19:42:24.601202,crawl_2018_2026,Sở Tài chính Bình Phước,OTH_STC_BPC,so tai chinh binh phuoc,OTHER,Annotator_A,HIGH,Khớp hoàn toàn danh mục hành chính chuẩn,2026-09-12,DataVietNam,2026-09-12
OTH_STP_BPC,Sở Tư pháp Bình Phước,OTHER,province,2018,2026,dvc_2018,https://dichvucong.gov.vn/archive/2018,generated_catalog,source,2026-09-12T19:42:24.601202,crawl_2018_2026,Sở Tư pháp Bình Phước,OTH_STP_BPC,so tu phap binh phuoc,OTHER,Annotator_A,HIGH,Khớp hoàn toàn danh mục hành chính chuẩn,2026-09-12,DataVietNam,2026-09-12
OTH_SKH_BPC,Sở Kế hoạch và Đầu tư Bình Phước,OTHER,province,2018,2026,dvc_2018,https://dichvucong.gov.vn/archive/2018,generated_catalog,source,2026-09-12T19:42:24.601202,crawl_2018_2026,Sở Kế hoạch và Đầu tư Bình Phước,OTH_SKH_BPC,so ke hoach va au tu binh phuoc,OTHER,Annotator_A,HIGH,Khớp hoàn toàn danh mục hành chính chuẩn,2026-09-12,DataVietNam,2026-09-12
OTH_SXD_BPC,Sở Xây dựng Bình Phước,OTHER,province,2018,2026,dvc_2018,https://dichvucong.gov.vn/archive/2018,generated_catalog,source,2026-09-12T19:42:24.601202,crawl_2018_2026,Sở Xây dựng Bình Phước,OTH_SXD_BPC,so xay dung binh phuoc,OTHER,Annotator_A,HIGH,Khớp hoàn toàn danh mục hành chính chuẩn,2026-09-12,DataVietNam,2026-09-12
OTH_STNMT_BPC,Sở Tài nguyên và Môi trường Bình Phước,OTHER,province,2018,2026,dvc_2018,https://dichvucong.gov.vn/archive/2018,generated_catalog,source,2026-09-12T19:42:24.601202,crawl_2018_2026,Sở Tài nguyên và Môi trường Bình Phước,OTH_STNMT_BPC,so tai nguyen va moi truong binh phuoc,OTHER,Annotator_A,HIGH,Khớp hoàn toàn danh mục hành chính chuẩn,2026-09-12,DataVietNam,2026-09-12
OTH_SNV_BPC,Sở Nội vụ Bình Phước,OTHER,province,2018,2026,dvc_2018,https://dichvucong.gov.vn/archive/2018,generated_catalog,source,2026-09-12T19:42:24.601202,crawl_2018_2026,Sở Nội vụ Bình Phước,OTH_SNV_BPC,so noi vu binh phuoc,OTHER,Annotator_A,HIGH,Khớp hoàn toàn danh mục hành chính chuẩn,2026-09-12,DataVietNam,2026-09-12
OTH_SGTVT_BPC,Sở Giao thông vận tải Bình Phước,OTHER,province,2018,2026,dvc_2018,https://dichvucong.gov.vn/archive/2018,generated_catalog,source,2026-09-12T19:42:24.601202,crawl_2018_2026,Sở Giao thông vận tải Bình Phước,OTH_SGTVT_BPC,so giao thong van tai binh phuoc,OTHER,Annotator_A,HIGH,Khớp hoàn toàn danh mục hành chính chuẩn,2026-09-12,DataVietNam,2026-09-12
OTH_SCT_BPC,Sở Công Thương Bình Phước,OTHER,province,2018,2026,dvc_2018,https://dichvucong.gov.vn/archive/2018,generated_catalog,source,2026-09-12T19:42:24.601202,crawl_2018_2026,Sở Công Thương Bình Phước,OTH_SCT_BPC,so cong thuong binh phuoc,OTHER,Annotator_A,HIGH,Khớp hoàn toàn danh mục hành chính chuẩn,2026-09-12,DataVietNam,2026-09-12
OTH_SNNPTNT_BPC,Sở Nông nghiệp và Phát triển nông thôn Bình Phước,OTHER,province,2018,2026,dvc_2018,https://dichvucong.gov.vn/archive/2018,generated_catalog,source,2026-09-12T19:42:24.601202,crawl_2018_2026,Sở Nông nghiệp và Phát triển nông thôn Bình Phước,OTH_SNNPTNT_BPC,so nong nghiep va phat trien nong thon binh phuoc,OTHER,Annotator_A,HIGH,Khớp hoàn toàn danh mục hành chính chuẩn,2026-09-12,DataVietNam,2026-09-12
OTH_SLĐTBXH_BPC,Sở Lao động - Thương binh và Xã hội Bình Phước,OTHER,province,2018,2026,dvc_2018,https://dichvucong.gov.vn/archive/2018,generated_catalog,source,2026-09-12T19:42:24.601202,crawl_2018_2026,Sở Lao động - Thương binh và Xã hội Bình Phước,OTH_SLĐTBXH_BPC,so lao ong thuong binh va xa hoi binh phuoc,OTHER,Annotator_A,HIGH,Khớp hoàn toàn danh mục hành chính chuẩn,2026-09-12,DataVietNam,2026-09-12
OTH_SVHTTDL_BPC,Sở Văn hóa Thể thao và Du lịch Bình Phước,OTHER,province,2018,2026,dvc_2018,https://dichvucong.gov.vn/archive/2018,generated_catalog,source,2026-09-12T19:42:24.601202,crawl_2018_2026,Sở Văn hóa Thể thao và Du lịch Bình Phước,OTH_SVHTTDL_BPC,so van hoa the thao va du lich binh phuoc,OTHER,Annotator_A,HIGH,Khớp hoàn toàn danh mục hành chính chuẩn,2026-09-12,DataVietNam,2026-09-12
OTH_STTTT_BPC,Sở Thông tin và Truyền thông Bình Phước,OTHER,province,2018,2026,dvc_2018,https://dichvucong.gov.vn/archive/2018,generated_catalog,source,2026-09-12T19:42:24.601202,crawl_2018_2026,Sở Thông tin và Truyền thông Bình Phước,OTH_STTTT_BPC,so thong tin va truyen thong binh phuoc,OTHER,Annotator_A,HIGH,Khớp hoàn toàn danh mục hành chính chuẩn,2026-09-12,DataVietNam,2026-09-12
OTH_SKHCN_BPC,Sở Khoa học và Công nghệ Bình Phước,OTHER,province,2018,2026,dvc_2018,https://dichvucong.gov.vn/archive/2018,generated_catalog,source,2026-09-12T19:42:24.601202,crawl_2018_2026,Sở Khoa học và Công nghệ Bình Phước,OTH_SKHCN_BPC,so khoa hoc va cong nghe binh phuoc,OTHER,Annotator_A,HIGH,Khớp hoàn toàn danh mục hành chính chuẩn,2026-09-12,DataVietNam,2026-09-12
OTH_UBND_AGI,Ủy ban nhân dân An Giang,OTHER,province,2018,2026,dvc_2018,https://dichvucong.gov.vn/archive/2018,generated_catalog,source,2026-09-12T19:42:24.601202,crawl_2018_2026,Ủy ban nhân dân An Giang,OTH_UBND_AGI,uy ban nhan dan an giang,OTHER,Annotator_A,HIGH,Khớp hoàn toàn danh mục hành chính chuẩn,2026-09-12,DataVietNam,2026-09-12
OTH_BHXH_AGI,Bảo hiểm Xã hội An Giang,OTHER,province,2018,2026,dvc_2018,https://dichvucong.gov.vn/archive/2018,generated_catalog,source,2026-09-12T19:42:24.601202,crawl_2018_2026,Bảo hiểm Xã hội An Giang,OTH_BHXH_AGI,bao hiem xa hoi an giang,OTHER,Annotator_A,HIGH,Khớp hoàn toàn danh mục hành chính chuẩn,2026-09-12,DataVietNam,2026-09-12
OTH_SYT_AGI,Sở Y tế An Giang,OTHER,province,2018,2026,dvc_2018,https://dichvucong.gov.vn/archive/2018,generated_catalog,source,2026-09-12T19:42:24.601202,crawl_2018_2026,Sở Y tế An Giang,OTH_SYT_AGI,so y te an giang,OTHER,Annotator_A,HIGH,Khớp hoàn toàn danh mục hành chính chuẩn,2026-09-12,DataVietNam,2026-09-12
OTH_SGD_AGI,Sở Giáo dục và Đào tạo An Giang,OTHER,province,2018,2026,dvc_2018,https://dichvucong.gov.vn/archive/2018,generated_catalog,source,2026-09-12T19:42:24.601202,crawl_2018_2026,Sở Giáo dục và Đào tạo An Giang,OTH_SGD_AGI,so giao duc va ao tao an giang,OTHER,Annotator_A,HIGH,Khớp hoàn toàn danh mục hành chính chuẩn,2026-09-12,DataVietNam,2026-09-12
OTH_STC_AGI,Sở Tài chính An Giang,OTHER,province,2018,2026,dvc_2018,https://dichvucong.gov.vn/archive/2018,generated_catalog,source,2026-09-12T19:42:24.601202,crawl_2018_2026,Sở Tài chính An Giang,OTH_STC_AGI,so tai chinh an giang,OTHER,Annotator_A,HIGH,Khớp hoàn toàn danh mục hành chính chuẩn,2026-09-12,DataVietNam,2026-09-12
OTH_STP_AGI,Sở Tư pháp An Giang,OTHER,province,2018,2026,dvc_2018,https://dichvucong.gov.vn/archive/2018,generated_catalog,source,2026-09-12T19:42:24.601202,crawl_2018_2026,Sở Tư pháp An Giang,OTH_STP_AGI,so tu phap an giang,OTHER,Annotator_A,HIGH,Khớp hoàn toàn danh mục hành chính chuẩn,2026-09-12,DataVietNam,2026-09-12
OTH_SKH_AGI,Sở Kế hoạch và Đầu tư An Giang,OTHER,province,2018,2026,dvc_2018,https://dichvucong.gov.vn/archive/2018,generated_catalog,source,2026-09-12T19:42:24.601202,crawl_2018_2026,Sở Kế hoạch và Đầu tư An Giang,OTH_SKH_AGI,so ke hoach va au tu an giang,OTHER,Annotator_A,HIGH,Khớp hoàn toàn danh mục hành chính chuẩn,2026-09-12,DataVietNam,2026-09-12
OTH_SXD_AGI,Sở Xây dựng An Giang,OTHER,province,2018,2026,dvc_2018,https://dichvucong.gov.vn/archive/2018,generated_catalog,source,2026-09-12T19:42:24.601202,crawl_2018_2026,Sở Xây dựng An Giang,OTH_SXD_AGI,so xay dung an giang,OTHER,Annotator_A,HIGH,Khớp hoàn toàn danh mục hành chính chuẩn,2026-09-12,DataVietNam,2026-09-12
OTH_STNMT_AGI,Sở Tài nguyên và Môi trường An Giang,OTHER,province,2018,2026,dvc_2018,https://dichvucong.gov.vn/archive/2018,generated_catalog,source,2026-09-12T19:42:24.601202,crawl_2018_2026,Sở Tài nguyên và Môi trường An Giang,OTH_STNMT_AGI,so tai nguyen va moi truong an giang,OTHER,Annotator_A,HIGH,Khớp hoàn toàn danh mục hành chính chuẩn,2026-09-12,DataVietNam,2026-09-12
OTH_SNV_AGI,Sở Nội vụ An Giang,OTHER,province,2018,2026,dvc_2018,https://dichvucong.gov.vn/archive/2018,generated_catalog,source,2026-09-12T19:42:24.601202,crawl_2018_2026,Sở Nội vụ An Giang,OTH_SNV_AGI,so noi vu an giang,OTHER,Annotator_A,HIGH,Khớp hoàn toàn danh mục hành chính chuẩn,2026-09-12,DataVietNam,2026-09-12
OTH_SGTVT_AGI,Sở Giao thông vận tải An Giang,OTHER,province,2018,2026,dvc_2018,https://dichvucong.gov.vn/archive/2018,generated_catalog,source,2026-09-12T19:42:24.601202,crawl_2018_2026,Sở Giao thông vận tải An Giang,OTH_SGTVT_AGI,so giao thong van tai an giang,OTHER,Annotator_A,HIGH,Khớp hoàn toàn danh mục hành chính chuẩn,2026-09-12,DataVietNam,2026-09-12
OTH_SCT_AGI,Sở Công Thương An Giang,OTHER,province,2018,2026,dvc_2018,https://dichvucong.gov.vn/archive/2018,generated_catalog,source,2026-09-12T19:42:24.601202,crawl_2018_2026,Sở Công Thương An Giang,OTH_SCT_AGI,so cong thuong an giang,OTHER,Annotator_A,HIGH,Khớp hoàn toàn danh mục hành chính chuẩn,2026-09-12,DataVietNam,2026-09-12
OTH_SNNPTNT_AGI,Sở Nông nghiệp và Phát triển nông thôn An Giang,OTHER,province,2018,2026,dvc_2018,https://dichvucong.gov.vn/archive/2018,generated_catalog,source,2026-09-12T19:42:24.601202,crawl_2018_2026,Sở Nông nghiệp và Phát triển nông thôn An Giang,OTH_SNNPTNT_AGI,so nong nghiep va phat trien nong thon an giang,OTHER,Annotator_A,HIGH,Khớp hoàn toàn danh mục hành chính chuẩn,2026-09-12,DataVietNam,2026-09-12
OTH_SLĐTBXH_AGI,Sở Lao động - Thương binh và Xã hội An Giang,OTHER,province,2018,2026,dvc_2018,https://dichvucong.gov.vn/archive/2018,generated_catalog,source,2026-09-12T19:42:24.601202,crawl_2018_2026,Sở Lao động - Thương binh và Xã hội An Giang,OTH_SLĐTBXH_AGI,so lao ong thuong binh va xa hoi an giang,OTHER,Annotator_A,HIGH,Khớp hoàn toàn danh mục hành chính chuẩn,2026-09-12,DataVietNam,2026-09-12
OTH_SVHTTDL_AGI,Sở Văn hóa Thể thao và Du lịch An Giang,OTHER,province,2018,2026,dvc_2018,https://dichvucong.gov.vn/archive/2018,generated_catalog,source,2026-09-12T19:42:24.601202,crawl_2018_2026,Sở Văn hóa Thể thao và Du lịch An Giang,OTH_SVHTTDL_AGI,so van hoa the thao va du lich an giang,OTHER,Annotator_A,HIGH,Khớp hoàn toàn danh mục hành chính chuẩn,2026-09-12,DataVietNam,2026-09-12
OTH_STTTT_AGI,Sở Thông tin và Truyền thông An Giang,OTHER,province,2018,2026,dvc_2018,https://dichvucong.gov.vn/archive/2018,generated_catalog,source,2026-09-12T19:42:24.601202,crawl_2018_2026,Sở Thông tin và Truyền thông An Giang,OTH_STTTT_AGI,so thong tin va truyen thong an giang,OTHER,Annotator_A,HIGH,Khớp hoàn toàn danh mục hành chính chuẩn,2026-09-12,DataVietNam,2026-09-12
OTH_SKHCN_AGI,Sở Khoa học và Công nghệ An Giang,OTHER,province,2018,2026,dvc_2018,https://dichvucong.gov.vn/archive/2018,generated_catalog,source,2026-09-12T19:42:24.601202,crawl_2018_2026,Sở Khoa học và Công nghệ An Giang,OTH_SKHCN_AGI,so khoa hoc va cong nghe an giang,OTHER,Annotator_A,HIGH,Khớp hoàn toàn danh mục hành chính chuẩn,2026-09-12,DataVietNam,2026-09-12
OTH_UBND_KGI,Ủy ban nhân dân Kiên Giang,OTHER,province,2018,2026,dvc_2018,https://dichvucong.gov.vn/archive/2018,generated_catalog,source,2026-09-12T19:42:24.601202,crawl_2018_2026,Ủy ban nhân dân Kiên Giang,OTH_UBND_KGI,uy ban nhan dan kien giang,OTHER,Annotator_A,HIGH,Khớp hoàn toàn danh mục hành chính chuẩn,2026-09-12,DataVietNam,2026-09-12
OTH_BHXH_KGI,Bảo hiểm Xã hội Kiên Giang,OTHER,province,2018,2026,dvc_2018,https://dichvucong.gov.vn/archive/2018,generated_catalog,source,2026-09-12T19:42:24.601202,crawl_2018_2026,Bảo hiểm Xã hội Kiên Giang,OTH_BHXH_KGI,bao hiem xa hoi kien giang,OTHER,Annotator_A,HIGH,Khớp hoàn toàn danh mục hành chính chuẩn,2026-09-12,DataVietNam,2026-09-12
OTH_SYT_KGI,Sở Y tế Kiên Giang,OTHER,province,2018,2026,dvc_2018,https://dichvucong.gov.vn/archive/2018,generated_catalog,source,2026-09-12T19:42:24.601202,crawl_2018_2026,Sở Y tế Kiên Giang,OTH_SYT_KGI,so y te kien giang,OTHER,Annotator_A,HIGH,Khớp hoàn toàn danh mục hành chính chuẩn,2026-09-12,DataVietNam,2026-09-12
OTH_SGD_KGI,Sở Giáo dục và Đào tạo Kiên Giang,OTHER,province,2018,2026,dvc_2018,https://dichvucong.gov.vn/archive/2018,generated_catalog,source,2026-09-12T19:42:24.601202,crawl_2018_2026,Sở Giáo dục và Đào tạo Kiên Giang,OTH_SGD_KGI,so giao duc va ao tao kien giang,OTHER,Annotator_A,HIGH,Khớp hoàn toàn danh mục hành chính chuẩn,2026-09-12,DataVietNam,2026-09-12
OTH_STC_KGI,Sở Tài chính Kiên Giang,OTHER,province,2018,2026,dvc_2018,https://dichvucong.gov.vn/archive/2018,generated_catalog,source,2026-09-12T19:42:24.601202,crawl_2018_2026,Sở Tài chính Kiên Giang,OTH_STC_KGI,so tai chinh kien giang,OTHER,Annotator_A,HIGH,Khớp hoàn toàn danh mục hành chính chuẩn,2026-09-12,DataVietNam,2026-09-12
OTH_STP_KGI,Sở Tư pháp Kiên Giang,OTHER,province,2018,2026,dvc_2018,https://dichvucong.gov.vn/archive/2018,generated_catalog,source,2026-09-12T19:42:24.601202,crawl_2018_2026,Sở Tư pháp Kiên Giang,OTH_STP_KGI,so tu phap kien giang,OTHER,Annotator_A,HIGH,Khớp hoàn toàn danh mục hành chính chuẩn,2026-09-12,DataVietNam,2026-09-12
OTH_SKH_KGI,Sở Kế hoạch và Đầu tư Kiên Giang,OTHER,province,2018,2026,dvc_2018,https://dichvucong.gov.vn/archive/2018,generated_catalog,source,2026-09-12T19:42:24.601202,crawl_2018_2026,Sở Kế hoạch và Đầu tư Kiên Giang,OTH_SKH_KGI,so ke hoach va au tu kien giang,OTHER,Annotator_A,HIGH,Khớp hoàn toàn danh mục hành chính chuẩn,2026-09-12,DataVietNam,2026-09-12
OTH_SXD_KGI,Sở Xây dựng Kiên Giang,OTHER,province,2018,2026,dvc_2018,https://dichvucong.gov.vn/archive/2018,generated_catalog,source,2026-09-12T19:42:24.601202,crawl_2018_2026,Sở Xây dựng Kiên Giang,OTH_SXD_KGI,so xay dung kien giang,OTHER,Annotator_A,HIGH,Khớp hoàn toàn danh mục hành chính chuẩn,2026-09-12,DataVietNam,2026-09-12
OTH_STNMT_KGI,Sở Tài nguyên và Môi trường Kiên Giang,OTHER,province,2018,2026,dvc_2018,https://dichvucong.gov.vn/archive/2018,generated_catalog,source,2026-09-12T19:42:24.601202,crawl_2018_2026,Sở Tài nguyên và Môi trường Kiên Giang,OTH_STNMT_KGI,so tai nguyen va moi truong kien giang,OTHER,Annotator_A,HIGH,Khớp hoàn toàn danh mục hành chính chuẩn,2026-09-12,DataVietNam,2026-09-12
OTH_SNV_KGI,Sở Nội vụ Kiên Giang,OTHER,province,2018,2026,dvc_2018,https://dichvucong.gov.vn/archive/2018,generated_catalog,source,2026-09-12T19:42:24.601202,crawl_2018_2026,Sở Nội vụ Kiên Giang,OTH_SNV_KGI,so noi vu kien giang,OTHER,Annotator_A,HIGH,Khớp hoàn toàn danh mục hành chính chuẩn,2026-09-12,DataVietNam,2026-09-12
OTH_SGTVT_KGI,Sở Giao thông vận tải Kiên Giang,OTHER,province,2018,2026,dvc_2018,https://dichvucong.gov.vn/archive/2018,generated_catalog,source,2026-09-12T19:42:24.601202,crawl_2018_2026,Sở Giao thông vận tải Kiên Giang,OTH_SGTVT_KGI,so giao thong van tai kien giang,OTHER,Annotator_A,HIGH,Khớp hoàn toàn danh mục hành chính chuẩn,2026-09-12,DataVietNam,2026-09-12
OTH_SCT_KGI,Sở Công Thương Kiên Giang,OTHER,province,2018,2026,dvc_2018,https://dichvucong.gov.vn/archive/2018,generated_catalog,source,2026-09-12T19:42:24.601202,crawl_2018_2026,Sở Công Thương Kiên Giang,OTH_SCT_KGI,so cong thuong kien giang,OTHER,Annotator_A,HIGH,Khớp hoàn toàn danh mục hành chính chuẩn,2026-09-12,DataVietNam,2026-09-12
OTH_SNNPTNT_KGI,Sở Nông nghiệp và Phát triển nông thôn Kiên Giang,OTHER,province,2018,2026,dvc_2018,https://dichvucong.gov.vn/archive/2018,generated_catalog,source,2026-09-12T19:42:24.601202,crawl_2018_2026,Sở Nông nghiệp và Phát triển nông thôn Kiên Giang,OTH_SNNPTNT_KGI,so nong nghiep va phat trien nong thon kien giang,OTHER,Annotator_A,HIGH,Khớp hoàn toàn danh mục hành chính chuẩn,2026-09-12,DataVietNam,2026-09-12
OTH_SLĐTBXH_KGI,Sở Lao động - Thương binh và Xã hội Kiên Giang,OTHER,province,2018,2026,dvc_2018,https://dichvucong.gov.vn/archive/2018,generated_catalog,source,2026-09-12T19:42:24.601202,crawl_2018_2026,Sở Lao động - Thương binh và Xã hội Kiên Giang,OTH_SLĐTBXH_KGI,so lao ong thuong binh va xa hoi kien giang,OTHER,Annotator_A,HIGH,Khớp hoàn toàn danh mục hành chính chuẩn,2026-09-12,DataVietNam,2026-09-12
OTH_SVHTTDL_KGI,Sở Văn hóa Thể thao và Du lịch Kiên Giang,OTHER,province,2018,2026,dvc_2018,https://dichvucong.gov.vn/archive/2018,generated_catalog,source,2026-09-12T19:42:24.601202,crawl_2018_2026,Sở Văn hóa Thể thao và Du lịch Kiên Giang,OTH_SVHTTDL_KGI,so van hoa the thao va du lich kien giang,OTHER,Annotator_A,HIGH,Khớp hoàn toàn danh mục hành chính chuẩn,2026-09-12,DataVietNam,2026-09-12
OTH_STTTT_KGI,Sở Thông tin và Truyền thông Kiên Giang,OTHER,province,2018,2026,dvc_2018,https://dichvucong.gov.vn/archive/2018,generated_catalog,source,2026-09-12T19:42:24.601202,crawl_2018_2026,Sở Thông tin và Truyền thông Kiên Giang,OTH_STTTT_KGI,so thong tin va truyen thong kien giang,OTHER,Annotator_A,HIGH,Khớp hoàn toàn danh mục hành chính chuẩn,2026-09-12,DataVietNam,2026-09-12
OTH_SKHCN_KGI,Sở Khoa học và Công nghệ Kiên Giang,OTHER,province,2018,2026,dvc_2018,https://dichvucong.gov.vn/archive/2018,generated_catalog,source,2026-09-12T19:42:24.601202,crawl_2018_2026,Sở Khoa học và Công nghệ Kiên Giang,OTH_SKHCN_KGI,so khoa hoc va cong nghe kien giang,OTHER,Annotator_A,HIGH,Khớp hoàn toàn danh mục hành chính chuẩn,2026-09-12,DataVietNam,2026-09-12
OTH_UBND_CM,Ủy ban nhân dân Cà Mau,OTHER,province,2018,2026,dvc_2018,https://dichvucong.gov.vn/archive/2018,generated_catalog,source,2026-09-12T19:42:24.601202,crawl_2018_2026,Ủy ban nhân dân Cà Mau,OTH_UBND_CM,uy ban nhan dan ca mau,OTHER,Annotator_A,HIGH,Khớp hoàn toàn danh mục hành chính chuẩn,2026-09-12,DataVietNam,2026-09-12
OTH_BHXH_CM,Bảo hiểm Xã hội Cà Mau,OTHER,province,2018,2026,dvc_2018,https://dichvucong.gov.vn/archive/2018,generated_catalog,source,2026-09-12T19:42:24.601202,crawl_2018_2026,Bảo hiểm Xã hội Cà Mau,OTH_BHXH_CM,bao hiem xa hoi ca mau,OTHER,Annotator_A,HIGH,Khớp hoàn toàn danh mục hành chính chuẩn,2026-09-12,DataVietNam,2026-09-12
OTH_SYT_CM,Sở Y tế Cà Mau,OTHER,province,2018,2026,dvc_2018,https://dichvucong.gov.vn/archive/2018,generated_catalog,source,2026-09-12T19:42:24.601202,crawl_2018_2026,Sở Y tế Cà Mau,OTH_SYT_CM,so y te ca mau,OTHER,Annotator_A,HIGH,Khớp hoàn toàn danh mục hành chính chuẩn,2026-09-12,DataVietNam,2026-09-12
OTH_SGD_CM,Sở Giáo dục và Đào tạo Cà Mau,OTHER,province,2018,2026,dvc_2018,https://dichvucong.gov.vn/archive/2018,generated_catalog,source,2026-09-12T19:42:24.601202,crawl_2018_2026,Sở Giáo dục và Đào tạo Cà Mau,OTH_SGD_CM,so giao duc va ao tao ca mau,OTHER,Annotator_A,HIGH,Khớp hoàn toàn danh mục hành chính chuẩn,2026-09-12,DataVietNam,2026-09-12
OTH_STC_CM,Sở Tài chính Cà Mau,OTHER,province,2018,2026,dvc_2018,https://dichvucong.gov.vn/archive/2018,generated_catalog,source,2026-09-12T19:42:24.601202,crawl_2018_2026,Sở Tài chính Cà Mau,OTH_STC_CM,so tai chinh ca mau,OTHER,Annotator_A,HIGH,Khớp hoàn toàn danh mục hành chính chuẩn,2026-09-12,DataVietNam,2026-09-12
OTH_STP_CM,Sở Tư pháp Cà Mau,OTHER,province,2018,2026,dvc_2018,https://dichvucong.gov.vn/archive/2018,generated_catalog,source,2026-09-12T19:42:24.601202,crawl_2018_2026,Sở Tư pháp Cà Mau,OTH_STP_CM,so tu phap ca mau,OTHER,Annotator_A,HIGH,Khớp hoàn toàn danh mục hành chính chuẩn,2026-09-12,DataVietNam,2026-09-12
OTH_SKH_CM,Sở Kế hoạch và Đầu tư Cà Mau,OTHER,province,2018,2026,dvc_2018,https://dichvucong.gov.vn/archive/2018,generated_catalog,source,2026-09-12T19:42:24.601202,crawl_2018_2026,Sở Kế hoạch và Đầu tư Cà Mau,OTH_SKH_CM,so ke hoach va au tu ca mau,OTHER,Annotator_A,HIGH,Khớp hoàn toàn danh mục hành chính chuẩn,2026-09-12,DataVietNam,2026-09-12
OTH_SXD_CM,Sở Xây dựng Cà Mau,OTHER,province,2018,2026,dvc_2018,https://dichvucong.gov.vn/archive/2018,generated_catalog,source,2026-09-12T19:42:24.601202,crawl_2018_2026,Sở Xây dựng Cà Mau,OTH_SXD_CM,so xay dung ca mau,OTHER,Annotator_A,HIGH,Khớp hoàn toàn danh mục hành chính chuẩn,2026-09-12,DataVietNam,2026-09-12
OTH_STNMT_CM,Sở Tài nguyên và Môi trường Cà Mau,OTHER,province,2018,2026,dvc_2018,https://dichvucong.gov.vn/archive/2018,generated_catalog,source,2026-09-12T19:42:24.601202,crawl_2018_2026,Sở Tài nguyên và Môi trường Cà Mau,OTH_STNMT_CM,so tai nguyen va moi truong ca mau,OTHER,Annotator_A,HIGH,Khớp hoàn toàn danh mục hành chính chuẩn,2026-09-12,DataVietNam,2026-09-12
OTH_SNV_CM,Sở Nội vụ Cà Mau,OTHER,province,2018,2026,dvc_2018,https://dichvucong.gov.vn/archive/2018,generated_catalog,source,2026-09-12T19:42:24.601202,crawl_2018_2026,Sở Nội vụ Cà Mau,OTH_SNV_CM,so noi vu ca mau,OTHER,Annotator_A,HIGH,Khớp hoàn toàn danh mục hành chính chuẩn,2026-09-12,DataVietNam,2026-09-12
OTH_SGTVT_CM,Sở Giao thông vận tải Cà Mau,OTHER,province,2018,2026,dvc_2018,https://dichvucong.gov.vn/archive/2018,generated_catalog,source,2026-09-12T19:42:24.601202,crawl_2018_2026,Sở Giao thông vận tải Cà Mau,OTH_SGTVT_CM,so giao thong van tai ca mau,OTHER,Annotator_A,HIGH,Khớp hoàn toàn danh mục hành chính chuẩn,2026-09-12,DataVietNam,2026-09-12
OTH_SCT_CM,Sở Công Thương Cà Mau,OTHER,province,2018,2026,dvc_2018,https://dichvucong.gov.vn/archive/2018,generated_catalog,source,2026-09-12T19:42:24.601202,crawl_2018_2026,Sở Công Thương Cà Mau,OTH_SCT_CM,so cong thuong ca mau,OTHER,Annotator_A,HIGH,Khớp hoàn toàn danh mục hành chính chuẩn,2026-09-12,DataVietNam,2026-09-12
OTH_SNNPTNT_CM,Sở Nông nghiệp và Phát triển nông thôn Cà Mau,OTHER,province,2018,2026,dvc_2018,https://dichvucong.gov.vn/archive/2018,generated_catalog,source,2026-09-12T19:42:24.601202,crawl_2018_2026,Sở Nông nghiệp và Phát triển nông thôn Cà Mau,OTH_SNNPTNT_CM,so nong nghiep va phat trien nong thon ca mau,OTHER,Annotator_A,HIGH,Khớp hoàn toàn danh mục hành chính chuẩn,2026-09-12,DataVietNam,2026-09-12
OTH_SLĐTBXH_CM,Sở Lao động - Thương binh và Xã hội Cà Mau,OTHER,province,2018,2026,dvc_2018,https://dichvucong.gov.vn/archive/2018,generated_catalog,source,2026-09-12T19:42:24.601202,crawl_2018_2026,Sở Lao động - Thương binh và Xã hội Cà Mau,OTH_SLĐTBXH_CM,so lao ong thuong binh va xa hoi ca mau,OTHER,Annotator_A,HIGH,Khớp hoàn toàn danh mục hành chính chuẩn,2026-09-12,DataVietNam,2026-09-12
OTH_SVHTTDL_CM,Sở Văn hóa Thể thao và Du lịch Cà Mau,OTHER,province,2018,2026,dvc_2018,https://dichvucong.gov.vn/archive/2018,generated_catalog,source,2026-09-12T19:42:24.601202,crawl_2018_2026,Sở Văn hóa Thể thao và Du lịch Cà Mau,OTH_SVHTTDL_CM,so van hoa the thao va du lich ca mau,OTHER,Annotator_A,HIGH,Khớp hoàn toàn danh mục hành chính chuẩn,2026-09-12,DataVietNam,2026-09-12
OTH_STTTT_CM,Sở Thông tin và Truyền thông Cà Mau,OTHER,province,2018,2026,dvc_2018,https://dichvucong.gov.vn/archive/2018,generated_catalog,source,2026-09-12T19:42:24.601202,crawl_2018_2026,Sở Thông tin và Truyền thông Cà Mau,OTH_STTTT_CM,so thong tin va truyen thong ca mau,OTHER,Annotator_A,HIGH,Khớp hoàn toàn danh mục hành chính chuẩn,2026-09-12,DataVietNam,2026-09-12
OTH_SKHCN_CM,Sở Khoa học và Công nghệ Cà Mau,OTHER,province,2018,2026,dvc_2018,https://dichvucong.gov.vn/archive/2018,generated_catalog,source,2026-09-12T19:42:24.601202,crawl_2018_2026,Sở Khoa học và Công nghệ Cà Mau,OTH_SKHCN_CM,so khoa hoc va cong nghe ca mau,OTHER,Annotator_A,HIGH,Khớp hoàn toàn danh mục hành chính chuẩn,2026-09-12,DataVietNam,2026-09-12
OTH_UBND_HAG,Ủy ban nhân dân Hậu Giang,OTHER,province,2018,2026,dvc_2018,https://dichvucong.gov.vn/archive/2018,generated_catalog,source,2026-09-12T19:42:24.601202,crawl_2018_2026,Ủy ban nhân dân Hậu Giang,OTH_UBND_HAG,uy ban nhan dan hau giang,OTHER,Annotator_A,HIGH,Khớp hoàn toàn danh mục hành chính chuẩn,2026-09-12,DataVietNam,2026-09-12
OTH_BHXH_HAG,Bảo hiểm Xã hội Hậu Giang,OTHER,province,2018,2026,dvc_2018,https://dichvucong.gov.vn/archive/2018,generated_catalog,source,2026-09-12T19:42:24.601202,crawl_2018_2026,Bảo hiểm Xã hội Hậu Giang,OTH_BHXH_HAG,bao hiem xa hoi hau giang,OTHER,Annotator_A,HIGH,Khớp hoàn toàn danh mục hành chính chuẩn,2026-09-12,DataVietNam,2026-09-12
OTH_SYT_HAG,Sở Y tế Hậu Giang,OTHER,province,2018,2026,dvc_2018,https://dichvucong.gov.vn/archive/2018,generated_catalog,source,2026-09-12T19:42:24.601202,crawl_2018_2026,Sở Y tế Hậu Giang,OTH_SYT_HAG,so y te hau giang,OTHER,Annotator_A,HIGH,Khớp hoàn toàn danh mục hành chính chuẩn,2026-09-12,DataVietNam,2026-09-12
OTH_SGD_HAG,Sở Giáo dục và Đào tạo Hậu Giang,OTHER,province,2018,2026,dvc_2018,https://dichvucong.gov.vn/archive/2018,generated_catalog,source,2026-09-12T19:42:24.601202,crawl_2018_2026,Sở Giáo dục và Đào tạo Hậu Giang,OTH_SGD_HAG,so giao duc va ao tao hau giang,OTHER,Annotator_A,HIGH,Khớp hoàn toàn danh mục hành chính chuẩn,2026-09-12,DataVietNam,2026-09-12
OTH_STC_HAG,Sở Tài chính Hậu Giang,OTHER,province,2018,2026,dvc_2018,https://dichvucong.gov.vn/archive/2018,generated_catalog,source,2026-09-12T19:42:24.601202,crawl_2018_2026,Sở Tài chính Hậu Giang,OTH_STC_HAG,so tai chinh hau giang,OTHER,Annotator_A,HIGH,Khớp hoàn toàn danh mục hành chính chuẩn,2026-09-12,DataVietNam,2026-09-12
OTH_STP_HAG,Sở Tư pháp Hậu Giang,OTHER,province,2018,2026,dvc_2018,https://dichvucong.gov.vn/archive/2018,generated_catalog,source,2026-09-12T19:42:24.601202,crawl_2018_2026,Sở Tư pháp Hậu Giang,OTH_STP_HAG,so tu phap hau giang,OTHER,Annotator_A,HIGH,Khớp hoàn toàn danh mục hành chính chuẩn,2026-09-12,DataVietNam,2026-09-12
OTH_SKH_HAG,Sở Kế hoạch và Đầu tư Hậu Giang,OTHER,province,2018,2026,dvc_2018,https://dichvucong.gov.vn/archive/2018,generated_catalog,source,2026-09-12T19:42:24.601202,crawl_2018_2026,Sở Kế hoạch và Đầu tư Hậu Giang,OTH_SKH_HAG,so ke hoach va au tu hau giang,OTHER,Annotator_A,HIGH,Khớp hoàn toàn danh mục hành chính chuẩn,2026-09-12,DataVietNam,2026-09-12
OTH_SXD_HAG,Sở Xây dựng Hậu Giang,OTHER,province,2018,2026,dvc_2018,https://dichvucong.gov.vn/archive/2018,generated_catalog,source,2026-09-12T19:42:24.601202,crawl_2018_2026,Sở Xây dựng Hậu Giang,OTH_SXD_HAG,so xay dung hau giang,OTHER,Annotator_A,HIGH,Khớp hoàn toàn danh mục hành chính chuẩn,2026-09-12,DataVietNam,2026-09-12
OTH_STNMT_HAG,Sở Tài nguyên và Môi trường Hậu Giang,OTHER,province,2018,2026,dvc_2018,https://dichvucong.gov.vn/archive/2018,generated_catalog,source,2026-09-12T19:42:24.601202,crawl_2018_2026,Sở Tài nguyên và Môi trường Hậu Giang,OTH_STNMT_HAG,so tai nguyen va moi truong hau giang,OTHER,Annotator_A,HIGH,Khớp hoàn toàn danh mục hành chính chuẩn,2026-09-12,DataVietNam,2026-09-12
OTH_SNV_HAG,Sở Nội vụ Hậu Giang,OTHER,province,2018,2026,dvc_2018,https://dichvucong.gov.vn/archive/2018,generated_catalog,source,2026-09-12T19:42:24.601202,crawl_2018_2026,Sở Nội vụ Hậu Giang,OTH_SNV_HAG,so noi vu hau giang,OTHER,Annotator_A,HIGH,Khớp hoàn toàn danh mục hành chính chuẩn,2026-09-12,DataVietNam,2026-09-12
OTH_SGTVT_HAG,Sở Giao thông vận tải Hậu Giang,OTHER,province,2018,2026,dvc_2018,https://dichvucong.gov.vn/archive/2018,generated_catalog,source,2026-09-12T19:42:24.601202,crawl_2018_2026,Sở Giao thông vận tải Hậu Giang,OTH_SGTVT_HAG,so giao thong van tai hau giang,OTHER,Annotator_A,HIGH,Khớp hoàn toàn danh mục hành chính chuẩn,2026-09-12,DataVietNam,2026-09-12
OTH_SCT_HAG,Sở Công Thương Hậu Giang,OTHER,province,2018,2026,dvc_2018,https://dichvucong.gov.vn/archive/2018,generated_catalog,source,2026-09-12T19:42:24.601202,crawl_2018_2026,Sở Công Thương Hậu Giang,OTH_SCT_HAG,so cong thuong hau giang,OTHER,Annotator_A,HIGH,Khớp hoàn toàn danh mục hành chính chuẩn,2026-09-12,DataVietNam,2026-09-12
OTH_SNNPTNT_HAG,Sở Nông nghiệp và Phát triển nông thôn Hậu Giang,OTHER,province,2018,2026,dvc_2018,https://dichvucong.gov.vn/archive/2018,generated_catalog,source,2026-09-12T19:42:24.601202,crawl_2018_2026,Sở Nông nghiệp và Phát triển nông thôn Hậu Giang,OTH_SNNPTNT_HAG,so nong nghiep va phat trien nong thon hau giang,OTHER,Annotator_A,HIGH,Khớp hoàn toàn danh mục hành chính chuẩn,2026-09-12,DataVietNam,2026-09-12
OTH_SLĐTBXH_HAG,Sở Lao động - Thương binh và Xã hội Hậu Giang,OTHER,province,2018,2026,dvc_2018,https://dichvucong.gov.vn/archive/2018,generated_catalog,source,2026-09-12T19:42:24.601202,crawl_2018_2026,Sở Lao động - Thương binh và Xã hội Hậu Giang,OTH_SLĐTBXH_HAG,so lao ong thuong binh va xa hoi hau giang,OTHER,Annotator_A,HIGH,Khớp hoàn toàn danh mục hành chính chuẩn,2026-09-12,DataVietNam,2026-09-12
OTH_SVHTTDL_HAG,Sở Văn hóa Thể thao và Du lịch Hậu Giang,OTHER,province,2018,2026,dvc_2018,https://dichvucong.gov.vn/archive/2018,generated_catalog,source,2026-09-12T19:42:24.601202,crawl_2018_2026,Sở Văn hóa Thể thao và Du lịch Hậu Giang,OTH_SVHTTDL_HAG,so van hoa the thao va du lich hau giang,OTHER,Annotator_A,HIGH,Khớp hoàn toàn danh mục hành chính chuẩn,2026-09-12,DataVietNam,2026-09-12
OTH_STTTT_HAG,Sở Thông tin và Truyền thông Hậu Giang,OTHER,province,2018,2026,dvc_2018,https://dichvucong.gov.vn/archive/2018,generated_catalog,source,2026-09-12T19:42:24.601202,crawl_2018_2026,Sở Thông tin và Truyền thông Hậu Giang,OTH_STTTT_HAG,so thong tin va truyen thong hau giang,OTHER,Annotator_A,HIGH,Khớp hoàn toàn danh mục hành chính chuẩn,2026-09-12,DataVietNam,2026-09-12
OTH_SKHCN_HAG,Sở Khoa học và Công nghệ Hậu Giang,OTHER,province,2018,2026,dvc_2018,https://dichvucong.gov.vn/archive/2018,generated_catalog,source,2026-09-12T19:42:24.601202,crawl_2018_2026,Sở Khoa học và Công nghệ Hậu Giang,OTH_SKHCN_HAG,so khoa hoc va cong nghe hau giang,OTHER,Annotator_A,HIGH,Khớp hoàn toàn danh mục hành chính chuẩn,2026-09-12,DataVietNam,2026-09-12
OTH_UBND_ST,Ủy ban nhân dân Sóc Trăng,OTHER,province,2018,2026,dvc_2018,https://dichvucong.gov.vn/archive/2018,generated_catalog,source,2026-09-12T19:42:24.601202,crawl_2018_2026,Ủy ban nhân dân Sóc Trăng,OTH_UBND_ST,uy ban nhan dan soc trang,OTHER,Annotator_A,HIGH,Khớp hoàn toàn danh mục hành chính chuẩn,2026-09-12,DataVietNam,2026-09-12
OTH_BHXH_ST,Bảo hiểm Xã hội Sóc Trăng,OTHER,province,2018,2026,dvc_2018,https://dichvucong.gov.vn/archive/2018,generated_catalog,source,2026-09-12T19:42:24.601202,crawl_2018_2026,Bảo hiểm Xã hội Sóc Trăng,OTH_BHXH_ST,bao hiem xa hoi soc trang,OTHER,Annotator_A,HIGH,Khớp hoàn toàn danh mục hành chính chuẩn,2026-09-12,DataVietNam,2026-09-12
OTH_SYT_ST,Sở Y tế Sóc Trăng,OTHER,province,2018,2026,dvc_2018,https://dichvucong.gov.vn/archive/2018,generated_catalog,source,2026-09-12T19:42:24.601202,crawl_2018_2026,Sở Y tế Sóc Trăng,OTH_SYT_ST,so y te soc trang,OTHER,Annotator_A,HIGH,Khớp hoàn toàn danh mục hành chính chuẩn,2026-09-12,DataVietNam,2026-09-12
OTH_SGD_ST,Sở Giáo dục và Đào tạo Sóc Trăng,OTHER,province,2018,2026,dvc_2018,https://dichvucong.gov.vn/archive/2018,generated_catalog,source,2026-09-12T19:42:24.601202,crawl_2018_2026,Sở Giáo dục và Đào tạo Sóc Trăng,OTH_SGD_ST,so giao duc va ao tao soc trang,OTHER,Annotator_A,HIGH,Khớp hoàn toàn danh mục hành chính chuẩn,2026-09-12,DataVietNam,2026-09-12
OTH_STC_ST,Sở Tài chính Sóc Trăng,OTHER,province,2018,2026,dvc_2018,https://dichvucong.gov.vn/archive/2018,generated_catalog,source,2026-09-12T19:42:24.601202,crawl_2018_2026,Sở Tài chính Sóc Trăng,OTH_STC_ST,so tai chinh soc trang,OTHER,Annotator_A,HIGH,Khớp hoàn toàn danh mục hành chính chuẩn,2026-09-12,DataVietNam,2026-09-12
OTH_STP_ST,Sở Tư pháp Sóc Trăng,OTHER,province,2018,2026,dvc_2018,https://dichvucong.gov.vn/archive/2018,generated_catalog,source,2026-09-12T19:42:24.601202,crawl_2018_2026,Sở Tư pháp Sóc Trăng,OTH_STP_ST,so tu phap soc trang,OTHER,Annotator_A,HIGH,Khớp hoàn toàn danh mục hành chính chuẩn,2026-09-12,DataVietNam,2026-09-12
OTH_SKH_ST,Sở Kế hoạch và Đầu tư Sóc Trăng,OTHER,province,2018,2026,dvc_2018,https://dichvucong.gov.vn/archive/2018,generated_catalog,source,2026-09-12T19:42:24.601202,crawl_2018_2026,Sở Kế hoạch và Đầu tư Sóc Trăng,OTH_SKH_ST,so ke hoach va au tu soc trang,OTHER,Annotator_A,HIGH,Khớp hoàn toàn danh mục hành chính chuẩn,2026-09-12,DataVietNam,2026-09-12
OTH_SXD_ST,Sở Xây dựng Sóc Trăng,OTHER,province,2018,2026,dvc_2018,https://dichvucong.gov.vn/archive/2018,generated_catalog,source,2026-09-12T19:42:24.601202,crawl_2018_2026,Sở Xây dựng Sóc Trăng,OTH_SXD_ST,so xay dung soc trang,OTHER,Annotator_A,HIGH,Khớp hoàn toàn danh mục hành chính chuẩn,2026-09-12,DataVietNam,2026-09-12
OTH_STNMT_ST,Sở Tài nguyên và Môi trường Sóc Trăng,OTHER,province,2018,2026,dvc_2018,https://dichvucong.gov.vn/archive/2018,generated_catalog,source,2026-09-12T19:42:24.601202,crawl_2018_2026,Sở Tài nguyên và Môi trường Sóc Trăng,OTH_STNMT_ST,so tai nguyen va moi truong soc trang,OTHER,Annotator_A,HIGH,Khớp hoàn toàn danh mục hành chính chuẩn,2026-09-12,DataVietNam,2026-09-12
OTH_SNV_ST,Sở Nội vụ Sóc Trăng,OTHER,province,2018,2026,dvc_2018,https://dichvucong.gov.vn/archive/2018,generated_catalog,source,2026-09-12T19:42:24.601202,crawl_2018_2026,Sở Nội vụ Sóc Trăng,OTH_SNV_ST,so noi vu soc trang,OTHER,Annotator_A,HIGH,Khớp hoàn toàn danh mục hành chính chuẩn,2026-09-12,DataVietNam,2026-09-12
OTH_SGTVT_ST,Sở Giao thông vận tải Sóc Trăng,OTHER,province,2018,2026,dvc_2018,https://dichvucong.gov.vn/archive/2018,generated_catalog,source,2026-09-12T19:42:24.601202,crawl_2018_2026,Sở Giao thông vận tải Sóc Trăng,OTH_SGTVT_ST,so giao thong van tai soc trang,OTHER,Annotator_A,HIGH,Khớp hoàn toàn danh mục hành chính chuẩn,2026-09-12,DataVietNam,2026-09-12
OTH_SCT_ST,Sở Công Thương Sóc Trăng,OTHER,province,2018,2026,dvc_2018,https://dichvucong.gov.vn/archive/2018,generated_catalog,source,2026-09-12T19:42:24.601202,crawl_2018_2026,Sở Công Thương Sóc Trăng,OTH_SCT_ST,so cong thuong soc trang,OTHER,Annotator_A,HIGH,Khớp hoàn toàn danh mục hành chính chuẩn,2026-09-12,DataVietNam,2026-09-12
OTH_SNNPTNT_ST,Sở Nông nghiệp và Phát triển nông thôn Sóc Trăng,OTHER,province,2018,2026,dvc_2018,https://dichvucong.gov.vn/archive/2018,generated_catalog,source,2026-09-12T19:42:24.601202,crawl_2018_2026,Sở Nông nghiệp và Phát triển nông thôn Sóc Trăng,OTH_SNNPTNT_ST,so nong nghiep va phat trien nong thon soc trang,OTHER,Annotator_A,HIGH,Khớp hoàn toàn danh mục hành chính chuẩn,2026-09-12,DataVietNam,2026-09-12
OTH_SLĐTBXH_ST,Sở Lao động - Thương binh và Xã hội Sóc Trăng,OTHER,province,2018,2026,dvc_2018,https://dichvucong.gov.vn/archive/2018,generated_catalog,source,2026-09-12T19:42:24.601202,crawl_2018_2026,Sở Lao động - Thương binh và Xã hội Sóc Trăng,OTH_SLĐTBXH_ST,so lao ong thuong binh va xa hoi soc trang,OTHER,Annotator_A,HIGH,Khớp hoàn toàn danh mục hành chính chuẩn,2026-09-12,DataVietNam,2026-09-12
OTH_SVHTTDL_ST,Sở Văn hóa Thể thao và Du lịch Sóc Trăng,OTHER,province,2018,2026,dvc_2018,https://dichvucong.gov.vn/archive/2018,generated_catalog,source,2026-09-12T19:42:24.601202,crawl_2018_2026,Sở Văn hóa Thể thao và Du lịch Sóc Trăng,OTH_SVHTTDL_ST,so van hoa the thao va du lich soc trang,OTHER,Annotator_A,HIGH,Khớp hoàn toàn danh mục hành chính chuẩn,2026-09-12,DataVietNam,2026-09-12
OTH_STTTT_ST,Sở Thông tin và Truyền thông Sóc Trăng,OTHER,province,2018,2026,dvc_2018,https://dichvucong.gov.vn/archive/2018,generated_catalog,source,2026-09-12T19:42:24.601202,crawl_2018_2026,Sở Thông tin và Truyền thông Sóc Trăng,OTH_STTTT_ST,so thong tin va truyen thong soc trang,OTHER,Annotator_A,HIGH,Khớp hoàn toàn danh mục hành chính chuẩn,2026-09-12,DataVietNam,2026-09-12
OTH_SKHCN_ST,Sở Khoa học và Công nghệ Sóc Trăng,OTHER,province,2018,2026,dvc_2018,https://dichvucong.gov.vn/archive/2018,generated_catalog,source,2026-09-12T19:42:24.601202,crawl_2018_2026,Sở Khoa học và Công nghệ Sóc Trăng,OTH_SKHCN_ST,so khoa hoc va cong nghe soc trang,OTHER,Annotator_A,HIGH,Khớp hoàn toàn danh mục hành chính chuẩn,2026-09-12,DataVietNam,2026-09-12
OTH_UBND_BL,Ủy ban nhân dân Bạc Liêu,OTHER,province,2018,2026,dvc_2018,https://dichvucong.gov.vn/archive/2018,generated_catalog,source,2026-09-12T19:42:24.601202,crawl_2018_2026,Ủy ban nhân dân Bạc Liêu,OTH_UBND_BL,uy ban nhan dan bac lieu,OTHER,Annotator_A,HIGH,Khớp hoàn toàn danh mục hành chính chuẩn,2026-09-12,DataVietNam,2026-09-12
OTH_BHXH_BL,Bảo hiểm Xã hội Bạc Liêu,OTHER,province,2018,2026,dvc_2018,https://dichvucong.gov.vn/archive/2018,generated_catalog,source,2026-09-12T19:42:24.601202,crawl_2018_2026,Bảo hiểm Xã hội Bạc Liêu,OTH_BHXH_BL,bao hiem xa hoi bac lieu,OTHER,Annotator_A,HIGH,Khớp hoàn toàn danh mục hành chính chuẩn,2026-09-12,DataVietNam,2026-09-12
OTH_SYT_BL,Sở Y tế Bạc Liêu,OTHER,province,2018,2026,dvc_2018,https://dichvucong.gov.vn/archive/2018,generated_catalog,source,2026-09-12T19:42:24.601202,crawl_2018_2026,Sở Y tế Bạc Liêu,OTH_SYT_BL,so y te bac lieu,OTHER,Annotator_A,HIGH,Khớp hoàn toàn danh mục hành chính chuẩn,2026-09-12,DataVietNam,2026-09-12
OTH_SGD_BL,Sở Giáo dục và Đào tạo Bạc Liêu,OTHER,province,2018,2026,dvc_2018,https://dichvucong.gov.vn/archive/2018,generated_catalog,source,2026-09-12T19:42:24.601202,crawl_2018_2026,Sở Giáo dục và Đào tạo Bạc Liêu,OTH_SGD_BL,so giao duc va ao tao bac lieu,OTHER,Annotator_A,HIGH,Khớp hoàn toàn danh mục hành chính chuẩn,2026-09-12,DataVietNam,2026-09-12
OTH_STC_BL,Sở Tài chính Bạc Liêu,OTHER,province,2018,2026,dvc_2018,https://dichvucong.gov.vn/archive/2018,generated_catalog,source,2026-09-12T19:42:24.601202,crawl_2018_2026,Sở Tài chính Bạc Liêu,OTH_STC_BL,so tai chinh bac lieu,OTHER,Annotator_A,HIGH,Khớp hoàn toàn danh mục hành chính chuẩn,2026-09-12,DataVietNam,2026-09-12
OTH_STP_BL,Sở Tư pháp Bạc Liêu,OTHER,province,2018,2026,dvc_2018,https://dichvucong.gov.vn/archive/2018,generated_catalog,source,2026-09-12T19:42:24.601202,crawl_2018_2026,Sở Tư pháp Bạc Liêu,OTH_STP_BL,so tu phap bac lieu,OTHER,Annotator_A,HIGH,Khớp hoàn toàn danh mục hành chính chuẩn,2026-09-12,DataVietNam,2026-09-12
OTH_SKH_BL,Sở Kế hoạch và Đầu tư Bạc Liêu,OTHER,province,2018,2026,dvc_2018,https://dichvucong.gov.vn/archive/2018,generated_catalog,source,2026-09-12T19:42:24.601202,crawl_2018_2026,Sở Kế hoạch và Đầu tư Bạc Liêu,OTH_SKH_BL,so ke hoach va au tu bac lieu,OTHER,Annotator_A,HIGH,Khớp hoàn toàn danh mục hành chính chuẩn,2026-09-12,DataVietNam,2026-09-12
OTH_SXD_BL,Sở Xây dựng Bạc Liêu,OTHER,province,2018,2026,dvc_2018,https://dichvucong.gov.vn/archive/2018,generated_catalog,source,2026-09-12T19:42:24.601202,crawl_2018_2026,Sở Xây dựng Bạc Liêu,OTH_SXD_BL,so xay dung bac lieu,OTHER,Annotator_A,HIGH,Khớp hoàn toàn danh mục hành chính chuẩn,2026-09-12,DataVietNam,2026-09-12
OTH_STNMT_BL,Sở Tài nguyên và Môi trường Bạc Liêu,OTHER,province,2018,2026,dvc_2018,https://dichvucong.gov.vn/archive/2018,generated_catalog,source,2026-09-12T19:42:24.601202,crawl_2018_2026,Sở Tài nguyên và Môi trường Bạc Liêu,OTH_STNMT_BL,so tai nguyen va moi truong bac lieu,OTHER,Annotator_A,HIGH,Khớp hoàn toàn danh mục hành chính chuẩn,2026-09-12,DataVietNam,2026-09-12
OTH_SNV_BL,Sở Nội vụ Bạc Liêu,OTHER,province,2018,2026,dvc_2018,https://dichvucong.gov.vn/archive/2018,generated_catalog,source,2026-09-12T19:42:24.601202,crawl_2018_2026,Sở Nội vụ Bạc Liêu,OTH_SNV_BL,so noi vu bac lieu,OTHER,Annotator_A,HIGH,Khớp hoàn toàn danh mục hành chính chuẩn,2026-09-12,DataVietNam,2026-09-12
OTH_SGTVT_BL,Sở Giao thông vận tải Bạc Liêu,OTHER,province,2018,2026,dvc_2018,https://dichvucong.gov.vn/archive/2018,generated_catalog,source,2026-09-12T19:42:24.601202,crawl_2018_2026,Sở Giao thông vận tải Bạc Liêu,OTH_SGTVT_BL,so giao thong van tai bac lieu,OTHER,Annotator_A,HIGH,Khớp hoàn toàn danh mục hành chính chuẩn,2026-09-12,DataVietNam,2026-09-12
OTH_SCT_BL,Sở Công Thương Bạc Liêu,OTHER,province,2018,2026,dvc_2018,https://dichvucong.gov.vn/archive/2018,generated_catalog,source,2026-09-12T19:42:24.601202,crawl_2018_2026,Sở Công Thương Bạc Liêu,OTH_SCT_BL,so cong thuong bac lieu,OTHER,Annotator_A,HIGH,Khớp hoàn toàn danh mục hành chính chuẩn,2026-09-12,DataVietNam,2026-09-12
OTH_SNNPTNT_BL,Sở Nông nghiệp và Phát triển nông thôn Bạc Liêu,OTHER,province,2018,2026,dvc_2018,https://dichvucong.gov.vn/archive/2018,generated_catalog,source,2026-09-12T19:42:24.601202,crawl_2018_2026,Sở Nông nghiệp và Phát triển nông thôn Bạc Liêu,OTH_SNNPTNT_BL,so nong nghiep va phat trien nong thon bac lieu,OTHER,Annotator_A,HIGH,Khớp hoàn toàn danh mục hành chính chuẩn,2026-09-12,DataVietNam,2026-09-12
OTH_SLĐTBXH_BL,Sở Lao động - Thương binh và Xã hội Bạc Liêu,OTHER,province,2018,2026,dvc_2018,https://dichvucong.gov.vn/archive/2018,generated_catalog,source,2026-09-12T19:42:24.601202,crawl_2018_2026,Sở Lao động - Thương binh và Xã hội Bạc Liêu,OTH_SLĐTBXH_BL,so lao ong thuong binh va xa hoi bac lieu,OTHER,Annotator_A,HIGH,Khớp hoàn toàn danh mục hành chính chuẩn,2026-09-12,DataVietNam,2026-09-12
OTH_SVHTTDL_BL,Sở Văn hóa Thể thao và Du lịch Bạc Liêu,OTHER,province,2018,2026,dvc_2018,https://dichvucong.gov.vn/archive/2018,generated_catalog,source,2026-09-12T19:42:24.601202,crawl_2018_2026,Sở Văn hóa Thể thao và Du lịch Bạc Liêu,OTH_SVHTTDL_BL,so van hoa the thao va du lich bac lieu,OTHER,Annotator_A,HIGH,Khớp hoàn toàn danh mục hành chính chuẩn,2026-09-12,DataVietNam,2026-09-12
OTH_STTTT_BL,Sở Thông tin và Truyền thông Bạc Liêu,OTHER,province,2018,2026,dvc_2018,https://dichvucong.gov.vn/archive/2018,generated_catalog,source,2026-09-12T19:42:24.601202,crawl_2018_2026,Sở Thông tin và Truyền thông Bạc Liêu,OTH_STTTT_BL,so thong tin va truyen thong bac lieu,OTHER,Annotator_A,HIGH,Khớp hoàn toàn danh mục hành chính chuẩn,2026-09-12,DataVietNam,2026-09-12
OTH_SKHCN_BL,Sở Khoa học và Công nghệ Bạc Liêu,OTHER,province,2018,2026,dvc_2018,https://dichvucong.gov.vn/archive/2018,generated_catalog,source,2026-09-12T19:42:24.601202,crawl_2018_2026,Sở Khoa học và Công nghệ Bạc Liêu,OTH_SKHCN_BL,so khoa hoc va cong nghe bac lieu,OTHER,Annotator_A,HIGH,Khớp hoàn toàn danh mục hành chính chuẩn,2026-09-12,DataVietNam,2026-09-12
OTH_UBND_TV,Ủy ban nhân dân Trà Vinh,OTHER,province,2018,2026,dvc_2018,https://dichvucong.gov.vn/archive/2018,generated_catalog,source,2026-09-12T19:42:24.601202,crawl_2018_2026,Ủy ban nhân dân Trà Vinh,OTH_UBND_TV,uy ban nhan dan tra vinh,OTHER,Annotator_A,HIGH,Khớp hoàn toàn danh mục hành chính chuẩn,2026-09-12,DataVietNam,2026-09-12
OTH_BHXH_TV,Bảo hiểm Xã hội Trà Vinh,OTHER,province,2018,2026,dvc_2018,https://dichvucong.gov.vn/archive/2018,generated_catalog,source,2026-09-12T19:42:24.601202,crawl_2018_2026,Bảo hiểm Xã hội Trà Vinh,OTH_BHXH_TV,bao hiem xa hoi tra vinh,OTHER,Annotator_A,HIGH,Khớp hoàn toàn danh mục hành chính chuẩn,2026-09-12,DataVietNam,2026-09-12
OTH_SYT_TV,Sở Y tế Trà Vinh,OTHER,province,2018,2026,dvc_2018,https://dichvucong.gov.vn/archive/2018,generated_catalog,source,2026-09-12T19:42:24.601202,crawl_2018_2026,Sở Y tế Trà Vinh,OTH_SYT_TV,so y te tra vinh,OTHER,Annotator_A,HIGH,Khớp hoàn toàn danh mục hành chính chuẩn,2026-09-12,DataVietNam,2026-09-12
OTH_SGD_TV,Sở Giáo dục và Đào tạo Trà Vinh,OTHER,province,2018,2026,dvc_2018,https://dichvucong.gov.vn/archive/2018,generated_catalog,source,2026-09-12T19:42:24.601202,crawl_2018_2026,Sở Giáo dục và Đào tạo Trà Vinh,OTH_SGD_TV,so giao duc va ao tao tra vinh,OTHER,Annotator_A,HIGH,Khớp hoàn toàn danh mục hành chính chuẩn,2026-09-12,DataVietNam,2026-09-12
OTH_STC_TV,Sở Tài chính Trà Vinh,OTHER,province,2018,2026,dvc_2018,https://dichvucong.gov.vn/archive/2018,generated_catalog,source,2026-09-12T19:42:24.601202,crawl_2018_2026,Sở Tài chính Trà Vinh,OTH_STC_TV,so tai chinh tra vinh,OTHER,Annotator_A,HIGH,Khớp hoàn toàn danh mục hành chính chuẩn,2026-09-12,DataVietNam,2026-09-12
OTH_STP_TV,Sở Tư pháp Trà Vinh,OTHER,province,2018,2026,dvc_2018,https://dichvucong.gov.vn/archive/2018,generated_catalog,source,2026-09-12T19:42:24.601202,crawl_2018_2026,Sở Tư pháp Trà Vinh,OTH_STP_TV,so tu phap tra vinh,OTHER,Annotator_A,HIGH,Khớp hoàn toàn danh mục hành chính chuẩn,2026-09-12,DataVietNam,2026-09-12
OTH_SKH_TV,Sở Kế hoạch và Đầu tư Trà Vinh,OTHER,province,2018,2026,dvc_2018,https://dichvucong.gov.vn/archive/2018,generated_catalog,source,2026-09-12T19:42:24.601202,crawl_2018_2026,Sở Kế hoạch và Đầu tư Trà Vinh,OTH_SKH_TV,so ke hoach va au tu tra vinh,OTHER,Annotator_A,HIGH,Khớp hoàn toàn danh mục hành chính chuẩn,2026-09-12,DataVietNam,2026-09-12
OTH_SXD_TV,Sở Xây dựng Trà Vinh,OTHER,province,2018,2026,dvc_2018,https://dichvucong.gov.vn/archive/2018,generated_catalog,source,2026-09-12T19:42:24.601202,crawl_2018_2026,Sở Xây dựng Trà Vinh,OTH_SXD_TV,so xay dung tra vinh,OTHER,Annotator_A,HIGH,Khớp hoàn toàn danh mục hành chính chuẩn,2026-09-12,DataVietNam,2026-09-12
OTH_STNMT_TV,Sở Tài nguyên và Môi trường Trà Vinh,OTHER,province,2018,2026,dvc_2018,https://dichvucong.gov.vn/archive/2018,generated_catalog,source,2026-09-12T19:42:24.601202,crawl_2018_2026,Sở Tài nguyên và Môi trường Trà Vinh,OTH_STNMT_TV,so tai nguyen va moi truong tra vinh,OTHER,Annotator_A,HIGH,Khớp hoàn toàn danh mục hành chính chuẩn,2026-09-12,DataVietNam,2026-09-12
OTH_SNV_TV,Sở Nội vụ Trà Vinh,OTHER,province,2018,2026,dvc_2018,https://dichvucong.gov.vn/archive/2018,generated_catalog,source,2026-09-12T19:42:24.601202,crawl_2018_2026,Sở Nội vụ Trà Vinh,OTH_SNV_TV,so noi vu tra vinh,OTHER,Annotator_A,HIGH,Khớp hoàn toàn danh mục hành chính chuẩn,2026-09-12,DataVietNam,2026-09-12
OTH_SGTVT_TV,Sở Giao thông vận tải Trà Vinh,OTHER,province,2018,2026,dvc_2018,https://dichvucong.gov.vn/archive/2018,generated_catalog,source,2026-09-12T19:42:24.601202,crawl_2018_2026,Sở Giao thông vận tải Trà Vinh,OTH_SGTVT_TV,so giao thong van tai tra vinh,OTHER,Annotator_A,HIGH,Khớp hoàn toàn danh mục hành chính chuẩn,2026-09-12,DataVietNam,2026-09-12
OTH_SCT_TV,Sở Công Thương Trà Vinh,OTHER,province,2018,2026,dvc_2018,https://dichvucong.gov.vn/archive/2018,generated_catalog,source,2026-09-12T19:42:24.601202,crawl_2018_2026,Sở Công Thương Trà Vinh,OTH_SCT_TV,so cong thuong tra vinh,OTHER,Annotator_A,HIGH,Khớp hoàn toàn danh mục hành chính chuẩn,2026-09-12,DataVietNam,2026-09-12
OTH_SNNPTNT_TV,Sở Nông nghiệp và Phát triển nông thôn Trà Vinh,OTHER,province,2018,2026,dvc_2018,https://dichvucong.gov.vn/archive/2018,generated_catalog,source,2026-09-12T19:42:24.601202,crawl_2018_2026,Sở Nông nghiệp và Phát triển nông thôn Trà Vinh,OTH_SNNPTNT_TV,so nong nghiep va phat trien nong thon tra vinh,OTHER,Annotator_A,HIGH,Khớp hoàn toàn danh mục hành chính chuẩn,2026-09-12,DataVietNam,2026-09-12
OTH_SLĐTBXH_TV,Sở Lao động - Thương binh và Xã hội Trà Vinh,OTHER,province,2018,2026,dvc_2018,https://dichvucong.gov.vn/archive/2018,generated_catalog,source,2026-09-12T19:42:24.601202,crawl_2018_2026,Sở Lao động - Thương binh và Xã hội Trà Vinh,OTH_SLĐTBXH_TV,so lao ong thuong binh va xa hoi tra vinh,OTHER,Annotator_A,HIGH,Khớp hoàn toàn danh mục hành chính chuẩn,2026-09-12,DataVietNam,2026-09-12
OTH_SVHTTDL_TV,Sở Văn hóa Thể thao và Du lịch Trà Vinh,OTHER,province,2018,2026,dvc_2018,https://dichvucong.gov.vn/archive/2018,generated_catalog,source,2026-09-12T19:42:24.601202,crawl_2018_2026,Sở Văn hóa Thể thao và Du lịch Trà Vinh,OTH_SVHTTDL_TV,so van hoa the thao va du lich tra vinh,OTHER,Annotator_A,HIGH,Khớp hoàn toàn danh mục hành chính chuẩn,2026-09-12,DataVietNam,2026-09-12
OTH_STTTT_TV,Sở Thông tin và Truyền thông Trà Vinh,OTHER,province,2018,2026,dvc_2018,https://dichvucong.gov.vn/archive/2018,generated_catalog,source,2026-09-12T19:42:24.601202,crawl_2018_2026,Sở Thông tin và Truyền thông Trà Vinh,OTH_STTTT_TV,so thong tin va truyen thong tra vinh,OTHER,Annotator_A,HIGH,Khớp hoàn toàn danh mục hành chính chuẩn,2026-09-12,DataVietNam,2026-09-12
OTH_SKHCN_TV,Sở Khoa học và Công nghệ Trà Vinh,OTHER,province,2018,2026,dvc_2018,https://dichvucong.gov.vn/archive/2018,generated_catalog,source,2026-09-12T19:42:24.601202,crawl_2018_2026,Sở Khoa học và Công nghệ Trà Vinh,OTH_SKHCN_TV,so khoa hoc va cong nghe tra vinh,OTHER,Annotator_A,HIGH,Khớp hoàn toàn danh mục hành chính chuẩn,2026-09-12,DataVietNam,2026-09-12
OTH_UBND_VL,Ủy ban nhân dân Vĩnh Long,OTHER,province,2018,2026,dvc_2018,https://dichvucong.gov.vn/archive/2018,generated_catalog,source,2026-09-12T19:42:24.601202,crawl_2018_2026,Ủy ban nhân dân Vĩnh Long,OTH_UBND_VL,uy ban nhan dan vinh long,OTHER,Annotator_A,HIGH,Khớp hoàn toàn danh mục hành chính chuẩn,2026-09-12,DataVietNam,2026-09-12
OTH_BHXH_VL,Bảo hiểm Xã hội Vĩnh Long,OTHER,province,2018,2026,dvc_2018,https://dichvucong.gov.vn/archive/2018,generated_catalog,source,2026-09-12T19:42:24.601202,crawl_2018_2026,Bảo hiểm Xã hội Vĩnh Long,OTH_BHXH_VL,bao hiem xa hoi vinh long,OTHER,Annotator_A,HIGH,Khớp hoàn toàn danh mục hành chính chuẩn,2026-09-12,DataVietNam,2026-09-12
OTH_SYT_VL,Sở Y tế Vĩnh Long,OTHER,province,2018,2026,dvc_2018,https://dichvucong.gov.vn/archive/2018,generated_catalog,source,2026-09-12T19:42:24.601202,crawl_2018_2026,Sở Y tế Vĩnh Long,OTH_SYT_VL,so y te vinh long,OTHER,Annotator_A,HIGH,Khớp hoàn toàn danh mục hành chính chuẩn,2026-09-12,DataVietNam,2026-09-12
OTH_SGD_VL,Sở Giáo dục và Đào tạo Vĩnh Long,OTHER,province,2018,2026,dvc_2018,https://dichvucong.gov.vn/archive/2018,generated_catalog,source,2026-09-12T19:42:24.601202,crawl_2018_2026,Sở Giáo dục và Đào tạo Vĩnh Long,OTH_SGD_VL,so giao duc va ao tao vinh long,OTHER,Annotator_A,HIGH,Khớp hoàn toàn danh mục hành chính chuẩn,2026-09-12,DataVietNam,2026-09-12
OTH_STC_VL,Sở Tài chính Vĩnh Long,OTHER,province,2018,2026,dvc_2018,https://dichvucong.gov.vn/archive/2018,generated_catalog,source,2026-09-12T19:42:24.601202,crawl_2018_2026,Sở Tài chính Vĩnh Long,OTH_STC_VL,so tai chinh vinh long,OTHER,Annotator_A,HIGH,Khớp hoàn toàn danh mục hành chính chuẩn,2026-09-12,DataVietNam,2026-09-12
OTH_STP_VL,Sở Tư pháp Vĩnh Long,OTHER,province,2018,2026,dvc_2018,https://dichvucong.gov.vn/archive/2018,generated_catalog,source,2026-09-12T19:42:24.601202,crawl_2018_2026,Sở Tư pháp Vĩnh Long,OTH_STP_VL,so tu phap vinh long,OTHER,Annotator_A,HIGH,Khớp hoàn toàn danh mục hành chính chuẩn,2026-09-12,DataVietNam,2026-09-12
OTH_SKH_VL,Sở Kế hoạch và Đầu tư Vĩnh Long,OTHER,province,2018,2026,dvc_2018,https://dichvucong.gov.vn/archive/2018,generated_catalog,source,2026-09-12T19:42:24.601202,crawl_2018_2026,Sở Kế hoạch và Đầu tư Vĩnh Long,OTH_SKH_VL,so ke hoach va au tu vinh long,OTHER,Annotator_A,HIGH,Khớp hoàn toàn danh mục hành chính chuẩn,2026-09-12,DataVietNam,2026-09-12
OTH_SXD_VL,Sở Xây dựng Vĩnh Long,OTHER,province,2018,2026,dvc_2018,https://dichvucong.gov.vn/archive/2018,generated_catalog,source,2026-09-12T19:42:24.601202,crawl_2018_2026,Sở Xây dựng Vĩnh Long,OTH_SXD_VL,so xay dung vinh long,OTHER,Annotator_A,HIGH,Khớp hoàn toàn danh mục hành chính chuẩn,2026-09-12,DataVietNam,2026-09-12
OTH_STNMT_VL,Sở Tài nguyên và Môi trường Vĩnh Long,OTHER,province,2018,2026,dvc_2018,https://dichvucong.gov.vn/archive/2018,generated_catalog,source,2026-09-12T19:42:24.601202,crawl_2018_2026,Sở Tài nguyên và Môi trường Vĩnh Long,OTH_STNMT_VL,so tai nguyen va moi truong vinh long,OTHER,Annotator_A,HIGH,Khớp hoàn toàn danh mục hành chính chuẩn,2026-09-12,DataVietNam,2026-09-12
OTH_SNV_VL,Sở Nội vụ Vĩnh Long,OTHER,province,2018,2026,dvc_2018,https://dichvucong.gov.vn/archive/2018,generated_catalog,source,2026-09-12T19:42:24.601202,crawl_2018_2026,Sở Nội vụ Vĩnh Long,OTH_SNV_VL,so noi vu vinh long,OTHER,Annotator_A,HIGH,Khớp hoàn toàn danh mục hành chính chuẩn,2026-09-12,DataVietNam,2026-09-12
OTH_SGTVT_VL,Sở Giao thông vận tải Vĩnh Long,OTHER,province,2018,2026,dvc_2018,https://dichvucong.gov.vn/archive/2018,generated_catalog,source,2026-09-12T19:42:24.601202,crawl_2018_2026,Sở Giao thông vận tải Vĩnh Long,OTH_SGTVT_VL,so giao thong van tai vinh long,OTHER,Annotator_A,HIGH,Khớp hoàn toàn danh mục hành chính chuẩn,2026-09-12,DataVietNam,2026-09-12
OTH_SCT_VL,Sở Công Thương Vĩnh Long,OTHER,province,2018,2026,dvc_2018,https://dichvucong.gov.vn/archive/2018,generated_catalog,source,2026-09-12T19:42:24.601202,crawl_2018_2026,Sở Công Thương Vĩnh Long,OTH_SCT_VL,so cong thuong vinh long,OTHER,Annotator_A,HIGH,Khớp hoàn toàn danh mục hành chính chuẩn,2026-09-12,DataVietNam,2026-09-12
OTH_SNNPTNT_VL,Sở Nông nghiệp và Phát triển nông thôn Vĩnh Long,OTHER,province,2018,2026,dvc_2018,https://dichvucong.gov.vn/archive/2018,generated_catalog,source,2026-09-12T19:42:24.601202,crawl_2018_2026,Sở Nông nghiệp và Phát triển nông thôn Vĩnh Long,OTH_SNNPTNT_VL,so nong nghiep va phat trien nong thon vinh long,OTHER,Annotator_A,HIGH,Khớp hoàn toàn danh mục hành chính chuẩn,2026-09-12,DataVietNam,2026-09-12
OTH_SLĐTBXH_VL,Sở Lao động - Thương binh và Xã hội Vĩnh Long,OTHER,province,2018,2026,dvc_2018,https://dichvucong.gov.vn/archive/2018,generated_catalog,source,2026-09-12T19:42:24.601202,crawl_2018_2026,Sở Lao động - Thương binh và Xã hội Vĩnh Long,OTH_SLĐTBXH_VL,so lao ong thuong binh va xa hoi vinh long,OTHER,Annotator_A,HIGH,Khớp hoàn toàn danh mục hành chính chuẩn,2026-09-12,DataVietNam,2026-09-12
OTH_SVHTTDL_VL,Sở Văn hóa Thể thao và Du lịch Vĩnh Long,OTHER,province,2018,2026,dvc_2018,https://dichvucong.gov.vn/archive/2018,generated_catalog,source,2026-09-12T19:42:24.601202,crawl_2018_2026,Sở Văn hóa Thể thao và Du lịch Vĩnh Long,OTH_SVHTTDL_VL,so van hoa the thao va du lich vinh long,OTHER,Annotator_A,HIGH,Khớp hoàn toàn danh mục hành chính chuẩn,2026-09-12,DataVietNam,2026-09-12
OTH_STTTT_VL,Sở Thông tin và Truyền thông Vĩnh Long,OTHER,province,2018,2026,dvc_2018,https://dichvucong.gov.vn/archive/2018,generated_catalog,source,2026-09-12T19:42:24.601202,crawl_2018_2026,Sở Thông tin và Truyền thông Vĩnh Long,OTH_STTTT_VL,so thong tin va truyen thong vinh long,OTHER,Annotator_A,HIGH,Khớp hoàn toàn danh mục hành chính chuẩn,2026-09-12,DataVietNam,2026-09-12
OTH_SKHCN_VL,Sở Khoa học và Công nghệ Vĩnh Long,OTHER,province,2018,2026,dvc_2018,https://dichvucong.gov.vn/archive/2018,generated_catalog,source,2026-09-12T19:42:24.601202,crawl_2018_2026,Sở Khoa học và Công nghệ Vĩnh Long,OTH_SKHCN_VL,so khoa hoc va cong nghe vinh long,OTHER,Annotator_A,HIGH,Khớp hoàn toàn danh mục hành chính chuẩn,2026-09-12,DataVietNam,2026-09-12
OTH_UBND_BT,Ủy ban nhân dân Bến Tre,OTHER,province,2018,2026,dvc_2018,https://dichvucong.gov.vn/archive/2018,generated_catalog,source,2026-09-12T19:42:24.601202,crawl_2018_2026,Ủy ban nhân dân Bến Tre,OTH_UBND_BT,uy ban nhan dan ben tre,OTHER,Annotator_A,HIGH,Khớp hoàn toàn danh mục hành chính chuẩn,2026-09-12,DataVietNam,2026-09-12
OTH_BHXH_BT,Bảo hiểm Xã hội Bến Tre,OTHER,province,2018,2026,dvc_2018,https://dichvucong.gov.vn/archive/2018,generated_catalog,source,2026-09-12T19:42:24.601202,crawl_2018_2026,Bảo hiểm Xã hội Bến Tre,OTH_BHXH_BT,bao hiem xa hoi ben tre,OTHER,Annotator_A,HIGH,Khớp hoàn toàn danh mục hành chính chuẩn,2026-09-12,DataVietNam,2026-09-12
OTH_SYT_BT,Sở Y tế Bến Tre,OTHER,province,2018,2026,dvc_2018,https://dichvucong.gov.vn/archive/2018,generated_catalog,source,2026-09-12T19:42:24.601202,crawl_2018_2026,Sở Y tế Bến Tre,OTH_SYT_BT,so y te ben tre,OTHER,Annotator_A,HIGH,Khớp hoàn toàn danh mục hành chính chuẩn,2026-09-12,DataVietNam,2026-09-12
OTH_SGD_BT,Sở Giáo dục và Đào tạo Bến Tre,OTHER,province,2018,2026,dvc_2018,https://dichvucong.gov.vn/archive/2018,generated_catalog,source,2026-09-12T19:42:24.601202,crawl_2018_2026,Sở Giáo dục và Đào tạo Bến Tre,OTH_SGD_BT,so giao duc va ao tao ben tre,OTHER,Annotator_A,HIGH,Khớp hoàn toàn danh mục hành chính chuẩn,2026-09-12,DataVietNam,2026-09-12
OTH_STC_BT,Sở Tài chính Bến Tre,OTHER,province,2018,2026,dvc_2018,https://dichvucong.gov.vn/archive/2018,generated_catalog,source,2026-09-12T19:42:24.601202,crawl_2018_2026,Sở Tài chính Bến Tre,OTH_STC_BT,so tai chinh ben tre,OTHER,Annotator_A,HIGH,Khớp hoàn toàn danh mục hành chính chuẩn,2026-09-12,DataVietNam,2026-09-12
OTH_STP_BT,Sở Tư pháp Bến Tre,OTHER,province,2018,2026,dvc_2018,https://dichvucong.gov.vn/archive/2018,generated_catalog,source,2026-09-12T19:42:24.601202,crawl_2018_2026,Sở Tư pháp Bến Tre,OTH_STP_BT,so tu phap ben tre,OTHER,Annotator_A,HIGH,Khớp hoàn toàn danh mục hành chính chuẩn,2026-09-12,DataVietNam,2026-09-12
OTH_SKH_BT,Sở Kế hoạch và Đầu tư Bến Tre,OTHER,province,2018,2026,dvc_2018,https://dichvucong.gov.vn/archive/2018,generated_catalog,source,2026-09-12T19:42:24.601202,crawl_2018_2026,Sở Kế hoạch và Đầu tư Bến Tre,OTH_SKH_BT,so ke hoach va au tu ben tre,OTHER,Annotator_A,HIGH,Khớp hoàn toàn danh mục hành chính chuẩn,2026-09-12,DataVietNam,2026-09-12
OTH_SXD_BT,Sở Xây dựng Bến Tre,OTHER,province,2018,2026,dvc_2018,https://dichvucong.gov.vn/archive/2018,generated_catalog,source,2026-09-12T19:42:24.601202,crawl_2018_2026,Sở Xây dựng Bến Tre,OTH_SXD_BT,so xay dung ben tre,OTHER,Annotator_A,HIGH,Khớp hoàn toàn danh mục hành chính chuẩn,2026-09-12,DataVietNam,2026-09-12
OTH_STNMT_BT,Sở Tài nguyên và Môi trường Bến Tre,OTHER,province,2018,2026,dvc_2018,https://dichvucong.gov.vn/archive/2018,generated_catalog,source,2026-09-12T19:42:24.601202,crawl_2018_2026,Sở Tài nguyên và Môi trường Bến Tre,OTH_STNMT_BT,so tai nguyen va moi truong ben tre,OTHER,Annotator_A,HIGH,Khớp hoàn toàn danh mục hành chính chuẩn,2026-09-12,DataVietNam,2026-09-12
OTH_SNV_BT,Sở Nội vụ Bến Tre,OTHER,province,2018,2026,dvc_2018,https://dichvucong.gov.vn/archive/2018,generated_catalog,source,2026-09-12T19:42:24.601202,crawl_2018_2026,Sở Nội vụ Bến Tre,OTH_SNV_BT,so noi vu ben tre,OTHER,Annotator_A,HIGH,Khớp hoàn toàn danh mục hành chính chuẩn,2026-09-12,DataVietNam,2026-09-12
OTH_SGTVT_BT,Sở Giao thông vận tải Bến Tre,OTHER,province,2018,2026,dvc_2018,https://dichvucong.gov.vn/archive/2018,generated_catalog,source,2026-09-12T19:42:24.601202,crawl_2018_2026,Sở Giao thông vận tải Bến Tre,OTH_SGTVT_BT,so giao thong van tai ben tre,OTHER,Annotator_A,HIGH,Khớp hoàn toàn danh mục hành chính chuẩn,2026-09-12,DataVietNam,2026-09-12
OTH_SCT_BT,Sở Công Thương Bến Tre,OTHER,province,2018,2026,dvc_2018,https://dichvucong.gov.vn/archive/2018,generated_catalog,source,2026-09-12T19:42:24.601202,crawl_2018_2026,Sở Công Thương Bến Tre,OTH_SCT_BT,so cong thuong ben tre,OTHER,Annotator_A,HIGH,Khớp hoàn toàn danh mục hành chính chuẩn,2026-09-12,DataVietNam,2026-09-12
OTH_SNNPTNT_BT,Sở Nông nghiệp và Phát triển nông thôn Bến Tre,OTHER,province,2018,2026,dvc_2018,https://dichvucong.gov.vn/archive/2018,generated_catalog,source,2026-09-12T19:42:24.601202,crawl_2018_2026,Sở Nông nghiệp và Phát triển nông thôn Bến Tre,OTH_SNNPTNT_BT,so nong nghiep va phat trien nong thon ben tre,OTHER,Annotator_A,HIGH,Khớp hoàn toàn danh mục hành chính chuẩn,2026-09-12,DataVietNam,2026-09-12
OTH_SLĐTBXH_BT,Sở Lao động - Thương binh và Xã hội Bến Tre,OTHER,province,2018,2026,dvc_2018,https://dichvucong.gov.vn/archive/2018,generated_catalog,source,2026-09-12T19:42:24.601202,crawl_2018_2026,Sở Lao động - Thương binh và Xã hội Bến Tre,OTH_SLĐTBXH_BT,so lao ong thuong binh va xa hoi ben tre,OTHER,Annotator_A,HIGH,Khớp hoàn toàn danh mục hành chính chuẩn,2026-09-12,DataVietNam,2026-09-12
OTH_SVHTTDL_BT,Sở Văn hóa Thể thao và Du lịch Bến Tre,OTHER,province,2018,2026,dvc_2018,https://dichvucong.gov.vn/archive/2018,generated_catalog,source,2026-09-12T19:42:24.601202,crawl_2018_2026,Sở Văn hóa Thể thao và Du lịch Bến Tre,OTH_SVHTTDL_BT,so van hoa the thao va du lich ben tre,OTHER,Annotator_A,HIGH,Khớp hoàn toàn danh mục hành chính chuẩn,2026-09-12,DataVietNam,2026-09-12
OTH_STTTT_BT,Sở Thông tin và Truyền thông Bến Tre,OTHER,province,2018,2026,dvc_2018,https://dichvucong.gov.vn/archive/2018,generated_catalog,source,2026-09-12T19:42:24.601202,crawl_2018_2026,Sở Thông tin và Truyền thông Bến Tre,OTH_STTTT_BT,so thong tin va truyen thong ben tre,OTHER,Annotator_A,HIGH,Khớp hoàn toàn danh mục hành chính chuẩn,2026-09-12,DataVietNam,2026-09-12
OTH_SKHCN_BT,Sở Khoa học và Công nghệ Bến Tre,OTHER,province,2018,2026,dvc_2018,https://dichvucong.gov.vn/archive/2018,generated_catalog,source,2026-09-12T19:42:24.601202,crawl_2018_2026,Sở Khoa học và Công nghệ Bến Tre,OTH_SKHCN_BT,so khoa hoc va cong nghe ben tre,OTHER,Annotator_A,HIGH,Khớp hoàn toàn danh mục hành chính chuẩn,2026-09-12,DataVietNam,2026-09-12
OTH_UBND_TG,Ủy ban nhân dân Tiền Giang,OTHER,province,2018,2026,dvc_2018,https://dichvucong.gov.vn/archive/2018,generated_catalog,source,2026-09-12T19:42:24.601202,crawl_2018_2026,Ủy ban nhân dân Tiền Giang,OTH_UBND_TG,uy ban nhan dan tien giang,OTHER,Annotator_A,HIGH,Khớp hoàn toàn danh mục hành chính chuẩn,2026-09-12,DataVietNam,2026-09-12
OTH_BHXH_TG,Bảo hiểm Xã hội Tiền Giang,OTHER,province,2018,2026,dvc_2018,https://dichvucong.gov.vn/archive/2018,generated_catalog,source,2026-09-12T19:42:24.601202,crawl_2018_2026,Bảo hiểm Xã hội Tiền Giang,OTH_BHXH_TG,bao hiem xa hoi tien giang,OTHER,Annotator_A,HIGH,Khớp hoàn toàn danh mục hành chính chuẩn,2026-09-12,DataVietNam,2026-09-12
OTH_SYT_TG,Sở Y tế Tiền Giang,OTHER,province,2018,2026,dvc_2018,https://dichvucong.gov.vn/archive/2018,generated_catalog,source,2026-09-12T19:42:24.601202,crawl_2018_2026,Sở Y tế Tiền Giang,OTH_SYT_TG,so y te tien giang,OTHER,Annotator_A,HIGH,Khớp hoàn toàn danh mục hành chính chuẩn,2026-09-12,DataVietNam,2026-09-12
OTH_SGD_TG,Sở Giáo dục và Đào tạo Tiền Giang,OTHER,province,2018,2026,dvc_2018,https://dichvucong.gov.vn/archive/2018,generated_catalog,source,2026-09-12T19:42:24.601202,crawl_2018_2026,Sở Giáo dục và Đào tạo Tiền Giang,OTH_SGD_TG,so giao duc va ao tao tien giang,OTHER,Annotator_A,HIGH,Khớp hoàn toàn danh mục hành chính chuẩn,2026-09-12,DataVietNam,2026-09-12
OTH_STC_TG,Sở Tài chính Tiền Giang,OTHER,province,2018,2026,dvc_2018,https://dichvucong.gov.vn/archive/2018,generated_catalog,source,2026-09-12T19:42:24.601202,crawl_2018_2026,Sở Tài chính Tiền Giang,OTH_STC_TG,so tai chinh tien giang,OTHER,Annotator_A,HIGH,Khớp hoàn toàn danh mục hành chính chuẩn,2026-09-12,DataVietNam,2026-09-12
OTH_STP_TG,Sở Tư pháp Tiền Giang,OTHER,province,2018,2026,dvc_2018,https://dichvucong.gov.vn/archive/2018,generated_catalog,source,2026-09-12T19:42:24.601202,crawl_2018_2026,Sở Tư pháp Tiền Giang,OTH_STP_TG,so tu phap tien giang,OTHER,Annotator_A,HIGH,Khớp hoàn toàn danh mục hành chính chuẩn,2026-09-12,DataVietNam,2026-09-12
OTH_SKH_TG,Sở Kế hoạch và Đầu tư Tiền Giang,OTHER,province,2018,2026,dvc_2018,https://dichvucong.gov.vn/archive/2018,generated_catalog,source,2026-09-12T19:42:24.601202,crawl_2018_2026,Sở Kế hoạch và Đầu tư Tiền Giang,OTH_SKH_TG,so ke hoach va au tu tien giang,OTHER,Annotator_A,HIGH,Khớp hoàn toàn danh mục hành chính chuẩn,2026-09-12,DataVietNam,2026-09-12
OTH_SXD_TG,Sở Xây dựng Tiền Giang,OTHER,province,2018,2026,dvc_2018,https://dichvucong.gov.vn/archive/2018,generated_catalog,source,2026-09-12T19:42:24.601202,crawl_2018_2026,Sở Xây dựng Tiền Giang,OTH_SXD_TG,so xay dung tien giang,OTHER,Annotator_A,HIGH,Khớp hoàn toàn danh mục hành chính chuẩn,2026-09-12,DataVietNam,2026-09-12
OTH_STNMT_TG,Sở Tài nguyên và Môi trường Tiền Giang,OTHER,province,2018,2026,dvc_2018,https://dichvucong.gov.vn/archive/2018,generated_catalog,source,2026-09-12T19:42:24.601202,crawl_2018_2026,Sở Tài nguyên và Môi trường Tiền Giang,OTH_STNMT_TG,so tai nguyen va moi truong tien giang,OTHER,Annotator_A,HIGH,Khớp hoàn toàn danh mục hành chính chuẩn,2026-09-12,DataVietNam,2026-09-12
OTH_SNV_TG,Sở Nội vụ Tiền Giang,OTHER,province,2018,2026,dvc_2018,https://dichvucong.gov.vn/archive/2018,generated_catalog,source,2026-09-12T19:42:24.601202,crawl_2018_2026,Sở Nội vụ Tiền Giang,OTH_SNV_TG,so noi vu tien giang,OTHER,Annotator_A,HIGH,Khớp hoàn toàn danh mục hành chính chuẩn,2026-09-12,DataVietNam,2026-09-12
OTH_SGTVT_TG,Sở Giao thông vận tải Tiền Giang,OTHER,province,2018,2026,dvc_2018,https://dichvucong.gov.vn/archive/2018,generated_catalog,source,2026-09-12T19:42:24.601202,crawl_2018_2026,Sở Giao thông vận tải Tiền Giang,OTH_SGTVT_TG,so giao thong van tai tien giang,OTHER,Annotator_A,HIGH,Khớp hoàn toàn danh mục hành chính chuẩn,2026-09-12,DataVietNam,2026-09-12
OTH_SCT_TG,Sở Công Thương Tiền Giang,OTHER,province,2018,2026,dvc_2018,https://dichvucong.gov.vn/archive/2018,generated_catalog,source,2026-09-12T19:42:24.601202,crawl_2018_2026,Sở Công Thương Tiền Giang,OTH_SCT_TG,so cong thuong tien giang,OTHER,Annotator_A,HIGH,Khớp hoàn toàn danh mục hành chính chuẩn,2026-09-12,DataVietNam,2026-09-12
OTH_SNNPTNT_TG,Sở Nông nghiệp và Phát triển nông thôn Tiền Giang,OTHER,province,2018,2026,dvc_2018,https://dichvucong.gov.vn/archive/2018,generated_catalog,source,2026-09-12T19:42:24.601202,crawl_2018_2026,Sở Nông nghiệp và Phát triển nông thôn Tiền Giang,OTH_SNNPTNT_TG,so nong nghiep va phat trien nong thon tien giang,OTHER,Annotator_A,HIGH,Khớp hoàn toàn danh mục hành chính chuẩn,2026-09-12,DataVietNam,2026-09-12
OTH_SLĐTBXH_TG,Sở Lao động - Thương binh và Xã hội Tiền Giang,OTHER,province,2018,2026,dvc_2018,https://dichvucong.gov.vn/archive/2018,generated_catalog,source,2026-09-12T19:42:24.601202,crawl_2018_2026,Sở Lao động - Thương binh và Xã hội Tiền Giang,OTH_SLĐTBXH_TG,so lao ong thuong binh va xa hoi tien giang,OTHER,Annotator_A,HIGH,Khớp hoàn toàn danh mục hành chính chuẩn,2026-09-12,DataVietNam,2026-09-12
OTH_SVHTTDL_TG,Sở Văn hóa Thể thao và Du lịch Tiền Giang,OTHER,province,2018,2026,dvc_2018,https://dichvucong.gov.vn/archive/2018,generated_catalog,source,2026-09-12T19:42:24.601202,crawl_2018_2026,Sở Văn hóa Thể thao và Du lịch Tiền Giang,OTH_SVHTTDL_TG,so van hoa the thao va du lich tien giang,OTHER,Annotator_A,HIGH,Khớp hoàn toàn danh mục hành chính chuẩn,2026-09-12,DataVietNam,2026-09-12
OTH_STTTT_TG,Sở Thông tin và Truyền thông Tiền Giang,OTHER,province,2018,2026,dvc_2018,https://dichvucong.gov.vn/archive/2018,generated_catalog,source,2026-09-12T19:42:24.601202,crawl_2018_2026,Sở Thông tin và Truyền thông Tiền Giang,OTH_STTTT_TG,so thong tin va truyen thong tien giang,OTHER,Annotator_A,HIGH,Khớp hoàn toàn danh mục hành chính chuẩn,2026-09-12,DataVietNam,2026-09-12
OTH_SKHCN_TG,Sở Khoa học và Công nghệ Tiền Giang,OTHER,province,2018,2026,dvc_2018,https://dichvucong.gov.vn/archive/2018,generated_catalog,source,2026-09-12T19:42:24.601202,crawl_2018_2026,Sở Khoa học và Công nghệ Tiền Giang,OTH_SKHCN_TG,so khoa hoc va cong nghe tien giang,OTHER,Annotator_A,HIGH,Khớp hoàn toàn danh mục hành chính chuẩn,2026-09-12,DataVietNam,2026-09-12
OTH_UBND_DT,Ủy ban nhân dân Đồng Tháp,OTHER,province,2018,2026,dvc_2018,https://dichvucong.gov.vn/archive/2018,generated_catalog,source,2026-09-12T19:42:24.601202,crawl_2018_2026,Ủy ban nhân dân Đồng Tháp,OTH_UBND_DT,uy ban nhan dan ong thap,OTHER,Annotator_A,HIGH,Khớp hoàn toàn danh mục hành chính chuẩn,2026-09-12,DataVietNam,2026-09-12
OTH_BHXH_DT,Bảo hiểm Xã hội Đồng Tháp,OTHER,province,2018,2026,dvc_2018,https://dichvucong.gov.vn/archive/2018,generated_catalog,source,2026-09-12T19:42:24.601202,crawl_2018_2026,Bảo hiểm Xã hội Đồng Tháp,OTH_BHXH_DT,bao hiem xa hoi ong thap,OTHER,Annotator_A,HIGH,Khớp hoàn toàn danh mục hành chính chuẩn,2026-09-12,DataVietNam,2026-09-12
OTH_SYT_DT,Sở Y tế Đồng Tháp,OTHER,province,2018,2026,dvc_2018,https://dichvucong.gov.vn/archive/2018,generated_catalog,source,2026-09-12T19:42:24.601202,crawl_2018_2026,Sở Y tế Đồng Tháp,OTH_SYT_DT,so y te ong thap,OTHER,Annotator_A,HIGH,Khớp hoàn toàn danh mục hành chính chuẩn,2026-09-12,DataVietNam,2026-09-12
OTH_SGD_DT,Sở Giáo dục và Đào tạo Đồng Tháp,OTHER,province,2018,2026,dvc_2018,https://dichvucong.gov.vn/archive/2018,generated_catalog,source,2026-09-12T19:42:24.601202,crawl_2018_2026,Sở Giáo dục và Đào tạo Đồng Tháp,OTH_SGD_DT,so giao duc va ao tao ong thap,OTHER,Annotator_A,HIGH,Khớp hoàn toàn danh mục hành chính chuẩn,2026-09-12,DataVietNam,2026-09-12
OTH_STC_DT,Sở Tài chính Đồng Tháp,OTHER,province,2018,2026,dvc_2018,https://dichvucong.gov.vn/archive/2018,generated_catalog,source,2026-09-12T19:42:24.601202,crawl_2018_2026,Sở Tài chính Đồng Tháp,OTH_STC_DT,so tai chinh ong thap,OTHER,Annotator_A,HIGH,Khớp hoàn toàn danh mục hành chính chuẩn,2026-09-12,DataVietNam,2026-09-12
OTH_STP_DT,Sở Tư pháp Đồng Tháp,OTHER,province,2018,2026,dvc_2018,https://dichvucong.gov.vn/archive/2018,generated_catalog,source,2026-09-12T19:42:24.601202,crawl_2018_2026,Sở Tư pháp Đồng Tháp,OTH_STP_DT,so tu phap ong thap,OTHER,Annotator_A,HIGH,Khớp hoàn toàn danh mục hành chính chuẩn,2026-09-12,DataVietNam,2026-09-12
OTH_SKH_DT,Sở Kế hoạch và Đầu tư Đồng Tháp,OTHER,province,2018,2026,dvc_2018,https://dichvucong.gov.vn/archive/2018,generated_catalog,source,2026-09-12T19:42:24.601202,crawl_2018_2026,Sở Kế hoạch và Đầu tư Đồng Tháp,OTH_SKH_DT,so ke hoach va au tu ong thap,OTHER,Annotator_A,HIGH,Khớp hoàn toàn danh mục hành chính chuẩn,2026-09-12,DataVietNam,2026-09-12
OTH_SXD_DT,Sở Xây dựng Đồng Tháp,OTHER,province,2018,2026,dvc_2018,https://dichvucong.gov.vn/archive/2018,generated_catalog,source,2026-09-12T19:42:24.601202,crawl_2018_2026,Sở Xây dựng Đồng Tháp,OTH_SXD_DT,so xay dung ong thap,OTHER,Annotator_A,HIGH,Khớp hoàn toàn danh mục hành chính chuẩn,2026-09-12,DataVietNam,2026-09-12
OTH_STNMT_DT,Sở Tài nguyên và Môi trường Đồng Tháp,OTHER,province,2018,2026,dvc_2018,https://dichvucong.gov.vn/archive/2018,generated_catalog,source,2026-09-12T19:42:24.601202,crawl_2018_2026,Sở Tài nguyên và Môi trường Đồng Tháp,OTH_STNMT_DT,so tai nguyen va moi truong ong thap,OTHER,Annotator_A,HIGH,Khớp hoàn toàn danh mục hành chính chuẩn,2026-09-12,DataVietNam,2026-09-12
OTH_SNV_DT,Sở Nội vụ Đồng Tháp,OTHER,province,2018,2026,dvc_2018,https://dichvucong.gov.vn/archive/2018,generated_catalog,source,2026-09-12T19:42:24.601202,crawl_2018_2026,Sở Nội vụ Đồng Tháp,OTH_SNV_DT,so noi vu ong thap,OTHER,Annotator_A,HIGH,Khớp hoàn toàn danh mục hành chính chuẩn,2026-09-12,DataVietNam,2026-09-12
OTH_SGTVT_DT,Sở Giao thông vận tải Đồng Tháp,OTHER,province,2018,2026,dvc_2018,https://dichvucong.gov.vn/archive/2018,generated_catalog,source,2026-09-12T19:42:24.601202,crawl_2018_2026,Sở Giao thông vận tải Đồng Tháp,OTH_SGTVT_DT,so giao thong van tai ong thap,OTHER,Annotator_A,HIGH,Khớp hoàn toàn danh mục hành chính chuẩn,2026-09-12,DataVietNam,2026-09-12
OTH_SCT_DT,Sở Công Thương Đồng Tháp,OTHER,province,2018,2026,dvc_2018,https://dichvucong.gov.vn/archive/2018,generated_catalog,source,2026-09-12T19:42:24.601202,crawl_2018_2026,Sở Công Thương Đồng Tháp,OTH_SCT_DT,so cong thuong ong thap,OTHER,Annotator_A,HIGH,Khớp hoàn toàn danh mục hành chính chuẩn,2026-09-12,DataVietNam,2026-09-12
OTH_SNNPTNT_DT,Sở Nông nghiệp và Phát triển nông thôn Đồng Tháp,OTHER,province,2018,2026,dvc_2018,https://dichvucong.gov.vn/archive/2018,generated_catalog,source,2026-09-12T19:42:24.601202,crawl_2018_2026,Sở Nông nghiệp và Phát triển nông thôn Đồng Tháp,OTH_SNNPTNT_DT,so nong nghiep va phat trien nong thon ong thap,OTHER,Annotator_A,HIGH,Khớp hoàn toàn danh mục hành chính chuẩn,2026-09-12,DataVietNam,2026-09-12
OTH_SLĐTBXH_DT,Sở Lao động - Thương binh và Xã hội Đồng Tháp,OTHER,province,2018,2026,dvc_2018,https://dichvucong.gov.vn/archive/2018,generated_catalog,source,2026-09-12T19:42:24.601202,crawl_2018_2026,Sở Lao động - Thương binh và Xã hội Đồng Tháp,OTH_SLĐTBXH_DT,so lao ong thuong binh va xa hoi ong thap,OTHER,Annotator_A,HIGH,Khớp hoàn toàn danh mục hành chính chuẩn,2026-09-12,DataVietNam,2026-09-12
OTH_SVHTTDL_DT,Sở Văn hóa Thể thao và Du lịch Đồng Tháp,OTHER,province,2018,2026,dvc_2018,https://dichvucong.gov.vn/archive/2018,generated_catalog,source,2026-09-12T19:42:24.601202,crawl_2018_2026,Sở Văn hóa Thể thao và Du lịch Đồng Tháp,OTH_SVHTTDL_DT,so van hoa the thao va du lich ong thap,OTHER,Annotator_A,HIGH,Khớp hoàn toàn danh mục hành chính chuẩn,2026-09-12,DataVietNam,2026-09-12
OTH_STTTT_DT,Sở Thông tin và Truyền thông Đồng Tháp,OTHER,province,2018,2026,dvc_2018,https://dichvucong.gov.vn/archive/2018,generated_catalog,source,2026-09-12T19:42:24.601202,crawl_2018_2026,Sở Thông tin và Truyền thông Đồng Tháp,OTH_STTTT_DT,so thong tin va truyen thong ong thap,OTHER,Annotator_A,HIGH,Khớp hoàn toàn danh mục hành chính chuẩn,2026-09-12,DataVietNam,2026-09-12
OTH_SKHCN_DT,Sở Khoa học và Công nghệ Đồng Tháp,OTHER,province,2018,2026,dvc_2018,https://dichvucong.gov.vn/archive/2018,generated_catalog,source,2026-09-12T19:42:24.601202,crawl_2018_2026,Sở Khoa học và Công nghệ Đồng Tháp,OTH_SKHCN_DT,so khoa hoc va cong nghe ong thap,OTHER,Annotator_A,HIGH,Khớp hoàn toàn danh mục hành chính chuẩn,2026-09-12,DataVietNam,2026-09-12
OTH_UBND_LA,Ủy ban nhân dân Long An,OTHER,province,2018,2026,dvc_2018,https://dichvucong.gov.vn/archive/2018,generated_catalog,source,2026-09-12T19:42:24.601202,crawl_2018_2026,Ủy ban nhân dân Long An,OTH_UBND_LA,uy ban nhan dan long an,OTHER,Annotator_A,HIGH,Khớp hoàn toàn danh mục hành chính chuẩn,2026-09-12,DataVietNam,2026-09-12
OTH_BHXH_LA,Bảo hiểm Xã hội Long An,OTHER,province,2018,2026,dvc_2018,https://dichvucong.gov.vn/archive/2018,generated_catalog,source,2026-09-12T19:42:24.601202,crawl_2018_2026,Bảo hiểm Xã hội Long An,OTH_BHXH_LA,bao hiem xa hoi long an,OTHER,Annotator_A,HIGH,Khớp hoàn toàn danh mục hành chính chuẩn,2026-09-12,DataVietNam,2026-09-12
OTH_SYT_LA,Sở Y tế Long An,OTHER,province,2018,2026,dvc_2018,https://dichvucong.gov.vn/archive/2018,generated_catalog,source,2026-09-12T19:42:24.601202,crawl_2018_2026,Sở Y tế Long An,OTH_SYT_LA,so y te long an,OTHER,Annotator_A,HIGH,Khớp hoàn toàn danh mục hành chính chuẩn,2026-09-12,DataVietNam,2026-09-12
OTH_SGD_LA,Sở Giáo dục và Đào tạo Long An,OTHER,province,2018,2026,dvc_2018,https://dichvucong.gov.vn/archive/2018,generated_catalog,source,2026-09-12T19:42:24.601202,crawl_2018_2026,Sở Giáo dục và Đào tạo Long An,OTH_SGD_LA,so giao duc va ao tao long an,OTHER,Annotator_A,HIGH,Khớp hoàn toàn danh mục hành chính chuẩn,2026-09-12,DataVietNam,2026-09-12
OTH_STC_LA,Sở Tài chính Long An,OTHER,province,2018,2026,dvc_2018,https://dichvucong.gov.vn/archive/2018,generated_catalog,source,2026-09-12T19:42:24.601202,crawl_2018_2026,Sở Tài chính Long An,OTH_STC_LA,so tai chinh long an,OTHER,Annotator_A,HIGH,Khớp hoàn toàn danh mục hành chính chuẩn,2026-09-12,DataVietNam,2026-09-12
OTH_STP_LA,Sở Tư pháp Long An,OTHER,province,2018,2026,dvc_2018,https://dichvucong.gov.vn/archive/2018,generated_catalog,source,2026-09-12T19:42:24.601202,crawl_2018_2026,Sở Tư pháp Long An,OTH_STP_LA,so tu phap long an,OTHER,Annotator_A,HIGH,Khớp hoàn toàn danh mục hành chính chuẩn,2026-09-12,DataVietNam,2026-09-12
OTH_SKH_LA,Sở Kế hoạch và Đầu tư Long An,OTHER,province,2018,2026,dvc_2018,https://dichvucong.gov.vn/archive/2018,generated_catalog,source,2026-09-12T19:42:24.601202,crawl_2018_2026,Sở Kế hoạch và Đầu tư Long An,OTH_SKH_LA,so ke hoach va au tu long an,OTHER,Annotator_A,HIGH,Khớp hoàn toàn danh mục hành chính chuẩn,2026-09-12,DataVietNam,2026-09-12
OTH_SXD_LA,Sở Xây dựng Long An,OTHER,province,2018,2026,dvc_2018,https://dichvucong.gov.vn/archive/2018,generated_catalog,source,2026-09-12T19:42:24.601202,crawl_2018_2026,Sở Xây dựng Long An,OTH_SXD_LA,so xay dung long an,OTHER,Annotator_A,HIGH,Khớp hoàn toàn danh mục hành chính chuẩn,2026-09-12,DataVietNam,2026-09-12
OTH_STNMT_LA,Sở Tài nguyên và Môi trường Long An,OTHER,province,2018,2026,dvc_2018,https://dichvucong.gov.vn/archive/2018,generated_catalog,source,2026-09-12T19:42:24.601202,crawl_2018_2026,Sở Tài nguyên và Môi trường Long An,OTH_STNMT_LA,so tai nguyen va moi truong long an,OTHER,Annotator_A,HIGH,Khớp hoàn toàn danh mục hành chính chuẩn,2026-09-12,DataVietNam,2026-09-12
OTH_SNV_LA,Sở Nội vụ Long An,OTHER,province,2018,2026,dvc_2018,https://dichvucong.gov.vn/archive/2018,generated_catalog,source,2026-09-12T19:42:24.601202,crawl_2018_2026,Sở Nội vụ Long An,OTH_SNV_LA,so noi vu long an,OTHER,Annotator_A,HIGH,Khớp hoàn toàn danh mục hành chính chuẩn,2026-09-12,DataVietNam,2026-09-12
OTH_SGTVT_LA,Sở Giao thông vận tải Long An,OTHER,province,2018,2026,dvc_2018,https://dichvucong.gov.vn/archive/2018,generated_catalog,source,2026-09-12T19:42:24.601202,crawl_2018_2026,Sở Giao thông vận tải Long An,OTH_SGTVT_LA,so giao thong van tai long an,OTHER,Annotator_A,HIGH,Khớp hoàn toàn danh mục hành chính chuẩn,2026-09-12,DataVietNam,2026-09-12
OTH_SCT_LA,Sở Công Thương Long An,OTHER,province,2018,2026,dvc_2018,https://dichvucong.gov.vn/archive/2018,generated_catalog,source,2026-09-12T19:42:24.601202,crawl_2018_2026,Sở Công Thương Long An,OTH_SCT_LA,so cong thuong long an,OTHER,Annotator_A,HIGH,Khớp hoàn toàn danh mục hành chính chuẩn,2026-09-12,DataVietNam,2026-09-12
OTH_SNNPTNT_LA,Sở Nông nghiệp và Phát triển nông thôn Long An,OTHER,province,2018,2026,dvc_2018,https://dichvucong.gov.vn/archive/2018,generated_catalog,source,2026-09-12T19:42:24.601202,crawl_2018_2026,Sở Nông nghiệp và Phát triển nông thôn Long An,OTH_SNNPTNT_LA,so nong nghiep va phat trien nong thon long an,OTHER,Annotator_A,HIGH,Khớp hoàn toàn danh mục hành chính chuẩn,2026-09-12,DataVietNam,2026-09-12
OTH_SLĐTBXH_LA,Sở Lao động - Thương binh và Xã hội Long An,OTHER,province,2018,2026,dvc_2018,https://dichvucong.gov.vn/archive/2018,generated_catalog,source,2026-09-12T19:42:24.601202,crawl_2018_2026,Sở Lao động - Thương binh và Xã hội Long An,OTH_SLĐTBXH_LA,so lao ong thuong binh va xa hoi long an,OTHER,Annotator_A,HIGH,Khớp hoàn toàn danh mục hành chính chuẩn,2026-09-12,DataVietNam,2026-09-12
OTH_SVHTTDL_LA,Sở Văn hóa Thể thao và Du lịch Long An,OTHER,province,2018,2026,dvc_2018,https://dichvucong.gov.vn/archive/2018,generated_catalog,source,2026-09-12T19:42:24.601202,crawl_2018_2026,Sở Văn hóa Thể thao và Du lịch Long An,OTH_SVHTTDL_LA,so van hoa the thao va du lich long an,OTHER,Annotator_A,HIGH,Khớp hoàn toàn danh mục hành chính chuẩn,2026-09-12,DataVietNam,2026-09-12
OTH_STTTT_LA,Sở Thông tin và Truyền thông Long An,OTHER,province,2018,2026,dvc_2018,https://dichvucong.gov.vn/archive/2018,generated_catalog,source,2026-09-12T19:42:24.601202,crawl_2018_2026,Sở Thông tin và Truyền thông Long An,OTH_STTTT_LA,so thong tin va truyen thong long an,OTHER,Annotator_A,HIGH,Khớp hoàn toàn danh mục hành chính chuẩn,2026-09-12,DataVietNam,2026-09-12
OTH_SKHCN_LA,Sở Khoa học và Công nghệ Long An,OTHER,province,2018,2026,dvc_2018,https://dichvucong.gov.vn/archive/2018,generated_catalog,source,2026-09-12T19:42:24.601202,crawl_2018_2026,Sở Khoa học và Công nghệ Long An,OTH_SKHCN_LA,so khoa hoc va cong nghe long an,OTHER,Annotator_A,HIGH,Khớp hoàn toàn danh mục hành chính chuẩn,2026-09-12,DataVietNam,2026-09-12
OTH_UBND_DLA,Ủy ban nhân dân Đắk Lắk,OTHER,province,2018,2026,dvc_2018,https://dichvucong.gov.vn/archive/2018,generated_catalog,source,2026-09-12T19:42:24.601202,crawl_2018_2026,Ủy ban nhân dân Đắk Lắk,OTH_UBND_DLA,uy ban nhan dan ak lak,OTHER,Annotator_A,HIGH,Khớp hoàn toàn danh mục hành chính chuẩn,2026-09-12,DataVietNam,2026-09-12
OTH_BHXH_DLA,Bảo hiểm Xã hội Đắk Lắk,OTHER,province,2018,2026,dvc_2018,https://dichvucong.gov.vn/archive/2018,generated_catalog,source,2026-09-12T19:42:24.601202,crawl_2018_2026,Bảo hiểm Xã hội Đắk Lắk,OTH_BHXH_DLA,bao hiem xa hoi ak lak,OTHER,Annotator_A,HIGH,Khớp hoàn toàn danh mục hành chính chuẩn,2026-09-12,DataVietNam,2026-09-12
OTH_SYT_DLA,Sở Y tế Đắk Lắk,OTHER,province,2018,2026,dvc_2018,https://dichvucong.gov.vn/archive/2018,generated_catalog,source,2026-09-12T19:42:24.601202,crawl_2018_2026,Sở Y tế Đắk Lắk,OTH_SYT_DLA,so y te ak lak,OTHER,Annotator_A,HIGH,Khớp hoàn toàn danh mục hành chính chuẩn,2026-09-12,DataVietNam,2026-09-12
OTH_SGD_DLA,Sở Giáo dục và Đào tạo Đắk Lắk,OTHER,province,2018,2026,dvc_2018,https://dichvucong.gov.vn/archive/2018,generated_catalog,source,2026-09-12T19:42:24.601202,crawl_2018_2026,Sở Giáo dục và Đào tạo Đắk Lắk,OTH_SGD_DLA,so giao duc va ao tao ak lak,OTHER,Annotator_A,HIGH,Khớp hoàn toàn danh mục hành chính chuẩn,2026-09-12,DataVietNam,2026-09-12
OTH_STC_DLA,Sở Tài chính Đắk Lắk,OTHER,province,2018,2026,dvc_2018,https://dichvucong.gov.vn/archive/2018,generated_catalog,source,2026-09-12T19:42:24.601202,crawl_2018_2026,Sở Tài chính Đắk Lắk,OTH_STC_DLA,so tai chinh ak lak,OTHER,Annotator_A,HIGH,Khớp hoàn toàn danh mục hành chính chuẩn,2026-09-12,DataVietNam,2026-09-12
OTH_STP_DLA,Sở Tư pháp Đắk Lắk,OTHER,province,2018,2026,dvc_2018,https://dichvucong.gov.vn/archive/2018,generated_catalog,source,2026-09-12T19:42:24.601202,crawl_2018_2026,Sở Tư pháp Đắk Lắk,OTH_STP_DLA,so tu phap ak lak,OTHER,Annotator_A,HIGH,Khớp hoàn toàn danh mục hành chính chuẩn,2026-09-12,DataVietNam,2026-09-12
OTH_SKH_DLA,Sở Kế hoạch và Đầu tư Đắk Lắk,OTHER,province,2018,2026,dvc_2018,https://dichvucong.gov.vn/archive/2018,generated_catalog,source,2026-09-12T19:42:24.601202,crawl_2018_2026,Sở Kế hoạch và Đầu tư Đắk Lắk,OTH_SKH_DLA,so ke hoach va au tu ak lak,OTHER,Annotator_A,HIGH,Khớp hoàn toàn danh mục hành chính chuẩn,2026-09-12,DataVietNam,2026-09-12
OTH_SXD_DLA,Sở Xây dựng Đắk Lắk,OTHER,province,2018,2026,dvc_2018,https://dichvucong.gov.vn/archive/2018,generated_catalog,source,2026-09-12T19:42:24.601202,crawl_2018_2026,Sở Xây dựng Đắk Lắk,OTH_SXD_DLA,so xay dung ak lak,OTHER,Annotator_A,HIGH,Khớp hoàn toàn danh mục hành chính chuẩn,2026-09-12,DataVietNam,2026-09-12
OTH_STNMT_DLA,Sở Tài nguyên và Môi trường Đắk Lắk,OTHER,province,2018,2026,dvc_2018,https://dichvucong.gov.vn/archive/2018,generated_catalog,source,2026-09-12T19:42:24.601202,crawl_2018_2026,Sở Tài nguyên và Môi trường Đắk Lắk,OTH_STNMT_DLA,so tai nguyen va moi truong ak lak,OTHER,Annotator_A,HIGH,Khớp hoàn toàn danh mục hành chính chuẩn,2026-09-12,DataVietNam,2026-09-12
OTH_SNV_DLA,Sở Nội vụ Đắk Lắk,OTHER,province,2018,2026,dvc_2018,https://dichvucong.gov.vn/archive/2018,generated_catalog,source,2026-09-12T19:42:24.601202,crawl_2018_2026,Sở Nội vụ Đắk Lắk,OTH_SNV_DLA,so noi vu ak lak,OTHER,Annotator_A,HIGH,Khớp hoàn toàn danh mục hành chính chuẩn,2026-09-12,DataVietNam,2026-09-12
OTH_SGTVT_DLA,Sở Giao thông vận tải Đắk Lắk,OTHER,province,2018,2026,dvc_2018,https://dichvucong.gov.vn/archive/2018,generated_catalog,source,2026-09-12T19:42:24.601202,crawl_2018_2026,Sở Giao thông vận tải Đắk Lắk,OTH_SGTVT_DLA,so giao thong van tai ak lak,OTHER,Annotator_A,HIGH,Khớp hoàn toàn danh mục hành chính chuẩn,2026-09-12,DataVietNam,2026-09-12
OTH_SCT_DLA,Sở Công Thương Đắk Lắk,OTHER,province,2018,2026,dvc_2018,https://dichvucong.gov.vn/archive/2018,generated_catalog,source,2026-09-12T19:42:24.601202,crawl_2018_2026,Sở Công Thương Đắk Lắk,OTH_SCT_DLA,so cong thuong ak lak,OTHER,Annotator_A,HIGH,Khớp hoàn toàn danh mục hành chính chuẩn,2026-09-12,DataVietNam,2026-09-12
OTH_SNNPTNT_DLA,Sở Nông nghiệp và Phát triển nông thôn Đắk Lắk,OTHER,province,2018,2026,dvc_2018,https://dichvucong.gov.vn/archive/2018,generated_catalog,source,2026-09-12T19:42:24.601202,crawl_2018_2026,Sở Nông nghiệp và Phát triển nông thôn Đắk Lắk,OTH_SNNPTNT_DLA,so nong nghiep va phat trien nong thon ak lak,OTHER,Annotator_A,HIGH,Khớp hoàn toàn danh mục hành chính chuẩn,2026-09-12,DataVietNam,2026-09-12
OTH_SLĐTBXH_DLA,Sở Lao động - Thương binh và Xã hội Đắk Lắk,OTHER,province,2018,2026,dvc_2018,https://dichvucong.gov.vn/archive/2018,generated_catalog,source,2026-09-12T19:42:24.601202,crawl_2018_2026,Sở Lao động - Thương binh và Xã hội Đắk Lắk,OTH_SLĐTBXH_DLA,so lao ong thuong binh va xa hoi ak lak,OTHER,Annotator_A,HIGH,Khớp hoàn toàn danh mục hành chính chuẩn,2026-09-12,DataVietNam,2026-09-12
OTH_SVHTTDL_DLA,Sở Văn hóa Thể thao và Du lịch Đắk Lắk,OTHER,province,2018,2026,dvc_2018,https://dichvucong.gov.vn/archive/2018,generated_catalog,source,2026-09-12T19:42:24.601202,crawl_2018_2026,Sở Văn hóa Thể thao và Du lịch Đắk Lắk,OTH_SVHTTDL_DLA,so van hoa the thao va du lich ak lak,OTHER,Annotator_A,HIGH,Khớp hoàn toàn danh mục hành chính chuẩn,2026-09-12,DataVietNam,2026-09-12
OTH_STTTT_DLA,Sở Thông tin và Truyền thông Đắk Lắk,OTHER,province,2018,2026,dvc_2018,https://dichvucong.gov.vn/archive/2018,generated_catalog,source,2026-09-12T19:42:24.601202,crawl_2018_2026,Sở Thông tin và Truyền thông Đắk Lắk,OTH_STTTT_DLA,so thong tin va truyen thong ak lak,OTHER,Annotator_A,HIGH,Khớp hoàn toàn danh mục hành chính chuẩn,2026-09-12,DataVietNam,2026-09-12
OTH_SKHCN_DLA,Sở Khoa học và Công nghệ Đắk Lắk,OTHER,province,2018,2026,dvc_2018,https://dichvucong.gov.vn/archive/2018,generated_catalog,source,2026-09-12T19:42:24.601202,crawl_2018_2026,Sở Khoa học và Công nghệ Đắk Lắk,OTH_SKHCN_DLA,so khoa hoc va cong nghe ak lak,OTHER,Annotator_A,HIGH,Khớp hoàn toàn danh mục hành chính chuẩn,2026-09-12,DataVietNam,2026-09-12
OTH_UBND_GLA,Ủy ban nhân dân Gia Lai,OTHER,province,2018,2026,dvc_2018,https://dichvucong.gov.vn/archive/2018,generated_catalog,source,2026-09-12T19:42:24.601202,crawl_2018_2026,Ủy ban nhân dân Gia Lai,OTH_UBND_GLA,uy ban nhan dan gia lai,OTHER,Annotator_A,HIGH,Khớp hoàn toàn danh mục hành chính chuẩn,2026-09-12,DataVietNam,2026-09-12
OTH_BHXH_GLA,Bảo hiểm Xã hội Gia Lai,OTHER,province,2018,2026,dvc_2018,https://dichvucong.gov.vn/archive/2018,generated_catalog,source,2026-09-12T19:42:24.601202,crawl_2018_2026,Bảo hiểm Xã hội Gia Lai,OTH_BHXH_GLA,bao hiem xa hoi gia lai,OTHER,Annotator_A,HIGH,Khớp hoàn toàn danh mục hành chính chuẩn,2026-09-12,DataVietNam,2026-09-12
OTH_SYT_GLA,Sở Y tế Gia Lai,OTHER,province,2018,2026,dvc_2018,https://dichvucong.gov.vn/archive/2018,generated_catalog,source,2026-09-12T19:42:24.601202,crawl_2018_2026,Sở Y tế Gia Lai,OTH_SYT_GLA,so y te gia lai,OTHER,Annotator_A,HIGH,Khớp hoàn toàn danh mục hành chính chuẩn,2026-09-12,DataVietNam,2026-09-12
OTH_SGD_GLA,Sở Giáo dục và Đào tạo Gia Lai,OTHER,province,2018,2026,dvc_2018,https://dichvucong.gov.vn/archive/2018,generated_catalog,source,2026-09-12T19:42:24.601202,crawl_2018_2026,Sở Giáo dục và Đào tạo Gia Lai,OTH_SGD_GLA,so giao duc va ao tao gia lai,OTHER,Annotator_A,HIGH,Khớp hoàn toàn danh mục hành chính chuẩn,2026-09-12,DataVietNam,2026-09-12
OTH_STC_GLA,Sở Tài chính Gia Lai,OTHER,province,2018,2026,dvc_2018,https://dichvucong.gov.vn/archive/2018,generated_catalog,source,2026-09-12T19:42:24.601202,crawl_2018_2026,Sở Tài chính Gia Lai,OTH_STC_GLA,so tai chinh gia lai,OTHER,Annotator_A,HIGH,Khớp hoàn toàn danh mục hành chính chuẩn,2026-09-12,DataVietNam,2026-09-12
OTH_STP_GLA,Sở Tư pháp Gia Lai,OTHER,province,2018,2026,dvc_2018,https://dichvucong.gov.vn/archive/2018,generated_catalog,source,2026-09-12T19:42:24.601202,crawl_2018_2026,Sở Tư pháp Gia Lai,OTH_STP_GLA,so tu phap gia lai,OTHER,Annotator_A,HIGH,Khớp hoàn toàn danh mục hành chính chuẩn,2026-09-12,DataVietNam,2026-09-12
OTH_SKH_GLA,Sở Kế hoạch và Đầu tư Gia Lai,OTHER,province,2018,2026,dvc_2018,https://dichvucong.gov.vn/archive/2018,generated_catalog,source,2026-09-12T19:42:24.601202,crawl_2018_2026,Sở Kế hoạch và Đầu tư Gia Lai,OTH_SKH_GLA,so ke hoach va au tu gia lai,OTHER,Annotator_A,HIGH,Khớp hoàn toàn danh mục hành chính chuẩn,2026-09-12,DataVietNam,2026-09-12
OTH_SXD_GLA,Sở Xây dựng Gia Lai,OTHER,province,2018,2026,dvc_2018,https://dichvucong.gov.vn/archive/2018,generated_catalog,source,2026-09-12T19:42:24.601202,crawl_2018_2026,Sở Xây dựng Gia Lai,OTH_SXD_GLA,so xay dung gia lai,OTHER,Annotator_A,HIGH,Khớp hoàn toàn danh mục hành chính chuẩn,2026-09-12,DataVietNam,2026-09-12
OTH_STNMT_GLA,Sở Tài nguyên và Môi trường Gia Lai,OTHER,province,2018,2026,dvc_2018,https://dichvucong.gov.vn/archive/2018,generated_catalog,source,2026-09-12T19:42:24.601202,crawl_2018_2026,Sở Tài nguyên và Môi trường Gia Lai,OTH_STNMT_GLA,so tai nguyen va moi truong gia lai,OTHER,Annotator_A,HIGH,Khớp hoàn toàn danh mục hành chính chuẩn,2026-09-12,DataVietNam,2026-09-12
OTH_SNV_GLA,Sở Nội vụ Gia Lai,OTHER,province,2018,2026,dvc_2018,https://dichvucong.gov.vn/archive/2018,generated_catalog,source,2026-09-12T19:42:24.601202,crawl_2018_2026,Sở Nội vụ Gia Lai,OTH_SNV_GLA,so noi vu gia lai,OTHER,Annotator_A,HIGH,Khớp hoàn toàn danh mục hành chính chuẩn,2026-09-12,DataVietNam,2026-09-12
OTH_SGTVT_GLA,Sở Giao thông vận tải Gia Lai,OTHER,province,2018,2026,dvc_2018,https://dichvucong.gov.vn/archive/2018,generated_catalog,source,2026-09-12T19:42:24.601202,crawl_2018_2026,Sở Giao thông vận tải Gia Lai,OTH_SGTVT_GLA,so giao thong van tai gia lai,OTHER,Annotator_A,HIGH,Khớp hoàn toàn danh mục hành chính chuẩn,2026-09-12,DataVietNam,2026-09-12
OTH_SCT_GLA,Sở Công Thương Gia Lai,OTHER,province,2018,2026,dvc_2018,https://dichvucong.gov.vn/archive/2018,generated_catalog,source,2026-09-12T19:42:24.601202,crawl_2018_2026,Sở Công Thương Gia Lai,OTH_SCT_GLA,so cong thuong gia lai,OTHER,Annotator_A,HIGH,Khớp hoàn toàn danh mục hành chính chuẩn,2026-09-12,DataVietNam,2026-09-12
OTH_SNNPTNT_GLA,Sở Nông nghiệp và Phát triển nông thôn Gia Lai,OTHER,province,2018,2026,dvc_2018,https://dichvucong.gov.vn/archive/2018,generated_catalog,source,2026-09-12T19:42:24.601202,crawl_2018_2026,Sở Nông nghiệp và Phát triển nông thôn Gia Lai,OTH_SNNPTNT_GLA,so nong nghiep va phat trien nong thon gia lai,OTHER,Annotator_A,HIGH,Khớp hoàn toàn danh mục hành chính chuẩn,2026-09-12,DataVietNam,2026-09-12
OTH_SLĐTBXH_GLA,Sở Lao động - Thương binh và Xã hội Gia Lai,OTHER,province,2018,2026,dvc_2018,https://dichvucong.gov.vn/archive/2018,generated_catalog,source,2026-09-12T19:42:24.601202,crawl_2018_2026,Sở Lao động - Thương binh và Xã hội Gia Lai,OTH_SLĐTBXH_GLA,so lao ong thuong binh va xa hoi gia lai,OTHER,Annotator_A,HIGH,Khớp hoàn toàn danh mục hành chính chuẩn,2026-09-12,DataVietNam,2026-09-12
OTH_SVHTTDL_GLA,Sở Văn hóa Thể thao và Du lịch Gia Lai,OTHER,province,2018,2026,dvc_2018,https://dichvucong.gov.vn/archive/2018,generated_catalog,source,2026-09-12T19:42:24.601202,crawl_2018_2026,Sở Văn hóa Thể thao và Du lịch Gia Lai,OTH_SVHTTDL_GLA,so van hoa the thao va du lich gia lai,OTHER,Annotator_A,HIGH,Khớp hoàn toàn danh mục hành chính chuẩn,2026-09-12,DataVietNam,2026-09-12
OTH_STTTT_GLA,Sở Thông tin và Truyền thông Gia Lai,OTHER,province,2018,2026,dvc_2018,https://dichvucong.gov.vn/archive/2018,generated_catalog,source,2026-09-12T19:42:24.601202,crawl_2018_2026,Sở Thông tin và Truyền thông Gia Lai,OTH_STTTT_GLA,so thong tin va truyen thong gia lai,OTHER,Annotator_A,HIGH,Khớp hoàn toàn danh mục hành chính chuẩn,2026-09-12,DataVietNam,2026-09-12
OTH_SKHCN_GLA,Sở Khoa học và Công nghệ Gia Lai,OTHER,province,2018,2026,dvc_2018,https://dichvucong.gov.vn/archive/2018,generated_catalog,source,2026-09-12T19:42:24.601202,crawl_2018_2026,Sở Khoa học và Công nghệ Gia Lai,OTH_SKHCN_GLA,so khoa hoc va cong nghe gia lai,OTHER,Annotator_A,HIGH,Khớp hoàn toàn danh mục hành chính chuẩn,2026-09-12,DataVietNam,2026-09-12
OTH_UBND_LD,Ủy ban nhân dân Lâm Đồng,OTHER,province,2018,2026,dvc_2018,https://dichvucong.gov.vn/archive/2018,generated_catalog,source,2026-09-12T19:42:24.601202,crawl_2018_2026,Ủy ban nhân dân Lâm Đồng,OTH_UBND_LD,uy ban nhan dan lam ong,OTHER,Annotator_A,HIGH,Khớp hoàn toàn danh mục hành chính chuẩn,2026-09-12,DataVietNam,2026-09-12
OTH_BHXH_LD,Bảo hiểm Xã hội Lâm Đồng,OTHER,province,2018,2026,dvc_2018,https://dichvucong.gov.vn/archive/2018,generated_catalog,source,2026-09-12T19:42:24.601202,crawl_2018_2026,Bảo hiểm Xã hội Lâm Đồng,OTH_BHXH_LD,bao hiem xa hoi lam ong,OTHER,Annotator_A,HIGH,Khớp hoàn toàn danh mục hành chính chuẩn,2026-09-12,DataVietNam,2026-09-12
OTH_SYT_LD,Sở Y tế Lâm Đồng,OTHER,province,2018,2026,dvc_2018,https://dichvucong.gov.vn/archive/2018,generated_catalog,source,2026-09-12T19:42:24.601202,crawl_2018_2026,Sở Y tế Lâm Đồng,OTH_SYT_LD,so y te lam ong,OTHER,Annotator_A,HIGH,Khớp hoàn toàn danh mục hành chính chuẩn,2026-09-12,DataVietNam,2026-09-12
OTH_SGD_LD,Sở Giáo dục và Đào tạo Lâm Đồng,OTHER,province,2018,2026,dvc_2018,https://dichvucong.gov.vn/archive/2018,generated_catalog,source,2026-09-12T19:42:24.601202,crawl_2018_2026,Sở Giáo dục và Đào tạo Lâm Đồng,OTH_SGD_LD,so giao duc va ao tao lam ong,OTHER,Annotator_A,HIGH,Khớp hoàn toàn danh mục hành chính chuẩn,2026-09-12,DataVietNam,2026-09-12
OTH_STC_LD,Sở Tài chính Lâm Đồng,OTHER,province,2018,2026,dvc_2018,https://dichvucong.gov.vn/archive/2018,generated_catalog,source,2026-09-12T19:42:24.601202,crawl_2018_2026,Sở Tài chính Lâm Đồng,OTH_STC_LD,so tai chinh lam ong,OTHER,Annotator_A,HIGH,Khớp hoàn toàn danh mục hành chính chuẩn,2026-09-12,DataVietNam,2026-09-12
OTH_STP_LD,Sở Tư pháp Lâm Đồng,OTHER,province,2018,2026,dvc_2018,https://dichvucong.gov.vn/archive/2018,generated_catalog,source,2026-09-12T19:42:24.601202,crawl_2018_2026,Sở Tư pháp Lâm Đồng,OTH_STP_LD,so tu phap lam ong,OTHER,Annotator_A,HIGH,Khớp hoàn toàn danh mục hành chính chuẩn,2026-09-12,DataVietNam,2026-09-12
OTH_SKH_LD,Sở Kế hoạch và Đầu tư Lâm Đồng,OTHER,province,2018,2026,dvc_2018,https://dichvucong.gov.vn/archive/2018,generated_catalog,source,2026-09-12T19:42:24.601202,crawl_2018_2026,Sở Kế hoạch và Đầu tư Lâm Đồng,OTH_SKH_LD,so ke hoach va au tu lam ong,OTHER,Annotator_A,HIGH,Khớp hoàn toàn danh mục hành chính chuẩn,2026-09-12,DataVietNam,2026-09-12
OTH_SXD_LD,Sở Xây dựng Lâm Đồng,OTHER,province,2018,2026,dvc_2018,https://dichvucong.gov.vn/archive/2018,generated_catalog,source,2026-09-12T19:42:24.601202,crawl_2018_2026,Sở Xây dựng Lâm Đồng,OTH_SXD_LD,so xay dung lam ong,OTHER,Annotator_A,HIGH,Khớp hoàn toàn danh mục hành chính chuẩn,2026-09-12,DataVietNam,2026-09-12
OTH_STNMT_LD,Sở Tài nguyên và Môi trường Lâm Đồng,OTHER,province,2018,2026,dvc_2018,https://dichvucong.gov.vn/archive/2018,generated_catalog,source,2026-09-12T19:42:24.601202,crawl_2018_2026,Sở Tài nguyên và Môi trường Lâm Đồng,OTH_STNMT_LD,so tai nguyen va moi truong lam ong,OTHER,Annotator_A,HIGH,Khớp hoàn toàn danh mục hành chính chuẩn,2026-09-12,DataVietNam,2026-09-12
OTH_SNV_LD,Sở Nội vụ Lâm Đồng,OTHER,province,2018,2026,dvc_2018,https://dichvucong.gov.vn/archive/2018,generated_catalog,source,2026-09-12T19:42:24.601202,crawl_2018_2026,Sở Nội vụ Lâm Đồng,OTH_SNV_LD,so noi vu lam ong,OTHER,Annotator_A,HIGH,Khớp hoàn toàn danh mục hành chính chuẩn,2026-09-12,DataVietNam,2026-09-12
OTH_SGTVT_LD,Sở Giao thông vận tải Lâm Đồng,OTHER,province,2018,2026,dvc_2018,https://dichvucong.gov.vn/archive/2018,generated_catalog,source,2026-09-12T19:42:24.601202,crawl_2018_2026,Sở Giao thông vận tải Lâm Đồng,OTH_SGTVT_LD,so giao thong van tai lam ong,OTHER,Annotator_A,HIGH,Khớp hoàn toàn danh mục hành chính chuẩn,2026-09-12,DataVietNam,2026-09-12
OTH_SCT_LD,Sở Công Thương Lâm Đồng,OTHER,province,2018,2026,dvc_2018,https://dichvucong.gov.vn/archive/2018,generated_catalog,source,2026-09-12T19:42:24.601202,crawl_2018_2026,Sở Công Thương Lâm Đồng,OTH_SCT_LD,so cong thuong lam ong,OTHER,Annotator_A,HIGH,Khớp hoàn toàn danh mục hành chính chuẩn,2026-09-12,DataVietNam,2026-09-12
OTH_SNNPTNT_LD,Sở Nông nghiệp và Phát triển nông thôn Lâm Đồng,OTHER,province,2018,2026,dvc_2018,https://dichvucong.gov.vn/archive/2018,generated_catalog,source,2026-09-12T19:42:24.601202,crawl_2018_2026,Sở Nông nghiệp và Phát triển nông thôn Lâm Đồng,OTH_SNNPTNT_LD,so nong nghiep va phat trien nong thon lam ong,OTHER,Annotator_A,HIGH,Khớp hoàn toàn danh mục hành chính chuẩn,2026-09-12,DataVietNam,2026-09-12
OTH_SLĐTBXH_LD,Sở Lao động - Thương binh và Xã hội Lâm Đồng,OTHER,province,2018,2026,dvc_2018,https://dichvucong.gov.vn/archive/2018,generated_catalog,source,2026-09-12T19:42:24.601202,crawl_2018_2026,Sở Lao động - Thương binh và Xã hội Lâm Đồng,OTH_SLĐTBXH_LD,so lao ong thuong binh va xa hoi lam ong,OTHER,Annotator_A,HIGH,Khớp hoàn toàn danh mục hành chính chuẩn,2026-09-12,DataVietNam,2026-09-12
OTH_SVHTTDL_LD,Sở Văn hóa Thể thao và Du lịch Lâm Đồng,OTHER,province,2018,2026,dvc_2018,https://dichvucong.gov.vn/archive/2018,generated_catalog,source,2026-09-12T19:42:24.601202,crawl_2018_2026,Sở Văn hóa Thể thao và Du lịch Lâm Đồng,OTH_SVHTTDL_LD,so van hoa the thao va du lich lam ong,OTHER,Annotator_A,HIGH,Khớp hoàn toàn danh mục hành chính chuẩn,2026-09-12,DataVietNam,2026-09-12
OTH_STTTT_LD,Sở Thông tin và Truyền thông Lâm Đồng,OTHER,province,2018,2026,dvc_2018,https://dichvucong.gov.vn/archive/2018,generated_catalog,source,2026-09-12T19:42:24.601202,crawl_2018_2026,Sở Thông tin và Truyền thông Lâm Đồng,OTH_STTTT_LD,so thong tin va truyen thong lam ong,OTHER,Annotator_A,HIGH,Khớp hoàn toàn danh mục hành chính chuẩn,2026-09-12,DataVietNam,2026-09-12
OTH_SKHCN_LD,Sở Khoa học và Công nghệ Lâm Đồng,OTHER,province,2018,2026,dvc_2018,https://dichvucong.gov.vn/archive/2018,generated_catalog,source,2026-09-12T19:42:24.601202,crawl_2018_2026,Sở Khoa học và Công nghệ Lâm Đồng,OTH_SKHCN_LD,so khoa hoc va cong nghe lam ong,OTHER,Annotator_A,HIGH,Khớp hoàn toàn danh mục hành chính chuẩn,2026-09-12,DataVietNam,2026-09-12
OTH_UBND_KT,Ủy ban nhân dân Kon Tum,OTHER,province,2018,2026,dvc_2018,https://dichvucong.gov.vn/archive/2018,generated_catalog,source,2026-09-12T19:42:24.601202,crawl_2018_2026,Ủy ban nhân dân Kon Tum,OTH_UBND_KT,uy ban nhan dan kon tum,OTHER,Annotator_A,HIGH,Khớp hoàn toàn danh mục hành chính chuẩn,2026-09-12,DataVietNam,2026-09-12
OTH_BHXH_KT,Bảo hiểm Xã hội Kon Tum,OTHER,province,2018,2026,dvc_2018,https://dichvucong.gov.vn/archive/2018,generated_catalog,source,2026-09-12T19:42:24.601202,crawl_2018_2026,Bảo hiểm Xã hội Kon Tum,OTH_BHXH_KT,bao hiem xa hoi kon tum,OTHER,Annotator_A,HIGH,Khớp hoàn toàn danh mục hành chính chuẩn,2026-09-12,DataVietNam,2026-09-12
OTH_SYT_KT,Sở Y tế Kon Tum,OTHER,province,2018,2026,dvc_2018,https://dichvucong.gov.vn/archive/2018,generated_catalog,source,2026-09-12T19:42:24.601202,crawl_2018_2026,Sở Y tế Kon Tum,OTH_SYT_KT,so y te kon tum,OTHER,Annotator_A,HIGH,Khớp hoàn toàn danh mục hành chính chuẩn,2026-09-12,DataVietNam,2026-09-12
OTH_SGD_KT,Sở Giáo dục và Đào tạo Kon Tum,OTHER,province,2018,2026,dvc_2018,https://dichvucong.gov.vn/archive/2018,generated_catalog,source,2026-09-12T19:42:24.601202,crawl_2018_2026,Sở Giáo dục và Đào tạo Kon Tum,OTH_SGD_KT,so giao duc va ao tao kon tum,OTHER,Annotator_A,HIGH,Khớp hoàn toàn danh mục hành chính chuẩn,2026-09-12,DataVietNam,2026-09-12
OTH_STC_KT,Sở Tài chính Kon Tum,OTHER,province,2018,2026,dvc_2018,https://dichvucong.gov.vn/archive/2018,generated_catalog,source,2026-09-12T19:42:24.601202,crawl_2018_2026,Sở Tài chính Kon Tum,OTH_STC_KT,so tai chinh kon tum,OTHER,Annotator_A,HIGH,Khớp hoàn toàn danh mục hành chính chuẩn,2026-09-12,DataVietNam,2026-09-12
OTH_STP_KT,Sở Tư pháp Kon Tum,OTHER,province,2018,2026,dvc_2018,https://dichvucong.gov.vn/archive/2018,generated_catalog,source,2026-09-12T19:42:24.601202,crawl_2018_2026,Sở Tư pháp Kon Tum,OTH_STP_KT,so tu phap kon tum,OTHER,Annotator_A,HIGH,Khớp hoàn toàn danh mục hành chính chuẩn,2026-09-12,DataVietNam,2026-09-12
OTH_SKH_KT,Sở Kế hoạch và Đầu tư Kon Tum,OTHER,province,2018,2026,dvc_2018,https://dichvucong.gov.vn/archive/2018,generated_catalog,source,2026-09-12T19:42:24.601202,crawl_2018_2026,Sở Kế hoạch và Đầu tư Kon Tum,OTH_SKH_KT,so ke hoach va au tu kon tum,OTHER,Annotator_A,HIGH,Khớp hoàn toàn danh mục hành chính chuẩn,2026-09-12,DataVietNam,2026-09-12
OTH_SXD_KT,Sở Xây dựng Kon Tum,OTHER,province,2018,2026,dvc_2018,https://dichvucong.gov.vn/archive/2018,generated_catalog,source,2026-09-12T19:42:24.601202,crawl_2018_2026,Sở Xây dựng Kon Tum,OTH_SXD_KT,so xay dung kon tum,OTHER,Annotator_A,HIGH,Khớp hoàn toàn danh mục hành chính chuẩn,2026-09-12,DataVietNam,2026-09-12
OTH_STNMT_KT,Sở Tài nguyên và Môi trường Kon Tum,OTHER,province,2018,2026,dvc_2018,https://dichvucong.gov.vn/archive/2018,generated_catalog,source,2026-09-12T19:42:24.601202,crawl_2018_2026,Sở Tài nguyên và Môi trường Kon Tum,OTH_STNMT_KT,so tai nguyen va moi truong kon tum,OTHER,Annotator_A,HIGH,Khớp hoàn toàn danh mục hành chính chuẩn,2026-09-12,DataVietNam,2026-09-12
OTH_SNV_KT,Sở Nội vụ Kon Tum,OTHER,province,2018,2026,dvc_2018,https://dichvucong.gov.vn/archive/2018,generated_catalog,source,2026-09-12T19:42:24.601202,crawl_2018_2026,Sở Nội vụ Kon Tum,OTH_SNV_KT,so noi vu kon tum,OTHER,Annotator_A,HIGH,Khớp hoàn toàn danh mục hành chính chuẩn,2026-09-12,DataVietNam,2026-09-12
OTH_SGTVT_KT,Sở Giao thông vận tải Kon Tum,OTHER,province,2018,2026,dvc_2018,https://dichvucong.gov.vn/archive/2018,generated_catalog,source,2026-09-12T19:42:24.601202,crawl_2018_2026,Sở Giao thông vận tải Kon Tum,OTH_SGTVT_KT,so giao thong van tai kon tum,OTHER,Annotator_A,HIGH,Khớp hoàn toàn danh mục hành chính chuẩn,2026-09-12,DataVietNam,2026-09-12
OTH_SCT_KT,Sở Công Thương Kon Tum,OTHER,province,2018,2026,dvc_2018,https://dichvucong.gov.vn/archive/2018,generated_catalog,source,2026-09-12T19:42:24.601202,crawl_2018_2026,Sở Công Thương Kon Tum,OTH_SCT_KT,so cong thuong kon tum,OTHER,Annotator_A,HIGH,Khớp hoàn toàn danh mục hành chính chuẩn,2026-09-12,DataVietNam,2026-09-12
OTH_SNNPTNT_KT,Sở Nông nghiệp và Phát triển nông thôn Kon Tum,OTHER,province,2018,2026,dvc_2018,https://dichvucong.gov.vn/archive/2018,generated_catalog,source,2026-09-12T19:42:24.601202,crawl_2018_2026,Sở Nông nghiệp và Phát triển nông thôn Kon Tum,OTH_SNNPTNT_KT,so nong nghiep va phat trien nong thon kon tum,OTHER,Annotator_A,HIGH,Khớp hoàn toàn danh mục hành chính chuẩn,2026-09-12,DataVietNam,2026-09-12
OTH_SLĐTBXH_KT,Sở Lao động - Thương binh và Xã hội Kon Tum,OTHER,province,2018,2026,dvc_2018,https://dichvucong.gov.vn/archive/2018,generated_catalog,source,2026-09-12T19:42:24.601202,crawl_2018_2026,Sở Lao động - Thương binh và Xã hội Kon Tum,OTH_SLĐTBXH_KT,so lao ong thuong binh va xa hoi kon tum,OTHER,Annotator_A,HIGH,Khớp hoàn toàn danh mục hành chính chuẩn,2026-09-12,DataVietNam,2026-09-12
OTH_SVHTTDL_KT,Sở Văn hóa Thể thao và Du lịch Kon Tum,OTHER,province,2018,2026,dvc_2018,https://dichvucong.gov.vn/archive/2018,generated_catalog,source,2026-09-12T19:42:24.601202,crawl_2018_2026,Sở Văn hóa Thể thao và Du lịch Kon Tum,OTH_SVHTTDL_KT,so van hoa the thao va du lich kon tum,OTHER,Annotator_A,HIGH,Khớp hoàn toàn danh mục hành chính chuẩn,2026-09-12,DataVietNam,2026-09-12
OTH_STTTT_KT,Sở Thông tin và Truyền thông Kon Tum,OTHER,province,2018,2026,dvc_2018,https://dichvucong.gov.vn/archive/2018,generated_catalog,source,2026-09-12T19:42:24.601202,crawl_2018_2026,Sở Thông tin và Truyền thông Kon Tum,OTH_STTTT_KT,so thong tin va truyen thong kon tum,OTHER,Annotator_A,HIGH,Khớp hoàn toàn danh mục hành chính chuẩn,2026-09-12,DataVietNam,2026-09-12
OTH_SKHCN_KT,Sở Khoa học và Công nghệ Kon Tum,OTHER,province,2018,2026,dvc_2018,https://dichvucong.gov.vn/archive/2018,generated_catalog,source,2026-09-12T19:42:24.601202,crawl_2018_2026,Sở Khoa học và Công nghệ Kon Tum,OTH_SKHCN_KT,so khoa hoc va cong nghe kon tum,OTHER,Annotator_A,HIGH,Khớp hoàn toàn danh mục hành chính chuẩn,2026-09-12,DataVietNam,2026-09-12
OTH_UBND_DNO,Ủy ban nhân dân Đắk Nông,OTHER,province,2018,2026,dvc_2018,https://dichvucong.gov.vn/archive/2018,generated_catalog,source,2026-09-12T19:42:24.601202,crawl_2018_2026,Ủy ban nhân dân Đắk Nông,OTH_UBND_DNO,uy ban nhan dan ak nong,OTHER,Annotator_A,HIGH,Khớp hoàn toàn danh mục hành chính chuẩn,2026-09-12,DataVietNam,2026-09-12
OTH_BHXH_DNO,Bảo hiểm Xã hội Đắk Nông,OTHER,province,2018,2026,dvc_2018,https://dichvucong.gov.vn/archive/2018,generated_catalog,source,2026-09-12T19:42:24.601202,crawl_2018_2026,Bảo hiểm Xã hội Đắk Nông,OTH_BHXH_DNO,bao hiem xa hoi ak nong,OTHER,Annotator_A,HIGH,Khớp hoàn toàn danh mục hành chính chuẩn,2026-09-12,DataVietNam,2026-09-12
OTH_SYT_DNO,Sở Y tế Đắk Nông,OTHER,province,2018,2026,dvc_2018,https://dichvucong.gov.vn/archive/2018,generated_catalog,source,2026-09-12T19:42:24.601202,crawl_2018_2026,Sở Y tế Đắk Nông,OTH_SYT_DNO,so y te ak nong,OTHER,Annotator_A,HIGH,Khớp hoàn toàn danh mục hành chính chuẩn,2026-09-12,DataVietNam,2026-09-12
OTH_SGD_DNO,Sở Giáo dục và Đào tạo Đắk Nông,OTHER,province,2018,2026,dvc_2018,https://dichvucong.gov.vn/archive/2018,generated_catalog,source,2026-09-12T19:42:24.601202,crawl_2018_2026,Sở Giáo dục và Đào tạo Đắk Nông,OTH_SGD_DNO,so giao duc va ao tao ak nong,OTHER,Annotator_A,HIGH,Khớp hoàn toàn danh mục hành chính chuẩn,2026-09-12,DataVietNam,2026-09-12
OTH_STC_DNO,Sở Tài chính Đắk Nông,OTHER,province,2018,2026,dvc_2018,https://dichvucong.gov.vn/archive/2018,generated_catalog,source,2026-09-12T19:42:24.601202,crawl_2018_2026,Sở Tài chính Đắk Nông,OTH_STC_DNO,so tai chinh ak nong,OTHER,Annotator_A,HIGH,Khớp hoàn toàn danh mục hành chính chuẩn,2026-09-12,DataVietNam,2026-09-12
OTH_STP_DNO,Sở Tư pháp Đắk Nông,OTHER,province,2018,2026,dvc_2018,https://dichvucong.gov.vn/archive/2018,generated_catalog,source,2026-09-12T19:42:24.601202,crawl_2018_2026,Sở Tư pháp Đắk Nông,OTH_STP_DNO,so tu phap ak nong,OTHER,Annotator_A,HIGH,Khớp hoàn toàn danh mục hành chính chuẩn,2026-09-12,DataVietNam,2026-09-12
OTH_SKH_DNO,Sở Kế hoạch và Đầu tư Đắk Nông,OTHER,province,2018,2026,dvc_2018,https://dichvucong.gov.vn/archive/2018,generated_catalog,source,2026-09-12T19:42:24.601202,crawl_2018_2026,Sở Kế hoạch và Đầu tư Đắk Nông,OTH_SKH_DNO,so ke hoach va au tu ak nong,OTHER,Annotator_A,HIGH,Khớp hoàn toàn danh mục hành chính chuẩn,2026-09-12,DataVietNam,2026-09-12
OTH_SXD_DNO,Sở Xây dựng Đắk Nông,OTHER,province,2018,2026,dvc_2018,https://dichvucong.gov.vn/archive/2018,generated_catalog,source,2026-09-12T19:42:24.601202,crawl_2018_2026,Sở Xây dựng Đắk Nông,OTH_SXD_DNO,so xay dung ak nong,OTHER,Annotator_A,HIGH,Khớp hoàn toàn danh mục hành chính chuẩn,2026-09-12,DataVietNam,2026-09-12
OTH_STNMT_DNO,Sở Tài nguyên và Môi trường Đắk Nông,OTHER,province,2018,2026,dvc_2018,https://dichvucong.gov.vn/archive/2018,generated_catalog,source,2026-09-12T19:42:24.601202,crawl_2018_2026,Sở Tài nguyên và Môi trường Đắk Nông,OTH_STNMT_DNO,so tai nguyen va moi truong ak nong,OTHER,Annotator_A,HIGH,Khớp hoàn toàn danh mục hành chính chuẩn,2026-09-12,DataVietNam,2026-09-12
OTH_SNV_DNO,Sở Nội vụ Đắk Nông,OTHER,province,2018,2026,dvc_2018,https://dichvucong.gov.vn/archive/2018,generated_catalog,source,2026-09-12T19:42:24.601202,crawl_2018_2026,Sở Nội vụ Đắk Nông,OTH_SNV_DNO,so noi vu ak nong,OTHER,Annotator_A,HIGH,Khớp hoàn toàn danh mục hành chính chuẩn,2026-09-12,DataVietNam,2026-09-12
OTH_SGTVT_DNO,Sở Giao thông vận tải Đắk Nông,OTHER,province,2018,2026,dvc_2018,https://dichvucong.gov.vn/archive/2018,generated_catalog,source,2026-09-12T19:42:24.601202,crawl_2018_2026,Sở Giao thông vận tải Đắk Nông,OTH_SGTVT_DNO,so giao thong van tai ak nong,OTHER,Annotator_A,HIGH,Khớp hoàn toàn danh mục hành chính chuẩn,2026-09-12,DataVietNam,2026-09-12
OTH_SCT_DNO,Sở Công Thương Đắk Nông,OTHER,province,2018,2026,dvc_2018,https://dichvucong.gov.vn/archive/2018,generated_catalog,source,2026-09-12T19:42:24.601202,crawl_2018_2026,Sở Công Thương Đắk Nông,OTH_SCT_DNO,so cong thuong ak nong,OTHER,Annotator_A,HIGH,Khớp hoàn toàn danh mục hành chính chuẩn,2026-09-12,DataVietNam,2026-09-12
OTH_SNNPTNT_DNO,Sở Nông nghiệp và Phát triển nông thôn Đắk Nông,OTHER,province,2018,2026,dvc_2018,https://dichvucong.gov.vn/archive/2018,generated_catalog,source,2026-09-12T19:42:24.601202,crawl_2018_2026,Sở Nông nghiệp và Phát triển nông thôn Đắk Nông,OTH_SNNPTNT_DNO,so nong nghiep va phat trien nong thon ak nong,OTHER,Annotator_A,HIGH,Khớp hoàn toàn danh mục hành chính chuẩn,2026-09-12,DataVietNam,2026-09-12
OTH_SLĐTBXH_DNO,Sở Lao động - Thương binh và Xã hội Đắk Nông,OTHER,province,2018,2026,dvc_2018,https://dichvucong.gov.vn/archive/2018,generated_catalog,source,2026-09-12T19:42:24.601202,crawl_2018_2026,Sở Lao động - Thương binh và Xã hội Đắk Nông,OTH_SLĐTBXH_DNO,so lao ong thuong binh va xa hoi ak nong,OTHER,Annotator_A,HIGH,Khớp hoàn toàn danh mục hành chính chuẩn,2026-09-12,DataVietNam,2026-09-12
OTH_SVHTTDL_DNO,Sở Văn hóa Thể thao và Du lịch Đắk Nông,OTHER,province,2018,2026,dvc_2018,https://dichvucong.gov.vn/archive/2018,generated_catalog,source,2026-09-12T19:42:24.601202,crawl_2018_2026,Sở Văn hóa Thể thao và Du lịch Đắk Nông,OTH_SVHTTDL_DNO,so van hoa the thao va du lich ak nong,OTHER,Annotator_A,HIGH,Khớp hoàn toàn danh mục hành chính chuẩn,2026-09-12,DataVietNam,2026-09-12
OTH_STTTT_DNO,Sở Thông tin và Truyền thông Đắk Nông,OTHER,province,2018,2026,dvc_2018,https://dichvucong.gov.vn/archive/2018,generated_catalog,source,2026-09-12T19:42:24.601202,crawl_2018_2026,Sở Thông tin và Truyền thông Đắk Nông,OTH_STTTT_DNO,so thong tin va truyen thong ak nong,OTHER,Annotator_A,HIGH,Khớp hoàn toàn danh mục hành chính chuẩn,2026-09-12,DataVietNam,2026-09-12
OTH_SKHCN_DNO,Sở Khoa học và Công nghệ Đắk Nông,OTHER,province,2018,2026,dvc_2018,https://dichvucong.gov.vn/archive/2018,generated_catalog,source,2026-09-12T19:42:24.601202,crawl_2018_2026,Sở Khoa học và Công nghệ Đắk Nông,OTH_SKHCN_DNO,so khoa hoc va cong nghe ak nong,OTHER,Annotator_A,HIGH,Khớp hoàn toàn danh mục hành chính chuẩn,2026-09-12,DataVietNam,2026-09-12
OTH_UBND_KHA,Ủy ban nhân dân Khánh Hòa,OTHER,province,2018,2026,dvc_2018,https://dichvucong.gov.vn/archive/2018,generated_catalog,source,2026-09-12T19:42:24.601202,crawl_2018_2026,Ủy ban nhân dân Khánh Hòa,OTH_UBND_KHA,uy ban nhan dan khanh hoa,OTHER,Annotator_A,HIGH,Khớp hoàn toàn danh mục hành chính chuẩn,2026-09-12,DataVietNam,2026-09-12
OTH_BHXH_KHA,Bảo hiểm Xã hội Khánh Hòa,OTHER,province,2018,2026,dvc_2018,https://dichvucong.gov.vn/archive/2018,generated_catalog,source,2026-09-12T19:42:24.601202,crawl_2018_2026,Bảo hiểm Xã hội Khánh Hòa,OTH_BHXH_KHA,bao hiem xa hoi khanh hoa,OTHER,Annotator_A,HIGH,Khớp hoàn toàn danh mục hành chính chuẩn,2026-09-12,DataVietNam,2026-09-12
OTH_SYT_KHA,Sở Y tế Khánh Hòa,OTHER,province,2018,2026,dvc_2018,https://dichvucong.gov.vn/archive/2018,generated_catalog,source,2026-09-12T19:42:24.601202,crawl_2018_2026,Sở Y tế Khánh Hòa,OTH_SYT_KHA,so y te khanh hoa,OTHER,Annotator_A,HIGH,Khớp hoàn toàn danh mục hành chính chuẩn,2026-09-12,DataVietNam,2026-09-12
OTH_SGD_KHA,Sở Giáo dục và Đào tạo Khánh Hòa,OTHER,province,2018,2026,dvc_2018,https://dichvucong.gov.vn/archive/2018,generated_catalog,source,2026-09-12T19:42:24.601202,crawl_2018_2026,Sở Giáo dục và Đào tạo Khánh Hòa,OTH_SGD_KHA,so giao duc va ao tao khanh hoa,OTHER,Annotator_A,HIGH,Khớp hoàn toàn danh mục hành chính chuẩn,2026-09-12,DataVietNam,2026-09-12
OTH_STC_KHA,Sở Tài chính Khánh Hòa,OTHER,province,2018,2026,dvc_2018,https://dichvucong.gov.vn/archive/2018,generated_catalog,source,2026-09-12T19:42:24.601202,crawl_2018_2026,Sở Tài chính Khánh Hòa,OTH_STC_KHA,so tai chinh khanh hoa,OTHER,Annotator_A,HIGH,Khớp hoàn toàn danh mục hành chính chuẩn,2026-09-12,DataVietNam,2026-09-12
OTH_STP_KHA,Sở Tư pháp Khánh Hòa,OTHER,province,2018,2026,dvc_2018,https://dichvucong.gov.vn/archive/2018,generated_catalog,source,2026-09-12T19:42:24.601202,crawl_2018_2026,Sở Tư pháp Khánh Hòa,OTH_STP_KHA,so tu phap khanh hoa,OTHER,Annotator_A,HIGH,Khớp hoàn toàn danh mục hành chính chuẩn,2026-09-12,DataVietNam,2026-09-12
OTH_SKH_KHA,Sở Kế hoạch và Đầu tư Khánh Hòa,OTHER,province,2018,2026,dvc_2018,https://dichvucong.gov.vn/archive/2018,generated_catalog,source,2026-09-12T19:42:24.601202,crawl_2018_2026,Sở Kế hoạch và Đầu tư Khánh Hòa,OTH_SKH_KHA,so ke hoach va au tu khanh hoa,OTHER,Annotator_A,HIGH,Khớp hoàn toàn danh mục hành chính chuẩn,2026-09-12,DataVietNam,2026-09-12
OTH_SXD_KHA,Sở Xây dựng Khánh Hòa,OTHER,province,2018,2026,dvc_2018,https://dichvucong.gov.vn/archive/2018,generated_catalog,source,2026-09-12T19:42:24.601202,crawl_2018_2026,Sở Xây dựng Khánh Hòa,OTH_SXD_KHA,so xay dung khanh hoa,OTHER,Annotator_A,HIGH,Khớp hoàn toàn danh mục hành chính chuẩn,2026-09-12,DataVietNam,2026-09-12
OTH_STNMT_KHA,Sở Tài nguyên và Môi trường Khánh Hòa,OTHER,province,2018,2026,dvc_2018,https://dichvucong.gov.vn/archive/2018,generated_catalog,source,2026-09-12T19:42:24.601202,crawl_2018_2026,Sở Tài nguyên và Môi trường Khánh Hòa,OTH_STNMT_KHA,so tai nguyen va moi truong khanh hoa,OTHER,Annotator_A,HIGH,Khớp hoàn toàn danh mục hành chính chuẩn,2026-09-12,DataVietNam,2026-09-12
OTH_SNV_KHA,Sở Nội vụ Khánh Hòa,OTHER,province,2018,2026,dvc_2018,https://dichvucong.gov.vn/archive/2018,generated_catalog,source,2026-09-12T19:42:24.601202,crawl_2018_2026,Sở Nội vụ Khánh Hòa,OTH_SNV_KHA,so noi vu khanh hoa,OTHER,Annotator_A,HIGH,Khớp hoàn toàn danh mục hành chính chuẩn,2026-09-12,DataVietNam,2026-09-12
OTH_SGTVT_KHA,Sở Giao thông vận tải Khánh Hòa,OTHER,province,2018,2026,dvc_2018,https://dichvucong.gov.vn/archive/2018,generated_catalog,source,2026-09-12T19:42:24.601202,crawl_2018_2026,Sở Giao thông vận tải Khánh Hòa,OTH_SGTVT_KHA,so giao thong van tai khanh hoa,OTHER,Annotator_A,HIGH,Khớp hoàn toàn danh mục hành chính chuẩn,2026-09-12,DataVietNam,2026-09-12
OTH_SCT_KHA,Sở Công Thương Khánh Hòa,OTHER,province,2018,2026,dvc_2018,https://dichvucong.gov.vn/archive/2018,generated_catalog,source,2026-09-12T19:42:24.601202,crawl_2018_2026,Sở Công Thương Khánh Hòa,OTH_SCT_KHA,so cong thuong khanh hoa,OTHER,Annotator_A,HIGH,Khớp hoàn toàn danh mục hành chính chuẩn,2026-09-12,DataVietNam,2026-09-12
OTH_SNNPTNT_KHA,Sở Nông nghiệp và Phát triển nông thôn Khánh Hòa,OTHER,province,2018,2026,dvc_2018,https://dichvucong.gov.vn/archive/2018,generated_catalog,source,2026-09-12T19:42:24.601202,crawl_2018_2026,Sở Nông nghiệp và Phát triển nông thôn Khánh Hòa,OTH_SNNPTNT_KHA,so nong nghiep va phat trien nong thon khanh hoa,OTHER,Annotator_A,HIGH,Khớp hoàn toàn danh mục hành chính chuẩn,2026-09-12,DataVietNam,2026-09-12
OTH_SLĐTBXH_KHA,Sở Lao động - Thương binh và Xã hội Khánh Hòa,OTHER,province,2018,2026,dvc_2018,https://dichvucong.gov.vn/archive/2018,generated_catalog,source,2026-09-12T19:42:24.601202,crawl_2018_2026,Sở Lao động - Thương binh và Xã hội Khánh Hòa,OTH_SLĐTBXH_KHA,so lao ong thuong binh va xa hoi khanh hoa,OTHER,Annotator_A,HIGH,Khớp hoàn toàn danh mục hành chính chuẩn,2026-09-12,DataVietNam,2026-09-12
OTH_SVHTTDL_KHA,Sở Văn hóa Thể thao và Du lịch Khánh Hòa,OTHER,province,2018,2026,dvc_2018,https://dichvucong.gov.vn/archive/2018,generated_catalog,source,2026-09-12T19:42:24.601202,crawl_2018_2026,Sở Văn hóa Thể thao và Du lịch Khánh Hòa,OTH_SVHTTDL_KHA,so van hoa the thao va du lich khanh hoa,OTHER,Annotator_A,HIGH,Khớp hoàn toàn danh mục hành chính chuẩn,2026-09-12,DataVietNam,2026-09-12
OTH_STTTT_KHA,Sở Thông tin và Truyền thông Khánh Hòa,OTHER,province,2018,2026,dvc_2018,https://dichvucong.gov.vn/archive/2018,generated_catalog,source,2026-09-12T19:42:24.601202,crawl_2018_2026,Sở Thông tin và Truyền thông Khánh Hòa,OTH_STTTT_KHA,so thong tin va truyen thong khanh hoa,OTHER,Annotator_A,HIGH,Khớp hoàn toàn danh mục hành chính chuẩn,2026-09-12,DataVietNam,2026-09-12
OTH_SKHCN_KHA,Sở Khoa học và Công nghệ Khánh Hòa,OTHER,province,2018,2026,dvc_2018,https://dichvucong.gov.vn/archive/2018,generated_catalog,source,2026-09-12T19:42:24.601202,crawl_2018_2026,Sở Khoa học và Công nghệ Khánh Hòa,OTH_SKHCN_KHA,so khoa hoc va cong nghe khanh hoa,OTHER,Annotator_A,HIGH,Khớp hoàn toàn danh mục hành chính chuẩn,2026-09-12,DataVietNam,2026-09-12
OTH_UBND_BTN,Ủy ban nhân dân Bình Thuận,OTHER,province,2018,2026,dvc_2018,https://dichvucong.gov.vn/archive/2018,generated_catalog,source,2026-09-12T19:42:24.601202,crawl_2018_2026,Ủy ban nhân dân Bình Thuận,OTH_UBND_BTN,uy ban nhan dan binh thuan,OTHER,Annotator_A,HIGH,Khớp hoàn toàn danh mục hành chính chuẩn,2026-09-12,DataVietNam,2026-09-12
OTH_BHXH_BTN,Bảo hiểm Xã hội Bình Thuận,OTHER,province,2018,2026,dvc_2018,https://dichvucong.gov.vn/archive/2018,generated_catalog,source,2026-09-12T19:42:24.601202,crawl_2018_2026,Bảo hiểm Xã hội Bình Thuận,OTH_BHXH_BTN,bao hiem xa hoi binh thuan,OTHER,Annotator_A,HIGH,Khớp hoàn toàn danh mục hành chính chuẩn,2026-09-12,DataVietNam,2026-09-12
OTH_SYT_BTN,Sở Y tế Bình Thuận,OTHER,province,2018,2026,dvc_2018,https://dichvucong.gov.vn/archive/2018,generated_catalog,source,2026-09-12T19:42:24.601202,crawl_2018_2026,Sở Y tế Bình Thuận,OTH_SYT_BTN,so y te binh thuan,OTHER,Annotator_A,HIGH,Khớp hoàn toàn danh mục hành chính chuẩn,2026-09-12,DataVietNam,2026-09-12
OTH_SGD_BTN,Sở Giáo dục và Đào tạo Bình Thuận,OTHER,province,2018,2026,dvc_2018,https://dichvucong.gov.vn/archive/2018,generated_catalog,source,2026-09-12T19:42:24.601202,crawl_2018_2026,Sở Giáo dục và Đào tạo Bình Thuận,OTH_SGD_BTN,so giao duc va ao tao binh thuan,OTHER,Annotator_A,HIGH,Khớp hoàn toàn danh mục hành chính chuẩn,2026-09-12,DataVietNam,2026-09-12
OTH_STC_BTN,Sở Tài chính Bình Thuận,OTHER,province,2018,2026,dvc_2018,https://dichvucong.gov.vn/archive/2018,generated_catalog,source,2026-09-12T19:42:24.601202,crawl_2018_2026,Sở Tài chính Bình Thuận,OTH_STC_BTN,so tai chinh binh thuan,OTHER,Annotator_A,HIGH,Khớp hoàn toàn danh mục hành chính chuẩn,2026-09-12,DataVietNam,2026-09-12
OTH_STP_BTN,Sở Tư pháp Bình Thuận,OTHER,province,2018,2026,dvc_2018,https://dichvucong.gov.vn/archive/2018,generated_catalog,source,2026-09-12T19:42:24.601202,crawl_2018_2026,Sở Tư pháp Bình Thuận,OTH_STP_BTN,so tu phap binh thuan,OTHER,Annotator_A,HIGH,Khớp hoàn toàn danh mục hành chính chuẩn,2026-09-12,DataVietNam,2026-09-12
OTH_SKH_BTN,Sở Kế hoạch và Đầu tư Bình Thuận,OTHER,province,2018,2026,dvc_2018,https://dichvucong.gov.vn/archive/2018,generated_catalog,source,2026-09-12T19:42:24.601202,crawl_2018_2026,Sở Kế hoạch và Đầu tư Bình Thuận,OTH_SKH_BTN,so ke hoach va au tu binh thuan,OTHER,Annotator_A,HIGH,Khớp hoàn toàn danh mục hành chính chuẩn,2026-09-12,DataVietNam,2026-09-12
OTH_SXD_BTN,Sở Xây dựng Bình Thuận,OTHER,province,2018,2026,dvc_2018,https://dichvucong.gov.vn/archive/2018,generated_catalog,source,2026-09-12T19:42:24.601202,crawl_2018_2026,Sở Xây dựng Bình Thuận,OTH_SXD_BTN,so xay dung binh thuan,OTHER,Annotator_A,HIGH,Khớp hoàn toàn danh mục hành chính chuẩn,2026-09-12,DataVietNam,2026-09-12
OTH_STNMT_BTN,Sở Tài nguyên và Môi trường Bình Thuận,OTHER,province,2018,2026,dvc_2018,https://dichvucong.gov.vn/archive/2018,generated_catalog,source,2026-09-12T19:42:24.601202,crawl_2018_2026,Sở Tài nguyên và Môi trường Bình Thuận,OTH_STNMT_BTN,so tai nguyen va moi truong binh thuan,OTHER,Annotator_A,HIGH,Khớp hoàn toàn danh mục hành chính chuẩn,2026-09-12,DataVietNam,2026-09-12
OTH_SNV_BTN,Sở Nội vụ Bình Thuận,OTHER,province,2018,2026,dvc_2018,https://dichvucong.gov.vn/archive/2018,generated_catalog,source,2026-09-12T19:42:24.601202,crawl_2018_2026,Sở Nội vụ Bình Thuận,OTH_SNV_BTN,so noi vu binh thuan,OTHER,Annotator_A,HIGH,Khớp hoàn toàn danh mục hành chính chuẩn,2026-09-12,DataVietNam,2026-09-12
OTH_SGTVT_BTN,Sở Giao thông vận tải Bình Thuận,OTHER,province,2018,2026,dvc_2018,https://dichvucong.gov.vn/archive/2018,generated_catalog,source,2026-09-12T19:42:24.601202,crawl_2018_2026,Sở Giao thông vận tải Bình Thuận,OTH_SGTVT_BTN,so giao thong van tai binh thuan,OTHER,Annotator_A,HIGH,Khớp hoàn toàn danh mục hành chính chuẩn,2026-09-12,DataVietNam,2026-09-12
OTH_SCT_BTN,Sở Công Thương Bình Thuận,OTHER,province,2018,2026,dvc_2018,https://dichvucong.gov.vn/archive/2018,generated_catalog,source,2026-09-12T19:42:24.601202,crawl_2018_2026,Sở Công Thương Bình Thuận,OTH_SCT_BTN,so cong thuong binh thuan,OTHER,Annotator_A,HIGH,Khớp hoàn toàn danh mục hành chính chuẩn,2026-09-12,DataVietNam,2026-09-12
OTH_SNNPTNT_BTN,Sở Nông nghiệp và Phát triển nông thôn Bình Thuận,OTHER,province,2018,2026,dvc_2018,https://dichvucong.gov.vn/archive/2018,generated_catalog,source,2026-09-12T19:42:24.601202,crawl_2018_2026,Sở Nông nghiệp và Phát triển nông thôn Bình Thuận,OTH_SNNPTNT_BTN,so nong nghiep va phat trien nong thon binh thuan,OTHER,Annotator_A,HIGH,Khớp hoàn toàn danh mục hành chính chuẩn,2026-09-12,DataVietNam,2026-09-12
OTH_SLĐTBXH_BTN,Sở Lao động - Thương binh và Xã hội Bình Thuận,OTHER,province,2018,2026,dvc_2018,https://dichvucong.gov.vn/archive/2018,generated_catalog,source,2026-09-12T19:42:24.601202,crawl_2018_2026,Sở Lao động - Thương binh và Xã hội Bình Thuận,OTH_SLĐTBXH_BTN,so lao ong thuong binh va xa hoi binh thuan,OTHER,Annotator_A,HIGH,Khớp hoàn toàn danh mục hành chính chuẩn,2026-09-12,DataVietNam,2026-09-12
OTH_SVHTTDL_BTN,Sở Văn hóa Thể thao và Du lịch Bình Thuận,OTHER,province,2018,2026,dvc_2018,https://dichvucong.gov.vn/archive/2018,generated_catalog,source,2026-09-12T19:42:24.601202,crawl_2018_2026,Sở Văn hóa Thể thao và Du lịch Bình Thuận,OTH_SVHTTDL_BTN,so van hoa the thao va du lich binh thuan,OTHER,Annotator_A,HIGH,Khớp hoàn toàn danh mục hành chính chuẩn,2026-09-12,DataVietNam,2026-09-12
OTH_STTTT_BTN,Sở Thông tin và Truyền thông Bình Thuận,OTHER,province,2018,2026,dvc_2018,https://dichvucong.gov.vn/archive/2018,generated_catalog,source,2026-09-12T19:42:24.601202,crawl_2018_2026,Sở Thông tin và Truyền thông Bình Thuận,OTH_STTTT_BTN,so thong tin va truyen thong binh thuan,OTHER,Annotator_A,HIGH,Khớp hoàn toàn danh mục hành chính chuẩn,2026-09-12,DataVietNam,2026-09-12
OTH_SKHCN_BTN,Sở Khoa học và Công nghệ Bình Thuận,OTHER,province,2018,2026,dvc_2018,https://dichvucong.gov.vn/archive/2018,generated_catalog,source,2026-09-12T19:42:24.601202,crawl_2018_2026,Sở Khoa học và Công nghệ Bình Thuận,OTH_SKHCN_BTN,so khoa hoc va cong nghe binh thuan,OTHER,Annotator_A,HIGH,Khớp hoàn toàn danh mục hành chính chuẩn,2026-09-12,DataVietNam,2026-09-12
OTH_UBND_NTN,Ủy ban nhân dân Ninh Thuận,OTHER,province,2018,2026,dvc_2018,https://dichvucong.gov.vn/archive/2018,generated_catalog,source,2026-09-12T19:42:24.601202,crawl_2018_2026,Ủy ban nhân dân Ninh Thuận,OTH_UBND_NTN,uy ban nhan dan ninh thuan,OTHER,Annotator_A,HIGH,Khớp hoàn toàn danh mục hành chính chuẩn,2026-09-12,DataVietNam,2026-09-12
OTH_BHXH_NTN,Bảo hiểm Xã hội Ninh Thuận,OTHER,province,2018,2026,dvc_2018,https://dichvucong.gov.vn/archive/2018,generated_catalog,source,2026-09-12T19:42:24.601202,crawl_2018_2026,Bảo hiểm Xã hội Ninh Thuận,OTH_BHXH_NTN,bao hiem xa hoi ninh thuan,OTHER,Annotator_A,HIGH,Khớp hoàn toàn danh mục hành chính chuẩn,2026-09-12,DataVietNam,2026-09-12
OTH_SYT_NTN,Sở Y tế Ninh Thuận,OTHER,province,2018,2026,dvc_2018,https://dichvucong.gov.vn/archive/2018,generated_catalog,source,2026-09-12T19:42:24.601202,crawl_2018_2026,Sở Y tế Ninh Thuận,OTH_SYT_NTN,so y te ninh thuan,OTHER,Annotator_A,HIGH,Khớp hoàn toàn danh mục hành chính chuẩn,2026-09-12,DataVietNam,2026-09-12
OTH_SGD_NTN,Sở Giáo dục và Đào tạo Ninh Thuận,OTHER,province,2018,2026,dvc_2018,https://dichvucong.gov.vn/archive/2018,generated_catalog,source,2026-09-12T19:42:24.601202,crawl_2018_2026,Sở Giáo dục và Đào tạo Ninh Thuận,OTH_SGD_NTN,so giao duc va ao tao ninh thuan,OTHER,Annotator_A,HIGH,Khớp hoàn toàn danh mục hành chính chuẩn,2026-09-12,DataVietNam,2026-09-12
OTH_STC_NTN,Sở Tài chính Ninh Thuận,OTHER,province,2018,2026,dvc_2018,https://dichvucong.gov.vn/archive/2018,generated_catalog,source,2026-09-12T19:42:24.601202,crawl_2018_2026,Sở Tài chính Ninh Thuận,OTH_STC_NTN,so tai chinh ninh thuan,OTHER,Annotator_A,HIGH,Khớp hoàn toàn danh mục hành chính chuẩn,2026-09-12,DataVietNam,2026-09-12
OTH_STP_NTN,Sở Tư pháp Ninh Thuận,OTHER,province,2018,2026,dvc_2018,https://dichvucong.gov.vn/archive/2018,generated_catalog,source,2026-09-12T19:42:24.601202,crawl_2018_2026,Sở Tư pháp Ninh Thuận,OTH_STP_NTN,so tu phap ninh thuan,OTHER,Annotator_A,HIGH,Khớp hoàn toàn danh mục hành chính chuẩn,2026-09-12,DataVietNam,2026-09-12
OTH_SKH_NTN,Sở Kế hoạch và Đầu tư Ninh Thuận,OTHER,province,2018,2026,dvc_2018,https://dichvucong.gov.vn/archive/2018,generated_catalog,source,2026-09-12T19:42:24.601202,crawl_2018_2026,Sở Kế hoạch và Đầu tư Ninh Thuận,OTH_SKH_NTN,so ke hoach va au tu ninh thuan,OTHER,Annotator_A,HIGH,Khớp hoàn toàn danh mục hành chính chuẩn,2026-09-12,DataVietNam,2026-09-12
OTH_SXD_NTN,Sở Xây dựng Ninh Thuận,OTHER,province,2018,2026,dvc_2018,https://dichvucong.gov.vn/archive/2018,generated_catalog,source,2026-09-12T19:42:24.601202,crawl_2018_2026,Sở Xây dựng Ninh Thuận,OTH_SXD_NTN,so xay dung ninh thuan,OTHER,Annotator_A,HIGH,Khớp hoàn toàn danh mục hành chính chuẩn,2026-09-12,DataVietNam,2026-09-12
OTH_STNMT_NTN,Sở Tài nguyên và Môi trường Ninh Thuận,OTHER,province,2018,2026,dvc_2018,https://dichvucong.gov.vn/archive/2018,generated_catalog,source,2026-09-12T19:42:24.601202,crawl_2018_2026,Sở Tài nguyên và Môi trường Ninh Thuận,OTH_STNMT_NTN,so tai nguyen va moi truong ninh thuan,OTHER,Annotator_A,HIGH,Khớp hoàn toàn danh mục hành chính chuẩn,2026-09-12,DataVietNam,2026-09-12
OTH_SNV_NTN,Sở Nội vụ Ninh Thuận,OTHER,province,2018,2026,dvc_2018,https://dichvucong.gov.vn/archive/2018,generated_catalog,source,2026-09-12T19:42:24.601202,crawl_2018_2026,Sở Nội vụ Ninh Thuận,OTH_SNV_NTN,so noi vu ninh thuan,OTHER,Annotator_A,HIGH,Khớp hoàn toàn danh mục hành chính chuẩn,2026-09-12,DataVietNam,2026-09-12
OTH_SGTVT_NTN,Sở Giao thông vận tải Ninh Thuận,OTHER,province,2018,2026,dvc_2018,https://dichvucong.gov.vn/archive/2018,generated_catalog,source,2026-09-12T19:42:24.601202,crawl_2018_2026,Sở Giao thông vận tải Ninh Thuận,OTH_SGTVT_NTN,so giao thong van tai ninh thuan,OTHER,Annotator_A,HIGH,Khớp hoàn toàn danh mục hành chính chuẩn,2026-09-12,DataVietNam,2026-09-12
OTH_SCT_NTN,Sở Công Thương Ninh Thuận,OTHER,province,2018,2026,dvc_2018,https://dichvucong.gov.vn/archive/2018,generated_catalog,source,2026-09-12T19:42:24.601202,crawl_2018_2026,Sở Công Thương Ninh Thuận,OTH_SCT_NTN,so cong thuong ninh thuan,OTHER,Annotator_A,HIGH,Khớp hoàn toàn danh mục hành chính chuẩn,2026-09-12,DataVietNam,2026-09-12
OTH_SNNPTNT_NTN,Sở Nông nghiệp và Phát triển nông thôn Ninh Thuận,OTHER,province,2018,2026,dvc_2018,https://dichvucong.gov.vn/archive/2018,generated_catalog,source,2026-09-12T19:42:24.601202,crawl_2018_2026,Sở Nông nghiệp và Phát triển nông thôn Ninh Thuận,OTH_SNNPTNT_NTN,so nong nghiep va phat trien nong thon ninh thuan,OTHER,Annotator_A,HIGH,Khớp hoàn toàn danh mục hành chính chuẩn,2026-09-12,DataVietNam,2026-09-12
OTH_SLĐTBXH_NTN,Sở Lao động - Thương binh và Xã hội Ninh Thuận,OTHER,province,2018,2026,dvc_2018,https://dichvucong.gov.vn/archive/2018,generated_catalog,source,2026-09-12T19:42:24.601202,crawl_2018_2026,Sở Lao động - Thương binh và Xã hội Ninh Thuận,OTH_SLĐTBXH_NTN,so lao ong thuong binh va xa hoi ninh thuan,OTHER,Annotator_A,HIGH,Khớp hoàn toàn danh mục hành chính chuẩn,2026-09-12,DataVietNam,2026-09-12
OTH_SVHTTDL_NTN,Sở Văn hóa Thể thao và Du lịch Ninh Thuận,OTHER,province,2018,2026,dvc_2018,https://dichvucong.gov.vn/archive/2018,generated_catalog,source,2026-09-12T19:42:24.601202,crawl_2018_2026,Sở Văn hóa Thể thao và Du lịch Ninh Thuận,OTH_SVHTTDL_NTN,so van hoa the thao va du lich ninh thuan,OTHER,Annotator_A,HIGH,Khớp hoàn toàn danh mục hành chính chuẩn,2026-09-12,DataVietNam,2026-09-12
OTH_STTTT_NTN,Sở Thông tin và Truyền thông Ninh Thuận,OTHER,province,2018,2026,dvc_2018,https://dichvucong.gov.vn/archive/2018,generated_catalog,source,2026-09-12T19:42:24.601202,crawl_2018_2026,Sở Thông tin và Truyền thông Ninh Thuận,OTH_STTTT_NTN,so thong tin va truyen thong ninh thuan,OTHER,Annotator_A,HIGH,Khớp hoàn toàn danh mục hành chính chuẩn,2026-09-12,DataVietNam,2026-09-12
OTH_SKHCN_NTN,Sở Khoa học và Công nghệ Ninh Thuận,OTHER,province,2018,2026,dvc_2018,https://dichvucong.gov.vn/archive/2018,generated_catalog,source,2026-09-12T19:42:24.601202,crawl_2018_2026,Sở Khoa học và Công nghệ Ninh Thuận,OTH_SKHCN_NTN,so khoa hoc va cong nghe ninh thuan,OTHER,Annotator_A,HIGH,Khớp hoàn toàn danh mục hành chính chuẩn,2026-09-12,DataVietNam,2026-09-12
OTH_UBND_PY,Ủy ban nhân dân Phú Yên,OTHER,province,2018,2026,dvc_2018,https://dichvucong.gov.vn/archive/2018,generated_catalog,source,2026-09-12T19:42:24.601202,crawl_2018_2026,Ủy ban nhân dân Phú Yên,OTH_UBND_PY,uy ban nhan dan phu yen,OTHER,Annotator_A,HIGH,Khớp hoàn toàn danh mục hành chính chuẩn,2026-09-12,DataVietNam,2026-09-12
OTH_BHXH_PY,Bảo hiểm Xã hội Phú Yên,OTHER,province,2018,2026,dvc_2018,https://dichvucong.gov.vn/archive/2018,generated_catalog,source,2026-09-12T19:42:24.601202,crawl_2018_2026,Bảo hiểm Xã hội Phú Yên,OTH_BHXH_PY,bao hiem xa hoi phu yen,OTHER,Annotator_A,HIGH,Khớp hoàn toàn danh mục hành chính chuẩn,2026-09-12,DataVietNam,2026-09-12
OTH_SYT_PY,Sở Y tế Phú Yên,OTHER,province,2018,2026,dvc_2018,https://dichvucong.gov.vn/archive/2018,generated_catalog,source,2026-09-12T19:42:24.601202,crawl_2018_2026,Sở Y tế Phú Yên,OTH_SYT_PY,so y te phu yen,OTHER,Annotator_A,HIGH,Khớp hoàn toàn danh mục hành chính chuẩn,2026-09-12,DataVietNam,2026-09-12
OTH_SGD_PY,Sở Giáo dục và Đào tạo Phú Yên,OTHER,province,2018,2026,dvc_2018,https://dichvucong.gov.vn/archive/2018,generated_catalog,source,2026-09-12T19:42:24.601202,crawl_2018_2026,Sở Giáo dục và Đào tạo Phú Yên,OTH_SGD_PY,so giao duc va ao tao phu yen,OTHER,Annotator_A,HIGH,Khớp hoàn toàn danh mục hành chính chuẩn,2026-09-12,DataVietNam,2026-09-12
OTH_STC_PY,Sở Tài chính Phú Yên,OTHER,province,2018,2026,dvc_2018,https://dichvucong.gov.vn/archive/2018,generated_catalog,source,2026-09-12T19:42:24.601202,crawl_2018_2026,Sở Tài chính Phú Yên,OTH_STC_PY,so tai chinh phu yen,OTHER,Annotator_A,HIGH,Khớp hoàn toàn danh mục hành chính chuẩn,2026-09-12,DataVietNam,2026-09-12
OTH_STP_PY,Sở Tư pháp Phú Yên,OTHER,province,2018,2026,dvc_2018,https://dichvucong.gov.vn/archive/2018,generated_catalog,source,2026-09-12T19:42:24.601202,crawl_2018_2026,Sở Tư pháp Phú Yên,OTH_STP_PY,so tu phap phu yen,OTHER,Annotator_A,HIGH,Khớp hoàn toàn danh mục hành chính chuẩn,2026-09-12,DataVietNam,2026-09-12
OTH_SKH_PY,Sở Kế hoạch và Đầu tư Phú Yên,OTHER,province,2018,2026,dvc_2018,https://dichvucong.gov.vn/archive/2018,generated_catalog,source,2026-09-12T19:42:24.601202,crawl_2018_2026,Sở Kế hoạch và Đầu tư Phú Yên,OTH_SKH_PY,so ke hoach va au tu phu yen,OTHER,Annotator_A,HIGH,Khớp hoàn toàn danh mục hành chính chuẩn,2026-09-12,DataVietNam,2026-09-12
OTH_SXD_PY,Sở Xây dựng Phú Yên,OTHER,province,2018,2026,dvc_2018,https://dichvucong.gov.vn/archive/2018,generated_catalog,source,2026-09-12T19:42:24.601202,crawl_2018_2026,Sở Xây dựng Phú Yên,OTH_SXD_PY,so xay dung phu yen,OTHER,Annotator_A,HIGH,Khớp hoàn toàn danh mục hành chính chuẩn,2026-09-12,DataVietNam,2026-09-12
OTH_STNMT_PY,Sở Tài nguyên và Môi trường Phú Yên,OTHER,province,2018,2026,dvc_2018,https://dichvucong.gov.vn/archive/2018,generated_catalog,source,2026-09-12T19:42:24.601202,crawl_2018_2026,Sở Tài nguyên và Môi trường Phú Yên,OTH_STNMT_PY,so tai nguyen va moi truong phu yen,OTHER,Annotator_A,HIGH,Khớp hoàn toàn danh mục hành chính chuẩn,2026-09-12,DataVietNam,2026-09-12
OTH_SNV_PY,Sở Nội vụ Phú Yên,OTHER,province,2018,2026,dvc_2018,https://dichvucong.gov.vn/archive/2018,generated_catalog,source,2026-09-12T19:42:24.601202,crawl_2018_2026,Sở Nội vụ Phú Yên,OTH_SNV_PY,so noi vu phu yen,OTHER,Annotator_A,HIGH,Khớp hoàn toàn danh mục hành chính chuẩn,2026-09-12,DataVietNam,2026-09-12
OTH_SGTVT_PY,Sở Giao thông vận tải Phú Yên,OTHER,province,2018,2026,dvc_2018,https://dichvucong.gov.vn/archive/2018,generated_catalog,source,2026-09-12T19:42:24.601202,crawl_2018_2026,Sở Giao thông vận tải Phú Yên,OTH_SGTVT_PY,so giao thong van tai phu yen,OTHER,Annotator_A,HIGH,Khớp hoàn toàn danh mục hành chính chuẩn,2026-09-12,DataVietNam,2026-09-12
OTH_SCT_PY,Sở Công Thương Phú Yên,OTHER,province,2018,2026,dvc_2018,https://dichvucong.gov.vn/archive/2018,generated_catalog,source,2026-09-12T19:42:24.601202,crawl_2018_2026,Sở Công Thương Phú Yên,OTH_SCT_PY,so cong thuong phu yen,OTHER,Annotator_A,HIGH,Khớp hoàn toàn danh mục hành chính chuẩn,2026-09-12,DataVietNam,2026-09-12
OTH_SNNPTNT_PY,Sở Nông nghiệp và Phát triển nông thôn Phú Yên,OTHER,province,2018,2026,dvc_2018,https://dichvucong.gov.vn/archive/2018,generated_catalog,source,2026-09-12T19:42:24.601202,crawl_2018_2026,Sở Nông nghiệp và Phát triển nông thôn Phú Yên,OTH_SNNPTNT_PY,so nong nghiep va phat trien nong thon phu yen,OTHER,Annotator_A,HIGH,Khớp hoàn toàn danh mục hành chính chuẩn,2026-09-12,DataVietNam,2026-09-12
OTH_SLĐTBXH_PY,Sở Lao động - Thương binh và Xã hội Phú Yên,OTHER,province,2018,2026,dvc_2018,https://dichvucong.gov.vn/archive/2018,generated_catalog,source,2026-09-12T19:42:24.601202,crawl_2018_2026,Sở Lao động - Thương binh và Xã hội Phú Yên,OTH_SLĐTBXH_PY,so lao ong thuong binh va xa hoi phu yen,OTHER,Annotator_A,HIGH,Khớp hoàn toàn danh mục hành chính chuẩn,2026-09-12,DataVietNam,2026-09-12
OTH_SVHTTDL_PY,Sở Văn hóa Thể thao và Du lịch Phú Yên,OTHER,province,2018,2026,dvc_2018,https://dichvucong.gov.vn/archive/2018,generated_catalog,source,2026-09-12T19:42:24.601202,crawl_2018_2026,Sở Văn hóa Thể thao và Du lịch Phú Yên,OTH_SVHTTDL_PY,so van hoa the thao va du lich phu yen,OTHER,Annotator_A,HIGH,Khớp hoàn toàn danh mục hành chính chuẩn,2026-09-12,DataVietNam,2026-09-12
OTH_STTTT_PY,Sở Thông tin và Truyền thông Phú Yên,OTHER,province,2018,2026,dvc_2018,https://dichvucong.gov.vn/archive/2018,generated_catalog,source,2026-09-12T19:42:24.601202,crawl_2018_2026,Sở Thông tin và Truyền thông Phú Yên,OTH_STTTT_PY,so thong tin va truyen thong phu yen,OTHER,Annotator_A,HIGH,Khớp hoàn toàn danh mục hành chính chuẩn,2026-09-12,DataVietNam,2026-09-12
OTH_SKHCN_PY,Sở Khoa học và Công nghệ Phú Yên,OTHER,province,2018,2026,dvc_2018,https://dichvucong.gov.vn/archive/2018,generated_catalog,source,2026-09-12T19:42:24.601202,crawl_2018_2026,Sở Khoa học và Công nghệ Phú Yên,OTH_SKHCN_PY,so khoa hoc va cong nghe phu yen,OTHER,Annotator_A,HIGH,Khớp hoàn toàn danh mục hành chính chuẩn,2026-09-12,DataVietNam,2026-09-12
OTH_UBND_BDH,Ủy ban nhân dân Bình Định,OTHER,province,2018,2026,dvc_2018,https://dichvucong.gov.vn/archive/2018,generated_catalog,source,2026-09-12T19:42:24.601202,crawl_2018_2026,Ủy ban nhân dân Bình Định,OTH_UBND_BDH,uy ban nhan dan binh inh,OTHER,Annotator_A,HIGH,Khớp hoàn toàn danh mục hành chính chuẩn,2026-09-12,DataVietNam,2026-09-12
OTH_BHXH_BDH,Bảo hiểm Xã hội Bình Định,OTHER,province,2018,2026,dvc_2018,https://dichvucong.gov.vn/archive/2018,generated_catalog,source,2026-09-12T19:42:24.601202,crawl_2018_2026,Bảo hiểm Xã hội Bình Định,OTH_BHXH_BDH,bao hiem xa hoi binh inh,OTHER,Annotator_A,HIGH,Khớp hoàn toàn danh mục hành chính chuẩn,2026-09-12,DataVietNam,2026-09-12
OTH_SYT_BDH,Sở Y tế Bình Định,OTHER,province,2018,2026,dvc_2018,https://dichvucong.gov.vn/archive/2018,generated_catalog,source,2026-09-12T19:42:24.601202,crawl_2018_2026,Sở Y tế Bình Định,OTH_SYT_BDH,so y te binh inh,OTHER,Annotator_A,HIGH,Khớp hoàn toàn danh mục hành chính chuẩn,2026-09-12,DataVietNam,2026-09-12
OTH_SGD_BDH,Sở Giáo dục và Đào tạo Bình Định,OTHER,province,2018,2026,dvc_2018,https://dichvucong.gov.vn/archive/2018,generated_catalog,source,2026-09-12T19:42:24.601202,crawl_2018_2026,Sở Giáo dục và Đào tạo Bình Định,OTH_SGD_BDH,so giao duc va ao tao binh inh,OTHER,Annotator_A,HIGH,Khớp hoàn toàn danh mục hành chính chuẩn,2026-09-12,DataVietNam,2026-09-12
OTH_STC_BDH,Sở Tài chính Bình Định,OTHER,province,2018,2026,dvc_2018,https://dichvucong.gov.vn/archive/2018,generated_catalog,source,2026-09-12T19:42:24.601202,crawl_2018_2026,Sở Tài chính Bình Định,OTH_STC_BDH,so tai chinh binh inh,OTHER,Annotator_A,HIGH,Khớp hoàn toàn danh mục hành chính chuẩn,2026-09-12,DataVietNam,2026-09-12
OTH_STP_BDH,Sở Tư pháp Bình Định,OTHER,province,2018,2026,dvc_2018,https://dichvucong.gov.vn/archive/2018,generated_catalog,source,2026-09-12T19:42:24.601202,crawl_2018_2026,Sở Tư pháp Bình Định,OTH_STP_BDH,so tu phap binh inh,OTHER,Annotator_A,HIGH,Khớp hoàn toàn danh mục hành chính chuẩn,2026-09-12,DataVietNam,2026-09-12
OTH_SKH_BDH,Sở Kế hoạch và Đầu tư Bình Định,OTHER,province,2018,2026,dvc_2018,https://dichvucong.gov.vn/archive/2018,generated_catalog,source,2026-09-12T19:42:24.601202,crawl_2018_2026,Sở Kế hoạch và Đầu tư Bình Định,OTH_SKH_BDH,so ke hoach va au tu binh inh,OTHER,Annotator_A,HIGH,Khớp hoàn toàn danh mục hành chính chuẩn,2026-09-12,DataVietNam,2026-09-12
OTH_SXD_BDH,Sở Xây dựng Bình Định,OTHER,province,2018,2026,dvc_2018,https://dichvucong.gov.vn/archive/2018,generated_catalog,source,2026-09-12T19:42:24.601202,crawl_2018_2026,Sở Xây dựng Bình Định,OTH_SXD_BDH,so xay dung binh inh,OTHER,Annotator_A,HIGH,Khớp hoàn toàn danh mục hành chính chuẩn,2026-09-12,DataVietNam,2026-09-12
OTH_STNMT_BDH,Sở Tài nguyên và Môi trường Bình Định,OTHER,province,2018,2026,dvc_2018,https://dichvucong.gov.vn/archive/2018,generated_catalog,source,2026-09-12T19:42:24.601202,crawl_2018_2026,Sở Tài nguyên và Môi trường Bình Định,OTH_STNMT_BDH,so tai nguyen va moi truong binh inh,OTHER,Annotator_A,HIGH,Khớp hoàn toàn danh mục hành chính chuẩn,2026-09-12,DataVietNam,2026-09-12
OTH_SNV_BDH,Sở Nội vụ Bình Định,OTHER,province,2018,2026,dvc_2018,https://dichvucong.gov.vn/archive/2018,generated_catalog,source,2026-09-12T19:42:24.601202,crawl_2018_2026,Sở Nội vụ Bình Định,OTH_SNV_BDH,so noi vu binh inh,OTHER,Annotator_A,HIGH,Khớp hoàn toàn danh mục hành chính chuẩn,2026-09-12,DataVietNam,2026-09-12
OTH_SGTVT_BDH,Sở Giao thông vận tải Bình Định,OTHER,province,2018,2026,dvc_2018,https://dichvucong.gov.vn/archive/2018,generated_catalog,source,2026-09-12T19:42:24.601202,crawl_2018_2026,Sở Giao thông vận tải Bình Định,OTH_SGTVT_BDH,so giao thong van tai binh inh,OTHER,Annotator_A,HIGH,Khớp hoàn toàn danh mục hành chính chuẩn,2026-09-12,DataVietNam,2026-09-12
OTH_SCT_BDH,Sở Công Thương Bình Định,OTHER,province,2018,2026,dvc_2018,https://dichvucong.gov.vn/archive/2018,generated_catalog,source,2026-09-12T19:42:24.601202,crawl_2018_2026,Sở Công Thương Bình Định,OTH_SCT_BDH,so cong thuong binh inh,OTHER,Annotator_A,HIGH,Khớp hoàn toàn danh mục hành chính chuẩn,2026-09-12,DataVietNam,2026-09-12
OTH_SNNPTNT_BDH,Sở Nông nghiệp và Phát triển nông thôn Bình Định,OTHER,province,2018,2026,dvc_2018,https://dichvucong.gov.vn/archive/2018,generated_catalog,source,2026-09-12T19:42:24.601202,crawl_2018_2026,Sở Nông nghiệp và Phát triển nông thôn Bình Định,OTH_SNNPTNT_BDH,so nong nghiep va phat trien nong thon binh inh,OTHER,Annotator_A,HIGH,Khớp hoàn toàn danh mục hành chính chuẩn,2026-09-12,DataVietNam,2026-09-12
OTH_SLĐTBXH_BDH,Sở Lao động - Thương binh và Xã hội Bình Định,OTHER,province,2018,2026,dvc_2018,https://dichvucong.gov.vn/archive/2018,generated_catalog,source,2026-09-12T19:42:24.601202,crawl_2018_2026,Sở Lao động - Thương binh và Xã hội Bình Định,OTH_SLĐTBXH_BDH,so lao ong thuong binh va xa hoi binh inh,OTHER,Annotator_A,HIGH,Khớp hoàn toàn danh mục hành chính chuẩn,2026-09-12,DataVietNam,2026-09-12
OTH_SVHTTDL_BDH,Sở Văn hóa Thể thao và Du lịch Bình Định,OTHER,province,2018,2026,dvc_2018,https://dichvucong.gov.vn/archive/2018,generated_catalog,source,2026-09-12T19:42:24.601202,crawl_2018_2026,Sở Văn hóa Thể thao và Du lịch Bình Định,OTH_SVHTTDL_BDH,so van hoa the thao va du lich binh inh,OTHER,Annotator_A,HIGH,Khớp hoàn toàn danh mục hành chính chuẩn,2026-09-12,DataVietNam,2026-09-12
OTH_STTTT_BDH,Sở Thông tin và Truyền thông Bình Định,OTHER,province,2018,2026,dvc_2018,https://dichvucong.gov.vn/archive/2018,generated_catalog,source,2026-09-12T19:42:24.601202,crawl_2018_2026,Sở Thông tin và Truyền thông Bình Định,OTH_STTTT_BDH,so thong tin va truyen thong binh inh,OTHER,Annotator_A,HIGH,Khớp hoàn toàn danh mục hành chính chuẩn,2026-09-12,DataVietNam,2026-09-12
OTH_SKHCN_BDH,Sở Khoa học và Công nghệ Bình Định,OTHER,province,2018,2026,dvc_2018,https://dichvucong.gov.vn/archive/2018,generated_catalog,source,2026-09-12T19:42:24.601202,crawl_2018_2026,Sở Khoa học và Công nghệ Bình Định,OTH_SKHCN_BDH,so khoa hoc va cong nghe binh inh,OTHER,Annotator_A,HIGH,Khớp hoàn toàn danh mục hành chính chuẩn,2026-09-12,DataVietNam,2026-09-12
OTH_UBND_QNG,Ủy ban nhân dân Quảng Ngãi,OTHER,province,2018,2026,dvc_2018,https://dichvucong.gov.vn/archive/2018,generated_catalog,source,2026-09-12T19:42:24.601202,crawl_2018_2026,Ủy ban nhân dân Quảng Ngãi,OTH_UBND_QNG,uy ban nhan dan quang ngai,OTHER,Annotator_A,HIGH,Khớp hoàn toàn danh mục hành chính chuẩn,2026-09-12,DataVietNam,2026-09-12
OTH_BHXH_QNG,Bảo hiểm Xã hội Quảng Ngãi,OTHER,province,2018,2026,dvc_2018,https://dichvucong.gov.vn/archive/2018,generated_catalog,source,2026-09-12T19:42:24.601202,crawl_2018_2026,Bảo hiểm Xã hội Quảng Ngãi,OTH_BHXH_QNG,bao hiem xa hoi quang ngai,OTHER,Annotator_A,HIGH,Khớp hoàn toàn danh mục hành chính chuẩn,2026-09-12,DataVietNam,2026-09-12
OTH_SYT_QNG,Sở Y tế Quảng Ngãi,OTHER,province,2018,2026,dvc_2018,https://dichvucong.gov.vn/archive/2018,generated_catalog,source,2026-09-12T19:42:24.601202,crawl_2018_2026,Sở Y tế Quảng Ngãi,OTH_SYT_QNG,so y te quang ngai,OTHER,Annotator_A,HIGH,Khớp hoàn toàn danh mục hành chính chuẩn,2026-09-12,DataVietNam,2026-09-12
OTH_SGD_QNG,Sở Giáo dục và Đào tạo Quảng Ngãi,OTHER,province,2018,2026,dvc_2018,https://dichvucong.gov.vn/archive/2018,generated_catalog,source,2026-09-12T19:42:24.601202,crawl_2018_2026,Sở Giáo dục và Đào tạo Quảng Ngãi,OTH_SGD_QNG,so giao duc va ao tao quang ngai,OTHER,Annotator_A,HIGH,Khớp hoàn toàn danh mục hành chính chuẩn,2026-09-12,DataVietNam,2026-09-12
OTH_STC_QNG,Sở Tài chính Quảng Ngãi,OTHER,province,2018,2026,dvc_2018,https://dichvucong.gov.vn/archive/2018,generated_catalog,source,2026-09-12T19:42:24.601202,crawl_2018_2026,Sở Tài chính Quảng Ngãi,OTH_STC_QNG,so tai chinh quang ngai,OTHER,Annotator_A,HIGH,Khớp hoàn toàn danh mục hành chính chuẩn,2026-09-12,DataVietNam,2026-09-12
OTH_STP_QNG,Sở Tư pháp Quảng Ngãi,OTHER,province,2018,2026,dvc_2018,https://dichvucong.gov.vn/archive/2018,generated_catalog,source,2026-09-12T19:42:24.601202,crawl_2018_2026,Sở Tư pháp Quảng Ngãi,OTH_STP_QNG,so tu phap quang ngai,OTHER,Annotator_A,HIGH,Khớp hoàn toàn danh mục hành chính chuẩn,2026-09-12,DataVietNam,2026-09-12
OTH_SKH_QNG,Sở Kế hoạch và Đầu tư Quảng Ngãi,OTHER,province,2018,2026,dvc_2018,https://dichvucong.gov.vn/archive/2018,generated_catalog,source,2026-09-12T19:42:24.601202,crawl_2018_2026,Sở Kế hoạch và Đầu tư Quảng Ngãi,OTH_SKH_QNG,so ke hoach va au tu quang ngai,OTHER,Annotator_A,HIGH,Khớp hoàn toàn danh mục hành chính chuẩn,2026-09-12,DataVietNam,2026-09-12
OTH_SXD_QNG,Sở Xây dựng Quảng Ngãi,OTHER,province,2018,2026,dvc_2018,https://dichvucong.gov.vn/archive/2018,generated_catalog,source,2026-09-12T19:42:24.601202,crawl_2018_2026,Sở Xây dựng Quảng Ngãi,OTH_SXD_QNG,so xay dung quang ngai,OTHER,Annotator_A,HIGH,Khớp hoàn toàn danh mục hành chính chuẩn,2026-09-12,DataVietNam,2026-09-12
OTH_STNMT_QNG,Sở Tài nguyên và Môi trường Quảng Ngãi,OTHER,province,2018,2026,dvc_2018,https://dichvucong.gov.vn/archive/2018,generated_catalog,source,2026-09-12T19:42:24.601202,crawl_2018_2026,Sở Tài nguyên và Môi trường Quảng Ngãi,OTH_STNMT_QNG,so tai nguyen va moi truong quang ngai,OTHER,Annotator_A,HIGH,Khớp hoàn toàn danh mục hành chính chuẩn,2026-09-12,DataVietNam,2026-09-12
OTH_SNV_QNG,Sở Nội vụ Quảng Ngãi,OTHER,province,2018,2026,dvc_2018,https://dichvucong.gov.vn/archive/2018,generated_catalog,source,2026-09-12T19:42:24.601202,crawl_2018_2026,Sở Nội vụ Quảng Ngãi,OTH_SNV_QNG,so noi vu quang ngai,OTHER,Annotator_A,HIGH,Khớp hoàn toàn danh mục hành chính chuẩn,2026-09-12,DataVietNam,2026-09-12
OTH_SGTVT_QNG,Sở Giao thông vận tải Quảng Ngãi,OTHER,province,2018,2026,dvc_2018,https://dichvucong.gov.vn/archive/2018,generated_catalog,source,2026-09-12T19:42:24.601202,crawl_2018_2026,Sở Giao thông vận tải Quảng Ngãi,OTH_SGTVT_QNG,so giao thong van tai quang ngai,OTHER,Annotator_A,HIGH,Khớp hoàn toàn danh mục hành chính chuẩn,2026-09-12,DataVietNam,2026-09-12
OTH_SCT_QNG,Sở Công Thương Quảng Ngãi,OTHER,province,2018,2026,dvc_2018,https://dichvucong.gov.vn/archive/2018,generated_catalog,source,2026-09-12T19:42:24.601202,crawl_2018_2026,Sở Công Thương Quảng Ngãi,OTH_SCT_QNG,so cong thuong quang ngai,OTHER,Annotator_A,HIGH,Khớp hoàn toàn danh mục hành chính chuẩn,2026-09-12,DataVietNam,2026-09-12
OTH_SNNPTNT_QNG,Sở Nông nghiệp và Phát triển nông thôn Quảng Ngãi,OTHER,province,2018,2026,dvc_2018,https://dichvucong.gov.vn/archive/2018,generated_catalog,source,2026-09-12T19:42:24.601202,crawl_2018_2026,Sở Nông nghiệp và Phát triển nông thôn Quảng Ngãi,OTH_SNNPTNT_QNG,so nong nghiep va phat trien nong thon quang ngai,OTHER,Annotator_A,HIGH,Khớp hoàn toàn danh mục hành chính chuẩn,2026-09-12,DataVietNam,2026-09-12
OTH_SLĐTBXH_QNG,Sở Lao động - Thương binh và Xã hội Quảng Ngãi,OTHER,province,2018,2026,dvc_2018,https://dichvucong.gov.vn/archive/2018,generated_catalog,source,2026-09-12T19:42:24.601202,crawl_2018_2026,Sở Lao động - Thương binh và Xã hội Quảng Ngãi,OTH_SLĐTBXH_QNG,so lao ong thuong binh va xa hoi quang ngai,OTHER,Annotator_A,HIGH,Khớp hoàn toàn danh mục hành chính chuẩn,2026-09-12,DataVietNam,2026-09-12
OTH_SVHTTDL_QNG,Sở Văn hóa Thể thao và Du lịch Quảng Ngãi,OTHER,province,2018,2026,dvc_2018,https://dichvucong.gov.vn/archive/2018,generated_catalog,source,2026-09-12T19:42:24.601202,crawl_2018_2026,Sở Văn hóa Thể thao và Du lịch Quảng Ngãi,OTH_SVHTTDL_QNG,so van hoa the thao va du lich quang ngai,OTHER,Annotator_A,HIGH,Khớp hoàn toàn danh mục hành chính chuẩn,2026-09-12,DataVietNam,2026-09-12
OTH_STTTT_QNG,Sở Thông tin và Truyền thông Quảng Ngãi,OTHER,province,2018,2026,dvc_2018,https://dichvucong.gov.vn/archive/2018,generated_catalog,source,2026-09-12T19:42:24.601202,crawl_2018_2026,Sở Thông tin và Truyền thông Quảng Ngãi,OTH_STTTT_QNG,so thong tin va truyen thong quang ngai,OTHER,Annotator_A,HIGH,Khớp hoàn toàn danh mục hành chính chuẩn,2026-09-12,DataVietNam,2026-09-12
OTH_SKHCN_QNG,Sở Khoa học và Công nghệ Quảng Ngãi,OTHER,province,2018,2026,dvc_2018,https://dichvucong.gov.vn/archive/2018,generated_catalog,source,2026-09-12T19:42:24.601202,crawl_2018_2026,Sở Khoa học và Công nghệ Quảng Ngãi,OTH_SKHCN_QNG,so khoa hoc va cong nghe quang ngai,OTHER,Annotator_A,HIGH,Khớp hoàn toàn danh mục hành chính chuẩn,2026-09-12,DataVietNam,2026-09-12
OTH_UBND_QNA,Ủy ban nhân dân Quảng Nam,OTHER,province,2018,2026,dvc_2018,https://dichvucong.gov.vn/archive/2018,generated_catalog,source,2026-09-12T19:42:24.601202,crawl_2018_2026,Ủy ban nhân dân Quảng Nam,OTH_UBND_QNA,uy ban nhan dan quang nam,OTHER,Annotator_A,HIGH,Khớp hoàn toàn danh mục hành chính chuẩn,2026-09-12,DataVietNam,2026-09-12
OTH_BHXH_QNA,Bảo hiểm Xã hội Quảng Nam,OTHER,province,2018,2026,dvc_2018,https://dichvucong.gov.vn/archive/2018,generated_catalog,source,2026-09-12T19:42:24.601202,crawl_2018_2026,Bảo hiểm Xã hội Quảng Nam,OTH_BHXH_QNA,bao hiem xa hoi quang nam,OTHER,Annotator_A,HIGH,Khớp hoàn toàn danh mục hành chính chuẩn,2026-09-12,DataVietNam,2026-09-12
OTH_SYT_QNA,Sở Y tế Quảng Nam,OTHER,province,2018,2026,dvc_2018,https://dichvucong.gov.vn/archive/2018,generated_catalog,source,2026-09-12T19:42:24.601202,crawl_2018_2026,Sở Y tế Quảng Nam,OTH_SYT_QNA,so y te quang nam,OTHER,Annotator_A,HIGH,Khớp hoàn toàn danh mục hành chính chuẩn,2026-09-12,DataVietNam,2026-09-12
OTH_SGD_QNA,Sở Giáo dục và Đào tạo Quảng Nam,OTHER,province,2018,2026,dvc_2018,https://dichvucong.gov.vn/archive/2018,generated_catalog,source,2026-09-12T19:42:24.601202,crawl_2018_2026,Sở Giáo dục và Đào tạo Quảng Nam,OTH_SGD_QNA,so giao duc va ao tao quang nam,OTHER,Annotator_A,HIGH,Khớp hoàn toàn danh mục hành chính chuẩn,2026-09-12,DataVietNam,2026-09-12
OTH_STC_QNA,Sở Tài chính Quảng Nam,OTHER,province,2018,2026,dvc_2018,https://dichvucong.gov.vn/archive/2018,generated_catalog,source,2026-09-12T19:42:24.601202,crawl_2018_2026,Sở Tài chính Quảng Nam,OTH_STC_QNA,so tai chinh quang nam,OTHER,Annotator_A,HIGH,Khớp hoàn toàn danh mục hành chính chuẩn,2026-09-12,DataVietNam,2026-09-12
OTH_STP_QNA,Sở Tư pháp Quảng Nam,OTHER,province,2018,2026,dvc_2018,https://dichvucong.gov.vn/archive/2018,generated_catalog,source,2026-09-12T19:42:24.601202,crawl_2018_2026,Sở Tư pháp Quảng Nam,OTH_STP_QNA,so tu phap quang nam,OTHER,Annotator_A,HIGH,Khớp hoàn toàn danh mục hành chính chuẩn,2026-09-12,DataVietNam,2026-09-12
OTH_SKH_QNA,Sở Kế hoạch và Đầu tư Quảng Nam,OTHER,province,2018,2026,dvc_2018,https://dichvucong.gov.vn/archive/2018,generated_catalog,source,2026-09-12T19:42:24.601202,crawl_2018_2026,Sở Kế hoạch và Đầu tư Quảng Nam,OTH_SKH_QNA,so ke hoach va au tu quang nam,OTHER,Annotator_A,HIGH,Khớp hoàn toàn danh mục hành chính chuẩn,2026-09-12,DataVietNam,2026-09-12
OTH_SXD_QNA,Sở Xây dựng Quảng Nam,OTHER,province,2018,2026,dvc_2018,https://dichvucong.gov.vn/archive/2018,generated_catalog,source,2026-09-12T19:42:24.601202,crawl_2018_2026,Sở Xây dựng Quảng Nam,OTH_SXD_QNA,so xay dung quang nam,OTHER,Annotator_A,HIGH,Khớp hoàn toàn danh mục hành chính chuẩn,2026-09-12,DataVietNam,2026-09-12
OTH_STNMT_QNA,Sở Tài nguyên và Môi trường Quảng Nam,OTHER,province,2018,2026,dvc_2018,https://dichvucong.gov.vn/archive/2018,generated_catalog,source,2026-09-12T19:42:24.601202,crawl_2018_2026,Sở Tài nguyên và Môi trường Quảng Nam,OTH_STNMT_QNA,so tai nguyen va moi truong quang nam,OTHER,Annotator_A,HIGH,Khớp hoàn toàn danh mục hành chính chuẩn,2026-09-12,DataVietNam,2026-09-12
OTH_SNV_QNA,Sở Nội vụ Quảng Nam,OTHER,province,2018,2026,dvc_2018,https://dichvucong.gov.vn/archive/2018,generated_catalog,source,2026-09-12T19:42:24.601202,crawl_2018_2026,Sở Nội vụ Quảng Nam,OTH_SNV_QNA,so noi vu quang nam,OTHER,Annotator_A,HIGH,Khớp hoàn toàn danh mục hành chính chuẩn,2026-09-12,DataVietNam,2026-09-12
OTH_SGTVT_QNA,Sở Giao thông vận tải Quảng Nam,OTHER,province,2018,2026,dvc_2018,https://dichvucong.gov.vn/archive/2018,generated_catalog,source,2026-09-12T19:42:24.601202,crawl_2018_2026,Sở Giao thông vận tải Quảng Nam,OTH_SGTVT_QNA,so giao thong van tai quang nam,OTHER,Annotator_A,HIGH,Khớp hoàn toàn danh mục hành chính chuẩn,2026-09-12,DataVietNam,2026-09-12
OTH_SCT_QNA,Sở Công Thương Quảng Nam,OTHER,province,2018,2026,dvc_2018,https://dichvucong.gov.vn/archive/2018,generated_catalog,source,2026-09-12T19:42:24.601202,crawl_2018_2026,Sở Công Thương Quảng Nam,OTH_SCT_QNA,so cong thuong quang nam,OTHER,Annotator_A,HIGH,Khớp hoàn toàn danh mục hành chính chuẩn,2026-09-12,DataVietNam,2026-09-12
OTH_SNNPTNT_QNA,Sở Nông nghiệp và Phát triển nông thôn Quảng Nam,OTHER,province,2018,2026,dvc_2018,https://dichvucong.gov.vn/archive/2018,generated_catalog,source,2026-09-12T19:42:24.601202,crawl_2018_2026,Sở Nông nghiệp và Phát triển nông thôn Quảng Nam,OTH_SNNPTNT_QNA,so nong nghiep va phat trien nong thon quang nam,OTHER,Annotator_A,HIGH,Khớp hoàn toàn danh mục hành chính chuẩn,2026-09-12,DataVietNam,2026-09-12
OTH_SLĐTBXH_QNA,Sở Lao động - Thương binh và Xã hội Quảng Nam,OTHER,province,2018,2026,dvc_2018,https://dichvucong.gov.vn/archive/2018,generated_catalog,source,2026-09-12T19:42:24.601202,crawl_2018_2026,Sở Lao động - Thương binh và Xã hội Quảng Nam,OTH_SLĐTBXH_QNA,so lao ong thuong binh va xa hoi quang nam,OTHER,Annotator_A,HIGH,Khớp hoàn toàn danh mục hành chính chuẩn,2026-09-12,DataVietNam,2026-09-12
OTH_SVHTTDL_QNA,Sở Văn hóa Thể thao và Du lịch Quảng Nam,OTHER,province,2018,2026,dvc_2018,https://dichvucong.gov.vn/archive/2018,generated_catalog,source,2026-09-12T19:42:24.601202,crawl_2018_2026,Sở Văn hóa Thể thao và Du lịch Quảng Nam,OTH_SVHTTDL_QNA,so van hoa the thao va du lich quang nam,OTHER,Annotator_A,HIGH,Khớp hoàn toàn danh mục hành chính chuẩn,2026-09-12,DataVietNam,2026-09-12
OTH_STTTT_QNA,Sở Thông tin và Truyền thông Quảng Nam,OTHER,province,2018,2026,dvc_2018,https://dichvucong.gov.vn/archive/2018,generated_catalog,source,2026-09-12T19:42:24.601202,crawl_2018_2026,Sở Thông tin và Truyền thông Quảng Nam,OTH_STTTT_QNA,so thong tin va truyen thong quang nam,OTHER,Annotator_A,HIGH,Khớp hoàn toàn danh mục hành chính chuẩn,2026-09-12,DataVietNam,2026-09-12
OTH_SKHCN_QNA,Sở Khoa học và Công nghệ Quảng Nam,OTHER,province,2018,2026,dvc_2018,https://dichvucong.gov.vn/archive/2018,generated_catalog,source,2026-09-12T19:42:24.601202,crawl_2018_2026,Sở Khoa học và Công nghệ Quảng Nam,OTH_SKHCN_QNA,so khoa hoc va cong nghe quang nam,OTHER,Annotator_A,HIGH,Khớp hoàn toàn danh mục hành chính chuẩn,2026-09-12,DataVietNam,2026-09-12
OTH_UBND_TTH,Ủy ban nhân dân Thừa Thiên Huế,OTHER,province,2018,2026,dvc_2018,https://dichvucong.gov.vn/archive/2018,generated_catalog,source,2026-09-12T19:42:24.601202,crawl_2018_2026,Ủy ban nhân dân Thừa Thiên Huế,OTH_UBND_TTH,uy ban nhan dan thua thien hue,OTHER,Annotator_A,HIGH,Khớp hoàn toàn danh mục hành chính chuẩn,2026-09-12,DataVietNam,2026-09-12
OTH_BHXH_TTH,Bảo hiểm Xã hội Thừa Thiên Huế,OTHER,province,2018,2026,dvc_2018,https://dichvucong.gov.vn/archive/2018,generated_catalog,source,2026-09-12T19:42:24.601202,crawl_2018_2026,Bảo hiểm Xã hội Thừa Thiên Huế,OTH_BHXH_TTH,bao hiem xa hoi thua thien hue,OTHER,Annotator_A,HIGH,Khớp hoàn toàn danh mục hành chính chuẩn,2026-09-12,DataVietNam,2026-09-12
OTH_SYT_TTH,Sở Y tế Thừa Thiên Huế,OTHER,province,2018,2026,dvc_2018,https://dichvucong.gov.vn/archive/2018,generated_catalog,source,2026-09-12T19:42:24.601202,crawl_2018_2026,Sở Y tế Thừa Thiên Huế,OTH_SYT_TTH,so y te thua thien hue,OTHER,Annotator_A,HIGH,Khớp hoàn toàn danh mục hành chính chuẩn,2026-09-12,DataVietNam,2026-09-12
OTH_SGD_TTH,Sở Giáo dục và Đào tạo Thừa Thiên Huế,OTHER,province,2018,2026,dvc_2018,https://dichvucong.gov.vn/archive/2018,generated_catalog,source,2026-09-12T19:42:24.601202,crawl_2018_2026,Sở Giáo dục và Đào tạo Thừa Thiên Huế,OTH_SGD_TTH,so giao duc va ao tao thua thien hue,OTHER,Annotator_A,HIGH,Khớp hoàn toàn danh mục hành chính chuẩn,2026-09-12,DataVietNam,2026-09-12
OTH_STC_TTH,Sở Tài chính Thừa Thiên Huế,OTHER,province,2018,2026,dvc_2018,https://dichvucong.gov.vn/archive/2018,generated_catalog,source,2026-09-12T19:42:24.601202,crawl_2018_2026,Sở Tài chính Thừa Thiên Huế,OTH_STC_TTH,so tai chinh thua thien hue,OTHER,Annotator_A,HIGH,Khớp hoàn toàn danh mục hành chính chuẩn,2026-09-12,DataVietNam,2026-09-12
OTH_STP_TTH,Sở Tư pháp Thừa Thiên Huế,OTHER,province,2018,2026,dvc_2018,https://dichvucong.gov.vn/archive/2018,generated_catalog,source,2026-09-12T19:42:24.601202,crawl_2018_2026,Sở Tư pháp Thừa Thiên Huế,OTH_STP_TTH,so tu phap thua thien hue,OTHER,Annotator_A,HIGH,Khớp hoàn toàn danh mục hành chính chuẩn,2026-09-12,DataVietNam,2026-09-12
OTH_SKH_TTH,Sở Kế hoạch và Đầu tư Thừa Thiên Huế,OTHER,province,2018,2026,dvc_2018,https://dichvucong.gov.vn/archive/2018,generated_catalog,source,2026-09-12T19:42:24.601202,crawl_2018_2026,Sở Kế hoạch và Đầu tư Thừa Thiên Huế,OTH_SKH_TTH,so ke hoach va au tu thua thien hue,OTHER,Annotator_A,HIGH,Khớp hoàn toàn danh mục hành chính chuẩn,2026-09-12,DataVietNam,2026-09-12
OTH_SXD_TTH,Sở Xây dựng Thừa Thiên Huế,OTHER,province,2018,2026,dvc_2018,https://dichvucong.gov.vn/archive/2018,generated_catalog,source,2026-09-12T19:42:24.601202,crawl_2018_2026,Sở Xây dựng Thừa Thiên Huế,OTH_SXD_TTH,so xay dung thua thien hue,OTHER,Annotator_A,HIGH,Khớp hoàn toàn danh mục hành chính chuẩn,2026-09-12,DataVietNam,2026-09-12
OTH_STNMT_TTH,Sở Tài nguyên và Môi trường Thừa Thiên Huế,OTHER,province,2018,2026,dvc_2018,https://dichvucong.gov.vn/archive/2018,generated_catalog,source,2026-09-12T19:42:24.601202,crawl_2018_2026,Sở Tài nguyên và Môi trường Thừa Thiên Huế,OTH_STNMT_TTH,so tai nguyen va moi truong thua thien hue,OTHER,Annotator_A,HIGH,Khớp hoàn toàn danh mục hành chính chuẩn,2026-09-12,DataVietNam,2026-09-12
OTH_SNV_TTH,Sở Nội vụ Thừa Thiên Huế,OTHER,province,2018,2026,dvc_2018,https://dichvucong.gov.vn/archive/2018,generated_catalog,source,2026-09-12T19:42:24.601202,crawl_2018_2026,Sở Nội vụ Thừa Thiên Huế,OTH_SNV_TTH,so noi vu thua thien hue,OTHER,Annotator_A,HIGH,Khớp hoàn toàn danh mục hành chính chuẩn,2026-09-12,DataVietNam,2026-09-12
OTH_SGTVT_TTH,Sở Giao thông vận tải Thừa Thiên Huế,OTHER,province,2018,2026,dvc_2018,https://dichvucong.gov.vn/archive/2018,generated_catalog,source,2026-09-12T19:42:24.601202,crawl_2018_2026,Sở Giao thông vận tải Thừa Thiên Huế,OTH_SGTVT_TTH,so giao thong van tai thua thien hue,OTHER,Annotator_A,HIGH,Khớp hoàn toàn danh mục hành chính chuẩn,2026-09-12,DataVietNam,2026-09-12
OTH_SCT_TTH,Sở Công Thương Thừa Thiên Huế,OTHER,province,2018,2026,dvc_2018,https://dichvucong.gov.vn/archive/2018,generated_catalog,source,2026-09-12T19:42:24.601202,crawl_2018_2026,Sở Công Thương Thừa Thiên Huế,OTH_SCT_TTH,so cong thuong thua thien hue,OTHER,Annotator_A,HIGH,Khớp hoàn toàn danh mục hành chính chuẩn,2026-09-12,DataVietNam,2026-09-12
OTH_SNNPTNT_TTH,Sở Nông nghiệp và Phát triển nông thôn Thừa Thiên Huế,OTHER,province,2018,2026,dvc_2018,https://dichvucong.gov.vn/archive/2018,generated_catalog,source,2026-09-12T19:42:24.601202,crawl_2018_2026,Sở Nông nghiệp và Phát triển nông thôn Thừa Thiên Huế,OTH_SNNPTNT_TTH,so nong nghiep va phat trien nong thon thua thien hue,OTHER,Annotator_A,HIGH,Khớp hoàn toàn danh mục hành chính chuẩn,2026-09-12,DataVietNam,2026-09-12
OTH_SLĐTBXH_TTH,Sở Lao động - Thương binh và Xã hội Thừa Thiên Huế,OTHER,province,2018,2026,dvc_2018,https://dichvucong.gov.vn/archive/2018,generated_catalog,source,2026-09-12T19:42:24.601202,crawl_2018_2026,Sở Lao động - Thương binh và Xã hội Thừa Thiên Huế,OTH_SLĐTBXH_TTH,so lao ong thuong binh va xa hoi thua thien hue,OTHER,Annotator_A,HIGH,Khớp hoàn toàn danh mục hành chính chuẩn,2026-09-12,DataVietNam,2026-09-12
OTH_SVHTTDL_TTH,Sở Văn hóa Thể thao và Du lịch Thừa Thiên Huế,OTHER,province,2018,2026,dvc_2018,https://dichvucong.gov.vn/archive/2018,generated_catalog,source,2026-09-12T19:42:24.601202,crawl_2018_2026,Sở Văn hóa Thể thao và Du lịch Thừa Thiên Huế,OTH_SVHTTDL_TTH,so van hoa the thao va du lich thua thien hue,OTHER,Annotator_A,HIGH,Khớp hoàn toàn danh mục hành chính chuẩn,2026-09-12,DataVietNam,2026-09-12
OTH_STTTT_TTH,Sở Thông tin và Truyền thông Thừa Thiên Huế,OTHER,province,2018,2026,dvc_2018,https://dichvucong.gov.vn/archive/2018,generated_catalog,source,2026-09-12T19:42:24.601202,crawl_2018_2026,Sở Thông tin và Truyền thông Thừa Thiên Huế,OTH_STTTT_TTH,so thong tin va truyen thong thua thien hue,OTHER,Annotator_A,HIGH,Khớp hoàn toàn danh mục hành chính chuẩn,2026-09-12,DataVietNam,2026-09-12
OTH_SKHCN_TTH,Sở Khoa học và Công nghệ Thừa Thiên Huế,OTHER,province,2018,2026,dvc_2018,https://dichvucong.gov.vn/archive/2018,generated_catalog,source,2026-09-12T19:42:24.601202,crawl_2018_2026,Sở Khoa học và Công nghệ Thừa Thiên Huế,OTH_SKHCN_TTH,so khoa hoc va cong nghe thua thien hue,OTHER,Annotator_A,HIGH,Khớp hoàn toàn danh mục hành chính chuẩn,2026-09-12,DataVietNam,2026-09-12
OTH_UBND_QTR,Ủy ban nhân dân Quảng Trị,OTHER,province,2018,2026,dvc_2018,https://dichvucong.gov.vn/archive/2018,generated_catalog,source,2026-09-12T19:42:24.601202,crawl_2018_2026,Ủy ban nhân dân Quảng Trị,OTH_UBND_QTR,uy ban nhan dan quang tri,OTHER,Annotator_A,HIGH,Khớp hoàn toàn danh mục hành chính chuẩn,2026-09-12,DataVietNam,2026-09-12
OTH_BHXH_QTR,Bảo hiểm Xã hội Quảng Trị,OTHER,province,2018,2026,dvc_2018,https://dichvucong.gov.vn/archive/2018,generated_catalog,source,2026-09-12T19:42:24.601202,crawl_2018_2026,Bảo hiểm Xã hội Quảng Trị,OTH_BHXH_QTR,bao hiem xa hoi quang tri,OTHER,Annotator_A,HIGH,Khớp hoàn toàn danh mục hành chính chuẩn,2026-09-12,DataVietNam,2026-09-12
OTH_SYT_QTR,Sở Y tế Quảng Trị,OTHER,province,2018,2026,dvc_2018,https://dichvucong.gov.vn/archive/2018,generated_catalog,source,2026-09-12T19:42:24.601202,crawl_2018_2026,Sở Y tế Quảng Trị,OTH_SYT_QTR,so y te quang tri,OTHER,Annotator_A,HIGH,Khớp hoàn toàn danh mục hành chính chuẩn,2026-09-12,DataVietNam,2026-09-12
OTH_SGD_QTR,Sở Giáo dục và Đào tạo Quảng Trị,OTHER,province,2018,2026,dvc_2018,https://dichvucong.gov.vn/archive/2018,generated_catalog,source,2026-09-12T19:42:24.601202,crawl_2018_2026,Sở Giáo dục và Đào tạo Quảng Trị,OTH_SGD_QTR,so giao duc va ao tao quang tri,OTHER,Annotator_A,HIGH,Khớp hoàn toàn danh mục hành chính chuẩn,2026-09-12,DataVietNam,2026-09-12
OTH_STC_QTR,Sở Tài chính Quảng Trị,OTHER,province,2018,2026,dvc_2018,https://dichvucong.gov.vn/archive/2018,generated_catalog,source,2026-09-12T19:42:24.601202,crawl_2018_2026,Sở Tài chính Quảng Trị,OTH_STC_QTR,so tai chinh quang tri,OTHER,Annotator_A,HIGH,Khớp hoàn toàn danh mục hành chính chuẩn,2026-09-12,DataVietNam,2026-09-12
OTH_STP_QTR,Sở Tư pháp Quảng Trị,OTHER,province,2018,2026,dvc_2018,https://dichvucong.gov.vn/archive/2018,generated_catalog,source,2026-09-12T19:42:24.601202,crawl_2018_2026,Sở Tư pháp Quảng Trị,OTH_STP_QTR,so tu phap quang tri,OTHER,Annotator_A,HIGH,Khớp hoàn toàn danh mục hành chính chuẩn,2026-09-12,DataVietNam,2026-09-12
OTH_SKH_QTR,Sở Kế hoạch và Đầu tư Quảng Trị,OTHER,province,2018,2026,dvc_2018,https://dichvucong.gov.vn/archive/2018,generated_catalog,source,2026-09-12T19:42:24.601202,crawl_2018_2026,Sở Kế hoạch và Đầu tư Quảng Trị,OTH_SKH_QTR,so ke hoach va au tu quang tri,OTHER,Annotator_A,HIGH,Khớp hoàn toàn danh mục hành chính chuẩn,2026-09-12,DataVietNam,2026-09-12
OTH_SXD_QTR,Sở Xây dựng Quảng Trị,OTHER,province,2018,2026,dvc_2018,https://dichvucong.gov.vn/archive/2018,generated_catalog,source,2026-09-12T19:42:24.601202,crawl_2018_2026,Sở Xây dựng Quảng Trị,OTH_SXD_QTR,so xay dung quang tri,OTHER,Annotator_A,HIGH,Khớp hoàn toàn danh mục hành chính chuẩn,2026-09-12,DataVietNam,2026-09-12
OTH_STNMT_QTR,Sở Tài nguyên và Môi trường Quảng Trị,OTHER,province,2018,2026,dvc_2018,https://dichvucong.gov.vn/archive/2018,generated_catalog,source,2026-09-12T19:42:24.601202,crawl_2018_2026,Sở Tài nguyên và Môi trường Quảng Trị,OTH_STNMT_QTR,so tai nguyen va moi truong quang tri,OTHER,Annotator_A,HIGH,Khớp hoàn toàn danh mục hành chính chuẩn,2026-09-12,DataVietNam,2026-09-12
OTH_SNV_QTR,Sở Nội vụ Quảng Trị,OTHER,province,2018,2026,dvc_2018,https://dichvucong.gov.vn/archive/2018,generated_catalog,source,2026-09-12T19:42:24.601202,crawl_2018_2026,Sở Nội vụ Quảng Trị,OTH_SNV_QTR,so noi vu quang tri,OTHER,Annotator_A,HIGH,Khớp hoàn toàn danh mục hành chính chuẩn,2026-09-12,DataVietNam,2026-09-12
OTH_SGTVT_QTR,Sở Giao thông vận tải Quảng Trị,OTHER,province,2018,2026,dvc_2018,https://dichvucong.gov.vn/archive/2018,generated_catalog,source,2026-09-12T19:42:24.601202,crawl_2018_2026,Sở Giao thông vận tải Quảng Trị,OTH_SGTVT_QTR,so giao thong van tai quang tri,OTHER,Annotator_A,HIGH,Khớp hoàn toàn danh mục hành chính chuẩn,2026-09-12,DataVietNam,2026-09-12
OTH_SCT_QTR,Sở Công Thương Quảng Trị,OTHER,province,2018,2026,dvc_2018,https://dichvucong.gov.vn/archive/2018,generated_catalog,source,2026-09-12T19:42:24.601202,crawl_2018_2026,Sở Công Thương Quảng Trị,OTH_SCT_QTR,so cong thuong quang tri,OTHER,Annotator_A,HIGH,Khớp hoàn toàn danh mục hành chính chuẩn,2026-09-12,DataVietNam,2026-09-12
OTH_SNNPTNT_QTR,Sở Nông nghiệp và Phát triển nông thôn Quảng Trị,OTHER,province,2018,2026,dvc_2018,https://dichvucong.gov.vn/archive/2018,generated_catalog,source,2026-09-12T19:42:24.601202,crawl_2018_2026,Sở Nông nghiệp và Phát triển nông thôn Quảng Trị,OTH_SNNPTNT_QTR,so nong nghiep va phat trien nong thon quang tri,OTHER,Annotator_A,HIGH,Khớp hoàn toàn danh mục hành chính chuẩn,2026-09-12,DataVietNam,2026-09-12
OTH_SLĐTBXH_QTR,Sở Lao động - Thương binh và Xã hội Quảng Trị,OTHER,province,2018,2026,dvc_2018,https://dichvucong.gov.vn/archive/2018,generated_catalog,source,2026-09-12T19:42:24.601202,crawl_2018_2026,Sở Lao động - Thương binh và Xã hội Quảng Trị,OTH_SLĐTBXH_QTR,so lao ong thuong binh va xa hoi quang tri,OTHER,Annotator_A,HIGH,Khớp hoàn toàn danh mục hành chính chuẩn,2026-09-12,DataVietNam,2026-09-12
OTH_SVHTTDL_QTR,Sở Văn hóa Thể thao và Du lịch Quảng Trị,OTHER,province,2018,2026,dvc_2018,https://dichvucong.gov.vn/archive/2018,generated_catalog,source,2026-09-12T19:42:24.601202,crawl_2018_2026,Sở Văn hóa Thể thao và Du lịch Quảng Trị,OTH_SVHTTDL_QTR,so van hoa the thao va du lich quang tri,OTHER,Annotator_A,HIGH,Khớp hoàn toàn danh mục hành chính chuẩn,2026-09-12,DataVietNam,2026-09-12
OTH_STTTT_QTR,Sở Thông tin và Truyền thông Quảng Trị,OTHER,province,2018,2026,dvc_2018,https://dichvucong.gov.vn/archive/2018,generated_catalog,source,2026-09-12T19:42:24.601202,crawl_2018_2026,Sở Thông tin và Truyền thông Quảng Trị,OTH_STTTT_QTR,so thong tin va truyen thong quang tri,OTHER,Annotator_A,HIGH,Khớp hoàn toàn danh mục hành chính chuẩn,2026-09-12,DataVietNam,2026-09-12
OTH_SKHCN_QTR,Sở Khoa học và Công nghệ Quảng Trị,OTHER,province,2018,2026,dvc_2018,https://dichvucong.gov.vn/archive/2018,generated_catalog,source,2026-09-12T19:42:24.601202,crawl_2018_2026,Sở Khoa học và Công nghệ Quảng Trị,OTH_SKHCN_QTR,so khoa hoc va cong nghe quang tri,OTHER,Annotator_A,HIGH,Khớp hoàn toàn danh mục hành chính chuẩn,2026-09-12,DataVietNam,2026-09-12
OTH_UBND_QBI,Ủy ban nhân dân Quảng Bình,OTHER,province,2018,2026,dvc_2018,https://dichvucong.gov.vn/archive/2018,generated_catalog,source,2026-09-12T19:42:24.601202,crawl_2018_2026,Ủy ban nhân dân Quảng Bình,OTH_UBND_QBI,uy ban nhan dan quang binh,OTHER,Annotator_A,HIGH,Khớp hoàn toàn danh mục hành chính chuẩn,2026-09-12,DataVietNam,2026-09-12
OTH_BHXH_QBI,Bảo hiểm Xã hội Quảng Bình,OTHER,province,2018,2026,dvc_2018,https://dichvucong.gov.vn/archive/2018,generated_catalog,source,2026-09-12T19:42:24.601202,crawl_2018_2026,Bảo hiểm Xã hội Quảng Bình,OTH_BHXH_QBI,bao hiem xa hoi quang binh,OTHER,Annotator_A,HIGH,Khớp hoàn toàn danh mục hành chính chuẩn,2026-09-12,DataVietNam,2026-09-12
OTH_SYT_QBI,Sở Y tế Quảng Bình,OTHER,province,2018,2026,dvc_2018,https://dichvucong.gov.vn/archive/2018,generated_catalog,source,2026-09-12T19:42:24.601202,crawl_2018_2026,Sở Y tế Quảng Bình,OTH_SYT_QBI,so y te quang binh,OTHER,Annotator_A,HIGH,Khớp hoàn toàn danh mục hành chính chuẩn,2026-09-12,DataVietNam,2026-09-12
OTH_SGD_QBI,Sở Giáo dục và Đào tạo Quảng Bình,OTHER,province,2018,2026,dvc_2018,https://dichvucong.gov.vn/archive/2018,generated_catalog,source,2026-09-12T19:42:24.601202,crawl_2018_2026,Sở Giáo dục và Đào tạo Quảng Bình,OTH_SGD_QBI,so giao duc va ao tao quang binh,OTHER,Annotator_A,HIGH,Khớp hoàn toàn danh mục hành chính chuẩn,2026-09-12,DataVietNam,2026-09-12
OTH_STC_QBI,Sở Tài chính Quảng Bình,OTHER,province,2018,2026,dvc_2018,https://dichvucong.gov.vn/archive/2018,generated_catalog,source,2026-09-12T19:42:24.601202,crawl_2018_2026,Sở Tài chính Quảng Bình,OTH_STC_QBI,so tai chinh quang binh,OTHER,Annotator_A,HIGH,Khớp hoàn toàn danh mục hành chính chuẩn,2026-09-12,DataVietNam,2026-09-12
OTH_STP_QBI,Sở Tư pháp Quảng Bình,OTHER,province,2018,2026,dvc_2018,https://dichvucong.gov.vn/archive/2018,generated_catalog,source,2026-09-12T19:42:24.601202,crawl_2018_2026,Sở Tư pháp Quảng Bình,OTH_STP_QBI,so tu phap quang binh,OTHER,Annotator_A,HIGH,Khớp hoàn toàn danh mục hành chính chuẩn,2026-09-12,DataVietNam,2026-09-12
OTH_SKH_QBI,Sở Kế hoạch và Đầu tư Quảng Bình,OTHER,province,2018,2026,dvc_2018,https://dichvucong.gov.vn/archive/2018,generated_catalog,source,2026-09-12T19:42:24.601202,crawl_2018_2026,Sở Kế hoạch và Đầu tư Quảng Bình,OTH_SKH_QBI,so ke hoach va au tu quang binh,OTHER,Annotator_A,HIGH,Khớp hoàn toàn danh mục hành chính chuẩn,2026-09-12,DataVietNam,2026-09-12
OTH_SXD_QBI,Sở Xây dựng Quảng Bình,OTHER,province,2018,2026,dvc_2018,https://dichvucong.gov.vn/archive/2018,generated_catalog,source,2026-09-12T19:42:24.601202,crawl_2018_2026,Sở Xây dựng Quảng Bình,OTH_SXD_QBI,so xay dung quang binh,OTHER,Annotator_A,HIGH,Khớp hoàn toàn danh mục hành chính chuẩn,2026-09-12,DataVietNam,2026-09-12
OTH_STNMT_QBI,Sở Tài nguyên và Môi trường Quảng Bình,OTHER,province,2018,2026,dvc_2018,https://dichvucong.gov.vn/archive/2018,generated_catalog,source,2026-09-12T19:42:24.601202,crawl_2018_2026,Sở Tài nguyên và Môi trường Quảng Bình,OTH_STNMT_QBI,so tai nguyen va moi truong quang binh,OTHER,Annotator_A,HIGH,Khớp hoàn toàn danh mục hành chính chuẩn,2026-09-12,DataVietNam,2026-09-12
OTH_SNV_QBI,Sở Nội vụ Quảng Bình,OTHER,province,2018,2026,dvc_2018,https://dichvucong.gov.vn/archive/2018,generated_catalog,source,2026-09-12T19:42:24.601202,crawl_2018_2026,Sở Nội vụ Quảng Bình,OTH_SNV_QBI,so noi vu quang binh,OTHER,Annotator_A,HIGH,Khớp hoàn toàn danh mục hành chính chuẩn,2026-09-12,DataVietNam,2026-09-12
OTH_SGTVT_QBI,Sở Giao thông vận tải Quảng Bình,OTHER,province,2018,2026,dvc_2018,https://dichvucong.gov.vn/archive/2018,generated_catalog,source,2026-09-12T19:42:24.601202,crawl_2018_2026,Sở Giao thông vận tải Quảng Bình,OTH_SGTVT_QBI,so giao thong van tai quang binh,OTHER,Annotator_A,HIGH,Khớp hoàn toàn danh mục hành chính chuẩn,2026-09-12,DataVietNam,2026-09-12
OTH_SCT_QBI,Sở Công Thương Quảng Bình,OTHER,province,2018,2026,dvc_2018,https://dichvucong.gov.vn/archive/2018,generated_catalog,source,2026-09-12T19:42:24.601202,crawl_2018_2026,Sở Công Thương Quảng Bình,OTH_SCT_QBI,so cong thuong quang binh,OTHER,Annotator_A,HIGH,Khớp hoàn toàn danh mục hành chính chuẩn,2026-09-12,DataVietNam,2026-09-12
OTH_SNNPTNT_QBI,Sở Nông nghiệp và Phát triển nông thôn Quảng Bình,OTHER,province,2018,2026,dvc_2018,https://dichvucong.gov.vn/archive/2018,generated_catalog,source,2026-09-12T19:42:24.601202,crawl_2018_2026,Sở Nông nghiệp và Phát triển nông thôn Quảng Bình,OTH_SNNPTNT_QBI,so nong nghiep va phat trien nong thon quang binh,OTHER,Annotator_A,HIGH,Khớp hoàn toàn danh mục hành chính chuẩn,2026-09-12,DataVietNam,2026-09-12
OTH_SLĐTBXH_QBI,Sở Lao động - Thương binh và Xã hội Quảng Bình,OTHER,province,2018,2026,dvc_2018,https://dichvucong.gov.vn/archive/2018,generated_catalog,source,2026-09-12T19:42:24.601202,crawl_2018_2026,Sở Lao động - Thương binh và Xã hội Quảng Bình,OTH_SLĐTBXH_QBI,so lao ong thuong binh va xa hoi quang binh,OTHER,Annotator_A,HIGH,Khớp hoàn toàn danh mục hành chính chuẩn,2026-09-12,DataVietNam,2026-09-12
OTH_SVHTTDL_QBI,Sở Văn hóa Thể thao và Du lịch Quảng Bình,OTHER,province,2018,2026,dvc_2018,https://dichvucong.gov.vn/archive/2018,generated_catalog,source,2026-09-12T19:42:24.601202,crawl_2018_2026,Sở Văn hóa Thể thao và Du lịch Quảng Bình,OTH_SVHTTDL_QBI,so van hoa the thao va du lich quang binh,OTHER,Annotator_A,HIGH,Khớp hoàn toàn danh mục hành chính chuẩn,2026-09-12,DataVietNam,2026-09-12
OTH_STTTT_QBI,Sở Thông tin và Truyền thông Quảng Bình,OTHER,province,2018,2026,dvc_2018,https://dichvucong.gov.vn/archive/2018,generated_catalog,source,2026-09-12T19:42:24.601202,crawl_2018_2026,Sở Thông tin và Truyền thông Quảng Bình,OTH_STTTT_QBI,so thong tin va truyen thong quang binh,OTHER,Annotator_A,HIGH,Khớp hoàn toàn danh mục hành chính chuẩn,2026-09-12,DataVietNam,2026-09-12
OTH_SKHCN_QBI,Sở Khoa học và Công nghệ Quảng Bình,OTHER,province,2018,2026,dvc_2018,https://dichvucong.gov.vn/archive/2018,generated_catalog,source,2026-09-12T19:42:24.601202,crawl_2018_2026,Sở Khoa học và Công nghệ Quảng Bình,OTH_SKHCN_QBI,so khoa hoc va cong nghe quang binh,OTHER,Annotator_A,HIGH,Khớp hoàn toàn danh mục hành chính chuẩn,2026-09-12,DataVietNam,2026-09-12
OTH_UBND_HT,Ủy ban nhân dân Hà Tĩnh,OTHER,province,2018,2026,dvc_2018,https://dichvucong.gov.vn/archive/2018,generated_catalog,source,2026-09-12T19:42:24.601202,crawl_2018_2026,Ủy ban nhân dân Hà Tĩnh,OTH_UBND_HT,uy ban nhan dan ha tinh,OTHER,Annotator_A,HIGH,Khớp hoàn toàn danh mục hành chính chuẩn,2026-09-12,DataVietNam,2026-09-12
OTH_BHXH_HT,Bảo hiểm Xã hội Hà Tĩnh,OTHER,province,2018,2026,dvc_2018,https://dichvucong.gov.vn/archive/2018,generated_catalog,source,2026-09-12T19:42:24.601202,crawl_2018_2026,Bảo hiểm Xã hội Hà Tĩnh,OTH_BHXH_HT,bao hiem xa hoi ha tinh,OTHER,Annotator_A,HIGH,Khớp hoàn toàn danh mục hành chính chuẩn,2026-09-12,DataVietNam,2026-09-12
OTH_SYT_HT,Sở Y tế Hà Tĩnh,OTHER,province,2018,2026,dvc_2018,https://dichvucong.gov.vn/archive/2018,generated_catalog,source,2026-09-12T19:42:24.601202,crawl_2018_2026,Sở Y tế Hà Tĩnh,OTH_SYT_HT,so y te ha tinh,OTHER,Annotator_A,HIGH,Khớp hoàn toàn danh mục hành chính chuẩn,2026-09-12,DataVietNam,2026-09-12
OTH_SGD_HT,Sở Giáo dục và Đào tạo Hà Tĩnh,OTHER,province,2018,2026,dvc_2018,https://dichvucong.gov.vn/archive/2018,generated_catalog,source,2026-09-12T19:42:24.601202,crawl_2018_2026,Sở Giáo dục và Đào tạo Hà Tĩnh,OTH_SGD_HT,so giao duc va ao tao ha tinh,OTHER,Annotator_A,HIGH,Khớp hoàn toàn danh mục hành chính chuẩn,2026-09-12,DataVietNam,2026-09-12
OTH_STC_HT,Sở Tài chính Hà Tĩnh,OTHER,province,2018,2026,dvc_2018,https://dichvucong.gov.vn/archive/2018,generated_catalog,source,2026-09-12T19:42:24.601202,crawl_2018_2026,Sở Tài chính Hà Tĩnh,OTH_STC_HT,so tai chinh ha tinh,OTHER,Annotator_A,HIGH,Khớp hoàn toàn danh mục hành chính chuẩn,2026-09-12,DataVietNam,2026-09-12
OTH_STP_HT,Sở Tư pháp Hà Tĩnh,OTHER,province,2018,2026,dvc_2018,https://dichvucong.gov.vn/archive/2018,generated_catalog,source,2026-09-12T19:42:24.601202,crawl_2018_2026,Sở Tư pháp Hà Tĩnh,OTH_STP_HT,so tu phap ha tinh,OTHER,Annotator_A,HIGH,Khớp hoàn toàn danh mục hành chính chuẩn,2026-09-12,DataVietNam,2026-09-12
OTH_SKH_HT,Sở Kế hoạch và Đầu tư Hà Tĩnh,OTHER,province,2018,2026,dvc_2018,https://dichvucong.gov.vn/archive/2018,generated_catalog,source,2026-09-12T19:42:24.601202,crawl_2018_2026,Sở Kế hoạch và Đầu tư Hà Tĩnh,OTH_SKH_HT,so ke hoach va au tu ha tinh,OTHER,Annotator_A,HIGH,Khớp hoàn toàn danh mục hành chính chuẩn,2026-09-12,DataVietNam,2026-09-12
OTH_SXD_HT,Sở Xây dựng Hà Tĩnh,OTHER,province,2018,2026,dvc_2018,https://dichvucong.gov.vn/archive/2018,generated_catalog,source,2026-09-12T19:42:24.601202,crawl_2018_2026,Sở Xây dựng Hà Tĩnh,OTH_SXD_HT,so xay dung ha tinh,OTHER,Annotator_A,HIGH,Khớp hoàn toàn danh mục hành chính chuẩn,2026-09-12,DataVietNam,2026-09-12
OTH_STNMT_HT,Sở Tài nguyên và Môi trường Hà Tĩnh,OTHER,province,2018,2026,dvc_2018,https://dichvucong.gov.vn/archive/2018,generated_catalog,source,2026-09-12T19:42:24.601202,crawl_2018_2026,Sở Tài nguyên và Môi trường Hà Tĩnh,OTH_STNMT_HT,so tai nguyen va moi truong ha tinh,OTHER,Annotator_A,HIGH,Khớp hoàn toàn danh mục hành chính chuẩn,2026-09-12,DataVietNam,2026-09-12
OTH_SNV_HT,Sở Nội vụ Hà Tĩnh,OTHER,province,2018,2026,dvc_2018,https://dichvucong.gov.vn/archive/2018,generated_catalog,source,2026-09-12T19:42:24.601202,crawl_2018_2026,Sở Nội vụ Hà Tĩnh,OTH_SNV_HT,so noi vu ha tinh,OTHER,Annotator_A,HIGH,Khớp hoàn toàn danh mục hành chính chuẩn,2026-09-12,DataVietNam,2026-09-12
OTH_SGTVT_HT,Sở Giao thông vận tải Hà Tĩnh,OTHER,province,2018,2026,dvc_2018,https://dichvucong.gov.vn/archive/2018,generated_catalog,source,2026-09-12T19:42:24.601202,crawl_2018_2026,Sở Giao thông vận tải Hà Tĩnh,OTH_SGTVT_HT,so giao thong van tai ha tinh,OTHER,Annotator_A,HIGH,Khớp hoàn toàn danh mục hành chính chuẩn,2026-09-12,DataVietNam,2026-09-12
OTH_SCT_HT,Sở Công Thương Hà Tĩnh,OTHER,province,2018,2026,dvc_2018,https://dichvucong.gov.vn/archive/2018,generated_catalog,source,2026-09-12T19:42:24.601202,crawl_2018_2026,Sở Công Thương Hà Tĩnh,OTH_SCT_HT,so cong thuong ha tinh,OTHER,Annotator_A,HIGH,Khớp hoàn toàn danh mục hành chính chuẩn,2026-09-12,DataVietNam,2026-09-12
OTH_SNNPTNT_HT,Sở Nông nghiệp và Phát triển nông thôn Hà Tĩnh,OTHER,province,2018,2026,dvc_2018,https://dichvucong.gov.vn/archive/2018,generated_catalog,source,2026-09-12T19:42:24.601202,crawl_2018_2026,Sở Nông nghiệp và Phát triển nông thôn Hà Tĩnh,OTH_SNNPTNT_HT,so nong nghiep va phat trien nong thon ha tinh,OTHER,Annotator_A,HIGH,Khớp hoàn toàn danh mục hành chính chuẩn,2026-09-12,DataVietNam,2026-09-12
OTH_SLĐTBXH_HT,Sở Lao động - Thương binh và Xã hội Hà Tĩnh,OTHER,province,2018,2026,dvc_2018,https://dichvucong.gov.vn/archive/2018,generated_catalog,source,2026-09-12T19:42:24.601202,crawl_2018_2026,Sở Lao động - Thương binh và Xã hội Hà Tĩnh,OTH_SLĐTBXH_HT,so lao ong thuong binh va xa hoi ha tinh,OTHER,Annotator_A,HIGH,Khớp hoàn toàn danh mục hành chính chuẩn,2026-09-12,DataVietNam,2026-09-12
OTH_SVHTTDL_HT,Sở Văn hóa Thể thao và Du lịch Hà Tĩnh,OTHER,province,2018,2026,dvc_2018,https://dichvucong.gov.vn/archive/2018,generated_catalog,source,2026-09-12T19:42:24.601202,crawl_2018_2026,Sở Văn hóa Thể thao và Du lịch Hà Tĩnh,OTH_SVHTTDL_HT,so van hoa the thao va du lich ha tinh,OTHER,Annotator_A,HIGH,Khớp hoàn toàn danh mục hành chính chuẩn,2026-09-12,DataVietNam,2026-09-12
OTH_STTTT_HT,Sở Thông tin và Truyền thông Hà Tĩnh,OTHER,province,2018,2026,dvc_2018,https://dichvucong.gov.vn/archive/2018,generated_catalog,source,2026-09-12T19:42:24.601202,crawl_2018_2026,Sở Thông tin và Truyền thông Hà Tĩnh,OTH_STTTT_HT,so thong tin va truyen thong ha tinh,OTHER,Annotator_A,HIGH,Khớp hoàn toàn danh mục hành chính chuẩn,2026-09-12,DataVietNam,2026-09-12
OTH_SKHCN_HT,Sở Khoa học và Công nghệ Hà Tĩnh,OTHER,province,2018,2026,dvc_2018,https://dichvucong.gov.vn/archive/2018,generated_catalog,source,2026-09-12T19:42:24.601202,crawl_2018_2026,Sở Khoa học và Công nghệ Hà Tĩnh,OTH_SKHCN_HT,so khoa hoc va cong nghe ha tinh,OTHER,Annotator_A,HIGH,Khớp hoàn toàn danh mục hành chính chuẩn,2026-09-12,DataVietNam,2026-09-12
OTH_UBND_NA,Ủy ban nhân dân Nghệ An,OTHER,province,2018,2026,dvc_2018,https://dichvucong.gov.vn/archive/2018,generated_catalog,source,2026-09-12T19:42:24.601202,crawl_2018_2026,Ủy ban nhân dân Nghệ An,OTH_UBND_NA,uy ban nhan dan nghe an,OTHER,Annotator_A,HIGH,Khớp hoàn toàn danh mục hành chính chuẩn,2026-09-12,DataVietNam,2026-09-12
OTH_BHXH_NA,Bảo hiểm Xã hội Nghệ An,OTHER,province,2018,2026,dvc_2018,https://dichvucong.gov.vn/archive/2018,generated_catalog,source,2026-09-12T19:42:24.601202,crawl_2018_2026,Bảo hiểm Xã hội Nghệ An,OTH_BHXH_NA,bao hiem xa hoi nghe an,OTHER,Annotator_A,HIGH,Khớp hoàn toàn danh mục hành chính chuẩn,2026-09-12,DataVietNam,2026-09-12
OTH_SYT_NA,Sở Y tế Nghệ An,OTHER,province,2018,2026,dvc_2018,https://dichvucong.gov.vn/archive/2018,generated_catalog,source,2026-09-12T19:42:24.601202,crawl_2018_2026,Sở Y tế Nghệ An,OTH_SYT_NA,so y te nghe an,OTHER,Annotator_A,HIGH,Khớp hoàn toàn danh mục hành chính chuẩn,2026-09-12,DataVietNam,2026-09-12
OTH_SGD_NA,Sở Giáo dục và Đào tạo Nghệ An,OTHER,province,2018,2026,dvc_2018,https://dichvucong.gov.vn/archive/2018,generated_catalog,source,2026-09-12T19:42:24.601202,crawl_2018_2026,Sở Giáo dục và Đào tạo Nghệ An,OTH_SGD_NA,so giao duc va ao tao nghe an,OTHER,Annotator_A,HIGH,Khớp hoàn toàn danh mục hành chính chuẩn,2026-09-12,DataVietNam,2026-09-12
OTH_STC_NA,Sở Tài chính Nghệ An,OTHER,province,2018,2026,dvc_2018,https://dichvucong.gov.vn/archive/2018,generated_catalog,source,2026-09-12T19:42:24.601202,crawl_2018_2026,Sở Tài chính Nghệ An,OTH_STC_NA,so tai chinh nghe an,OTHER,Annotator_A,HIGH,Khớp hoàn toàn danh mục hành chính chuẩn,2026-09-12,DataVietNam,2026-09-12
OTH_STP_NA,Sở Tư pháp Nghệ An,OTHER,province,2018,2026,dvc_2018,https://dichvucong.gov.vn/archive/2018,generated_catalog,source,2026-09-12T19:42:24.601202,crawl_2018_2026,Sở Tư pháp Nghệ An,OTH_STP_NA,so tu phap nghe an,OTHER,Annotator_A,HIGH,Khớp hoàn toàn danh mục hành chính chuẩn,2026-09-12,DataVietNam,2026-09-12
OTH_SKH_NA,Sở Kế hoạch và Đầu tư Nghệ An,OTHER,province,2018,2026,dvc_2018,https://dichvucong.gov.vn/archive/2018,generated_catalog,source,2026-09-12T19:42:24.601202,crawl_2018_2026,Sở Kế hoạch và Đầu tư Nghệ An,OTH_SKH_NA,so ke hoach va au tu nghe an,OTHER,Annotator_A,HIGH,Khớp hoàn toàn danh mục hành chính chuẩn,2026-09-12,DataVietNam,2026-09-12
OTH_SXD_NA,Sở Xây dựng Nghệ An,OTHER,province,2018,2026,dvc_2018,https://dichvucong.gov.vn/archive/2018,generated_catalog,source,2026-09-12T19:42:24.601202,crawl_2018_2026,Sở Xây dựng Nghệ An,OTH_SXD_NA,so xay dung nghe an,OTHER,Annotator_A,HIGH,Khớp hoàn toàn danh mục hành chính chuẩn,2026-09-12,DataVietNam,2026-09-12
OTH_STNMT_NA,Sở Tài nguyên và Môi trường Nghệ An,OTHER,province,2018,2026,dvc_2018,https://dichvucong.gov.vn/archive/2018,generated_catalog,source,2026-09-12T19:42:24.601202,crawl_2018_2026,Sở Tài nguyên và Môi trường Nghệ An,OTH_STNMT_NA,so tai nguyen va moi truong nghe an,OTHER,Annotator_A,HIGH,Khớp hoàn toàn danh mục hành chính chuẩn,2026-09-12,DataVietNam,2026-09-12
OTH_SNV_NA,Sở Nội vụ Nghệ An,OTHER,province,2018,2026,dvc_2018,https://dichvucong.gov.vn/archive/2018,generated_catalog,source,2026-09-12T19:42:24.601202,crawl_2018_2026,Sở Nội vụ Nghệ An,OTH_SNV_NA,so noi vu nghe an,OTHER,Annotator_A,HIGH,Khớp hoàn toàn danh mục hành chính chuẩn,2026-09-12,DataVietNam,2026-09-12
OTH_SGTVT_NA,Sở Giao thông vận tải Nghệ An,OTHER,province,2018,2026,dvc_2018,https://dichvucong.gov.vn/archive/2018,generated_catalog,source,2026-09-12T19:42:24.601202,crawl_2018_2026,Sở Giao thông vận tải Nghệ An,OTH_SGTVT_NA,so giao thong van tai nghe an,OTHER,Annotator_A,HIGH,Khớp hoàn toàn danh mục hành chính chuẩn,2026-09-12,DataVietNam,2026-09-12
OTH_SCT_NA,Sở Công Thương Nghệ An,OTHER,province,2018,2026,dvc_2018,https://dichvucong.gov.vn/archive/2018,generated_catalog,source,2026-09-12T19:42:24.601202,crawl_2018_2026,Sở Công Thương Nghệ An,OTH_SCT_NA,so cong thuong nghe an,OTHER,Annotator_A,HIGH,Khớp hoàn toàn danh mục hành chính chuẩn,2026-09-12,DataVietNam,2026-09-12
OTH_SNNPTNT_NA,Sở Nông nghiệp và Phát triển nông thôn Nghệ An,OTHER,province,2018,2026,dvc_2018,https://dichvucong.gov.vn/archive/2018,generated_catalog,source,2026-09-12T19:42:24.601202,crawl_2018_2026,Sở Nông nghiệp và Phát triển nông thôn Nghệ An,OTH_SNNPTNT_NA,so nong nghiep va phat trien nong thon nghe an,OTHER,Annotator_A,HIGH,Khớp hoàn toàn danh mục hành chính chuẩn,2026-09-12,DataVietNam,2026-09-12
OTH_SLĐTBXH_NA,Sở Lao động - Thương binh và Xã hội Nghệ An,OTHER,province,2018,2026,dvc_2018,https://dichvucong.gov.vn/archive/2018,generated_catalog,source,2026-09-12T19:42:24.601202,crawl_2018_2026,Sở Lao động - Thương binh và Xã hội Nghệ An,OTH_SLĐTBXH_NA,so lao ong thuong binh va xa hoi nghe an,OTHER,Annotator_A,HIGH,Khớp hoàn toàn danh mục hành chính chuẩn,2026-09-12,DataVietNam,2026-09-12
OTH_SVHTTDL_NA,Sở Văn hóa Thể thao và Du lịch Nghệ An,OTHER,province,2018,2026,dvc_2018,https://dichvucong.gov.vn/archive/2018,generated_catalog,source,2026-09-12T19:42:24.601202,crawl_2018_2026,Sở Văn hóa Thể thao và Du lịch Nghệ An,OTH_SVHTTDL_NA,so van hoa the thao va du lich nghe an,OTHER,Annotator_A,HIGH,Khớp hoàn toàn danh mục hành chính chuẩn,2026-09-12,DataVietNam,2026-09-12
OTH_STTTT_NA,Sở Thông tin và Truyền thông Nghệ An,OTHER,province,2018,2026,dvc_2018,https://dichvucong.gov.vn/archive/2018,generated_catalog,source,2026-09-12T19:42:24.601202,crawl_2018_2026,Sở Thông tin và Truyền thông Nghệ An,OTH_STTTT_NA,so thong tin va truyen thong nghe an,OTHER,Annotator_A,HIGH,Khớp hoàn toàn danh mục hành chính chuẩn,2026-09-12,DataVietNam,2026-09-12
OTH_SKHCN_NA,Sở Khoa học và Công nghệ Nghệ An,OTHER,province,2018,2026,dvc_2018,https://dichvucong.gov.vn/archive/2018,generated_catalog,source,2026-09-12T19:42:24.601202,crawl_2018_2026,Sở Khoa học và Công nghệ Nghệ An,OTH_SKHCN_NA,so khoa hoc va cong nghe nghe an,OTHER,Annotator_A,HIGH,Khớp hoàn toàn danh mục hành chính chuẩn,2026-09-12,DataVietNam,2026-09-12
OTH_UBND_TH,Ủy ban nhân dân Thanh Hóa,OTHER,province,2018,2026,dvc_2018,https://dichvucong.gov.vn/archive/2018,generated_catalog,source,2026-09-12T19:42:24.601202,crawl_2018_2026,Ủy ban nhân dân Thanh Hóa,OTH_UBND_TH,uy ban nhan dan thanh hoa,OTHER,Annotator_A,HIGH,Khớp hoàn toàn danh mục hành chính chuẩn,2026-09-12,DataVietNam,2026-09-12
OTH_BHXH_TH,Bảo hiểm Xã hội Thanh Hóa,OTHER,province,2018,2026,dvc_2018,https://dichvucong.gov.vn/archive/2018,generated_catalog,source,2026-09-12T19:42:24.601202,crawl_2018_2026,Bảo hiểm Xã hội Thanh Hóa,OTH_BHXH_TH,bao hiem xa hoi thanh hoa,OTHER,Annotator_A,HIGH,Khớp hoàn toàn danh mục hành chính chuẩn,2026-09-12,DataVietNam,2026-09-12
OTH_SYT_TH,Sở Y tế Thanh Hóa,OTHER,province,2018,2026,dvc_2018,https://dichvucong.gov.vn/archive/2018,generated_catalog,source,2026-09-12T19:42:24.601202,crawl_2018_2026,Sở Y tế Thanh Hóa,OTH_SYT_TH,so y te thanh hoa,OTHER,Annotator_A,HIGH,Khớp hoàn toàn danh mục hành chính chuẩn,2026-09-12,DataVietNam,2026-09-12
OTH_SGD_TH,Sở Giáo dục và Đào tạo Thanh Hóa,OTHER,province,2018,2026,dvc_2018,https://dichvucong.gov.vn/archive/2018,generated_catalog,source,2026-09-12T19:42:24.601202,crawl_2018_2026,Sở Giáo dục và Đào tạo Thanh Hóa,OTH_SGD_TH,so giao duc va ao tao thanh hoa,OTHER,Annotator_A,HIGH,Khớp hoàn toàn danh mục hành chính chuẩn,2026-09-12,DataVietNam,2026-09-12
OTH_STC_TH,Sở Tài chính Thanh Hóa,OTHER,province,2018,2026,dvc_2018,https://dichvucong.gov.vn/archive/2018,generated_catalog,source,2026-09-12T19:42:24.601202,crawl_2018_2026,Sở Tài chính Thanh Hóa,OTH_STC_TH,so tai chinh thanh hoa,OTHER,Annotator_A,HIGH,Khớp hoàn toàn danh mục hành chính chuẩn,2026-09-12,DataVietNam,2026-09-12
OTH_STP_TH,Sở Tư pháp Thanh Hóa,OTHER,province,2018,2026,dvc_2018,https://dichvucong.gov.vn/archive/2018,generated_catalog,source,2026-09-12T19:42:24.601202,crawl_2018_2026,Sở Tư pháp Thanh Hóa,OTH_STP_TH,so tu phap thanh hoa,OTHER,Annotator_A,HIGH,Khớp hoàn toàn danh mục hành chính chuẩn,2026-09-12,DataVietNam,2026-09-12
OTH_SKH_TH,Sở Kế hoạch và Đầu tư Thanh Hóa,OTHER,province,2018,2026,dvc_2018,https://dichvucong.gov.vn/archive/2018,generated_catalog,source,2026-09-12T19:42:24.601202,crawl_2018_2026,Sở Kế hoạch và Đầu tư Thanh Hóa,OTH_SKH_TH,so ke hoach va au tu thanh hoa,OTHER,Annotator_A,HIGH,Khớp hoàn toàn danh mục hành chính chuẩn,2026-09-12,DataVietNam,2026-09-12
OTH_SXD_TH,Sở Xây dựng Thanh Hóa,OTHER,province,2018,2026,dvc_2018,https://dichvucong.gov.vn/archive/2018,generated_catalog,source,2026-09-12T19:42:24.601202,crawl_2018_2026,Sở Xây dựng Thanh Hóa,OTH_SXD_TH,so xay dung thanh hoa,OTHER,Annotator_A,HIGH,Khớp hoàn toàn danh mục hành chính chuẩn,2026-09-12,DataVietNam,2026-09-12
OTH_STNMT_TH,Sở Tài nguyên và Môi trường Thanh Hóa,OTHER,province,2018,2026,dvc_2018,https://dichvucong.gov.vn/archive/2018,generated_catalog,source,2026-09-12T19:42:24.601202,crawl_2018_2026,Sở Tài nguyên và Môi trường Thanh Hóa,OTH_STNMT_TH,so tai nguyen va moi truong thanh hoa,OTHER,Annotator_A,HIGH,Khớp hoàn toàn danh mục hành chính chuẩn,2026-09-12,DataVietNam,2026-09-12
OTH_SNV_TH,Sở Nội vụ Thanh Hóa,OTHER,province,2018,2026,dvc_2018,https://dichvucong.gov.vn/archive/2018,generated_catalog,source,2026-09-12T19:42:24.601202,crawl_2018_2026,Sở Nội vụ Thanh Hóa,OTH_SNV_TH,so noi vu thanh hoa,OTHER,Annotator_A,HIGH,Khớp hoàn toàn danh mục hành chính chuẩn,2026-09-12,DataVietNam,2026-09-12
OTH_SGTVT_TH,Sở Giao thông vận tải Thanh Hóa,OTHER,province,2018,2026,dvc_2018,https://dichvucong.gov.vn/archive/2018,generated_catalog,source,2026-09-12T19:42:24.601202,crawl_2018_2026,Sở Giao thông vận tải Thanh Hóa,OTH_SGTVT_TH,so giao thong van tai thanh hoa,OTHER,Annotator_A,HIGH,Khớp hoàn toàn danh mục hành chính chuẩn,2026-09-12,DataVietNam,2026-09-12
OTH_SCT_TH,Sở Công Thương Thanh Hóa,OTHER,province,2018,2026,dvc_2018,https://dichvucong.gov.vn/archive/2018,generated_catalog,source,2026-09-12T19:42:24.601202,crawl_2018_2026,Sở Công Thương Thanh Hóa,OTH_SCT_TH,so cong thuong thanh hoa,OTHER,Annotator_A,HIGH,Khớp hoàn toàn danh mục hành chính chuẩn,2026-09-12,DataVietNam,2026-09-12
OTH_SNNPTNT_TH,Sở Nông nghiệp và Phát triển nông thôn Thanh Hóa,OTHER,province,2018,2026,dvc_2018,https://dichvucong.gov.vn/archive/2018,generated_catalog,source,2026-09-12T19:42:24.601202,crawl_2018_2026,Sở Nông nghiệp và Phát triển nông thôn Thanh Hóa,OTH_SNNPTNT_TH,so nong nghiep va phat trien nong thon thanh hoa,OTHER,Annotator_A,HIGH,Khớp hoàn toàn danh mục hành chính chuẩn,2026-09-12,DataVietNam,2026-09-12
OTH_SLĐTBXH_TH,Sở Lao động - Thương binh và Xã hội Thanh Hóa,OTHER,province,2018,2026,dvc_2018,https://dichvucong.gov.vn/archive/2018,generated_catalog,source,2026-09-12T19:42:24.601202,crawl_2018_2026,Sở Lao động - Thương binh và Xã hội Thanh Hóa,OTH_SLĐTBXH_TH,so lao ong thuong binh va xa hoi thanh hoa,OTHER,Annotator_A,HIGH,Khớp hoàn toàn danh mục hành chính chuẩn,2026-09-12,DataVietNam,2026-09-12
OTH_SVHTTDL_TH,Sở Văn hóa Thể thao và Du lịch Thanh Hóa,OTHER,province,2018,2026,dvc_2018,https://dichvucong.gov.vn/archive/2018,generated_catalog,source,2026-09-12T19:42:24.601202,crawl_2018_2026,Sở Văn hóa Thể thao và Du lịch Thanh Hóa,OTH_SVHTTDL_TH,so van hoa the thao va du lich thanh hoa,OTHER,Annotator_A,HIGH,Khớp hoàn toàn danh mục hành chính chuẩn,2026-09-12,DataVietNam,2026-09-12
OTH_STTTT_TH,Sở Thông tin và Truyền thông Thanh Hóa,OTHER,province,2018,2026,dvc_2018,https://dichvucong.gov.vn/archive/2018,generated_catalog,source,2026-09-12T19:42:24.601202,crawl_2018_2026,Sở Thông tin và Truyền thông Thanh Hóa,OTH_STTTT_TH,so thong tin va truyen thong thanh hoa,OTHER,Annotator_A,HIGH,Khớp hoàn toàn danh mục hành chính chuẩn,2026-09-12,DataVietNam,2026-09-12
OTH_SKHCN_TH,Sở Khoa học và Công nghệ Thanh Hóa,OTHER,province,2018,2026,dvc_2018,https://dichvucong.gov.vn/archive/2018,generated_catalog,source,2026-09-12T19:42:24.601202,crawl_2018_2026,Sở Khoa học và Công nghệ Thanh Hóa,OTH_SKHCN_TH,so khoa hoc va cong nghe thanh hoa,OTHER,Annotator_A,HIGH,Khớp hoàn toàn danh mục hành chính chuẩn,2026-09-12,DataVietNam,2026-09-12
OTH_UBND_QNH,Ủy ban nhân dân Quảng Ninh,OTHER,province,2018,2026,dvc_2018,https://dichvucong.gov.vn/archive/2018,generated_catalog,source,2026-09-12T19:42:24.601202,crawl_2018_2026,Ủy ban nhân dân Quảng Ninh,OTH_UBND_QNH,uy ban nhan dan quang ninh,OTHER,Annotator_A,HIGH,Khớp hoàn toàn danh mục hành chính chuẩn,2026-09-12,DataVietNam,2026-09-12
OTH_BHXH_QNH,Bảo hiểm Xã hội Quảng Ninh,OTHER,province,2018,2026,dvc_2018,https://dichvucong.gov.vn/archive/2018,generated_catalog,source,2026-09-12T19:42:24.601202,crawl_2018_2026,Bảo hiểm Xã hội Quảng Ninh,OTH_BHXH_QNH,bao hiem xa hoi quang ninh,OTHER,Annotator_A,HIGH,Khớp hoàn toàn danh mục hành chính chuẩn,2026-09-12,DataVietNam,2026-09-12
OTH_SYT_QNH,Sở Y tế Quảng Ninh,OTHER,province,2018,2026,dvc_2018,https://dichvucong.gov.vn/archive/2018,generated_catalog,source,2026-09-12T19:42:24.601202,crawl_2018_2026,Sở Y tế Quảng Ninh,OTH_SYT_QNH,so y te quang ninh,OTHER,Annotator_A,HIGH,Khớp hoàn toàn danh mục hành chính chuẩn,2026-09-12,DataVietNam,2026-09-12
OTH_SGD_QNH,Sở Giáo dục và Đào tạo Quảng Ninh,OTHER,province,2018,2026,dvc_2018,https://dichvucong.gov.vn/archive/2018,generated_catalog,source,2026-09-12T19:42:24.601202,crawl_2018_2026,Sở Giáo dục và Đào tạo Quảng Ninh,OTH_SGD_QNH,so giao duc va ao tao quang ninh,OTHER,Annotator_A,HIGH,Khớp hoàn toàn danh mục hành chính chuẩn,2026-09-12,DataVietNam,2026-09-12
OTH_STC_QNH,Sở Tài chính Quảng Ninh,OTHER,province,2018,2026,dvc_2018,https://dichvucong.gov.vn/archive/2018,generated_catalog,source,2026-09-12T19:42:24.601202,crawl_2018_2026,Sở Tài chính Quảng Ninh,OTH_STC_QNH,so tai chinh quang ninh,OTHER,Annotator_A,HIGH,Khớp hoàn toàn danh mục hành chính chuẩn,2026-09-12,DataVietNam,2026-09-12
OTH_STP_QNH,Sở Tư pháp Quảng Ninh,OTHER,province,2018,2026,dvc_2018,https://dichvucong.gov.vn/archive/2018,generated_catalog,source,2026-09-12T19:42:24.601202,crawl_2018_2026,Sở Tư pháp Quảng Ninh,OTH_STP_QNH,so tu phap quang ninh,OTHER,Annotator_A,HIGH,Khớp hoàn toàn danh mục hành chính chuẩn,2026-09-12,DataVietNam,2026-09-12
OTH_SKH_QNH,Sở Kế hoạch và Đầu tư Quảng Ninh,OTHER,province,2018,2026,dvc_2018,https://dichvucong.gov.vn/archive/2018,generated_catalog,source,2026-09-12T19:42:24.601202,crawl_2018_2026,Sở Kế hoạch và Đầu tư Quảng Ninh,OTH_SKH_QNH,so ke hoach va au tu quang ninh,OTHER,Annotator_A,HIGH,Khớp hoàn toàn danh mục hành chính chuẩn,2026-09-12,DataVietNam,2026-09-12
OTH_SXD_QNH,Sở Xây dựng Quảng Ninh,OTHER,province,2018,2026,dvc_2018,https://dichvucong.gov.vn/archive/2018,generated_catalog,source,2026-09-12T19:42:24.601202,crawl_2018_2026,Sở Xây dựng Quảng Ninh,OTH_SXD_QNH,so xay dung quang ninh,OTHER,Annotator_A,HIGH,Khớp hoàn toàn danh mục hành chính chuẩn,2026-09-12,DataVietNam,2026-09-12
OTH_STNMT_QNH,Sở Tài nguyên và Môi trường Quảng Ninh,OTHER,province,2018,2026,dvc_2018,https://dichvucong.gov.vn/archive/2018,generated_catalog,source,2026-09-12T19:42:24.601202,crawl_2018_2026,Sở Tài nguyên và Môi trường Quảng Ninh,OTH_STNMT_QNH,so tai nguyen va moi truong quang ninh,OTHER,Annotator_A,HIGH,Khớp hoàn toàn danh mục hành chính chuẩn,2026-09-12,DataVietNam,2026-09-12
OTH_SNV_QNH,Sở Nội vụ Quảng Ninh,OTHER,province,2018,2026,dvc_2018,https://dichvucong.gov.vn/archive/2018,generated_catalog,source,2026-09-12T19:42:24.601202,crawl_2018_2026,Sở Nội vụ Quảng Ninh,OTH_SNV_QNH,so noi vu quang ninh,OTHER,Annotator_A,HIGH,Khớp hoàn toàn danh mục hành chính chuẩn,2026-09-12,DataVietNam,2026-09-12
OTH_SGTVT_QNH,Sở Giao thông vận tải Quảng Ninh,OTHER,province,2018,2026,dvc_2018,https://dichvucong.gov.vn/archive/2018,generated_catalog,source,2026-09-12T19:42:24.601202,crawl_2018_2026,Sở Giao thông vận tải Quảng Ninh,OTH_SGTVT_QNH,so giao thong van tai quang ninh,OTHER,Annotator_A,HIGH,Khớp hoàn toàn danh mục hành chính chuẩn,2026-09-12,DataVietNam,2026-09-12
OTH_SCT_QNH,Sở Công Thương Quảng Ninh,OTHER,province,2018,2026,dvc_2018,https://dichvucong.gov.vn/archive/2018,generated_catalog,source,2026-09-12T19:42:24.601202,crawl_2018_2026,Sở Công Thương Quảng Ninh,OTH_SCT_QNH,so cong thuong quang ninh,OTHER,Annotator_A,HIGH,Khớp hoàn toàn danh mục hành chính chuẩn,2026-09-12,DataVietNam,2026-09-12
OTH_SNNPTNT_QNH,Sở Nông nghiệp và Phát triển nông thôn Quảng Ninh,OTHER,province,2018,2026,dvc_2018,https://dichvucong.gov.vn/archive/2018,generated_catalog,source,2026-09-12T19:42:24.601202,crawl_2018_2026,Sở Nông nghiệp và Phát triển nông thôn Quảng Ninh,OTH_SNNPTNT_QNH,so nong nghiep va phat trien nong thon quang ninh,OTHER,Annotator_A,HIGH,Khớp hoàn toàn danh mục hành chính chuẩn,2026-09-12,DataVietNam,2026-09-12
OTH_SLĐTBXH_QNH,Sở Lao động - Thương binh và Xã hội Quảng Ninh,OTHER,province,2018,2026,dvc_2018,https://dichvucong.gov.vn/archive/2018,generated_catalog,source,2026-09-12T19:42:24.601202,crawl_2018_2026,Sở Lao động - Thương binh và Xã hội Quảng Ninh,OTH_SLĐTBXH_QNH,so lao ong thuong binh va xa hoi quang ninh,OTHER,Annotator_A,HIGH,Khớp hoàn toàn danh mục hành chính chuẩn,2026-09-12,DataVietNam,2026-09-12
OTH_SVHTTDL_QNH,Sở Văn hóa Thể thao và Du lịch Quảng Ninh,OTHER,province,2018,2026,dvc_2018,https://dichvucong.gov.vn/archive/2018,generated_catalog,source,2026-09-12T19:42:24.601202,crawl_2018_2026,Sở Văn hóa Thể thao và Du lịch Quảng Ninh,OTH_SVHTTDL_QNH,so van hoa the thao va du lich quang ninh,OTHER,Annotator_A,HIGH,Khớp hoàn toàn danh mục hành chính chuẩn,2026-09-12,DataVietNam,2026-09-12
OTH_STTTT_QNH,Sở Thông tin và Truyền thông Quảng Ninh,OTHER,province,2018,2026,dvc_2018,https://dichvucong.gov.vn/archive/2018,generated_catalog,source,2026-09-12T19:42:24.601202,crawl_2018_2026,Sở Thông tin và Truyền thông Quảng Ninh,OTH_STTTT_QNH,so thong tin va truyen thong quang ninh,OTHER,Annotator_A,HIGH,Khớp hoàn toàn danh mục hành chính chuẩn,2026-09-12,DataVietNam,2026-09-12
OTH_SKHCN_QNH,Sở Khoa học và Công nghệ Quảng Ninh,OTHER,province,2018,2026,dvc_2018,https://dichvucong.gov.vn/archive/2018,generated_catalog,source,2026-09-12T19:42:24.601202,crawl_2018_2026,Sở Khoa học và Công nghệ Quảng Ninh,OTH_SKHCN_QNH,so khoa hoc va cong nghe quang ninh,OTHER,Annotator_A,HIGH,Khớp hoàn toàn danh mục hành chính chuẩn,2026-09-12,DataVietNam,2026-09-12
OTH_UBND_HD,Ủy ban nhân dân Hải Dương,OTHER,province,2018,2026,dvc_2018,https://dichvucong.gov.vn/archive/2018,generated_catalog,source,2026-09-12T19:42:24.601202,crawl_2018_2026,Ủy ban nhân dân Hải Dương,OTH_UBND_HD,uy ban nhan dan hai duong,OTHER,Annotator_A,HIGH,Khớp hoàn toàn danh mục hành chính chuẩn,2026-09-12,DataVietNam,2026-09-12
OTH_BHXH_HD,Bảo hiểm Xã hội Hải Dương,OTHER,province,2018,2026,dvc_2018,https://dichvucong.gov.vn/archive/2018,generated_catalog,source,2026-09-12T19:42:24.601202,crawl_2018_2026,Bảo hiểm Xã hội Hải Dương,OTH_BHXH_HD,bao hiem xa hoi hai duong,OTHER,Annotator_A,HIGH,Khớp hoàn toàn danh mục hành chính chuẩn,2026-09-12,DataVietNam,2026-09-12
OTH_SYT_HD,Sở Y tế Hải Dương,OTHER,province,2018,2026,dvc_2018,https://dichvucong.gov.vn/archive/2018,generated_catalog,source,2026-09-12T19:42:24.601202,crawl_2018_2026,Sở Y tế Hải Dương,OTH_SYT_HD,so y te hai duong,OTHER,Annotator_A,HIGH,Khớp hoàn toàn danh mục hành chính chuẩn,2026-09-12,DataVietNam,2026-09-12
OTH_SGD_HD,Sở Giáo dục và Đào tạo Hải Dương,OTHER,province,2018,2026,dvc_2018,https://dichvucong.gov.vn/archive/2018,generated_catalog,source,2026-09-12T19:42:24.601202,crawl_2018_2026,Sở Giáo dục và Đào tạo Hải Dương,OTH_SGD_HD,so giao duc va ao tao hai duong,OTHER,Annotator_A,HIGH,Khớp hoàn toàn danh mục hành chính chuẩn,2026-09-12,DataVietNam,2026-09-12
OTH_STC_HD,Sở Tài chính Hải Dương,OTHER,province,2018,2026,dvc_2018,https://dichvucong.gov.vn/archive/2018,generated_catalog,source,2026-09-12T19:42:24.601202,crawl_2018_2026,Sở Tài chính Hải Dương,OTH_STC_HD,so tai chinh hai duong,OTHER,Annotator_A,HIGH,Khớp hoàn toàn danh mục hành chính chuẩn,2026-09-12,DataVietNam,2026-09-12
OTH_STP_HD,Sở Tư pháp Hải Dương,OTHER,province,2018,2026,dvc_2018,https://dichvucong.gov.vn/archive/2018,generated_catalog,source,2026-09-12T19:42:24.601202,crawl_2018_2026,Sở Tư pháp Hải Dương,OTH_STP_HD,so tu phap hai duong,OTHER,Annotator_A,HIGH,Khớp hoàn toàn danh mục hành chính chuẩn,2026-09-12,DataVietNam,2026-09-12
OTH_SKH_HD,Sở Kế hoạch và Đầu tư Hải Dương,OTHER,province,2018,2026,dvc_2018,https://dichvucong.gov.vn/archive/2018,generated_catalog,source,2026-09-12T19:42:24.601202,crawl_2018_2026,Sở Kế hoạch và Đầu tư Hải Dương,OTH_SKH_HD,so ke hoach va au tu hai duong,OTHER,Annotator_A,HIGH,Khớp hoàn toàn danh mục hành chính chuẩn,2026-09-12,DataVietNam,2026-09-12
OTH_SXD_HD,Sở Xây dựng Hải Dương,OTHER,province,2018,2026,dvc_2018,https://dichvucong.gov.vn/archive/2018,generated_catalog,source,2026-09-12T19:42:24.601202,crawl_2018_2026,Sở Xây dựng Hải Dương,OTH_SXD_HD,so xay dung hai duong,OTHER,Annotator_A,HIGH,Khớp hoàn toàn danh mục hành chính chuẩn,2026-09-12,DataVietNam,2026-09-12
OTH_STNMT_HD,Sở Tài nguyên và Môi trường Hải Dương,OTHER,province,2018,2026,dvc_2018,https://dichvucong.gov.vn/archive/2018,generated_catalog,source,2026-09-12T19:42:24.601202,crawl_2018_2026,Sở Tài nguyên và Môi trường Hải Dương,OTH_STNMT_HD,so tai nguyen va moi truong hai duong,OTHER,Annotator_A,HIGH,Khớp hoàn toàn danh mục hành chính chuẩn,2026-09-12,DataVietNam,2026-09-12
OTH_SNV_HD,Sở Nội vụ Hải Dương,OTHER,province,2018,2026,dvc_2018,https://dichvucong.gov.vn/archive/2018,generated_catalog,source,2026-09-12T19:42:24.601202,crawl_2018_2026,Sở Nội vụ Hải Dương,OTH_SNV_HD,so noi vu hai duong,OTHER,Annotator_A,HIGH,Khớp hoàn toàn danh mục hành chính chuẩn,2026-09-12,DataVietNam,2026-09-12
OTH_SGTVT_HD,Sở Giao thông vận tải Hải Dương,OTHER,province,2018,2026,dvc_2018,https://dichvucong.gov.vn/archive/2018,generated_catalog,source,2026-09-12T19:42:24.601202,crawl_2018_2026,Sở Giao thông vận tải Hải Dương,OTH_SGTVT_HD,so giao thong van tai hai duong,OTHER,Annotator_A,HIGH,Khớp hoàn toàn danh mục hành chính chuẩn,2026-09-12,DataVietNam,2026-09-12
OTH_SCT_HD,Sở Công Thương Hải Dương,OTHER,province,2018,2026,dvc_2018,https://dichvucong.gov.vn/archive/2018,generated_catalog,source,2026-09-12T19:42:24.601202,crawl_2018_2026,Sở Công Thương Hải Dương,OTH_SCT_HD,so cong thuong hai duong,OTHER,Annotator_A,HIGH,Khớp hoàn toàn danh mục hành chính chuẩn,2026-09-12,DataVietNam,2026-09-12
OTH_SNNPTNT_HD,Sở Nông nghiệp và Phát triển nông thôn Hải Dương,OTHER,province,2018,2026,dvc_2018,https://dichvucong.gov.vn/archive/2018,generated_catalog,source,2026-09-12T19:42:24.601202,crawl_2018_2026,Sở Nông nghiệp và Phát triển nông thôn Hải Dương,OTH_SNNPTNT_HD,so nong nghiep va phat trien nong thon hai duong,OTHER,Annotator_A,HIGH,Khớp hoàn toàn danh mục hành chính chuẩn,2026-09-12,DataVietNam,2026-09-12
OTH_SLĐTBXH_HD,Sở Lao động - Thương binh và Xã hội Hải Dương,OTHER,province,2018,2026,dvc_2018,https://dichvucong.gov.vn/archive/2018,generated_catalog,source,2026-09-12T19:42:24.601202,crawl_2018_2026,Sở Lao động - Thương binh và Xã hội Hải Dương,OTH_SLĐTBXH_HD,so lao ong thuong binh va xa hoi hai duong,OTHER,Annotator_A,HIGH,Khớp hoàn toàn danh mục hành chính chuẩn,2026-09-12,DataVietNam,2026-09-12
OTH_SVHTTDL_HD,Sở Văn hóa Thể thao và Du lịch Hải Dương,OTHER,province,2018,2026,dvc_2018,https://dichvucong.gov.vn/archive/2018,generated_catalog,source,2026-09-12T19:42:24.601202,crawl_2018_2026,Sở Văn hóa Thể thao và Du lịch Hải Dương,OTH_SVHTTDL_HD,so van hoa the thao va du lich hai duong,OTHER,Annotator_A,HIGH,Khớp hoàn toàn danh mục hành chính chuẩn,2026-09-12,DataVietNam,2026-09-12
OTH_STTTT_HD,Sở Thông tin và Truyền thông Hải Dương,OTHER,province,2018,2026,dvc_2018,https://dichvucong.gov.vn/archive/2018,generated_catalog,source,2026-09-12T19:42:24.601202,crawl_2018_2026,Sở Thông tin và Truyền thông Hải Dương,OTH_STTTT_HD,so thong tin va truyen thong hai duong,OTHER,Annotator_A,HIGH,Khớp hoàn toàn danh mục hành chính chuẩn,2026-09-12,DataVietNam,2026-09-12
OTH_SKHCN_HD,Sở Khoa học và Công nghệ Hải Dương,OTHER,province,2018,2026,dvc_2018,https://dichvucong.gov.vn/archive/2018,generated_catalog,source,2026-09-12T19:42:24.601202,crawl_2018_2026,Sở Khoa học và Công nghệ Hải Dương,OTH_SKHCN_HD,so khoa hoc va cong nghe hai duong,OTHER,Annotator_A,HIGH,Khớp hoàn toàn danh mục hành chính chuẩn,2026-09-12,DataVietNam,2026-09-12
OTH_UBND_HY,Ủy ban nhân dân Hưng Yên,OTHER,province,2018,2026,dvc_2018,https://dichvucong.gov.vn/archive/2018,generated_catalog,source,2026-09-12T19:42:24.601202,crawl_2018_2026,Ủy ban nhân dân Hưng Yên,OTH_UBND_HY,uy ban nhan dan hung yen,OTHER,Annotator_A,HIGH,Khớp hoàn toàn danh mục hành chính chuẩn,2026-09-12,DataVietNam,2026-09-12
OTH_BHXH_HY,Bảo hiểm Xã hội Hưng Yên,OTHER,province,2018,2026,dvc_2018,https://dichvucong.gov.vn/archive/2018,generated_catalog,source,2026-09-12T19:42:24.601202,crawl_2018_2026,Bảo hiểm Xã hội Hưng Yên,OTH_BHXH_HY,bao hiem xa hoi hung yen,OTHER,Annotator_A,HIGH,Khớp hoàn toàn danh mục hành chính chuẩn,2026-09-12,DataVietNam,2026-09-12
OTH_SYT_HY,Sở Y tế Hưng Yên,OTHER,province,2018,2026,dvc_2018,https://dichvucong.gov.vn/archive/2018,generated_catalog,source,2026-09-12T19:42:24.601202,crawl_2018_2026,Sở Y tế Hưng Yên,OTH_SYT_HY,so y te hung yen,OTHER,Annotator_A,HIGH,Khớp hoàn toàn danh mục hành chính chuẩn,2026-09-12,DataVietNam,2026-09-12
OTH_SGD_HY,Sở Giáo dục và Đào tạo Hưng Yên,OTHER,province,2018,2026,dvc_2018,https://dichvucong.gov.vn/archive/2018,generated_catalog,source,2026-09-12T19:42:24.601202,crawl_2018_2026,Sở Giáo dục và Đào tạo Hưng Yên,OTH_SGD_HY,so giao duc va ao tao hung yen,OTHER,Annotator_A,HIGH,Khớp hoàn toàn danh mục hành chính chuẩn,2026-09-12,DataVietNam,2026-09-12
OTH_STC_HY,Sở Tài chính Hưng Yên,OTHER,province,2018,2026,dvc_2018,https://dichvucong.gov.vn/archive/2018,generated_catalog,source,2026-09-12T19:42:24.601202,crawl_2018_2026,Sở Tài chính Hưng Yên,OTH_STC_HY,so tai chinh hung yen,OTHER,Annotator_A,HIGH,Khớp hoàn toàn danh mục hành chính chuẩn,2026-09-12,DataVietNam,2026-09-12
OTH_STP_HY,Sở Tư pháp Hưng Yên,OTHER,province,2018,2026,dvc_2018,https://dichvucong.gov.vn/archive/2018,generated_catalog,source,2026-09-12T19:42:24.601202,crawl_2018_2026,Sở Tư pháp Hưng Yên,OTH_STP_HY,so tu phap hung yen,OTHER,Annotator_A,HIGH,Khớp hoàn toàn danh mục hành chính chuẩn,2026-09-12,DataVietNam,2026-09-12
OTH_SKH_HY,Sở Kế hoạch và Đầu tư Hưng Yên,OTHER,province,2018,2026,dvc_2018,https://dichvucong.gov.vn/archive/2018,generated_catalog,source,2026-09-12T19:42:24.601202,crawl_2018_2026,Sở Kế hoạch và Đầu tư Hưng Yên,OTH_SKH_HY,so ke hoach va au tu hung yen,OTHER,Annotator_A,HIGH,Khớp hoàn toàn danh mục hành chính chuẩn,2026-09-12,DataVietNam,2026-09-12
OTH_SXD_HY,Sở Xây dựng Hưng Yên,OTHER,province,2018,2026,dvc_2018,https://dichvucong.gov.vn/archive/2018,generated_catalog,source,2026-09-12T19:42:24.601202,crawl_2018_2026,Sở Xây dựng Hưng Yên,OTH_SXD_HY,so xay dung hung yen,OTHER,Annotator_A,HIGH,Khớp hoàn toàn danh mục hành chính chuẩn,2026-09-12,DataVietNam,2026-09-12
OTH_STNMT_HY,Sở Tài nguyên và Môi trường Hưng Yên,OTHER,province,2018,2026,dvc_2018,https://dichvucong.gov.vn/archive/2018,generated_catalog,source,2026-09-12T19:42:24.601202,crawl_2018_2026,Sở Tài nguyên và Môi trường Hưng Yên,OTH_STNMT_HY,so tai nguyen va moi truong hung yen,OTHER,Annotator_A,HIGH,Khớp hoàn toàn danh mục hành chính chuẩn,2026-09-12,DataVietNam,2026-09-12
OTH_SNV_HY,Sở Nội vụ Hưng Yên,OTHER,province,2018,2026,dvc_2018,https://dichvucong.gov.vn/archive/2018,generated_catalog,source,2026-09-12T19:42:24.601202,crawl_2018_2026,Sở Nội vụ Hưng Yên,OTH_SNV_HY,so noi vu hung yen,OTHER,Annotator_A,HIGH,Khớp hoàn toàn danh mục hành chính chuẩn,2026-09-12,DataVietNam,2026-09-12
OTH_SGTVT_HY,Sở Giao thông vận tải Hưng Yên,OTHER,province,2018,2026,dvc_2018,https://dichvucong.gov.vn/archive/2018,generated_catalog,source,2026-09-12T19:42:24.601202,crawl_2018_2026,Sở Giao thông vận tải Hưng Yên,OTH_SGTVT_HY,so giao thong van tai hung yen,OTHER,Annotator_A,HIGH,Khớp hoàn toàn danh mục hành chính chuẩn,2026-09-12,DataVietNam,2026-09-12
OTH_SCT_HY,Sở Công Thương Hưng Yên,OTHER,province,2018,2026,dvc_2018,https://dichvucong.gov.vn/archive/2018,generated_catalog,source,2026-09-12T19:42:24.601202,crawl_2018_2026,Sở Công Thương Hưng Yên,OTH_SCT_HY,so cong thuong hung yen,OTHER,Annotator_A,HIGH,Khớp hoàn toàn danh mục hành chính chuẩn,2026-09-12,DataVietNam,2026-09-12
OTH_SNNPTNT_HY,Sở Nông nghiệp và Phát triển nông thôn Hưng Yên,OTHER,province,2018,2026,dvc_2018,https://dichvucong.gov.vn/archive/2018,generated_catalog,source,2026-09-12T19:42:24.601202,crawl_2018_2026,Sở Nông nghiệp và Phát triển nông thôn Hưng Yên,OTH_SNNPTNT_HY,so nong nghiep va phat trien nong thon hung yen,OTHER,Annotator_A,HIGH,Khớp hoàn toàn danh mục hành chính chuẩn,2026-09-12,DataVietNam,2026-09-12
OTH_SLĐTBXH_HY,Sở Lao động - Thương binh và Xã hội Hưng Yên,OTHER,province,2018,2026,dvc_2018,https://dichvucong.gov.vn/archive/2018,generated_catalog,source,2026-09-12T19:42:24.601202,crawl_2018_2026,Sở Lao động - Thương binh và Xã hội Hưng Yên,OTH_SLĐTBXH_HY,so lao ong thuong binh va xa hoi hung yen,OTHER,Annotator_A,HIGH,Khớp hoàn toàn danh mục hành chính chuẩn,2026-09-12,DataVietNam,2026-09-12
OTH_SVHTTDL_HY,Sở Văn hóa Thể thao và Du lịch Hưng Yên,OTHER,province,2018,2026,dvc_2018,https://dichvucong.gov.vn/archive/2018,generated_catalog,source,2026-09-12T19:42:24.601202,crawl_2018_2026,Sở Văn hóa Thể thao và Du lịch Hưng Yên,OTH_SVHTTDL_HY,so van hoa the thao va du lich hung yen,OTHER,Annotator_A,HIGH,Khớp hoàn toàn danh mục hành chính chuẩn,2026-09-12,DataVietNam,2026-09-12
OTH_STTTT_HY,Sở Thông tin và Truyền thông Hưng Yên,OTHER,province,2018,2026,dvc_2018,https://dichvucong.gov.vn/archive/2018,generated_catalog,source,2026-09-12T19:42:24.601202,crawl_2018_2026,Sở Thông tin và Truyền thông Hưng Yên,OTH_STTTT_HY,so thong tin va truyen thong hung yen,OTHER,Annotator_A,HIGH,Khớp hoàn toàn danh mục hành chính chuẩn,2026-09-12,DataVietNam,2026-09-12
OTH_SKHCN_HY,Sở Khoa học và Công nghệ Hưng Yên,OTHER,province,2018,2026,dvc_2018,https://dichvucong.gov.vn/archive/2018,generated_catalog,source,2026-09-12T19:42:24.601202,crawl_2018_2026,Sở Khoa học và Công nghệ Hưng Yên,OTH_SKHCN_HY,so khoa hoc va cong nghe hung yen,OTHER,Annotator_A,HIGH,Khớp hoàn toàn danh mục hành chính chuẩn,2026-09-12,DataVietNam,2026-09-12
OTH_UBND_TBI,Ủy ban nhân dân Thái Bình,OTHER,province,2018,2026,dvc_2018,https://dichvucong.gov.vn/archive/2018,generated_catalog,source,2026-09-12T19:42:24.601202,crawl_2018_2026,Ủy ban nhân dân Thái Bình,OTH_UBND_TBI,uy ban nhan dan thai binh,OTHER,Annotator_A,HIGH,Khớp hoàn toàn danh mục hành chính chuẩn,2026-09-12,DataVietNam,2026-09-12
OTH_BHXH_TBI,Bảo hiểm Xã hội Thái Bình,OTHER,province,2018,2026,dvc_2018,https://dichvucong.gov.vn/archive/2018,generated_catalog,source,2026-09-12T19:42:24.601202,crawl_2018_2026,Bảo hiểm Xã hội Thái Bình,OTH_BHXH_TBI,bao hiem xa hoi thai binh,OTHER,Annotator_A,HIGH,Khớp hoàn toàn danh mục hành chính chuẩn,2026-09-12,DataVietNam,2026-09-12
OTH_SYT_TBI,Sở Y tế Thái Bình,OTHER,province,2018,2026,dvc_2018,https://dichvucong.gov.vn/archive/2018,generated_catalog,source,2026-09-12T19:42:24.601202,crawl_2018_2026,Sở Y tế Thái Bình,OTH_SYT_TBI,so y te thai binh,OTHER,Annotator_A,HIGH,Khớp hoàn toàn danh mục hành chính chuẩn,2026-09-12,DataVietNam,2026-09-12
OTH_SGD_TBI,Sở Giáo dục và Đào tạo Thái Bình,OTHER,province,2018,2026,dvc_2018,https://dichvucong.gov.vn/archive/2018,generated_catalog,source,2026-09-12T19:42:24.601202,crawl_2018_2026,Sở Giáo dục và Đào tạo Thái Bình,OTH_SGD_TBI,so giao duc va ao tao thai binh,OTHER,Annotator_A,HIGH,Khớp hoàn toàn danh mục hành chính chuẩn,2026-09-12,DataVietNam,2026-09-12
OTH_STC_TBI,Sở Tài chính Thái Bình,OTHER,province,2018,2026,dvc_2018,https://dichvucong.gov.vn/archive/2018,generated_catalog,source,2026-09-12T19:42:24.601202,crawl_2018_2026,Sở Tài chính Thái Bình,OTH_STC_TBI,so tai chinh thai binh,OTHER,Annotator_A,HIGH,Khớp hoàn toàn danh mục hành chính chuẩn,2026-09-12,DataVietNam,2026-09-12
OTH_STP_TBI,Sở Tư pháp Thái Bình,OTHER,province,2018,2026,dvc_2018,https://dichvucong.gov.vn/archive/2018,generated_catalog,source,2026-09-12T19:42:24.601202,crawl_2018_2026,Sở Tư pháp Thái Bình,OTH_STP_TBI,so tu phap thai binh,OTHER,Annotator_A,HIGH,Khớp hoàn toàn danh mục hành chính chuẩn,2026-09-12,DataVietNam,2026-09-12
OTH_SKH_TBI,Sở Kế hoạch và Đầu tư Thái Bình,OTHER,province,2018,2026,dvc_2018,https://dichvucong.gov.vn/archive/2018,generated_catalog,source,2026-09-12T19:42:24.601202,crawl_2018_2026,Sở Kế hoạch và Đầu tư Thái Bình,OTH_SKH_TBI,so ke hoach va au tu thai binh,OTHER,Annotator_A,HIGH,Khớp hoàn toàn danh mục hành chính chuẩn,2026-09-12,DataVietNam,2026-09-12
OTH_SXD_TBI,Sở Xây dựng Thái Bình,OTHER,province,2018,2026,dvc_2018,https://dichvucong.gov.vn/archive/2018,generated_catalog,source,2026-09-12T19:42:24.601202,crawl_2018_2026,Sở Xây dựng Thái Bình,OTH_SXD_TBI,so xay dung thai binh,OTHER,Annotator_A,HIGH,Khớp hoàn toàn danh mục hành chính chuẩn,2026-09-12,DataVietNam,2026-09-12
OTH_STNMT_TBI,Sở Tài nguyên và Môi trường Thái Bình,OTHER,province,2018,2026,dvc_2018,https://dichvucong.gov.vn/archive/2018,generated_catalog,source,2026-09-12T19:42:24.601202,crawl_2018_2026,Sở Tài nguyên và Môi trường Thái Bình,OTH_STNMT_TBI,so tai nguyen va moi truong thai binh,OTHER,Annotator_A,HIGH,Khớp hoàn toàn danh mục hành chính chuẩn,2026-09-12,DataVietNam,2026-09-12
OTH_SNV_TBI,Sở Nội vụ Thái Bình,OTHER,province,2018,2026,dvc_2018,https://dichvucong.gov.vn/archive/2018,generated_catalog,source,2026-09-12T19:42:24.601202,crawl_2018_2026,Sở Nội vụ Thái Bình,OTH_SNV_TBI,so noi vu thai binh,OTHER,Annotator_A,HIGH,Khớp hoàn toàn danh mục hành chính chuẩn,2026-09-12,DataVietNam,2026-09-12
OTH_SGTVT_TBI,Sở Giao thông vận tải Thái Bình,OTHER,province,2018,2026,dvc_2018,https://dichvucong.gov.vn/archive/2018,generated_catalog,source,2026-09-12T19:42:24.601202,crawl_2018_2026,Sở Giao thông vận tải Thái Bình,OTH_SGTVT_TBI,so giao thong van tai thai binh,OTHER,Annotator_A,HIGH,Khớp hoàn toàn danh mục hành chính chuẩn,2026-09-12,DataVietNam,2026-09-12
OTH_SCT_TBI,Sở Công Thương Thái Bình,OTHER,province,2018,2026,dvc_2018,https://dichvucong.gov.vn/archive/2018,generated_catalog,source,2026-09-12T19:42:24.601202,crawl_2018_2026,Sở Công Thương Thái Bình,OTH_SCT_TBI,so cong thuong thai binh,OTHER,Annotator_A,HIGH,Khớp hoàn toàn danh mục hành chính chuẩn,2026-09-12,DataVietNam,2026-09-12
OTH_SNNPTNT_TBI,Sở Nông nghiệp và Phát triển nông thôn Thái Bình,OTHER,province,2018,2026,dvc_2018,https://dichvucong.gov.vn/archive/2018,generated_catalog,source,2026-09-12T19:42:24.601202,crawl_2018_2026,Sở Nông nghiệp và Phát triển nông thôn Thái Bình,OTH_SNNPTNT_TBI,so nong nghiep va phat trien nong thon thai binh,OTHER,Annotator_A,HIGH,Khớp hoàn toàn danh mục hành chính chuẩn,2026-09-12,DataVietNam,2026-09-12
OTH_SLĐTBXH_TBI,Sở Lao động - Thương binh và Xã hội Thái Bình,OTHER,province,2018,2026,dvc_2018,https://dichvucong.gov.vn/archive/2018,generated_catalog,source,2026-09-12T19:42:24.601202,crawl_2018_2026,Sở Lao động - Thương binh và Xã hội Thái Bình,OTH_SLĐTBXH_TBI,so lao ong thuong binh va xa hoi thai binh,OTHER,Annotator_A,HIGH,Khớp hoàn toàn danh mục hành chính chuẩn,2026-09-12,DataVietNam,2026-09-12
OTH_SVHTTDL_TBI,Sở Văn hóa Thể thao và Du lịch Thái Bình,OTHER,province,2018,2026,dvc_2018,https://dichvucong.gov.vn/archive/2018,generated_catalog,source,2026-09-12T19:42:24.601202,crawl_2018_2026,Sở Văn hóa Thể thao và Du lịch Thái Bình,OTH_SVHTTDL_TBI,so van hoa the thao va du lich thai binh,OTHER,Annotator_A,HIGH,Khớp hoàn toàn danh mục hành chính chuẩn,2026-09-12,DataVietNam,2026-09-12
OTH_STTTT_TBI,Sở Thông tin và Truyền thông Thái Bình,OTHER,province,2018,2026,dvc_2018,https://dichvucong.gov.vn/archive/2018,generated_catalog,source,2026-09-12T19:42:24.601202,crawl_2018_2026,Sở Thông tin và Truyền thông Thái Bình,OTH_STTTT_TBI,so thong tin va truyen thong thai binh,OTHER,Annotator_A,HIGH,Khớp hoàn toàn danh mục hành chính chuẩn,2026-09-12,DataVietNam,2026-09-12
OTH_SKHCN_TBI,Sở Khoa học và Công nghệ Thái Bình,OTHER,province,2018,2026,dvc_2018,https://dichvucong.gov.vn/archive/2018,generated_catalog,source,2026-09-12T19:42:24.601202,crawl_2018_2026,Sở Khoa học và Công nghệ Thái Bình,OTH_SKHCN_TBI,so khoa hoc va cong nghe thai binh,OTHER,Annotator_A,HIGH,Khớp hoàn toàn danh mục hành chính chuẩn,2026-09-12,DataVietNam,2026-09-12
OTH_UBND_NDI,Ủy ban nhân dân Nam Định,OTHER,province,2018,2026,dvc_2018,https://dichvucong.gov.vn/archive/2018,generated_catalog,source,2026-09-12T19:42:24.601202,crawl_2018_2026,Ủy ban nhân dân Nam Định,OTH_UBND_NDI,uy ban nhan dan nam inh,OTHER,Annotator_A,HIGH,Khớp hoàn toàn danh mục hành chính chuẩn,2026-09-12,DataVietNam,2026-09-12
OTH_BHXH_NDI,Bảo hiểm Xã hội Nam Định,OTHER,province,2018,2026,dvc_2018,https://dichvucong.gov.vn/archive/2018,generated_catalog,source,2026-09-12T19:42:24.601202,crawl_2018_2026,Bảo hiểm Xã hội Nam Định,OTH_BHXH_NDI,bao hiem xa hoi nam inh,OTHER,Annotator_A,HIGH,Khớp hoàn toàn danh mục hành chính chuẩn,2026-09-12,DataVietNam,2026-09-12
OTH_SYT_NDI,Sở Y tế Nam Định,OTHER,province,2018,2026,dvc_2018,https://dichvucong.gov.vn/archive/2018,generated_catalog,source,2026-09-12T19:42:24.601202,crawl_2018_2026,Sở Y tế Nam Định,OTH_SYT_NDI,so y te nam inh,OTHER,Annotator_A,HIGH,Khớp hoàn toàn danh mục hành chính chuẩn,2026-09-12,DataVietNam,2026-09-12
OTH_SGD_NDI,Sở Giáo dục và Đào tạo Nam Định,OTHER,province,2018,2026,dvc_2018,https://dichvucong.gov.vn/archive/2018,generated_catalog,source,2026-09-12T19:42:24.601202,crawl_2018_2026,Sở Giáo dục và Đào tạo Nam Định,OTH_SGD_NDI,so giao duc va ao tao nam inh,OTHER,Annotator_A,HIGH,Khớp hoàn toàn danh mục hành chính chuẩn,2026-09-12,DataVietNam,2026-09-12
OTH_STC_NDI,Sở Tài chính Nam Định,OTHER,province,2018,2026,dvc_2018,https://dichvucong.gov.vn/archive/2018,generated_catalog,source,2026-09-12T19:42:24.601202,crawl_2018_2026,Sở Tài chính Nam Định,OTH_STC_NDI,so tai chinh nam inh,OTHER,Annotator_A,HIGH,Khớp hoàn toàn danh mục hành chính chuẩn,2026-09-12,DataVietNam,2026-09-12
OTH_STP_NDI,Sở Tư pháp Nam Định,OTHER,province,2018,2026,dvc_2018,https://dichvucong.gov.vn/archive/2018,generated_catalog,source,2026-09-12T19:42:24.601202,crawl_2018_2026,Sở Tư pháp Nam Định,OTH_STP_NDI,so tu phap nam inh,OTHER,Annotator_A,HIGH,Khớp hoàn toàn danh mục hành chính chuẩn,2026-09-12,DataVietNam,2026-09-12
OTH_SKH_NDI,Sở Kế hoạch và Đầu tư Nam Định,OTHER,province,2018,2026,dvc_2018,https://dichvucong.gov.vn/archive/2018,generated_catalog,source,2026-09-12T19:42:24.601202,crawl_2018_2026,Sở Kế hoạch và Đầu tư Nam Định,OTH_SKH_NDI,so ke hoach va au tu nam inh,OTHER,Annotator_A,HIGH,Khớp hoàn toàn danh mục hành chính chuẩn,2026-09-12,DataVietNam,2026-09-12
OTH_SXD_NDI,Sở Xây dựng Nam Định,OTHER,province,2018,2026,dvc_2018,https://dichvucong.gov.vn/archive/2018,generated_catalog,source,2026-09-12T19:42:24.601202,crawl_2018_2026,Sở Xây dựng Nam Định,OTH_SXD_NDI,so xay dung nam inh,OTHER,Annotator_A,HIGH,Khớp hoàn toàn danh mục hành chính chuẩn,2026-09-12,DataVietNam,2026-09-12
OTH_STNMT_NDI,Sở Tài nguyên và Môi trường Nam Định,OTHER,province,2018,2026,dvc_2018,https://dichvucong.gov.vn/archive/2018,generated_catalog,source,2026-09-12T19:42:24.601202,crawl_2018_2026,Sở Tài nguyên và Môi trường Nam Định,OTH_STNMT_NDI,so tai nguyen va moi truong nam inh,OTHER,Annotator_A,HIGH,Khớp hoàn toàn danh mục hành chính chuẩn,2026-09-12,DataVietNam,2026-09-12
OTH_SNV_NDI,Sở Nội vụ Nam Định,OTHER,province,2018,2026,dvc_2018,https://dichvucong.gov.vn/archive/2018,generated_catalog,source,2026-09-12T19:42:24.601202,crawl_2018_2026,Sở Nội vụ Nam Định,OTH_SNV_NDI,so noi vu nam inh,OTHER,Annotator_A,HIGH,Khớp hoàn toàn danh mục hành chính chuẩn,2026-09-12,DataVietNam,2026-09-12
OTH_SGTVT_NDI,Sở Giao thông vận tải Nam Định,OTHER,province,2018,2026,dvc_2018,https://dichvucong.gov.vn/archive/2018,generated_catalog,source,2026-09-12T19:42:24.601202,crawl_2018_2026,Sở Giao thông vận tải Nam Định,OTH_SGTVT_NDI,so giao thong van tai nam inh,OTHER,Annotator_A,HIGH,Khớp hoàn toàn danh mục hành chính chuẩn,2026-09-12,DataVietNam,2026-09-12
OTH_SCT_NDI,Sở Công Thương Nam Định,OTHER,province,2018,2026,dvc_2018,https://dichvucong.gov.vn/archive/2018,generated_catalog,source,2026-09-12T19:42:24.601202,crawl_2018_2026,Sở Công Thương Nam Định,OTH_SCT_NDI,so cong thuong nam inh,OTHER,Annotator_A,HIGH,Khớp hoàn toàn danh mục hành chính chuẩn,2026-09-12,DataVietNam,2026-09-12
OTH_SNNPTNT_NDI,Sở Nông nghiệp và Phát triển nông thôn Nam Định,OTHER,province,2018,2026,dvc_2018,https://dichvucong.gov.vn/archive/2018,generated_catalog,source,2026-09-12T19:42:24.601202,crawl_2018_2026,Sở Nông nghiệp và Phát triển nông thôn Nam Định,OTH_SNNPTNT_NDI,so nong nghiep va phat trien nong thon nam inh,OTHER,Annotator_A,HIGH,Khớp hoàn toàn danh mục hành chính chuẩn,2026-09-12,DataVietNam,2026-09-12
OTH_SLĐTBXH_NDI,Sở Lao động - Thương binh và Xã hội Nam Định,OTHER,province,2018,2026,dvc_2018,https://dichvucong.gov.vn/archive/2018,generated_catalog,source,2026-09-12T19:42:24.601202,crawl_2018_2026,Sở Lao động - Thương binh và Xã hội Nam Định,OTH_SLĐTBXH_NDI,so lao ong thuong binh va xa hoi nam inh,OTHER,Annotator_A,HIGH,Khớp hoàn toàn danh mục hành chính chuẩn,2026-09-12,DataVietNam,2026-09-12
OTH_SVHTTDL_NDI,Sở Văn hóa Thể thao và Du lịch Nam Định,OTHER,province,2018,2026,dvc_2018,https://dichvucong.gov.vn/archive/2018,generated_catalog,source,2026-09-12T19:42:24.601202,crawl_2018_2026,Sở Văn hóa Thể thao và Du lịch Nam Định,OTH_SVHTTDL_NDI,so van hoa the thao va du lich nam inh,OTHER,Annotator_A,HIGH,Khớp hoàn toàn danh mục hành chính chuẩn,2026-09-12,DataVietNam,2026-09-12
OTH_STTTT_NDI,Sở Thông tin và Truyền thông Nam Định,OTHER,province,2018,2026,dvc_2018,https://dichvucong.gov.vn/archive/2018,generated_catalog,source,2026-09-12T19:42:24.601202,crawl_2018_2026,Sở Thông tin và Truyền thông Nam Định,OTH_STTTT_NDI,so thong tin va truyen thong nam inh,OTHER,Annotator_A,HIGH,Khớp hoàn toàn danh mục hành chính chuẩn,2026-09-12,DataVietNam,2026-09-12
OTH_SKHCN_NDI,Sở Khoa học và Công nghệ Nam Định,OTHER,province,2018,2026,dvc_2018,https://dichvucong.gov.vn/archive/2018,generated_catalog,source,2026-09-12T19:42:24.601202,crawl_2018_2026,Sở Khoa học và Công nghệ Nam Định,OTH_SKHCN_NDI,so khoa hoc va cong nghe nam inh,OTHER,Annotator_A,HIGH,Khớp hoàn toàn danh mục hành chính chuẩn,2026-09-12,DataVietNam,2026-09-12
OTH_UBND_HNA,Ủy ban nhân dân Hà Nam,OTHER,province,2018,2026,dvc_2018,https://dichvucong.gov.vn/archive/2018,generated_catalog,source,2026-09-12T19:42:24.601202,crawl_2018_2026,Ủy ban nhân dân Hà Nam,OTH_UBND_HNA,uy ban nhan dan ha nam,OTHER,Annotator_A,HIGH,Khớp hoàn toàn danh mục hành chính chuẩn,2026-09-12,DataVietNam,2026-09-12
OTH_BHXH_HNA,Bảo hiểm Xã hội Hà Nam,OTHER,province,2018,2026,dvc_2018,https://dichvucong.gov.vn/archive/2018,generated_catalog,source,2026-09-12T19:42:24.601202,crawl_2018_2026,Bảo hiểm Xã hội Hà Nam,OTH_BHXH_HNA,bao hiem xa hoi ha nam,OTHER,Annotator_A,HIGH,Khớp hoàn toàn danh mục hành chính chuẩn,2026-09-12,DataVietNam,2026-09-12
OTH_SYT_HNA,Sở Y tế Hà Nam,OTHER,province,2018,2026,dvc_2018,https://dichvucong.gov.vn/archive/2018,generated_catalog,source,2026-09-12T19:42:24.601202,crawl_2018_2026,Sở Y tế Hà Nam,OTH_SYT_HNA,so y te ha nam,OTHER,Annotator_A,HIGH,Khớp hoàn toàn danh mục hành chính chuẩn,2026-09-12,DataVietNam,2026-09-12
OTH_SGD_HNA,Sở Giáo dục và Đào tạo Hà Nam,OTHER,province,2018,2026,dvc_2018,https://dichvucong.gov.vn/archive/2018,generated_catalog,source,2026-09-12T19:42:24.601202,crawl_2018_2026,Sở Giáo dục và Đào tạo Hà Nam,OTH_SGD_HNA,so giao duc va ao tao ha nam,OTHER,Annotator_A,HIGH,Khớp hoàn toàn danh mục hành chính chuẩn,2026-09-12,DataVietNam,2026-09-12
OTH_STC_HNA,Sở Tài chính Hà Nam,OTHER,province,2018,2026,dvc_2018,https://dichvucong.gov.vn/archive/2018,generated_catalog,source,2026-09-12T19:42:24.601202,crawl_2018_2026,Sở Tài chính Hà Nam,OTH_STC_HNA,so tai chinh ha nam,OTHER,Annotator_A,HIGH,Khớp hoàn toàn danh mục hành chính chuẩn,2026-09-12,DataVietNam,2026-09-12
OTH_STP_HNA,Sở Tư pháp Hà Nam,OTHER,province,2018,2026,dvc_2018,https://dichvucong.gov.vn/archive/2018,generated_catalog,source,2026-09-12T19:42:24.601202,crawl_2018_2026,Sở Tư pháp Hà Nam,OTH_STP_HNA,so tu phap ha nam,OTHER,Annotator_A,HIGH,Khớp hoàn toàn danh mục hành chính chuẩn,2026-09-12,DataVietNam,2026-09-12
OTH_SKH_HNA,Sở Kế hoạch và Đầu tư Hà Nam,OTHER,province,2018,2026,dvc_2018,https://dichvucong.gov.vn/archive/2018,generated_catalog,source,2026-09-12T19:42:24.601202,crawl_2018_2026,Sở Kế hoạch và Đầu tư Hà Nam,OTH_SKH_HNA,so ke hoach va au tu ha nam,OTHER,Annotator_A,HIGH,Khớp hoàn toàn danh mục hành chính chuẩn,2026-09-12,DataVietNam,2026-09-12
OTH_SXD_HNA,Sở Xây dựng Hà Nam,OTHER,province,2018,2026,dvc_2018,https://dichvucong.gov.vn/archive/2018,generated_catalog,source,2026-09-12T19:42:24.601202,crawl_2018_2026,Sở Xây dựng Hà Nam,OTH_SXD_HNA,so xay dung ha nam,OTHER,Annotator_A,HIGH,Khớp hoàn toàn danh mục hành chính chuẩn,2026-09-12,DataVietNam,2026-09-12
OTH_STNMT_HNA,Sở Tài nguyên và Môi trường Hà Nam,OTHER,province,2018,2026,dvc_2018,https://dichvucong.gov.vn/archive/2018,generated_catalog,source,2026-09-12T19:42:24.601202,crawl_2018_2026,Sở Tài nguyên và Môi trường Hà Nam,OTH_STNMT_HNA,so tai nguyen va moi truong ha nam,OTHER,Annotator_A,HIGH,Khớp hoàn toàn danh mục hành chính chuẩn,2026-09-12,DataVietNam,2026-09-12
OTH_SNV_HNA,Sở Nội vụ Hà Nam,OTHER,province,2018,2026,dvc_2018,https://dichvucong.gov.vn/archive/2018,generated_catalog,source,2026-09-12T19:42:24.601202,crawl_2018_2026,Sở Nội vụ Hà Nam,OTH_SNV_HNA,so noi vu ha nam,OTHER,Annotator_A,HIGH,Khớp hoàn toàn danh mục hành chính chuẩn,2026-09-12,DataVietNam,2026-09-12
OTH_SGTVT_HNA,Sở Giao thông vận tải Hà Nam,OTHER,province,2018,2026,dvc_2018,https://dichvucong.gov.vn/archive/2018,generated_catalog,source,2026-09-12T19:42:24.601202,crawl_2018_2026,Sở Giao thông vận tải Hà Nam,OTH_SGTVT_HNA,so giao thong van tai ha nam,OTHER,Annotator_A,HIGH,Khớp hoàn toàn danh mục hành chính chuẩn,2026-09-12,DataVietNam,2026-09-12
OTH_SCT_HNA,Sở Công Thương Hà Nam,OTHER,province,2018,2026,dvc_2018,https://dichvucong.gov.vn/archive/2018,generated_catalog,source,2026-09-12T19:42:24.601202,crawl_2018_2026,Sở Công Thương Hà Nam,OTH_SCT_HNA,so cong thuong ha nam,OTHER,Annotator_A,HIGH,Khớp hoàn toàn danh mục hành chính chuẩn,2026-09-12,DataVietNam,2026-09-12
OTH_SNNPTNT_HNA,Sở Nông nghiệp và Phát triển nông thôn Hà Nam,OTHER,province,2018,2026,dvc_2018,https://dichvucong.gov.vn/archive/2018,generated_catalog,source,2026-09-12T19:42:24.601202,crawl_2018_2026,Sở Nông nghiệp và Phát triển nông thôn Hà Nam,OTH_SNNPTNT_HNA,so nong nghiep va phat trien nong thon ha nam,OTHER,Annotator_A,HIGH,Khớp hoàn toàn danh mục hành chính chuẩn,2026-09-12,DataVietNam,2026-09-12
OTH_SLĐTBXH_HNA,Sở Lao động - Thương binh và Xã hội Hà Nam,OTHER,province,2018,2026,dvc_2018,https://dichvucong.gov.vn/archive/2018,generated_catalog,source,2026-09-12T19:42:24.601202,crawl_2018_2026,Sở Lao động - Thương binh và Xã hội Hà Nam,OTH_SLĐTBXH_HNA,so lao ong thuong binh va xa hoi ha nam,OTHER,Annotator_A,HIGH,Khớp hoàn toàn danh mục hành chính chuẩn,2026-09-12,DataVietNam,2026-09-12
OTH_SVHTTDL_HNA,Sở Văn hóa Thể thao và Du lịch Hà Nam,OTHER,province,2018,2026,dvc_2018,https://dichvucong.gov.vn/archive/2018,generated_catalog,source,2026-09-12T19:42:24.601202,crawl_2018_2026,Sở Văn hóa Thể thao và Du lịch Hà Nam,OTH_SVHTTDL_HNA,so van hoa the thao va du lich ha nam,OTHER,Annotator_A,HIGH,Khớp hoàn toàn danh mục hành chính chuẩn,2026-09-12,DataVietNam,2026-09-12
OTH_STTTT_HNA,Sở Thông tin và Truyền thông Hà Nam,OTHER,province,2018,2026,dvc_2018,https://dichvucong.gov.vn/archive/2018,generated_catalog,source,2026-09-12T19:42:24.601202,crawl_2018_2026,Sở Thông tin và Truyền thông Hà Nam,OTH_STTTT_HNA,so thong tin va truyen thong ha nam,OTHER,Annotator_A,HIGH,Khớp hoàn toàn danh mục hành chính chuẩn,2026-09-12,DataVietNam,2026-09-12
OTH_SKHCN_HNA,Sở Khoa học và Công nghệ Hà Nam,OTHER,province,2018,2026,dvc_2018,https://dichvucong.gov.vn/archive/2018,generated_catalog,source,2026-09-12T19:42:24.601202,crawl_2018_2026,Sở Khoa học và Công nghệ Hà Nam,OTH_SKHCN_HNA,so khoa hoc va cong nghe ha nam,OTHER,Annotator_A,HIGH,Khớp hoàn toàn danh mục hành chính chuẩn,2026-09-12,DataVietNam,2026-09-12
OTH_UBND_NB,Ủy ban nhân dân Ninh Bình,OTHER,province,2018,2026,dvc_2018,https://dichvucong.gov.vn/archive/2018,generated_catalog,source,2026-09-12T19:42:24.601202,crawl_2018_2026,Ủy ban nhân dân Ninh Bình,OTH_UBND_NB,uy ban nhan dan ninh binh,OTHER,Annotator_A,HIGH,Khớp hoàn toàn danh mục hành chính chuẩn,2026-09-12,DataVietNam,2026-09-12
OTH_BHXH_NB,Bảo hiểm Xã hội Ninh Bình,OTHER,province,2018,2026,dvc_2018,https://dichvucong.gov.vn/archive/2018,generated_catalog,source,2026-09-12T19:42:24.601202,crawl_2018_2026,Bảo hiểm Xã hội Ninh Bình,OTH_BHXH_NB,bao hiem xa hoi ninh binh,OTHER,Annotator_A,HIGH,Khớp hoàn toàn danh mục hành chính chuẩn,2026-09-12,DataVietNam,2026-09-12
OTH_SYT_NB,Sở Y tế Ninh Bình,OTHER,province,2018,2026,dvc_2018,https://dichvucong.gov.vn/archive/2018,generated_catalog,source,2026-09-12T19:42:24.601202,crawl_2018_2026,Sở Y tế Ninh Bình,OTH_SYT_NB,so y te ninh binh,OTHER,Annotator_A,HIGH,Khớp hoàn toàn danh mục hành chính chuẩn,2026-09-12,DataVietNam,2026-09-12
OTH_SGD_NB,Sở Giáo dục và Đào tạo Ninh Bình,OTHER,province,2018,2026,dvc_2018,https://dichvucong.gov.vn/archive/2018,generated_catalog,source,2026-09-12T19:42:24.601202,crawl_2018_2026,Sở Giáo dục và Đào tạo Ninh Bình,OTH_SGD_NB,so giao duc va ao tao ninh binh,OTHER,Annotator_A,HIGH,Khớp hoàn toàn danh mục hành chính chuẩn,2026-09-12,DataVietNam,2026-09-12
OTH_STC_NB,Sở Tài chính Ninh Bình,OTHER,province,2018,2026,dvc_2018,https://dichvucong.gov.vn/archive/2018,generated_catalog,source,2026-09-12T19:42:24.601202,crawl_2018_2026,Sở Tài chính Ninh Bình,OTH_STC_NB,so tai chinh ninh binh,OTHER,Annotator_A,HIGH,Khớp hoàn toàn danh mục hành chính chuẩn,2026-09-12,DataVietNam,2026-09-12
OTH_STP_NB,Sở Tư pháp Ninh Bình,OTHER,province,2018,2026,dvc_2018,https://dichvucong.gov.vn/archive/2018,generated_catalog,source,2026-09-12T19:42:24.601202,crawl_2018_2026,Sở Tư pháp Ninh Bình,OTH_STP_NB,so tu phap ninh binh,OTHER,Annotator_A,HIGH,Khớp hoàn toàn danh mục hành chính chuẩn,2026-09-12,DataVietNam,2026-09-12
OTH_SKH_NB,Sở Kế hoạch và Đầu tư Ninh Bình,OTHER,province,2018,2026,dvc_2018,https://dichvucong.gov.vn/archive/2018,generated_catalog,source,2026-09-12T19:42:24.601202,crawl_2018_2026,Sở Kế hoạch và Đầu tư Ninh Bình,OTH_SKH_NB,so ke hoach va au tu ninh binh,OTHER,Annotator_A,HIGH,Khớp hoàn toàn danh mục hành chính chuẩn,2026-09-12,DataVietNam,2026-09-12
OTH_SXD_NB,Sở Xây dựng Ninh Bình,OTHER,province,2018,2026,dvc_2018,https://dichvucong.gov.vn/archive/2018,generated_catalog,source,2026-09-12T19:42:24.601202,crawl_2018_2026,Sở Xây dựng Ninh Bình,OTH_SXD_NB,so xay dung ninh binh,OTHER,Annotator_A,HIGH,Khớp hoàn toàn danh mục hành chính chuẩn,2026-09-12,DataVietNam,2026-09-12
OTH_STNMT_NB,Sở Tài nguyên và Môi trường Ninh Bình,OTHER,province,2018,2026,dvc_2018,https://dichvucong.gov.vn/archive/2018,generated_catalog,source,2026-09-12T19:42:24.601202,crawl_2018_2026,Sở Tài nguyên và Môi trường Ninh Bình,OTH_STNMT_NB,so tai nguyen va moi truong ninh binh,OTHER,Annotator_A,HIGH,Khớp hoàn toàn danh mục hành chính chuẩn,2026-09-12,DataVietNam,2026-09-12
OTH_SNV_NB,Sở Nội vụ Ninh Bình,OTHER,province,2018,2026,dvc_2018,https://dichvucong.gov.vn/archive/2018,generated_catalog,source,2026-09-12T19:42:24.601202,crawl_2018_2026,Sở Nội vụ Ninh Bình,OTH_SNV_NB,so noi vu ninh binh,OTHER,Annotator_A,HIGH,Khớp hoàn toàn danh mục hành chính chuẩn,2026-09-12,DataVietNam,2026-09-12
OTH_SGTVT_NB,Sở Giao thông vận tải Ninh Bình,OTHER,province,2018,2026,dvc_2018,https://dichvucong.gov.vn/archive/2018,generated_catalog,source,2026-09-12T19:42:24.601202,crawl_2018_2026,Sở Giao thông vận tải Ninh Bình,OTH_SGTVT_NB,so giao thong van tai ninh binh,OTHER,Annotator_A,HIGH,Khớp hoàn toàn danh mục hành chính chuẩn,2026-09-12,DataVietNam,2026-09-12
OTH_SCT_NB,Sở Công Thương Ninh Bình,OTHER,province,2018,2026,dvc_2018,https://dichvucong.gov.vn/archive/2018,generated_catalog,source,2026-09-12T19:42:24.601202,crawl_2018_2026,Sở Công Thương Ninh Bình,OTH_SCT_NB,so cong thuong ninh binh,OTHER,Annotator_A,HIGH,Khớp hoàn toàn danh mục hành chính chuẩn,2026-09-12,DataVietNam,2026-09-12
OTH_SNNPTNT_NB,Sở Nông nghiệp và Phát triển nông thôn Ninh Bình,OTHER,province,2018,2026,dvc_2018,https://dichvucong.gov.vn/archive/2018,generated_catalog,source,2026-09-12T19:42:24.601202,crawl_2018_2026,Sở Nông nghiệp và Phát triển nông thôn Ninh Bình,OTH_SNNPTNT_NB,so nong nghiep va phat trien nong thon ninh binh,OTHER,Annotator_A,HIGH,Khớp hoàn toàn danh mục hành chính chuẩn,2026-09-12,DataVietNam,2026-09-12
OTH_SLĐTBXH_NB,Sở Lao động - Thương binh và Xã hội Ninh Bình,OTHER,province,2018,2026,dvc_2018,https://dichvucong.gov.vn/archive/2018,generated_catalog,source,2026-09-12T19:42:24.601202,crawl_2018_2026,Sở Lao động - Thương binh và Xã hội Ninh Bình,OTH_SLĐTBXH_NB,so lao ong thuong binh va xa hoi ninh binh,OTHER,Annotator_A,HIGH,Khớp hoàn toàn danh mục hành chính chuẩn,2026-09-12,DataVietNam,2026-09-12
OTH_SVHTTDL_NB,Sở Văn hóa Thể thao và Du lịch Ninh Bình,OTHER,province,2018,2026,dvc_2018,https://dichvucong.gov.vn/archive/2018,generated_catalog,source,2026-09-12T19:42:24.601202,crawl_2018_2026,Sở Văn hóa Thể thao và Du lịch Ninh Bình,OTH_SVHTTDL_NB,so van hoa the thao va du lich ninh binh,OTHER,Annotator_A,HIGH,Khớp hoàn toàn danh mục hành chính chuẩn,2026-09-12,DataVietNam,2026-09-12
OTH_STTTT_NB,Sở Thông tin và Truyền thông Ninh Bình,OTHER,province,2018,2026,dvc_2018,https://dichvucong.gov.vn/archive/2018,generated_catalog,source,2026-09-12T19:42:24.601202,crawl_2018_2026,Sở Thông tin và Truyền thông Ninh Bình,OTH_STTTT_NB,so thong tin va truyen thong ninh binh,OTHER,Annotator_A,HIGH,Khớp hoàn toàn danh mục hành chính chuẩn,2026-09-12,DataVietNam,2026-09-12
OTH_SKHCN_NB,Sở Khoa học và Công nghệ Ninh Bình,OTHER,province,2018,2026,dvc_2018,https://dichvucong.gov.vn/archive/2018,generated_catalog,source,2026-09-12T19:42:24.601202,crawl_2018_2026,Sở Khoa học và Công nghệ Ninh Bình,OTH_SKHCN_NB,so khoa hoc va cong nghe ninh binh,OTHER,Annotator_A,HIGH,Khớp hoàn toàn danh mục hành chính chuẩn,2026-09-12,DataVietNam,2026-09-12
OTH_UBND_VP,Ủy ban nhân dân Vĩnh Phúc,OTHER,province,2018,2026,dvc_2018,https://dichvucong.gov.vn/archive/2018,generated_catalog,source,2026-09-12T19:42:24.601202,crawl_2018_2026,Ủy ban nhân dân Vĩnh Phúc,OTH_UBND_VP,uy ban nhan dan vinh phuc,OTHER,Annotator_A,HIGH,Khớp hoàn toàn danh mục hành chính chuẩn,2026-09-12,DataVietNam,2026-09-12
OTH_BHXH_VP,Bảo hiểm Xã hội Vĩnh Phúc,OTHER,province,2018,2026,dvc_2018,https://dichvucong.gov.vn/archive/2018,generated_catalog,source,2026-09-12T19:42:24.601202,crawl_2018_2026,Bảo hiểm Xã hội Vĩnh Phúc,OTH_BHXH_VP,bao hiem xa hoi vinh phuc,OTHER,Annotator_A,HIGH,Khớp hoàn toàn danh mục hành chính chuẩn,2026-09-12,DataVietNam,2026-09-12
OTH_SYT_VP,Sở Y tế Vĩnh Phúc,OTHER,province,2018,2026,dvc_2018,https://dichvucong.gov.vn/archive/2018,generated_catalog,source,2026-09-12T19:42:24.601202,crawl_2018_2026,Sở Y tế Vĩnh Phúc,OTH_SYT_VP,so y te vinh phuc,OTHER,Annotator_A,HIGH,Khớp hoàn toàn danh mục hành chính chuẩn,2026-09-12,DataVietNam,2026-09-12
OTH_SGD_VP,Sở Giáo dục và Đào tạo Vĩnh Phúc,OTHER,province,2018,2026,dvc_2018,https://dichvucong.gov.vn/archive/2018,generated_catalog,source,2026-09-12T19:42:24.601202,crawl_2018_2026,Sở Giáo dục và Đào tạo Vĩnh Phúc,OTH_SGD_VP,so giao duc va ao tao vinh phuc,OTHER,Annotator_A,HIGH,Khớp hoàn toàn danh mục hành chính chuẩn,2026-09-12,DataVietNam,2026-09-12
OTH_STC_VP,Sở Tài chính Vĩnh Phúc,OTHER,province,2018,2026,dvc_2018,https://dichvucong.gov.vn/archive/2018,generated_catalog,source,2026-09-12T19:42:24.601202,crawl_2018_2026,Sở Tài chính Vĩnh Phúc,OTH_STC_VP,so tai chinh vinh phuc,OTHER,Annotator_A,HIGH,Khớp hoàn toàn danh mục hành chính chuẩn,2026-09-12,DataVietNam,2026-09-12
OTH_STP_VP,Sở Tư pháp Vĩnh Phúc,OTHER,province,2018,2026,dvc_2018,https://dichvucong.gov.vn/archive/2018,generated_catalog,source,2026-09-12T19:42:24.601202,crawl_2018_2026,Sở Tư pháp Vĩnh Phúc,OTH_STP_VP,so tu phap vinh phuc,OTHER,Annotator_A,HIGH,Khớp hoàn toàn danh mục hành chính chuẩn,2026-09-12,DataVietNam,2026-09-12
OTH_SKH_VP,Sở Kế hoạch và Đầu tư Vĩnh Phúc,OTHER,province,2018,2026,dvc_2018,https://dichvucong.gov.vn/archive/2018,generated_catalog,source,2026-09-12T19:42:24.601202,crawl_2018_2026,Sở Kế hoạch và Đầu tư Vĩnh Phúc,OTH_SKH_VP,so ke hoach va au tu vinh phuc,OTHER,Annotator_A,HIGH,Khớp hoàn toàn danh mục hành chính chuẩn,2026-09-12,DataVietNam,2026-09-12
OTH_SXD_VP,Sở Xây dựng Vĩnh Phúc,OTHER,province,2018,2026,dvc_2018,https://dichvucong.gov.vn/archive/2018,generated_catalog,source,2026-09-12T19:42:24.601202,crawl_2018_2026,Sở Xây dựng Vĩnh Phúc,OTH_SXD_VP,so xay dung vinh phuc,OTHER,Annotator_A,HIGH,Khớp hoàn toàn danh mục hành chính chuẩn,2026-09-12,DataVietNam,2026-09-12
OTH_STNMT_VP,Sở Tài nguyên và Môi trường Vĩnh Phúc,OTHER,province,2018,2026,dvc_2018,https://dichvucong.gov.vn/archive/2018,generated_catalog,source,2026-09-12T19:42:24.601202,crawl_2018_2026,Sở Tài nguyên và Môi trường Vĩnh Phúc,OTH_STNMT_VP,so tai nguyen va moi truong vinh phuc,OTHER,Annotator_A,HIGH,Khớp hoàn toàn danh mục hành chính chuẩn,2026-09-12,DataVietNam,2026-09-12
OTH_SNV_VP,Sở Nội vụ Vĩnh Phúc,OTHER,province,2018,2026,dvc_2018,https://dichvucong.gov.vn/archive/2018,generated_catalog,source,2026-09-12T19:42:24.601202,crawl_2018_2026,Sở Nội vụ Vĩnh Phúc,OTH_SNV_VP,so noi vu vinh phuc,OTHER,Annotator_A,HIGH,Khớp hoàn toàn danh mục hành chính chuẩn,2026-09-12,DataVietNam,2026-09-12
OTH_SGTVT_VP,Sở Giao thông vận tải Vĩnh Phúc,OTHER,province,2018,2026,dvc_2018,https://dichvucong.gov.vn/archive/2018,generated_catalog,source,2026-09-12T19:42:24.601202,crawl_2018_2026,Sở Giao thông vận tải Vĩnh Phúc,OTH_SGTVT_VP,so giao thong van tai vinh phuc,OTHER,Annotator_A,HIGH,Khớp hoàn toàn danh mục hành chính chuẩn,2026-09-12,DataVietNam,2026-09-12
OTH_SCT_VP,Sở Công Thương Vĩnh Phúc,OTHER,province,2018,2026,dvc_2018,https://dichvucong.gov.vn/archive/2018,generated_catalog,source,2026-09-12T19:42:24.601202,crawl_2018_2026,Sở Công Thương Vĩnh Phúc,OTH_SCT_VP,so cong thuong vinh phuc,OTHER,Annotator_A,HIGH,Khớp hoàn toàn danh mục hành chính chuẩn,2026-09-12,DataVietNam,2026-09-12
OTH_SNNPTNT_VP,Sở Nông nghiệp và Phát triển nông thôn Vĩnh Phúc,OTHER,province,2018,2026,dvc_2018,https://dichvucong.gov.vn/archive/2018,generated_catalog,source,2026-09-12T19:42:24.601202,crawl_2018_2026,Sở Nông nghiệp và Phát triển nông thôn Vĩnh Phúc,OTH_SNNPTNT_VP,so nong nghiep va phat trien nong thon vinh phuc,OTHER,Annotator_A,HIGH,Khớp hoàn toàn danh mục hành chính chuẩn,2026-09-12,DataVietNam,2026-09-12
OTH_SLĐTBXH_VP,Sở Lao động - Thương binh và Xã hội Vĩnh Phúc,OTHER,province,2018,2026,dvc_2018,https://dichvucong.gov.vn/archive/2018,generated_catalog,source,2026-09-12T19:42:24.601202,crawl_2018_2026,Sở Lao động - Thương binh và Xã hội Vĩnh Phúc,OTH_SLĐTBXH_VP,so lao ong thuong binh va xa hoi vinh phuc,OTHER,Annotator_A,HIGH,Khớp hoàn toàn danh mục hành chính chuẩn,2026-09-12,DataVietNam,2026-09-12
OTH_SVHTTDL_VP,Sở Văn hóa Thể thao và Du lịch Vĩnh Phúc,OTHER,province,2018,2026,dvc_2018,https://dichvucong.gov.vn/archive/2018,generated_catalog,source,2026-09-12T19:42:24.601202,crawl_2018_2026,Sở Văn hóa Thể thao và Du lịch Vĩnh Phúc,OTH_SVHTTDL_VP,so van hoa the thao va du lich vinh phuc,OTHER,Annotator_A,HIGH,Khớp hoàn toàn danh mục hành chính chuẩn,2026-09-12,DataVietNam,2026-09-12
OTH_STTTT_VP,Sở Thông tin và Truyền thông Vĩnh Phúc,OTHER,province,2018,2026,dvc_2018,https://dichvucong.gov.vn/archive/2018,generated_catalog,source,2026-09-12T19:42:24.601202,crawl_2018_2026,Sở Thông tin và Truyền thông Vĩnh Phúc,OTH_STTTT_VP,so thong tin va truyen thong vinh phuc,OTHER,Annotator_A,HIGH,Khớp hoàn toàn danh mục hành chính chuẩn,2026-09-12,DataVietNam,2026-09-12
OTH_SKHCN_VP,Sở Khoa học và Công nghệ Vĩnh Phúc,OTHER,province,2018,2026,dvc_2018,https://dichvucong.gov.vn/archive/2018,generated_catalog,source,2026-09-12T19:42:24.601202,crawl_2018_2026,Sở Khoa học và Công nghệ Vĩnh Phúc,OTH_SKHCN_VP,so khoa hoc va cong nghe vinh phuc,OTHER,Annotator_A,HIGH,Khớp hoàn toàn danh mục hành chính chuẩn,2026-09-12,DataVietNam,2026-09-12
OTH_UBND_BNI,Ủy ban nhân dân Bắc Ninh,OTHER,province,2018,2026,dvc_2018,https://dichvucong.gov.vn/archive/2018,generated_catalog,source,2026-09-12T19:42:24.601202,crawl_2018_2026,Ủy ban nhân dân Bắc Ninh,OTH_UBND_BNI,uy ban nhan dan bac ninh,OTHER,Annotator_A,HIGH,Khớp hoàn toàn danh mục hành chính chuẩn,2026-09-12,DataVietNam,2026-09-12
OTH_BHXH_BNI,Bảo hiểm Xã hội Bắc Ninh,OTHER,province,2018,2026,dvc_2018,https://dichvucong.gov.vn/archive/2018,generated_catalog,source,2026-09-12T19:42:24.601202,crawl_2018_2026,Bảo hiểm Xã hội Bắc Ninh,OTH_BHXH_BNI,bao hiem xa hoi bac ninh,OTHER,Annotator_A,HIGH,Khớp hoàn toàn danh mục hành chính chuẩn,2026-09-12,DataVietNam,2026-09-12
OTH_SYT_BNI,Sở Y tế Bắc Ninh,OTHER,province,2018,2026,dvc_2018,https://dichvucong.gov.vn/archive/2018,generated_catalog,source,2026-09-12T19:42:24.601202,crawl_2018_2026,Sở Y tế Bắc Ninh,OTH_SYT_BNI,so y te bac ninh,OTHER,Annotator_A,HIGH,Khớp hoàn toàn danh mục hành chính chuẩn,2026-09-12,DataVietNam,2026-09-12
OTH_SGD_BNI,Sở Giáo dục và Đào tạo Bắc Ninh,OTHER,province,2018,2026,dvc_2018,https://dichvucong.gov.vn/archive/2018,generated_catalog,source,2026-09-12T19:42:24.601202,crawl_2018_2026,Sở Giáo dục và Đào tạo Bắc Ninh,OTH_SGD_BNI,so giao duc va ao tao bac ninh,OTHER,Annotator_A,HIGH,Khớp hoàn toàn danh mục hành chính chuẩn,2026-09-12,DataVietNam,2026-09-12
OTH_STC_BNI,Sở Tài chính Bắc Ninh,OTHER,province,2018,2026,dvc_2018,https://dichvucong.gov.vn/archive/2018,generated_catalog,source,2026-09-12T19:42:24.601202,crawl_2018_2026,Sở Tài chính Bắc Ninh,OTH_STC_BNI,so tai chinh bac ninh,OTHER,Annotator_A,HIGH,Khớp hoàn toàn danh mục hành chính chuẩn,2026-09-12,DataVietNam,2026-09-12
OTH_STP_BNI,Sở Tư pháp Bắc Ninh,OTHER,province,2018,2026,dvc_2018,https://dichvucong.gov.vn/archive/2018,generated_catalog,source,2026-09-12T19:42:24.601202,crawl_2018_2026,Sở Tư pháp Bắc Ninh,OTH_STP_BNI,so tu phap bac ninh,OTHER,Annotator_A,HIGH,Khớp hoàn toàn danh mục hành chính chuẩn,2026-09-12,DataVietNam,2026-09-12
OTH_SKH_BNI,Sở Kế hoạch và Đầu tư Bắc Ninh,OTHER,province,2018,2026,dvc_2018,https://dichvucong.gov.vn/archive/2018,generated_catalog,source,2026-09-12T19:42:24.601202,crawl_2018_2026,Sở Kế hoạch và Đầu tư Bắc Ninh,OTH_SKH_BNI,so ke hoach va au tu bac ninh,OTHER,Annotator_A,HIGH,Khớp hoàn toàn danh mục hành chính chuẩn,2026-09-12,DataVietNam,2026-09-12
OTH_SXD_BNI,Sở Xây dựng Bắc Ninh,OTHER,province,2018,2026,dvc_2018,https://dichvucong.gov.vn/archive/2018,generated_catalog,source,2026-09-12T19:42:24.601202,crawl_2018_2026,Sở Xây dựng Bắc Ninh,OTH_SXD_BNI,so xay dung bac ninh,OTHER,Annotator_A,HIGH,Khớp hoàn toàn danh mục hành chính chuẩn,2026-09-12,DataVietNam,2026-09-12
OTH_STNMT_BNI,Sở Tài nguyên và Môi trường Bắc Ninh,OTHER,province,2018,2026,dvc_2018,https://dichvucong.gov.vn/archive/2018,generated_catalog,source,2026-09-12T19:42:24.601202,crawl_2018_2026,Sở Tài nguyên và Môi trường Bắc Ninh,OTH_STNMT_BNI,so tai nguyen va moi truong bac ninh,OTHER,Annotator_A,HIGH,Khớp hoàn toàn danh mục hành chính chuẩn,2026-09-12,DataVietNam,2026-09-12
OTH_SNV_BNI,Sở Nội vụ Bắc Ninh,OTHER,province,2018,2026,dvc_2018,https://dichvucong.gov.vn/archive/2018,generated_catalog,source,2026-09-12T19:42:24.601202,crawl_2018_2026,Sở Nội vụ Bắc Ninh,OTH_SNV_BNI,so noi vu bac ninh,OTHER,Annotator_A,HIGH,Khớp hoàn toàn danh mục hành chính chuẩn,2026-09-12,DataVietNam,2026-09-12
OTH_SGTVT_BNI,Sở Giao thông vận tải Bắc Ninh,OTHER,province,2018,2026,dvc_2018,https://dichvucong.gov.vn/archive/2018,generated_catalog,source,2026-09-12T19:42:24.601202,crawl_2018_2026,Sở Giao thông vận tải Bắc Ninh,OTH_SGTVT_BNI,so giao thong van tai bac ninh,OTHER,Annotator_A,HIGH,Khớp hoàn toàn danh mục hành chính chuẩn,2026-09-12,DataVietNam,2026-09-12
OTH_SCT_BNI,Sở Công Thương Bắc Ninh,OTHER,province,2018,2026,dvc_2018,https://dichvucong.gov.vn/archive/2018,generated_catalog,source,2026-09-12T19:42:24.601202,crawl_2018_2026,Sở Công Thương Bắc Ninh,OTH_SCT_BNI,so cong thuong bac ninh,OTHER,Annotator_A,HIGH,Khớp hoàn toàn danh mục hành chính chuẩn,2026-09-12,DataVietNam,2026-09-12
OTH_SNNPTNT_BNI,Sở Nông nghiệp và Phát triển nông thôn Bắc Ninh,OTHER,province,2018,2026,dvc_2018,https://dichvucong.gov.vn/archive/2018,generated_catalog,source,2026-09-12T19:42:24.601202,crawl_2018_2026,Sở Nông nghiệp và Phát triển nông thôn Bắc Ninh,OTH_SNNPTNT_BNI,so nong nghiep va phat trien nong thon bac ninh,OTHER,Annotator_A,HIGH,Khớp hoàn toàn danh mục hành chính chuẩn,2026-09-12,DataVietNam,2026-09-12
OTH_SLĐTBXH_BNI,Sở Lao động - Thương binh và Xã hội Bắc Ninh,OTHER,province,2018,2026,dvc_2018,https://dichvucong.gov.vn/archive/2018,generated_catalog,source,2026-09-12T19:42:24.601202,crawl_2018_2026,Sở Lao động - Thương binh và Xã hội Bắc Ninh,OTH_SLĐTBXH_BNI,so lao ong thuong binh va xa hoi bac ninh,OTHER,Annotator_A,HIGH,Khớp hoàn toàn danh mục hành chính chuẩn,2026-09-12,DataVietNam,2026-09-12
OTH_SVHTTDL_BNI,Sở Văn hóa Thể thao và Du lịch Bắc Ninh,OTHER,province,2018,2026,dvc_2018,https://dichvucong.gov.vn/archive/2018,generated_catalog,source,2026-09-12T19:42:24.601202,crawl_2018_2026,Sở Văn hóa Thể thao và Du lịch Bắc Ninh,OTH_SVHTTDL_BNI,so van hoa the thao va du lich bac ninh,OTHER,Annotator_A,HIGH,Khớp hoàn toàn danh mục hành chính chuẩn,2026-09-12,DataVietNam,2026-09-12
OTH_STTTT_BNI,Sở Thông tin và Truyền thông Bắc Ninh,OTHER,province,2018,2026,dvc_2018,https://dichvucong.gov.vn/archive/2018,generated_catalog,source,2026-09-12T19:42:24.601202,crawl_2018_2026,Sở Thông tin và Truyền thông Bắc Ninh,OTH_STTTT_BNI,so thong tin va truyen thong bac ninh,OTHER,Annotator_A,HIGH,Khớp hoàn toàn danh mục hành chính chuẩn,2026-09-12,DataVietNam,2026-09-12
OTH_SKHCN_BNI,Sở Khoa học và Công nghệ Bắc Ninh,OTHER,province,2018,2026,dvc_2018,https://dichvucong.gov.vn/archive/2018,generated_catalog,source,2026-09-12T19:42:24.601202,crawl_2018_2026,Sở Khoa học và Công nghệ Bắc Ninh,OTH_SKHCN_BNI,so khoa hoc va cong nghe bac ninh,OTHER,Annotator_A,HIGH,Khớp hoàn toàn danh mục hành chính chuẩn,2026-09-12,DataVietNam,2026-09-12
OTH_UBND_BGI,Ủy ban nhân dân Bắc Giang,OTHER,province,2018,2026,dvc_2018,https://dichvucong.gov.vn/archive/2018,generated_catalog,source,2026-09-12T19:42:24.601202,crawl_2018_2026,Ủy ban nhân dân Bắc Giang,OTH_UBND_BGI,uy ban nhan dan bac giang,OTHER,Annotator_A,HIGH,Khớp hoàn toàn danh mục hành chính chuẩn,2026-09-12,DataVietNam,2026-09-12
OTH_BHXH_BGI,Bảo hiểm Xã hội Bắc Giang,OTHER,province,2018,2026,dvc_2018,https://dichvucong.gov.vn/archive/2018,generated_catalog,source,2026-09-12T19:42:24.601202,crawl_2018_2026,Bảo hiểm Xã hội Bắc Giang,OTH_BHXH_BGI,bao hiem xa hoi bac giang,OTHER,Annotator_A,HIGH,Khớp hoàn toàn danh mục hành chính chuẩn,2026-09-12,DataVietNam,2026-09-12
OTH_SYT_BGI,Sở Y tế Bắc Giang,OTHER,province,2018,2026,dvc_2018,https://dichvucong.gov.vn/archive/2018,generated_catalog,source,2026-09-12T19:42:24.601202,crawl_2018_2026,Sở Y tế Bắc Giang,OTH_SYT_BGI,so y te bac giang,OTHER,Annotator_A,HIGH,Khớp hoàn toàn danh mục hành chính chuẩn,2026-09-12,DataVietNam,2026-09-12
OTH_SGD_BGI,Sở Giáo dục và Đào tạo Bắc Giang,OTHER,province,2018,2026,dvc_2018,https://dichvucong.gov.vn/archive/2018,generated_catalog,source,2026-09-12T19:42:24.601202,crawl_2018_2026,Sở Giáo dục và Đào tạo Bắc Giang,OTH_SGD_BGI,so giao duc va ao tao bac giang,OTHER,Annotator_A,HIGH,Khớp hoàn toàn danh mục hành chính chuẩn,2026-09-12,DataVietNam,2026-09-12
OTH_STC_BGI,Sở Tài chính Bắc Giang,OTHER,province,2018,2026,dvc_2018,https://dichvucong.gov.vn/archive/2018,generated_catalog,source,2026-09-12T19:42:24.601202,crawl_2018_2026,Sở Tài chính Bắc Giang,OTH_STC_BGI,so tai chinh bac giang,OTHER,Annotator_A,HIGH,Khớp hoàn toàn danh mục hành chính chuẩn,2026-09-12,DataVietNam,2026-09-12
OTH_STP_BGI,Sở Tư pháp Bắc Giang,OTHER,province,2018,2026,dvc_2018,https://dichvucong.gov.vn/archive/2018,generated_catalog,source,2026-09-12T19:42:24.601202,crawl_2018_2026,Sở Tư pháp Bắc Giang,OTH_STP_BGI,so tu phap bac giang,OTHER,Annotator_A,HIGH,Khớp hoàn toàn danh mục hành chính chuẩn,2026-09-12,DataVietNam,2026-09-12
OTH_SKH_BGI,Sở Kế hoạch và Đầu tư Bắc Giang,OTHER,province,2018,2026,dvc_2018,https://dichvucong.gov.vn/archive/2018,generated_catalog,source,2026-09-12T19:42:24.601202,crawl_2018_2026,Sở Kế hoạch và Đầu tư Bắc Giang,OTH_SKH_BGI,so ke hoach va au tu bac giang,OTHER,Annotator_A,HIGH,Khớp hoàn toàn danh mục hành chính chuẩn,2026-09-12,DataVietNam,2026-09-12
OTH_SXD_BGI,Sở Xây dựng Bắc Giang,OTHER,province,2018,2026,dvc_2018,https://dichvucong.gov.vn/archive/2018,generated_catalog,source,2026-09-12T19:42:24.601202,crawl_2018_2026,Sở Xây dựng Bắc Giang,OTH_SXD_BGI,so xay dung bac giang,OTHER,Annotator_A,HIGH,Khớp hoàn toàn danh mục hành chính chuẩn,2026-09-12,DataVietNam,2026-09-12
OTH_STNMT_BGI,Sở Tài nguyên và Môi trường Bắc Giang,OTHER,province,2018,2026,dvc_2018,https://dichvucong.gov.vn/archive/2018,generated_catalog,source,2026-09-12T19:42:24.601202,crawl_2018_2026,Sở Tài nguyên và Môi trường Bắc Giang,OTH_STNMT_BGI,so tai nguyen va moi truong bac giang,OTHER,Annotator_A,HIGH,Khớp hoàn toàn danh mục hành chính chuẩn,2026-09-12,DataVietNam,2026-09-12
OTH_SNV_BGI,Sở Nội vụ Bắc Giang,OTHER,province,2018,2026,dvc_2018,https://dichvucong.gov.vn/archive/2018,generated_catalog,source,2026-09-12T19:42:24.601202,crawl_2018_2026,Sở Nội vụ Bắc Giang,OTH_SNV_BGI,so noi vu bac giang,OTHER,Annotator_A,HIGH,Khớp hoàn toàn danh mục hành chính chuẩn,2026-09-12,DataVietNam,2026-09-12
OTH_SGTVT_BGI,Sở Giao thông vận tải Bắc Giang,OTHER,province,2018,2026,dvc_2018,https://dichvucong.gov.vn/archive/2018,generated_catalog,source,2026-09-12T19:42:24.601202,crawl_2018_2026,Sở Giao thông vận tải Bắc Giang,OTH_SGTVT_BGI,so giao thong van tai bac giang,OTHER,Annotator_A,HIGH,Khớp hoàn toàn danh mục hành chính chuẩn,2026-09-12,DataVietNam,2026-09-12
OTH_SCT_BGI,Sở Công Thương Bắc Giang,OTHER,province,2018,2026,dvc_2018,https://dichvucong.gov.vn/archive/2018,generated_catalog,source,2026-09-12T19:42:24.601202,crawl_2018_2026,Sở Công Thương Bắc Giang,OTH_SCT_BGI,so cong thuong bac giang,OTHER,Annotator_A,HIGH,Khớp hoàn toàn danh mục hành chính chuẩn,2026-09-12,DataVietNam,2026-09-12
OTH_SNNPTNT_BGI,Sở Nông nghiệp và Phát triển nông thôn Bắc Giang,OTHER,province,2018,2026,dvc_2018,https://dichvucong.gov.vn/archive/2018,generated_catalog,source,2026-09-12T19:42:24.601202,crawl_2018_2026,Sở Nông nghiệp và Phát triển nông thôn Bắc Giang,OTH_SNNPTNT_BGI,so nong nghiep va phat trien nong thon bac giang,OTHER,Annotator_A,HIGH,Khớp hoàn toàn danh mục hành chính chuẩn,2026-09-12,DataVietNam,2026-09-12
OTH_SLĐTBXH_BGI,Sở Lao động - Thương binh và Xã hội Bắc Giang,OTHER,province,2018,2026,dvc_2018,https://dichvucong.gov.vn/archive/2018,generated_catalog,source,2026-09-12T19:42:24.601202,crawl_2018_2026,Sở Lao động - Thương binh và Xã hội Bắc Giang,OTH_SLĐTBXH_BGI,so lao ong thuong binh va xa hoi bac giang,OTHER,Annotator_A,HIGH,Khớp hoàn toàn danh mục hành chính chuẩn,2026-09-12,DataVietNam,2026-09-12
OTH_SVHTTDL_BGI,Sở Văn hóa Thể thao và Du lịch Bắc Giang,OTHER,province,2018,2026,dvc_2018,https://dichvucong.gov.vn/archive/2018,generated_catalog,source,2026-09-12T19:42:24.601202,crawl_2018_2026,Sở Văn hóa Thể thao và Du lịch Bắc Giang,OTH_SVHTTDL_BGI,so van hoa the thao va du lich bac giang,OTHER,Annotator_A,HIGH,Khớp hoàn toàn danh mục hành chính chuẩn,2026-09-12,DataVietNam,2026-09-12
OTH_STTTT_BGI,Sở Thông tin và Truyền thông Bắc Giang,OTHER,province,2018,2026,dvc_2018,https://dichvucong.gov.vn/archive/2018,generated_catalog,source,2026-09-12T19:42:24.601202,crawl_2018_2026,Sở Thông tin và Truyền thông Bắc Giang,OTH_STTTT_BGI,so thong tin va truyen thong bac giang,OTHER,Annotator_A,HIGH,Khớp hoàn toàn danh mục hành chính chuẩn,2026-09-12,DataVietNam,2026-09-12
OTH_SKHCN_BGI,Sở Khoa học và Công nghệ Bắc Giang,OTHER,province,2018,2026,dvc_2018,https://dichvucong.gov.vn/archive/2018,generated_catalog,source,2026-09-12T19:42:24.601202,crawl_2018_2026,Sở Khoa học và Công nghệ Bắc Giang,OTH_SKHCN_BGI,so khoa hoc va cong nghe bac giang,OTHER,Annotator_A,HIGH,Khớp hoàn toàn danh mục hành chính chuẩn,2026-09-12,DataVietNam,2026-09-12
OTH_UBND_PTH,Ủy ban nhân dân Phú Thọ,OTHER,province,2018,2026,dvc_2018,https://dichvucong.gov.vn/archive/2018,generated_catalog,source,2026-09-12T19:42:24.601202,crawl_2018_2026,Ủy ban nhân dân Phú Thọ,OTH_UBND_PTH,uy ban nhan dan phu tho,OTHER,Annotator_A,HIGH,Khớp hoàn toàn danh mục hành chính chuẩn,2026-09-12,DataVietNam,2026-09-12
OTH_BHXH_PTH,Bảo hiểm Xã hội Phú Thọ,OTHER,province,2018,2026,dvc_2018,https://dichvucong.gov.vn/archive/2018,generated_catalog,source,2026-09-12T19:42:24.601202,crawl_2018_2026,Bảo hiểm Xã hội Phú Thọ,OTH_BHXH_PTH,bao hiem xa hoi phu tho,OTHER,Annotator_A,HIGH,Khớp hoàn toàn danh mục hành chính chuẩn,2026-09-12,DataVietNam,2026-09-12
OTH_SYT_PTH,Sở Y tế Phú Thọ,OTHER,province,2018,2026,dvc_2018,https://dichvucong.gov.vn/archive/2018,generated_catalog,source,2026-09-12T19:42:24.601202,crawl_2018_2026,Sở Y tế Phú Thọ,OTH_SYT_PTH,so y te phu tho,OTHER,Annotator_A,HIGH,Khớp hoàn toàn danh mục hành chính chuẩn,2026-09-12,DataVietNam,2026-09-12
OTH_SGD_PTH,Sở Giáo dục và Đào tạo Phú Thọ,OTHER,province,2018,2026,dvc_2018,https://dichvucong.gov.vn/archive/2018,generated_catalog,source,2026-09-12T19:42:24.601202,crawl_2018_2026,Sở Giáo dục và Đào tạo Phú Thọ,OTH_SGD_PTH,so giao duc va ao tao phu tho,OTHER,Annotator_A,HIGH,Khớp hoàn toàn danh mục hành chính chuẩn,2026-09-12,DataVietNam,2026-09-12
OTH_STC_PTH,Sở Tài chính Phú Thọ,OTHER,province,2018,2026,dvc_2018,https://dichvucong.gov.vn/archive/2018,generated_catalog,source,2026-09-12T19:42:24.601202,crawl_2018_2026,Sở Tài chính Phú Thọ,OTH_STC_PTH,so tai chinh phu tho,OTHER,Annotator_A,HIGH,Khớp hoàn toàn danh mục hành chính chuẩn,2026-09-12,DataVietNam,2026-09-12
OTH_STP_PTH,Sở Tư pháp Phú Thọ,OTHER,province,2018,2026,dvc_2018,https://dichvucong.gov.vn/archive/2018,generated_catalog,source,2026-09-12T19:42:24.601202,crawl_2018_2026,Sở Tư pháp Phú Thọ,OTH_STP_PTH,so tu phap phu tho,OTHER,Annotator_A,HIGH,Khớp hoàn toàn danh mục hành chính chuẩn,2026-09-12,DataVietNam,2026-09-12
OTH_SKH_PTH,Sở Kế hoạch và Đầu tư Phú Thọ,OTHER,province,2018,2026,dvc_2018,https://dichvucong.gov.vn/archive/2018,generated_catalog,source,2026-09-12T19:42:24.601202,crawl_2018_2026,Sở Kế hoạch và Đầu tư Phú Thọ,OTH_SKH_PTH,so ke hoach va au tu phu tho,OTHER,Annotator_A,HIGH,Khớp hoàn toàn danh mục hành chính chuẩn,2026-09-12,DataVietNam,2026-09-12
OTH_SXD_PTH,Sở Xây dựng Phú Thọ,OTHER,province,2018,2026,dvc_2018,https://dichvucong.gov.vn/archive/2018,generated_catalog,source,2026-09-12T19:42:24.601202,crawl_2018_2026,Sở Xây dựng Phú Thọ,OTH_SXD_PTH,so xay dung phu tho,OTHER,Annotator_A,HIGH,Khớp hoàn toàn danh mục hành chính chuẩn,2026-09-12,DataVietNam,2026-09-12
OTH_STNMT_PTH,Sở Tài nguyên và Môi trường Phú Thọ,OTHER,province,2018,2026,dvc_2018,https://dichvucong.gov.vn/archive/2018,generated_catalog,source,2026-09-12T19:42:24.601202,crawl_2018_2026,Sở Tài nguyên và Môi trường Phú Thọ,OTH_STNMT_PTH,so tai nguyen va moi truong phu tho,OTHER,Annotator_A,HIGH,Khớp hoàn toàn danh mục hành chính chuẩn,2026-09-12,DataVietNam,2026-09-12
OTH_SNV_PTH,Sở Nội vụ Phú Thọ,OTHER,province,2018,2026,dvc_2018,https://dichvucong.gov.vn/archive/2018,generated_catalog,source,2026-09-12T19:42:24.601202,crawl_2018_2026,Sở Nội vụ Phú Thọ,OTH_SNV_PTH,so noi vu phu tho,OTHER,Annotator_A,HIGH,Khớp hoàn toàn danh mục hành chính chuẩn,2026-09-12,DataVietNam,2026-09-12
OTH_SGTVT_PTH,Sở Giao thông vận tải Phú Thọ,OTHER,province,2018,2026,dvc_2018,https://dichvucong.gov.vn/archive/2018,generated_catalog,source,2026-09-12T19:42:24.601202,crawl_2018_2026,Sở Giao thông vận tải Phú Thọ,OTH_SGTVT_PTH,so giao thong van tai phu tho,OTHER,Annotator_A,HIGH,Khớp hoàn toàn danh mục hành chính chuẩn,2026-09-12,DataVietNam,2026-09-12
OTH_SCT_PTH,Sở Công Thương Phú Thọ,OTHER,province,2018,2026,dvc_2018,https://dichvucong.gov.vn/archive/2018,generated_catalog,source,2026-09-12T19:42:24.601202,crawl_2018_2026,Sở Công Thương Phú Thọ,OTH_SCT_PTH,so cong thuong phu tho,OTHER,Annotator_A,HIGH,Khớp hoàn toàn danh mục hành chính chuẩn,2026-09-12,DataVietNam,2026-09-12
OTH_SNNPTNT_PTH,Sở Nông nghiệp và Phát triển nông thôn Phú Thọ,OTHER,province,2018,2026,dvc_2018,https://dichvucong.gov.vn/archive/2018,generated_catalog,source,2026-09-12T19:42:24.601202,crawl_2018_2026,Sở Nông nghiệp và Phát triển nông thôn Phú Thọ,OTH_SNNPTNT_PTH,so nong nghiep va phat trien nong thon phu tho,OTHER,Annotator_A,HIGH,Khớp hoàn toàn danh mục hành chính chuẩn,2026-09-12,DataVietNam,2026-09-12
OTH_SLĐTBXH_PTH,Sở Lao động - Thương binh và Xã hội Phú Thọ,OTHER,province,2018,2026,dvc_2018,https://dichvucong.gov.vn/archive/2018,generated_catalog,source,2026-09-12T19:42:24.601202,crawl_2018_2026,Sở Lao động - Thương binh và Xã hội Phú Thọ,OTH_SLĐTBXH_PTH,so lao ong thuong binh va xa hoi phu tho,OTHER,Annotator_A,HIGH,Khớp hoàn toàn danh mục hành chính chuẩn,2026-09-12,DataVietNam,2026-09-12
OTH_SVHTTDL_PTH,Sở Văn hóa Thể thao và Du lịch Phú Thọ,OTHER,province,2018,2026,dvc_2018,https://dichvucong.gov.vn/archive/2018,generated_catalog,source,2026-09-12T19:42:24.601202,crawl_2018_2026,Sở Văn hóa Thể thao và Du lịch Phú Thọ,OTH_SVHTTDL_PTH,so van hoa the thao va du lich phu tho,OTHER,Annotator_A,HIGH,Khớp hoàn toàn danh mục hành chính chuẩn,2026-09-12,DataVietNam,2026-09-12
OTH_STTTT_PTH,Sở Thông tin và Truyền thông Phú Thọ,OTHER,province,2018,2026,dvc_2018,https://dichvucong.gov.vn/archive/2018,generated_catalog,source,2026-09-12T19:42:24.601202,crawl_2018_2026,Sở Thông tin và Truyền thông Phú Thọ,OTH_STTTT_PTH,so thong tin va truyen thong phu tho,OTHER,Annotator_A,HIGH,Khớp hoàn toàn danh mục hành chính chuẩn,2026-09-12,DataVietNam,2026-09-12
OTH_SKHCN_PTH,Sở Khoa học và Công nghệ Phú Thọ,OTHER,province,2018,2026,dvc_2018,https://dichvucong.gov.vn/archive/2018,generated_catalog,source,2026-09-12T19:42:24.601202,crawl_2018_2026,Sở Khoa học và Công nghệ Phú Thọ,OTH_SKHCN_PTH,so khoa hoc va cong nghe phu tho,OTHER,Annotator_A,HIGH,Khớp hoàn toàn danh mục hành chính chuẩn,2026-09-12,DataVietNam,2026-09-12
OTH_UBND_TNG,Ủy ban nhân dân Thái Nguyên,OTHER,province,2018,2026,dvc_2018,https://dichvucong.gov.vn/archive/2018,generated_catalog,source,2026-09-12T19:42:24.601202,crawl_2018_2026,Ủy ban nhân dân Thái Nguyên,OTH_UBND_TNG,uy ban nhan dan thai nguyen,OTHER,Annotator_A,HIGH,Khớp hoàn toàn danh mục hành chính chuẩn,2026-09-12,DataVietNam,2026-09-12
OTH_BHXH_TNG,Bảo hiểm Xã hội Thái Nguyên,OTHER,province,2018,2026,dvc_2018,https://dichvucong.gov.vn/archive/2018,generated_catalog,source,2026-09-12T19:42:24.601202,crawl_2018_2026,Bảo hiểm Xã hội Thái Nguyên,OTH_BHXH_TNG,bao hiem xa hoi thai nguyen,OTHER,Annotator_A,HIGH,Khớp hoàn toàn danh mục hành chính chuẩn,2026-09-12,DataVietNam,2026-09-12
OTH_SYT_TNG,Sở Y tế Thái Nguyên,OTHER,province,2018,2026,dvc_2018,https://dichvucong.gov.vn/archive/2018,generated_catalog,source,2026-09-12T19:42:24.601202,crawl_2018_2026,Sở Y tế Thái Nguyên,OTH_SYT_TNG,so y te thai nguyen,OTHER,Annotator_A,HIGH,Khớp hoàn toàn danh mục hành chính chuẩn,2026-09-12,DataVietNam,2026-09-12
OTH_SGD_TNG,Sở Giáo dục và Đào tạo Thái Nguyên,OTHER,province,2018,2026,dvc_2018,https://dichvucong.gov.vn/archive/2018,generated_catalog,source,2026-09-12T19:42:24.601202,crawl_2018_2026,Sở Giáo dục và Đào tạo Thái Nguyên,OTH_SGD_TNG,so giao duc va ao tao thai nguyen,OTHER,Annotator_A,HIGH,Khớp hoàn toàn danh mục hành chính chuẩn,2026-09-12,DataVietNam,2026-09-12
OTH_STC_TNG,Sở Tài chính Thái Nguyên,OTHER,province,2018,2026,dvc_2018,https://dichvucong.gov.vn/archive/2018,generated_catalog,source,2026-09-12T19:42:24.601202,crawl_2018_2026,Sở Tài chính Thái Nguyên,OTH_STC_TNG,so tai chinh thai nguyen,OTHER,Annotator_A,HIGH,Khớp hoàn toàn danh mục hành chính chuẩn,2026-09-12,DataVietNam,2026-09-12
OTH_STP_TNG,Sở Tư pháp Thái Nguyên,OTHER,province,2018,2026,dvc_2018,https://dichvucong.gov.vn/archive/2018,generated_catalog,source,2026-09-12T19:42:24.601202,crawl_2018_2026,Sở Tư pháp Thái Nguyên,OTH_STP_TNG,so tu phap thai nguyen,OTHER,Annotator_A,HIGH,Khớp hoàn toàn danh mục hành chính chuẩn,2026-09-12,DataVietNam,2026-09-12
OTH_SKH_TNG,Sở Kế hoạch và Đầu tư Thái Nguyên,OTHER,province,2018,2026,dvc_2018,https://dichvucong.gov.vn/archive/2018,generated_catalog,source,2026-09-12T19:42:24.601202,crawl_2018_2026,Sở Kế hoạch và Đầu tư Thái Nguyên,OTH_SKH_TNG,so ke hoach va au tu thai nguyen,OTHER,Annotator_A,HIGH,Khớp hoàn toàn danh mục hành chính chuẩn,2026-09-12,DataVietNam,2026-09-12
OTH_SXD_TNG,Sở Xây dựng Thái Nguyên,OTHER,province,2018,2026,dvc_2018,https://dichvucong.gov.vn/archive/2018,generated_catalog,source,2026-09-12T19:42:24.601202,crawl_2018_2026,Sở Xây dựng Thái Nguyên,OTH_SXD_TNG,so xay dung thai nguyen,OTHER,Annotator_A,HIGH,Khớp hoàn toàn danh mục hành chính chuẩn,2026-09-12,DataVietNam,2026-09-12
OTH_STNMT_TNG,Sở Tài nguyên và Môi trường Thái Nguyên,OTHER,province,2018,2026,dvc_2018,https://dichvucong.gov.vn/archive/2018,generated_catalog,source,2026-09-12T19:42:24.601202,crawl_2018_2026,Sở Tài nguyên và Môi trường Thái Nguyên,OTH_STNMT_TNG,so tai nguyen va moi truong thai nguyen,OTHER,Annotator_A,HIGH,Khớp hoàn toàn danh mục hành chính chuẩn,2026-09-12,DataVietNam,2026-09-12
OTH_SNV_TNG,Sở Nội vụ Thái Nguyên,OTHER,province,2018,2026,dvc_2018,https://dichvucong.gov.vn/archive/2018,generated_catalog,source,2026-09-12T19:42:24.601202,crawl_2018_2026,Sở Nội vụ Thái Nguyên,OTH_SNV_TNG,so noi vu thai nguyen,OTHER,Annotator_A,HIGH,Khớp hoàn toàn danh mục hành chính chuẩn,2026-09-12,DataVietNam,2026-09-12
OTH_SGTVT_TNG,Sở Giao thông vận tải Thái Nguyên,OTHER,province,2018,2026,dvc_2018,https://dichvucong.gov.vn/archive/2018,generated_catalog,source,2026-09-12T19:42:24.601202,crawl_2018_2026,Sở Giao thông vận tải Thái Nguyên,OTH_SGTVT_TNG,so giao thong van tai thai nguyen,OTHER,Annotator_A,HIGH,Khớp hoàn toàn danh mục hành chính chuẩn,2026-09-12,DataVietNam,2026-09-12
OTH_SCT_TNG,Sở Công Thương Thái Nguyên,OTHER,province,2018,2026,dvc_2018,https://dichvucong.gov.vn/archive/2018,generated_catalog,source,2026-09-12T19:42:24.601202,crawl_2018_2026,Sở Công Thương Thái Nguyên,OTH_SCT_TNG,so cong thuong thai nguyen,OTHER,Annotator_A,HIGH,Khớp hoàn toàn danh mục hành chính chuẩn,2026-09-12,DataVietNam,2026-09-12
OTH_SNNPTNT_TNG,Sở Nông nghiệp và Phát triển nông thôn Thái Nguyên,OTHER,province,2018,2026,dvc_2018,https://dichvucong.gov.vn/archive/2018,generated_catalog,source,2026-09-12T19:42:24.601202,crawl_2018_2026,Sở Nông nghiệp và Phát triển nông thôn Thái Nguyên,OTH_SNNPTNT_TNG,so nong nghiep va phat trien nong thon thai nguyen,OTHER,Annotator_A,HIGH,Khớp hoàn toàn danh mục hành chính chuẩn,2026-09-12,DataVietNam,2026-09-12
OTH_SLĐTBXH_TNG,Sở Lao động - Thương binh và Xã hội Thái Nguyên,OTHER,province,2018,2026,dvc_2018,https://dichvucong.gov.vn/archive/2018,generated_catalog,source,2026-09-12T19:42:24.601202,crawl_2018_2026,Sở Lao động - Thương binh và Xã hội Thái Nguyên,OTH_SLĐTBXH_TNG,so lao ong thuong binh va xa hoi thai nguyen,OTHER,Annotator_A,HIGH,Khớp hoàn toàn danh mục hành chính chuẩn,2026-09-12,DataVietNam,2026-09-12
OTH_SVHTTDL_TNG,Sở Văn hóa Thể thao và Du lịch Thái Nguyên,OTHER,province,2018,2026,dvc_2018,https://dichvucong.gov.vn/archive/2018,generated_catalog,source,2026-09-12T19:42:24.601202,crawl_2018_2026,Sở Văn hóa Thể thao và Du lịch Thái Nguyên,OTH_SVHTTDL_TNG,so van hoa the thao va du lich thai nguyen,OTHER,Annotator_A,HIGH,Khớp hoàn toàn danh mục hành chính chuẩn,2026-09-12,DataVietNam,2026-09-12
OTH_STTTT_TNG,Sở Thông tin và Truyền thông Thái Nguyên,OTHER,province,2018,2026,dvc_2018,https://dichvucong.gov.vn/archive/2018,generated_catalog,source,2026-09-12T19:42:24.601202,crawl_2018_2026,Sở Thông tin và Truyền thông Thái Nguyên,OTH_STTTT_TNG,so thong tin va truyen thong thai nguyen,OTHER,Annotator_A,HIGH,Khớp hoàn toàn danh mục hành chính chuẩn,2026-09-12,DataVietNam,2026-09-12
OTH_SKHCN_TNG,Sở Khoa học và Công nghệ Thái Nguyên,OTHER,province,2018,2026,dvc_2018,https://dichvucong.gov.vn/archive/2018,generated_catalog,source,2026-09-12T19:42:24.601202,crawl_2018_2026,Sở Khoa học và Công nghệ Thái Nguyên,OTH_SKHCN_TNG,so khoa hoc va cong nghe thai nguyen,OTHER,Annotator_A,HIGH,Khớp hoàn toàn danh mục hành chính chuẩn,2026-09-12,DataVietNam,2026-09-12
OTH_UBND_YBI,Ủy ban nhân dân Yên Bái,OTHER,province,2018,2026,dvc_2018,https://dichvucong.gov.vn/archive/2018,generated_catalog,source,2026-09-12T19:42:24.601202,crawl_2018_2026,Ủy ban nhân dân Yên Bái,OTH_UBND_YBI,uy ban nhan dan yen bai,OTHER,Annotator_A,HIGH,Khớp hoàn toàn danh mục hành chính chuẩn,2026-09-12,DataVietNam,2026-09-12
OTH_BHXH_YBI,Bảo hiểm Xã hội Yên Bái,OTHER,province,2018,2026,dvc_2018,https://dichvucong.gov.vn/archive/2018,generated_catalog,source,2026-09-12T19:42:24.601202,crawl_2018_2026,Bảo hiểm Xã hội Yên Bái,OTH_BHXH_YBI,bao hiem xa hoi yen bai,OTHER,Annotator_A,HIGH,Khớp hoàn toàn danh mục hành chính chuẩn,2026-09-12,DataVietNam,2026-09-12
OTH_SYT_YBI,Sở Y tế Yên Bái,OTHER,province,2018,2026,dvc_2018,https://dichvucong.gov.vn/archive/2018,generated_catalog,source,2026-09-12T19:42:24.601202,crawl_2018_2026,Sở Y tế Yên Bái,OTH_SYT_YBI,so y te yen bai,OTHER,Annotator_A,HIGH,Khớp hoàn toàn danh mục hành chính chuẩn,2026-09-12,DataVietNam,2026-09-12
OTH_SGD_YBI,Sở Giáo dục và Đào tạo Yên Bái,OTHER,province,2018,2026,dvc_2018,https://dichvucong.gov.vn/archive/2018,generated_catalog,source,2026-09-12T19:42:24.601202,crawl_2018_2026,Sở Giáo dục và Đào tạo Yên Bái,OTH_SGD_YBI,so giao duc va ao tao yen bai,OTHER,Annotator_A,HIGH,Khớp hoàn toàn danh mục hành chính chuẩn,2026-09-12,DataVietNam,2026-09-12
OTH_STC_YBI,Sở Tài chính Yên Bái,OTHER,province,2018,2026,dvc_2018,https://dichvucong.gov.vn/archive/2018,generated_catalog,source,2026-09-12T19:42:24.601202,crawl_2018_2026,Sở Tài chính Yên Bái,OTH_STC_YBI,so tai chinh yen bai,OTHER,Annotator_A,HIGH,Khớp hoàn toàn danh mục hành chính chuẩn,2026-09-12,DataVietNam,2026-09-12
OTH_STP_YBI,Sở Tư pháp Yên Bái,OTHER,province,2018,2026,dvc_2018,https://dichvucong.gov.vn/archive/2018,generated_catalog,source,2026-09-12T19:42:24.601202,crawl_2018_2026,Sở Tư pháp Yên Bái,OTH_STP_YBI,so tu phap yen bai,OTHER,Annotator_A,HIGH,Khớp hoàn toàn danh mục hành chính chuẩn,2026-09-12,DataVietNam,2026-09-12
OTH_SKH_YBI,Sở Kế hoạch và Đầu tư Yên Bái,OTHER,province,2018,2026,dvc_2018,https://dichvucong.gov.vn/archive/2018,generated_catalog,source,2026-09-12T19:42:24.601202,crawl_2018_2026,Sở Kế hoạch và Đầu tư Yên Bái,OTH_SKH_YBI,so ke hoach va au tu yen bai,OTHER,Annotator_A,HIGH,Khớp hoàn toàn danh mục hành chính chuẩn,2026-09-12,DataVietNam,2026-09-12
OTH_SXD_YBI,Sở Xây dựng Yên Bái,OTHER,province,2018,2026,dvc_2018,https://dichvucong.gov.vn/archive/2018,generated_catalog,source,2026-09-12T19:42:24.601202,crawl_2018_2026,Sở Xây dựng Yên Bái,OTH_SXD_YBI,so xay dung yen bai,OTHER,Annotator_A,HIGH,Khớp hoàn toàn danh mục hành chính chuẩn,2026-09-12,DataVietNam,2026-09-12
OTH_STNMT_YBI,Sở Tài nguyên và Môi trường Yên Bái,OTHER,province,2018,2026,dvc_2018,https://dichvucong.gov.vn/archive/2018,generated_catalog,source,2026-09-12T19:42:24.601202,crawl_2018_2026,Sở Tài nguyên và Môi trường Yên Bái,OTH_STNMT_YBI,so tai nguyen va moi truong yen bai,OTHER,Annotator_A,HIGH,Khớp hoàn toàn danh mục hành chính chuẩn,2026-09-12,DataVietNam,2026-09-12
OTH_SNV_YBI,Sở Nội vụ Yên Bái,OTHER,province,2018,2026,dvc_2018,https://dichvucong.gov.vn/archive/2018,generated_catalog,source,2026-09-12T19:42:24.601202,crawl_2018_2026,Sở Nội vụ Yên Bái,OTH_SNV_YBI,so noi vu yen bai,OTHER,Annotator_A,HIGH,Khớp hoàn toàn danh mục hành chính chuẩn,2026-09-12,DataVietNam,2026-09-12
OTH_SGTVT_YBI,Sở Giao thông vận tải Yên Bái,OTHER,province,2018,2026,dvc_2018,https://dichvucong.gov.vn/archive/2018,generated_catalog,source,2026-09-12T19:42:24.601202,crawl_2018_2026,Sở Giao thông vận tải Yên Bái,OTH_SGTVT_YBI,so giao thong van tai yen bai,OTHER,Annotator_A,HIGH,Khớp hoàn toàn danh mục hành chính chuẩn,2026-09-12,DataVietNam,2026-09-12
OTH_SCT_YBI,Sở Công Thương Yên Bái,OTHER,province,2018,2026,dvc_2018,https://dichvucong.gov.vn/archive/2018,generated_catalog,source,2026-09-12T19:42:24.601202,crawl_2018_2026,Sở Công Thương Yên Bái,OTH_SCT_YBI,so cong thuong yen bai,OTHER,Annotator_A,HIGH,Khớp hoàn toàn danh mục hành chính chuẩn,2026-09-12,DataVietNam,2026-09-12
OTH_SNNPTNT_YBI,Sở Nông nghiệp và Phát triển nông thôn Yên Bái,OTHER,province,2018,2026,dvc_2018,https://dichvucong.gov.vn/archive/2018,generated_catalog,source,2026-09-12T19:42:24.601202,crawl_2018_2026,Sở Nông nghiệp và Phát triển nông thôn Yên Bái,OTH_SNNPTNT_YBI,so nong nghiep va phat trien nong thon yen bai,OTHER,Annotator_A,HIGH,Khớp hoàn toàn danh mục hành chính chuẩn,2026-09-12,DataVietNam,2026-09-12
OTH_SLĐTBXH_YBI,Sở Lao động - Thương binh và Xã hội Yên Bái,OTHER,province,2018,2026,dvc_2018,https://dichvucong.gov.vn/archive/2018,generated_catalog,source,2026-09-12T19:42:24.601202,crawl_2018_2026,Sở Lao động - Thương binh và Xã hội Yên Bái,OTH_SLĐTBXH_YBI,so lao ong thuong binh va xa hoi yen bai,OTHER,Annotator_A,HIGH,Khớp hoàn toàn danh mục hành chính chuẩn,2026-09-12,DataVietNam,2026-09-12
OTH_SVHTTDL_YBI,Sở Văn hóa Thể thao và Du lịch Yên Bái,OTHER,province,2018,2026,dvc_2018,https://dichvucong.gov.vn/archive/2018,generated_catalog,source,2026-09-12T19:42:24.601202,crawl_2018_2026,Sở Văn hóa Thể thao và Du lịch Yên Bái,OTH_SVHTTDL_YBI,so van hoa the thao va du lich yen bai,OTHER,Annotator_A,HIGH,Khớp hoàn toàn danh mục hành chính chuẩn,2026-09-12,DataVietNam,2026-09-12
OTH_STTTT_YBI,Sở Thông tin và Truyền thông Yên Bái,OTHER,province,2018,2026,dvc_2018,https://dichvucong.gov.vn/archive/2018,generated_catalog,source,2026-09-12T19:42:24.601202,crawl_2018_2026,Sở Thông tin và Truyền thông Yên Bái,OTH_STTTT_YBI,so thong tin va truyen thong yen bai,OTHER,Annotator_A,HIGH,Khớp hoàn toàn danh mục hành chính chuẩn,2026-09-12,DataVietNam,2026-09-12
OTH_SKHCN_YBI,Sở Khoa học và Công nghệ Yên Bái,OTHER,province,2018,2026,dvc_2018,https://dichvucong.gov.vn/archive/2018,generated_catalog,source,2026-09-12T19:42:24.601202,crawl_2018_2026,Sở Khoa học và Công nghệ Yên Bái,OTH_SKHCN_YBI,so khoa hoc va cong nghe yen bai,OTHER,Annotator_A,HIGH,Khớp hoàn toàn danh mục hành chính chuẩn,2026-09-12,DataVietNam,2026-09-12
OTH_UBND_TQ,Ủy ban nhân dân Tuyên Quang,OTHER,province,2018,2026,dvc_2018,https://dichvucong.gov.vn/archive/2018,generated_catalog,source,2026-09-12T19:42:24.601202,crawl_2018_2026,Ủy ban nhân dân Tuyên Quang,OTH_UBND_TQ,uy ban nhan dan tuyen quang,OTHER,Annotator_A,HIGH,Khớp hoàn toàn danh mục hành chính chuẩn,2026-09-12,DataVietNam,2026-09-12
OTH_BHXH_TQ,Bảo hiểm Xã hội Tuyên Quang,OTHER,province,2018,2026,dvc_2018,https://dichvucong.gov.vn/archive/2018,generated_catalog,source,2026-09-12T19:42:24.601202,crawl_2018_2026,Bảo hiểm Xã hội Tuyên Quang,OTH_BHXH_TQ,bao hiem xa hoi tuyen quang,OTHER,Annotator_A,HIGH,Khớp hoàn toàn danh mục hành chính chuẩn,2026-09-12,DataVietNam,2026-09-12
OTH_SYT_TQ,Sở Y tế Tuyên Quang,OTHER,province,2018,2026,dvc_2018,https://dichvucong.gov.vn/archive/2018,generated_catalog,source,2026-09-12T19:42:24.601202,crawl_2018_2026,Sở Y tế Tuyên Quang,OTH_SYT_TQ,so y te tuyen quang,OTHER,Annotator_A,HIGH,Khớp hoàn toàn danh mục hành chính chuẩn,2026-09-12,DataVietNam,2026-09-12
OTH_SGD_TQ,Sở Giáo dục và Đào tạo Tuyên Quang,OTHER,province,2018,2026,dvc_2018,https://dichvucong.gov.vn/archive/2018,generated_catalog,source,2026-09-12T19:42:24.601202,crawl_2018_2026,Sở Giáo dục và Đào tạo Tuyên Quang,OTH_SGD_TQ,so giao duc va ao tao tuyen quang,OTHER,Annotator_A,HIGH,Khớp hoàn toàn danh mục hành chính chuẩn,2026-09-12,DataVietNam,2026-09-12
OTH_STC_TQ,Sở Tài chính Tuyên Quang,OTHER,province,2018,2026,dvc_2018,https://dichvucong.gov.vn/archive/2018,generated_catalog,source,2026-09-12T19:42:24.601202,crawl_2018_2026,Sở Tài chính Tuyên Quang,OTH_STC_TQ,so tai chinh tuyen quang,OTHER,Annotator_A,HIGH,Khớp hoàn toàn danh mục hành chính chuẩn,2026-09-12,DataVietNam,2026-09-12
OTH_STP_TQ,Sở Tư pháp Tuyên Quang,OTHER,province,2018,2026,dvc_2018,https://dichvucong.gov.vn/archive/2018,generated_catalog,source,2026-09-12T19:42:24.601202,crawl_2018_2026,Sở Tư pháp Tuyên Quang,OTH_STP_TQ,so tu phap tuyen quang,OTHER,Annotator_A,HIGH,Khớp hoàn toàn danh mục hành chính chuẩn,2026-09-12,DataVietNam,2026-09-12
OTH_SKH_TQ,Sở Kế hoạch và Đầu tư Tuyên Quang,OTHER,province,2018,2026,dvc_2018,https://dichvucong.gov.vn/archive/2018,generated_catalog,source,2026-09-12T19:42:24.601202,crawl_2018_2026,Sở Kế hoạch và Đầu tư Tuyên Quang,OTH_SKH_TQ,so ke hoach va au tu tuyen quang,OTHER,Annotator_A,HIGH,Khớp hoàn toàn danh mục hành chính chuẩn,2026-09-12,DataVietNam,2026-09-12
OTH_SXD_TQ,Sở Xây dựng Tuyên Quang,OTHER,province,2018,2026,dvc_2018,https://dichvucong.gov.vn/archive/2018,generated_catalog,source,2026-09-12T19:42:24.601202,crawl_2018_2026,Sở Xây dựng Tuyên Quang,OTH_SXD_TQ,so xay dung tuyen quang,OTHER,Annotator_A,HIGH,Khớp hoàn toàn danh mục hành chính chuẩn,2026-09-12,DataVietNam,2026-09-12
OTH_STNMT_TQ,Sở Tài nguyên và Môi trường Tuyên Quang,OTHER,province,2018,2026,dvc_2018,https://dichvucong.gov.vn/archive/2018,generated_catalog,source,2026-09-12T19:42:24.601202,crawl_2018_2026,Sở Tài nguyên và Môi trường Tuyên Quang,OTH_STNMT_TQ,so tai nguyen va moi truong tuyen quang,OTHER,Annotator_A,HIGH,Khớp hoàn toàn danh mục hành chính chuẩn,2026-09-12,DataVietNam,2026-09-12
OTH_SNV_TQ,Sở Nội vụ Tuyên Quang,OTHER,province,2018,2026,dvc_2018,https://dichvucong.gov.vn/archive/2018,generated_catalog,source,2026-09-12T19:42:24.601202,crawl_2018_2026,Sở Nội vụ Tuyên Quang,OTH_SNV_TQ,so noi vu tuyen quang,OTHER,Annotator_A,HIGH,Khớp hoàn toàn danh mục hành chính chuẩn,2026-09-12,DataVietNam,2026-09-12
OTH_SGTVT_TQ,Sở Giao thông vận tải Tuyên Quang,OTHER,province,2018,2026,dvc_2018,https://dichvucong.gov.vn/archive/2018,generated_catalog,source,2026-09-12T19:42:24.601202,crawl_2018_2026,Sở Giao thông vận tải Tuyên Quang,OTH_SGTVT_TQ,so giao thong van tai tuyen quang,OTHER,Annotator_A,HIGH,Khớp hoàn toàn danh mục hành chính chuẩn,2026-09-12,DataVietNam,2026-09-12
OTH_SCT_TQ,Sở Công Thương Tuyên Quang,OTHER,province,2018,2026,dvc_2018,https://dichvucong.gov.vn/archive/2018,generated_catalog,source,2026-09-12T19:42:24.601202,crawl_2018_2026,Sở Công Thương Tuyên Quang,OTH_SCT_TQ,so cong thuong tuyen quang,OTHER,Annotator_A,HIGH,Khớp hoàn toàn danh mục hành chính chuẩn,2026-09-12,DataVietNam,2026-09-12
OTH_SNNPTNT_TQ,Sở Nông nghiệp và Phát triển nông thôn Tuyên Quang,OTHER,province,2018,2026,dvc_2018,https://dichvucong.gov.vn/archive/2018,generated_catalog,source,2026-09-12T19:42:24.601202,crawl_2018_2026,Sở Nông nghiệp và Phát triển nông thôn Tuyên Quang,OTH_SNNPTNT_TQ,so nong nghiep va phat trien nong thon tuyen quang,OTHER,Annotator_A,HIGH,Khớp hoàn toàn danh mục hành chính chuẩn,2026-09-12,DataVietNam,2026-09-12
OTH_SLĐTBXH_TQ,Sở Lao động - Thương binh và Xã hội Tuyên Quang,OTHER,province,2018,2026,dvc_2018,https://dichvucong.gov.vn/archive/2018,generated_catalog,source,2026-09-12T19:42:24.601202,crawl_2018_2026,Sở Lao động - Thương binh và Xã hội Tuyên Quang,OTH_SLĐTBXH_TQ,so lao ong thuong binh va xa hoi tuyen quang,OTHER,Annotator_A,HIGH,Khớp hoàn toàn danh mục hành chính chuẩn,2026-09-12,DataVietNam,2026-09-12
OTH_SVHTTDL_TQ,Sở Văn hóa Thể thao và Du lịch Tuyên Quang,OTHER,province,2018,2026,dvc_2018,https://dichvucong.gov.vn/archive/2018,generated_catalog,source,2026-09-12T19:42:24.601202,crawl_2018_2026,Sở Văn hóa Thể thao và Du lịch Tuyên Quang,OTH_SVHTTDL_TQ,so van hoa the thao va du lich tuyen quang,OTHER,Annotator_A,HIGH,Khớp hoàn toàn danh mục hành chính chuẩn,2026-09-12,DataVietNam,2026-09-12
OTH_STTTT_TQ,Sở Thông tin và Truyền thông Tuyên Quang,OTHER,province,2018,2026,dvc_2018,https://dichvucong.gov.vn/archive/2018,generated_catalog,source,2026-09-12T19:42:24.601202,crawl_2018_2026,Sở Thông tin và Truyền thông Tuyên Quang,OTH_STTTT_TQ,so thong tin va truyen thong tuyen quang,OTHER,Annotator_A,HIGH,Khớp hoàn toàn danh mục hành chính chuẩn,2026-09-12,DataVietNam,2026-09-12
OTH_SKHCN_TQ,Sở Khoa học và Công nghệ Tuyên Quang,OTHER,province,2018,2026,dvc_2018,https://dichvucong.gov.vn/archive/2018,generated_catalog,source,2026-09-12T19:42:24.601202,crawl_2018_2026,Sở Khoa học và Công nghệ Tuyên Quang,OTH_SKHCN_TQ,so khoa hoc va cong nghe tuyen quang,OTHER,Annotator_A,HIGH,Khớp hoàn toàn danh mục hành chính chuẩn,2026-09-12,DataVietNam,2026-09-12
OTH_UBND_HGI,Ủy ban nhân dân Hà Giang,OTHER,province,2018,2026,dvc_2018,https://dichvucong.gov.vn/archive/2018,generated_catalog,source,2026-09-12T19:42:24.601202,crawl_2018_2026,Ủy ban nhân dân Hà Giang,OTH_UBND_HGI,uy ban nhan dan ha giang,OTHER,Annotator_A,HIGH,Khớp hoàn toàn danh mục hành chính chuẩn,2026-09-12,DataVietNam,2026-09-12
OTH_BHXH_HGI,Bảo hiểm Xã hội Hà Giang,OTHER,province,2018,2026,dvc_2018,https://dichvucong.gov.vn/archive/2018,generated_catalog,source,2026-09-12T19:42:24.601202,crawl_2018_2026,Bảo hiểm Xã hội Hà Giang,OTH_BHXH_HGI,bao hiem xa hoi ha giang,OTHER,Annotator_A,HIGH,Khớp hoàn toàn danh mục hành chính chuẩn,2026-09-12,DataVietNam,2026-09-12
OTH_SYT_HGI,Sở Y tế Hà Giang,OTHER,province,2018,2026,dvc_2018,https://dichvucong.gov.vn/archive/2018,generated_catalog,source,2026-09-12T19:42:24.601202,crawl_2018_2026,Sở Y tế Hà Giang,OTH_SYT_HGI,so y te ha giang,OTHER,Annotator_A,HIGH,Khớp hoàn toàn danh mục hành chính chuẩn,2026-09-12,DataVietNam,2026-09-12
OTH_SGD_HGI,Sở Giáo dục và Đào tạo Hà Giang,OTHER,province,2018,2026,dvc_2018,https://dichvucong.gov.vn/archive/2018,generated_catalog,source,2026-09-12T19:42:24.601202,crawl_2018_2026,Sở Giáo dục và Đào tạo Hà Giang,OTH_SGD_HGI,so giao duc va ao tao ha giang,OTHER,Annotator_A,HIGH,Khớp hoàn toàn danh mục hành chính chuẩn,2026-09-12,DataVietNam,2026-09-12
OTH_STC_HGI,Sở Tài chính Hà Giang,OTHER,province,2018,2026,dvc_2018,https://dichvucong.gov.vn/archive/2018,generated_catalog,source,2026-09-12T19:42:24.601202,crawl_2018_2026,Sở Tài chính Hà Giang,OTH_STC_HGI,so tai chinh ha giang,OTHER,Annotator_A,HIGH,Khớp hoàn toàn danh mục hành chính chuẩn,2026-09-12,DataVietNam,2026-09-12
OTH_STP_HGI,Sở Tư pháp Hà Giang,OTHER,province,2018,2026,dvc_2018,https://dichvucong.gov.vn/archive/2018,generated_catalog,source,2026-09-12T19:42:24.601202,crawl_2018_2026,Sở Tư pháp Hà Giang,OTH_STP_HGI,so tu phap ha giang,OTHER,Annotator_A,HIGH,Khớp hoàn toàn danh mục hành chính chuẩn,2026-09-12,DataVietNam,2026-09-12
OTH_SKH_HGI,Sở Kế hoạch và Đầu tư Hà Giang,OTHER,province,2018,2026,dvc_2018,https://dichvucong.gov.vn/archive/2018,generated_catalog,source,2026-09-12T19:42:24.601202,crawl_2018_2026,Sở Kế hoạch và Đầu tư Hà Giang,OTH_SKH_HGI,so ke hoach va au tu ha giang,OTHER,Annotator_A,HIGH,Khớp hoàn toàn danh mục hành chính chuẩn,2026-09-12,DataVietNam,2026-09-12
OTH_SXD_HGI,Sở Xây dựng Hà Giang,OTHER,province,2018,2026,dvc_2018,https://dichvucong.gov.vn/archive/2018,generated_catalog,source,2026-09-12T19:42:24.601202,crawl_2018_2026,Sở Xây dựng Hà Giang,OTH_SXD_HGI,so xay dung ha giang,OTHER,Annotator_A,HIGH,Khớp hoàn toàn danh mục hành chính chuẩn,2026-09-12,DataVietNam,2026-09-12
OTH_STNMT_HGI,Sở Tài nguyên và Môi trường Hà Giang,OTHER,province,2018,2026,dvc_2018,https://dichvucong.gov.vn/archive/2018,generated_catalog,source,2026-09-12T19:42:24.601202,crawl_2018_2026,Sở Tài nguyên và Môi trường Hà Giang,OTH_STNMT_HGI,so tai nguyen va moi truong ha giang,OTHER,Annotator_A,HIGH,Khớp hoàn toàn danh mục hành chính chuẩn,2026-09-12,DataVietNam,2026-09-12
OTH_SNV_HGI,Sở Nội vụ Hà Giang,OTHER,province,2018,2026,dvc_2018,https://dichvucong.gov.vn/archive/2018,generated_catalog,source,2026-09-12T19:42:24.601202,crawl_2018_2026,Sở Nội vụ Hà Giang,OTH_SNV_HGI,so noi vu ha giang,OTHER,Annotator_A,HIGH,Khớp hoàn toàn danh mục hành chính chuẩn,2026-09-12,DataVietNam,2026-09-12
OTH_SGTVT_HGI,Sở Giao thông vận tải Hà Giang,OTHER,province,2018,2026,dvc_2018,https://dichvucong.gov.vn/archive/2018,generated_catalog,source,2026-09-12T19:42:24.601202,crawl_2018_2026,Sở Giao thông vận tải Hà Giang,OTH_SGTVT_HGI,so giao thong van tai ha giang,OTHER,Annotator_A,HIGH,Khớp hoàn toàn danh mục hành chính chuẩn,2026-09-12,DataVietNam,2026-09-12
OTH_SCT_HGI,Sở Công Thương Hà Giang,OTHER,province,2018,2026,dvc_2018,https://dichvucong.gov.vn/archive/2018,generated_catalog,source,2026-09-12T19:42:24.601202,crawl_2018_2026,Sở Công Thương Hà Giang,OTH_SCT_HGI,so cong thuong ha giang,OTHER,Annotator_A,HIGH,Khớp hoàn toàn danh mục hành chính chuẩn,2026-09-12,DataVietNam,2026-09-12
OTH_SNNPTNT_HGI,Sở Nông nghiệp và Phát triển nông thôn Hà Giang,OTHER,province,2018,2026,dvc_2018,https://dichvucong.gov.vn/archive/2018,generated_catalog,source,2026-09-12T19:42:24.601202,crawl_2018_2026,Sở Nông nghiệp và Phát triển nông thôn Hà Giang,OTH_SNNPTNT_HGI,so nong nghiep va phat trien nong thon ha giang,OTHER,Annotator_A,HIGH,Khớp hoàn toàn danh mục hành chính chuẩn,2026-09-12,DataVietNam,2026-09-12
OTH_SLĐTBXH_HGI,Sở Lao động - Thương binh và Xã hội Hà Giang,OTHER,province,2018,2026,dvc_2018,https://dichvucong.gov.vn/archive/2018,generated_catalog,source,2026-09-12T19:42:24.601202,crawl_2018_2026,Sở Lao động - Thương binh và Xã hội Hà Giang,OTH_SLĐTBXH_HGI,so lao ong thuong binh va xa hoi ha giang,OTHER,Annotator_A,HIGH,Khớp hoàn toàn danh mục hành chính chuẩn,2026-09-12,DataVietNam,2026-09-12
OTH_SVHTTDL_HGI,Sở Văn hóa Thể thao và Du lịch Hà Giang,OTHER,province,2018,2026,dvc_2018,https://dichvucong.gov.vn/archive/2018,generated_catalog,source,2026-09-12T19:42:24.601202,crawl_2018_2026,Sở Văn hóa Thể thao và Du lịch Hà Giang,OTH_SVHTTDL_HGI,so van hoa the thao va du lich ha giang,OTHER,Annotator_A,HIGH,Khớp hoàn toàn danh mục hành chính chuẩn,2026-09-12,DataVietNam,2026-09-12
OTH_STTTT_HGI,Sở Thông tin và Truyền thông Hà Giang,OTHER,province,2018,2026,dvc_2018,https://dichvucong.gov.vn/archive/2018,generated_catalog,source,2026-09-12T19:42:24.601202,crawl_2018_2026,Sở Thông tin và Truyền thông Hà Giang,OTH_STTTT_HGI,so thong tin va truyen thong ha giang,OTHER,Annotator_A,HIGH,Khớp hoàn toàn danh mục hành chính chuẩn,2026-09-12,DataVietNam,2026-09-12
OTH_SKHCN_HGI,Sở Khoa học và Công nghệ Hà Giang,OTHER,province,2018,2026,dvc_2018,https://dichvucong.gov.vn/archive/2018,generated_catalog,source,2026-09-12T19:42:24.601202,crawl_2018_2026,Sở Khoa học và Công nghệ Hà Giang,OTH_SKHCN_HGI,so khoa hoc va cong nghe ha giang,OTHER,Annotator_A,HIGH,Khớp hoàn toàn danh mục hành chính chuẩn,2026-09-12,DataVietNam,2026-09-12
OTH_UBND_CBG,Ủy ban nhân dân Cao Bằng,OTHER,province,2018,2026,dvc_2018,https://dichvucong.gov.vn/archive/2018,generated_catalog,source,2026-09-12T19:42:24.601202,crawl_2018_2026,Ủy ban nhân dân Cao Bằng,OTH_UBND_CBG,uy ban nhan dan cao bang,OTHER,Annotator_A,HIGH,Khớp hoàn toàn danh mục hành chính chuẩn,2026-09-12,DataVietNam,2026-09-12
OTH_BHXH_CBG,Bảo hiểm Xã hội Cao Bằng,OTHER,province,2018,2026,dvc_2018,https://dichvucong.gov.vn/archive/2018,generated_catalog,source,2026-09-12T19:42:24.601202,crawl_2018_2026,Bảo hiểm Xã hội Cao Bằng,OTH_BHXH_CBG,bao hiem xa hoi cao bang,OTHER,Annotator_A,HIGH,Khớp hoàn toàn danh mục hành chính chuẩn,2026-09-12,DataVietNam,2026-09-12
OTH_SYT_CBG,Sở Y tế Cao Bằng,OTHER,province,2018,2026,dvc_2018,https://dichvucong.gov.vn/archive/2018,generated_catalog,source,2026-09-12T19:42:24.601202,crawl_2018_2026,Sở Y tế Cao Bằng,OTH_SYT_CBG,so y te cao bang,OTHER,Annotator_A,HIGH,Khớp hoàn toàn danh mục hành chính chuẩn,2026-09-12,DataVietNam,2026-09-12
OTH_SGD_CBG,Sở Giáo dục và Đào tạo Cao Bằng,OTHER,province,2018,2026,dvc_2018,https://dichvucong.gov.vn/archive/2018,generated_catalog,source,2026-09-12T19:42:24.601202,crawl_2018_2026,Sở Giáo dục và Đào tạo Cao Bằng,OTH_SGD_CBG,so giao duc va ao tao cao bang,OTHER,Annotator_A,HIGH,Khớp hoàn toàn danh mục hành chính chuẩn,2026-09-12,DataVietNam,2026-09-12
OTH_STC_CBG,Sở Tài chính Cao Bằng,OTHER,province,2018,2026,dvc_2018,https://dichvucong.gov.vn/archive/2018,generated_catalog,source,2026-09-12T19:42:24.601202,crawl_2018_2026,Sở Tài chính Cao Bằng,OTH_STC_CBG,so tai chinh cao bang,OTHER,Annotator_A,HIGH,Khớp hoàn toàn danh mục hành chính chuẩn,2026-09-12,DataVietNam,2026-09-12
OTH_STP_CBG,Sở Tư pháp Cao Bằng,OTHER,province,2018,2026,dvc_2018,https://dichvucong.gov.vn/archive/2018,generated_catalog,source,2026-09-12T19:42:24.601202,crawl_2018_2026,Sở Tư pháp Cao Bằng,OTH_STP_CBG,so tu phap cao bang,OTHER,Annotator_A,HIGH,Khớp hoàn toàn danh mục hành chính chuẩn,2026-09-12,DataVietNam,2026-09-12
OTH_SKH_CBG,Sở Kế hoạch và Đầu tư Cao Bằng,OTHER,province,2018,2026,dvc_2018,https://dichvucong.gov.vn/archive/2018,generated_catalog,source,2026-09-12T19:42:24.601202,crawl_2018_2026,Sở Kế hoạch và Đầu tư Cao Bằng,OTH_SKH_CBG,so ke hoach va au tu cao bang,OTHER,Annotator_A,HIGH,Khớp hoàn toàn danh mục hành chính chuẩn,2026-09-12,DataVietNam,2026-09-12
OTH_SXD_CBG,Sở Xây dựng Cao Bằng,OTHER,province,2018,2026,dvc_2018,https://dichvucong.gov.vn/archive/2018,generated_catalog,source,2026-09-12T19:42:24.601202,crawl_2018_2026,Sở Xây dựng Cao Bằng,OTH_SXD_CBG,so xay dung cao bang,OTHER,Annotator_A,HIGH,Khớp hoàn toàn danh mục hành chính chuẩn,2026-09-12,DataVietNam,2026-09-12
OTH_STNMT_CBG,Sở Tài nguyên và Môi trường Cao Bằng,OTHER,province,2018,2026,dvc_2018,https://dichvucong.gov.vn/archive/2018,generated_catalog,source,2026-09-12T19:42:24.601202,crawl_2018_2026,Sở Tài nguyên và Môi trường Cao Bằng,OTH_STNMT_CBG,so tai nguyen va moi truong cao bang,OTHER,Annotator_A,HIGH,Khớp hoàn toàn danh mục hành chính chuẩn,2026-09-12,DataVietNam,2026-09-12
OTH_SNV_CBG,Sở Nội vụ Cao Bằng,OTHER,province,2018,2026,dvc_2018,https://dichvucong.gov.vn/archive/2018,generated_catalog,source,2026-09-12T19:42:24.601202,crawl_2018_2026,Sở Nội vụ Cao Bằng,OTH_SNV_CBG,so noi vu cao bang,OTHER,Annotator_A,HIGH,Khớp hoàn toàn danh mục hành chính chuẩn,2026-09-12,DataVietNam,2026-09-12
OTH_SGTVT_CBG,Sở Giao thông vận tải Cao Bằng,OTHER,province,2018,2026,dvc_2018,https://dichvucong.gov.vn/archive/2018,generated_catalog,source,2026-09-12T19:42:24.601202,crawl_2018_2026,Sở Giao thông vận tải Cao Bằng,OTH_SGTVT_CBG,so giao thong van tai cao bang,OTHER,Annotator_A,HIGH,Khớp hoàn toàn danh mục hành chính chuẩn,2026-09-12,DataVietNam,2026-09-12
OTH_SCT_CBG,Sở Công Thương Cao Bằng,OTHER,province,2018,2026,dvc_2018,https://dichvucong.gov.vn/archive/2018,generated_catalog,source,2026-09-12T19:42:24.601202,crawl_2018_2026,Sở Công Thương Cao Bằng,OTH_SCT_CBG,so cong thuong cao bang,OTHER,Annotator_A,HIGH,Khớp hoàn toàn danh mục hành chính chuẩn,2026-09-12,DataVietNam,2026-09-12
OTH_SNNPTNT_CBG,Sở Nông nghiệp và Phát triển nông thôn Cao Bằng,OTHER,province,2018,2026,dvc_2018,https://dichvucong.gov.vn/archive/2018,generated_catalog,source,2026-09-12T19:42:24.601202,crawl_2018_2026,Sở Nông nghiệp và Phát triển nông thôn Cao Bằng,OTH_SNNPTNT_CBG,so nong nghiep va phat trien nong thon cao bang,OTHER,Annotator_A,HIGH,Khớp hoàn toàn danh mục hành chính chuẩn,2026-09-12,DataVietNam,2026-09-12
OTH_SLĐTBXH_CBG,Sở Lao động - Thương binh và Xã hội Cao Bằng,OTHER,province,2018,2026,dvc_2018,https://dichvucong.gov.vn/archive/2018,generated_catalog,source,2026-09-12T19:42:24.601202,crawl_2018_2026,Sở Lao động - Thương binh và Xã hội Cao Bằng,OTH_SLĐTBXH_CBG,so lao ong thuong binh va xa hoi cao bang,OTHER,Annotator_A,HIGH,Khớp hoàn toàn danh mục hành chính chuẩn,2026-09-12,DataVietNam,2026-09-12
OTH_SVHTTDL_CBG,Sở Văn hóa Thể thao và Du lịch Cao Bằng,OTHER,province,2018,2026,dvc_2018,https://dichvucong.gov.vn/archive/2018,generated_catalog,source,2026-09-12T19:42:24.601202,crawl_2018_2026,Sở Văn hóa Thể thao và Du lịch Cao Bằng,OTH_SVHTTDL_CBG,so van hoa the thao va du lich cao bang,OTHER,Annotator_A,HIGH,Khớp hoàn toàn danh mục hành chính chuẩn,2026-09-12,DataVietNam,2026-09-12
OTH_STTTT_CBG,Sở Thông tin và Truyền thông Cao Bằng,OTHER,province,2018,2026,dvc_2018,https://dichvucong.gov.vn/archive/2018,generated_catalog,source,2026-09-12T19:42:24.601202,crawl_2018_2026,Sở Thông tin và Truyền thông Cao Bằng,OTH_STTTT_CBG,so thong tin va truyen thong cao bang,OTHER,Annotator_A,HIGH,Khớp hoàn toàn danh mục hành chính chuẩn,2026-09-12,DataVietNam,2026-09-12
OTH_SKHCN_CBG,Sở Khoa học và Công nghệ Cao Bằng,OTHER,province,2018,2026,dvc_2018,https://dichvucong.gov.vn/archive/2018,generated_catalog,source,2026-09-12T19:42:24.601202,crawl_2018_2026,Sở Khoa học và Công nghệ Cao Bằng,OTH_SKHCN_CBG,so khoa hoc va cong nghe cao bang,OTHER,Annotator_A,HIGH,Khớp hoàn toàn danh mục hành chính chuẩn,2026-09-12,DataVietNam,2026-09-12
OTH_UBND_LSO,Ủy ban nhân dân Lạng Sơn,OTHER,province,2018,2026,dvc_2018,https://dichvucong.gov.vn/archive/2018,generated_catalog,source,2026-09-12T19:42:24.601202,crawl_2018_2026,Ủy ban nhân dân Lạng Sơn,OTH_UBND_LSO,uy ban nhan dan lang son,OTHER,Annotator_A,HIGH,Khớp hoàn toàn danh mục hành chính chuẩn,2026-09-12,DataVietNam,2026-09-12
OTH_BHXH_LSO,Bảo hiểm Xã hội Lạng Sơn,OTHER,province,2018,2026,dvc_2018,https://dichvucong.gov.vn/archive/2018,generated_catalog,source,2026-09-12T19:42:24.601202,crawl_2018_2026,Bảo hiểm Xã hội Lạng Sơn,OTH_BHXH_LSO,bao hiem xa hoi lang son,OTHER,Annotator_A,HIGH,Khớp hoàn toàn danh mục hành chính chuẩn,2026-09-12,DataVietNam,2026-09-12
OTH_SYT_LSO,Sở Y tế Lạng Sơn,OTHER,province,2018,2026,dvc_2018,https://dichvucong.gov.vn/archive/2018,generated_catalog,source,2026-09-12T19:42:24.601202,crawl_2018_2026,Sở Y tế Lạng Sơn,OTH_SYT_LSO,so y te lang son,OTHER,Annotator_A,HIGH,Khớp hoàn toàn danh mục hành chính chuẩn,2026-09-12,DataVietNam,2026-09-12
OTH_SGD_LSO,Sở Giáo dục và Đào tạo Lạng Sơn,OTHER,province,2018,2026,dvc_2018,https://dichvucong.gov.vn/archive/2018,generated_catalog,source,2026-09-12T19:42:24.601202,crawl_2018_2026,Sở Giáo dục và Đào tạo Lạng Sơn,OTH_SGD_LSO,so giao duc va ao tao lang son,OTHER,Annotator_A,HIGH,Khớp hoàn toàn danh mục hành chính chuẩn,2026-09-12,DataVietNam,2026-09-12
OTH_STC_LSO,Sở Tài chính Lạng Sơn,OTHER,province,2018,2026,dvc_2018,https://dichvucong.gov.vn/archive/2018,generated_catalog,source,2026-09-12T19:42:24.601202,crawl_2018_2026,Sở Tài chính Lạng Sơn,OTH_STC_LSO,so tai chinh lang son,OTHER,Annotator_A,HIGH,Khớp hoàn toàn danh mục hành chính chuẩn,2026-09-12,DataVietNam,2026-09-12
OTH_STP_LSO,Sở Tư pháp Lạng Sơn,OTHER,province,2018,2026,dvc_2018,https://dichvucong.gov.vn/archive/2018,generated_catalog,source,2026-09-12T19:42:24.601202,crawl_2018_2026,Sở Tư pháp Lạng Sơn,OTH_STP_LSO,so tu phap lang son,OTHER,Annotator_A,HIGH,Khớp hoàn toàn danh mục hành chính chuẩn,2026-09-12,DataVietNam,2026-09-12
OTH_SKH_LSO,Sở Kế hoạch và Đầu tư Lạng Sơn,OTHER,province,2018,2026,dvc_2018,https://dichvucong.gov.vn/archive/2018,generated_catalog,source,2026-09-12T19:42:24.601202,crawl_2018_2026,Sở Kế hoạch và Đầu tư Lạng Sơn,OTH_SKH_LSO,so ke hoach va au tu lang son,OTHER,Annotator_A,HIGH,Khớp hoàn toàn danh mục hành chính chuẩn,2026-09-12,DataVietNam,2026-09-12
OTH_SXD_LSO,Sở Xây dựng Lạng Sơn,OTHER,province,2018,2026,dvc_2018,https://dichvucong.gov.vn/archive/2018,generated_catalog,source,2026-09-12T19:42:24.601202,crawl_2018_2026,Sở Xây dựng Lạng Sơn,OTH_SXD_LSO,so xay dung lang son,OTHER,Annotator_A,HIGH,Khớp hoàn toàn danh mục hành chính chuẩn,2026-09-12,DataVietNam,2026-09-12
OTH_STNMT_LSO,Sở Tài nguyên và Môi trường Lạng Sơn,OTHER,province,2018,2026,dvc_2018,https://dichvucong.gov.vn/archive/2018,generated_catalog,source,2026-09-12T19:42:24.601202,crawl_2018_2026,Sở Tài nguyên và Môi trường Lạng Sơn,OTH_STNMT_LSO,so tai nguyen va moi truong lang son,OTHER,Annotator_A,HIGH,Khớp hoàn toàn danh mục hành chính chuẩn,2026-09-12,DataVietNam,2026-09-12
OTH_SNV_LSO,Sở Nội vụ Lạng Sơn,OTHER,province,2018,2026,dvc_2018,https://dichvucong.gov.vn/archive/2018,generated_catalog,source,2026-09-12T19:42:24.601202,crawl_2018_2026,Sở Nội vụ Lạng Sơn,OTH_SNV_LSO,so noi vu lang son,OTHER,Annotator_A,HIGH,Khớp hoàn toàn danh mục hành chính chuẩn,2026-09-12,DataVietNam,2026-09-12
OTH_SGTVT_LSO,Sở Giao thông vận tải Lạng Sơn,OTHER,province,2018,2026,dvc_2018,https://dichvucong.gov.vn/archive/2018,generated_catalog,source,2026-09-12T19:42:24.601202,crawl_2018_2026,Sở Giao thông vận tải Lạng Sơn,OTH_SGTVT_LSO,so giao thong van tai lang son,OTHER,Annotator_A,HIGH,Khớp hoàn toàn danh mục hành chính chuẩn,2026-09-12,DataVietNam,2026-09-12
OTH_SCT_LSO,Sở Công Thương Lạng Sơn,OTHER,province,2018,2026,dvc_2018,https://dichvucong.gov.vn/archive/2018,generated_catalog,source,2026-09-12T19:42:24.601202,crawl_2018_2026,Sở Công Thương Lạng Sơn,OTH_SCT_LSO,so cong thuong lang son,OTHER,Annotator_A,HIGH,Khớp hoàn toàn danh mục hành chính chuẩn,2026-09-12,DataVietNam,2026-09-12
OTH_SNNPTNT_LSO,Sở Nông nghiệp và Phát triển nông thôn Lạng Sơn,OTHER,province,2018,2026,dvc_2018,https://dichvucong.gov.vn/archive/2018,generated_catalog,source,2026-09-12T19:42:24.601202,crawl_2018_2026,Sở Nông nghiệp và Phát triển nông thôn Lạng Sơn,OTH_SNNPTNT_LSO,so nong nghiep va phat trien nong thon lang son,OTHER,Annotator_A,HIGH,Khớp hoàn toàn danh mục hành chính chuẩn,2026-09-12,DataVietNam,2026-09-12
OTH_SLĐTBXH_LSO,Sở Lao động - Thương binh và Xã hội Lạng Sơn,OTHER,province,2018,2026,dvc_2018,https://dichvucong.gov.vn/archive/2018,generated_catalog,source,2026-09-12T19:42:24.601202,crawl_2018_2026,Sở Lao động - Thương binh và Xã hội Lạng Sơn,OTH_SLĐTBXH_LSO,so lao ong thuong binh va xa hoi lang son,OTHER,Annotator_A,HIGH,Khớp hoàn toàn danh mục hành chính chuẩn,2026-09-12,DataVietNam,2026-09-12
OTH_SVHTTDL_LSO,Sở Văn hóa Thể thao và Du lịch Lạng Sơn,OTHER,province,2018,2026,dvc_2018,https://dichvucong.gov.vn/archive/2018,generated_catalog,source,2026-09-12T19:42:24.601202,crawl_2018_2026,Sở Văn hóa Thể thao và Du lịch Lạng Sơn,OTH_SVHTTDL_LSO,so van hoa the thao va du lich lang son,OTHER,Annotator_A,HIGH,Khớp hoàn toàn danh mục hành chính chuẩn,2026-09-12,DataVietNam,2026-09-12
OTH_STTTT_LSO,Sở Thông tin và Truyền thông Lạng Sơn,OTHER,province,2018,2026,dvc_2018,https://dichvucong.gov.vn/archive/2018,generated_catalog,source,2026-09-12T19:42:24.601202,crawl_2018_2026,Sở Thông tin và Truyền thông Lạng Sơn,OTH_STTTT_LSO,so thong tin va truyen thong lang son,OTHER,Annotator_A,HIGH,Khớp hoàn toàn danh mục hành chính chuẩn,2026-09-12,DataVietNam,2026-09-12
OTH_SKHCN_LSO,Sở Khoa học và Công nghệ Lạng Sơn,OTHER,province,2018,2026,dvc_2018,https://dichvucong.gov.vn/archive/2018,generated_catalog,source,2026-09-12T19:42:24.601202,crawl_2018_2026,Sở Khoa học và Công nghệ Lạng Sơn,OTH_SKHCN_LSO,so khoa hoc va cong nghe lang son,OTHER,Annotator_A,HIGH,Khớp hoàn toàn danh mục hành chính chuẩn,2026-09-12,DataVietNam,2026-09-12
OTH_UBND_BKN,Ủy ban nhân dân Bắc Kạn,OTHER,province,2018,2026,dvc_2018,https://dichvucong.gov.vn/archive/2018,generated_catalog,source,2026-09-12T19:42:24.601202,crawl_2018_2026,Ủy ban nhân dân Bắc Kạn,OTH_UBND_BKN,uy ban nhan dan bac kan,OTHER,Annotator_A,HIGH,Khớp hoàn toàn danh mục hành chính chuẩn,2026-09-12,DataVietNam,2026-09-12
OTH_BHXH_BKN,Bảo hiểm Xã hội Bắc Kạn,OTHER,province,2018,2026,dvc_2018,https://dichvucong.gov.vn/archive/2018,generated_catalog,source,2026-09-12T19:42:24.601202,crawl_2018_2026,Bảo hiểm Xã hội Bắc Kạn,OTH_BHXH_BKN,bao hiem xa hoi bac kan,OTHER,Annotator_A,HIGH,Khớp hoàn toàn danh mục hành chính chuẩn,2026-09-12,DataVietNam,2026-09-12
OTH_SYT_BKN,Sở Y tế Bắc Kạn,OTHER,province,2018,2026,dvc_2018,https://dichvucong.gov.vn/archive/2018,generated_catalog,source,2026-09-12T19:42:24.601202,crawl_2018_2026,Sở Y tế Bắc Kạn,OTH_SYT_BKN,so y te bac kan,OTHER,Annotator_A,HIGH,Khớp hoàn toàn danh mục hành chính chuẩn,2026-09-12,DataVietNam,2026-09-12
OTH_SGD_BKN,Sở Giáo dục và Đào tạo Bắc Kạn,OTHER,province,2018,2026,dvc_2018,https://dichvucong.gov.vn/archive/2018,generated_catalog,source,2026-09-12T19:42:24.601202,crawl_2018_2026,Sở Giáo dục và Đào tạo Bắc Kạn,OTH_SGD_BKN,so giao duc va ao tao bac kan,OTHER,Annotator_A,HIGH,Khớp hoàn toàn danh mục hành chính chuẩn,2026-09-12,DataVietNam,2026-09-12
OTH_STC_BKN,Sở Tài chính Bắc Kạn,OTHER,province,2018,2026,dvc_2018,https://dichvucong.gov.vn/archive/2018,generated_catalog,source,2026-09-12T19:42:24.601202,crawl_2018_2026,Sở Tài chính Bắc Kạn,OTH_STC_BKN,so tai chinh bac kan,OTHER,Annotator_A,HIGH,Khớp hoàn toàn danh mục hành chính chuẩn,2026-09-12,DataVietNam,2026-09-12
OTH_STP_BKN,Sở Tư pháp Bắc Kạn,OTHER,province,2018,2026,dvc_2018,https://dichvucong.gov.vn/archive/2018,generated_catalog,source,2026-09-12T19:42:24.601202,crawl_2018_2026,Sở Tư pháp Bắc Kạn,OTH_STP_BKN,so tu phap bac kan,OTHER,Annotator_A,HIGH,Khớp hoàn toàn danh mục hành chính chuẩn,2026-09-12,DataVietNam,2026-09-12
OTH_SKH_BKN,Sở Kế hoạch và Đầu tư Bắc Kạn,OTHER,province,2018,2026,dvc_2018,https://dichvucong.gov.vn/archive/2018,generated_catalog,source,2026-09-12T19:42:24.601202,crawl_2018_2026,Sở Kế hoạch và Đầu tư Bắc Kạn,OTH_SKH_BKN,so ke hoach va au tu bac kan,OTHER,Annotator_A,HIGH,Khớp hoàn toàn danh mục hành chính chuẩn,2026-09-12,DataVietNam,2026-09-12
OTH_SXD_BKN,Sở Xây dựng Bắc Kạn,OTHER,province,2018,2026,dvc_2018,https://dichvucong.gov.vn/archive/2018,generated_catalog,source,2026-09-12T19:42:24.601202,crawl_2018_2026,Sở Xây dựng Bắc Kạn,OTH_SXD_BKN,so xay dung bac kan,OTHER,Annotator_A,HIGH,Khớp hoàn toàn danh mục hành chính chuẩn,2026-09-12,DataVietNam,2026-09-12
OTH_STNMT_BKN,Sở Tài nguyên và Môi trường Bắc Kạn,OTHER,province,2018,2026,dvc_2018,https://dichvucong.gov.vn/archive/2018,generated_catalog,source,2026-09-12T19:42:24.601202,crawl_2018_2026,Sở Tài nguyên và Môi trường Bắc Kạn,OTH_STNMT_BKN,so tai nguyen va moi truong bac kan,OTHER,Annotator_A,HIGH,Khớp hoàn toàn danh mục hành chính chuẩn,2026-09-12,DataVietNam,2026-09-12
OTH_SNV_BKN,Sở Nội vụ Bắc Kạn,OTHER,province,2018,2026,dvc_2018,https://dichvucong.gov.vn/archive/2018,generated_catalog,source,2026-09-12T19:42:24.601202,crawl_2018_2026,Sở Nội vụ Bắc Kạn,OTH_SNV_BKN,so noi vu bac kan,OTHER,Annotator_A,HIGH,Khớp hoàn toàn danh mục hành chính chuẩn,2026-09-12,DataVietNam,2026-09-12
OTH_SGTVT_BKN,Sở Giao thông vận tải Bắc Kạn,OTHER,province,2018,2026,dvc_2018,https://dichvucong.gov.vn/archive/2018,generated_catalog,source,2026-09-12T19:42:24.601202,crawl_2018_2026,Sở Giao thông vận tải Bắc Kạn,OTH_SGTVT_BKN,so giao thong van tai bac kan,OTHER,Annotator_A,HIGH,Khớp hoàn toàn danh mục hành chính chuẩn,2026-09-12,DataVietNam,2026-09-12
OTH_SCT_BKN,Sở Công Thương Bắc Kạn,OTHER,province,2018,2026,dvc_2018,https://dichvucong.gov.vn/archive/2018,generated_catalog,source,2026-09-12T19:42:24.601202,crawl_2018_2026,Sở Công Thương Bắc Kạn,OTH_SCT_BKN,so cong thuong bac kan,OTHER,Annotator_A,HIGH,Khớp hoàn toàn danh mục hành chính chuẩn,2026-09-12,DataVietNam,2026-09-12
OTH_SNNPTNT_BKN,Sở Nông nghiệp và Phát triển nông thôn Bắc Kạn,OTHER,province,2018,2026,dvc_2018,https://dichvucong.gov.vn/archive/2018,generated_catalog,source,2026-09-12T19:42:24.601202,crawl_2018_2026,Sở Nông nghiệp và Phát triển nông thôn Bắc Kạn,OTH_SNNPTNT_BKN,so nong nghiep va phat trien nong thon bac kan,OTHER,Annotator_A,HIGH,Khớp hoàn toàn danh mục hành chính chuẩn,2026-09-12,DataVietNam,2026-09-12
OTH_SLĐTBXH_BKN,Sở Lao động - Thương binh và Xã hội Bắc Kạn,OTHER,province,2018,2026,dvc_2018,https://dichvucong.gov.vn/archive/2018,generated_catalog,source,2026-09-12T19:42:24.601202,crawl_2018_2026,Sở Lao động - Thương binh và Xã hội Bắc Kạn,OTH_SLĐTBXH_BKN,so lao ong thuong binh va xa hoi bac kan,OTHER,Annotator_A,HIGH,Khớp hoàn toàn danh mục hành chính chuẩn,2026-09-12,DataVietNam,2026-09-12
OTH_SVHTTDL_BKN,Sở Văn hóa Thể thao và Du lịch Bắc Kạn,OTHER,province,2018,2026,dvc_2018,https://dichvucong.gov.vn/archive/2018,generated_catalog,source,2026-09-12T19:42:24.601202,crawl_2018_2026,Sở Văn hóa Thể thao và Du lịch Bắc Kạn,OTH_SVHTTDL_BKN,so van hoa the thao va du lich bac kan,OTHER,Annotator_A,HIGH,Khớp hoàn toàn danh mục hành chính chuẩn,2026-09-12,DataVietNam,2026-09-12
OTH_STTTT_BKN,Sở Thông tin và Truyền thông Bắc Kạn,OTHER,province,2018,2026,dvc_2018,https://dichvucong.gov.vn/archive/2018,generated_catalog,source,2026-09-12T19:42:24.601202,crawl_2018_2026,Sở Thông tin và Truyền thông Bắc Kạn,OTH_STTTT_BKN,so thong tin va truyen thong bac kan,OTHER,Annotator_A,HIGH,Khớp hoàn toàn danh mục hành chính chuẩn,2026-09-12,DataVietNam,2026-09-12
OTH_SKHCN_BKN,Sở Khoa học và Công nghệ Bắc Kạn,OTHER,province,2018,2026,dvc_2018,https://dichvucong.gov.vn/archive/2018,generated_catalog,source,2026-09-12T19:42:24.601202,crawl_2018_2026,Sở Khoa học và Công nghệ Bắc Kạn,OTH_SKHCN_BKN,so khoa hoc va cong nghe bac kan,OTHER,Annotator_A,HIGH,Khớp hoàn toàn danh mục hành chính chuẩn,2026-09-12,DataVietNam,2026-09-12
OTH_UBND_SLA,Ủy ban nhân dân Sơn La,OTHER,province,2018,2026,dvc_2018,https://dichvucong.gov.vn/archive/2018,generated_catalog,source,2026-09-12T19:42:24.601202,crawl_2018_2026,Ủy ban nhân dân Sơn La,OTH_UBND_SLA,uy ban nhan dan son la,OTHER,Annotator_A,HIGH,Khớp hoàn toàn danh mục hành chính chuẩn,2026-09-12,DataVietNam,2026-09-12
OTH_BHXH_SLA,Bảo hiểm Xã hội Sơn La,OTHER,province,2018,2026,dvc_2018,https://dichvucong.gov.vn/archive/2018,generated_catalog,source,2026-09-12T19:42:24.601202,crawl_2018_2026,Bảo hiểm Xã hội Sơn La,OTH_BHXH_SLA,bao hiem xa hoi son la,OTHER,Annotator_A,HIGH,Khớp hoàn toàn danh mục hành chính chuẩn,2026-09-12,DataVietNam,2026-09-12
OTH_SYT_SLA,Sở Y tế Sơn La,OTHER,province,2018,2026,dvc_2018,https://dichvucong.gov.vn/archive/2018,generated_catalog,source,2026-09-12T19:42:24.601202,crawl_2018_2026,Sở Y tế Sơn La,OTH_SYT_SLA,so y te son la,OTHER,Annotator_A,HIGH,Khớp hoàn toàn danh mục hành chính chuẩn,2026-09-12,DataVietNam,2026-09-12
OTH_SGD_SLA,Sở Giáo dục và Đào tạo Sơn La,OTHER,province,2018,2026,dvc_2018,https://dichvucong.gov.vn/archive/2018,generated_catalog,source,2026-09-12T19:42:24.601202,crawl_2018_2026,Sở Giáo dục và Đào tạo Sơn La,OTH_SGD_SLA,so giao duc va ao tao son la,OTHER,Annotator_A,HIGH,Khớp hoàn toàn danh mục hành chính chuẩn,2026-09-12,DataVietNam,2026-09-12
OTH_STC_SLA,Sở Tài chính Sơn La,OTHER,province,2018,2026,dvc_2018,https://dichvucong.gov.vn/archive/2018,generated_catalog,source,2026-09-12T19:42:24.601202,crawl_2018_2026,Sở Tài chính Sơn La,OTH_STC_SLA,so tai chinh son la,OTHER,Annotator_A,HIGH,Khớp hoàn toàn danh mục hành chính chuẩn,2026-09-12,DataVietNam,2026-09-12
OTH_STP_SLA,Sở Tư pháp Sơn La,OTHER,province,2018,2026,dvc_2018,https://dichvucong.gov.vn/archive/2018,generated_catalog,source,2026-09-12T19:42:24.601202,crawl_2018_2026,Sở Tư pháp Sơn La,OTH_STP_SLA,so tu phap son la,OTHER,Annotator_A,HIGH,Khớp hoàn toàn danh mục hành chính chuẩn,2026-09-12,DataVietNam,2026-09-12
OTH_SKH_SLA,Sở Kế hoạch và Đầu tư Sơn La,OTHER,province,2018,2026,dvc_2018,https://dichvucong.gov.vn/archive/2018,generated_catalog,source,2026-09-12T19:42:24.601202,crawl_2018_2026,Sở Kế hoạch và Đầu tư Sơn La,OTH_SKH_SLA,so ke hoach va au tu son la,OTHER,Annotator_A,HIGH,Khớp hoàn toàn danh mục hành chính chuẩn,2026-09-12,DataVietNam,2026-09-12
OTH_SXD_SLA,Sở Xây dựng Sơn La,OTHER,province,2018,2026,dvc_2018,https://dichvucong.gov.vn/archive/2018,generated_catalog,source,2026-09-12T19:42:24.601202,crawl_2018_2026,Sở Xây dựng Sơn La,OTH_SXD_SLA,so xay dung son la,OTHER,Annotator_A,HIGH,Khớp hoàn toàn danh mục hành chính chuẩn,2026-09-12,DataVietNam,2026-09-12
OTH_STNMT_SLA,Sở Tài nguyên và Môi trường Sơn La,OTHER,province,2018,2026,dvc_2018,https://dichvucong.gov.vn/archive/2018,generated_catalog,source,2026-09-12T19:42:24.601202,crawl_2018_2026,Sở Tài nguyên và Môi trường Sơn La,OTH_STNMT_SLA,so tai nguyen va moi truong son la,OTHER,Annotator_A,HIGH,Khớp hoàn toàn danh mục hành chính chuẩn,2026-09-12,DataVietNam,2026-09-12
OTH_SNV_SLA,Sở Nội vụ Sơn La,OTHER,province,2018,2026,dvc_2018,https://dichvucong.gov.vn/archive/2018,generated_catalog,source,2026-09-12T19:42:24.601202,crawl_2018_2026,Sở Nội vụ Sơn La,OTH_SNV_SLA,so noi vu son la,OTHER,Annotator_A,HIGH,Khớp hoàn toàn danh mục hành chính chuẩn,2026-09-12,DataVietNam,2026-09-12
OTH_SGTVT_SLA,Sở Giao thông vận tải Sơn La,OTHER,province,2018,2026,dvc_2018,https://dichvucong.gov.vn/archive/2018,generated_catalog,source,2026-09-12T19:42:24.601202,crawl_2018_2026,Sở Giao thông vận tải Sơn La,OTH_SGTVT_SLA,so giao thong van tai son la,OTHER,Annotator_A,HIGH,Khớp hoàn toàn danh mục hành chính chuẩn,2026-09-12,DataVietNam,2026-09-12
OTH_SCT_SLA,Sở Công Thương Sơn La,OTHER,province,2018,2026,dvc_2018,https://dichvucong.gov.vn/archive/2018,generated_catalog,source,2026-09-12T19:42:24.601202,crawl_2018_2026,Sở Công Thương Sơn La,OTH_SCT_SLA,so cong thuong son la,OTHER,Annotator_A,HIGH,Khớp hoàn toàn danh mục hành chính chuẩn,2026-09-12,DataVietNam,2026-09-12
OTH_SNNPTNT_SLA,Sở Nông nghiệp và Phát triển nông thôn Sơn La,OTHER,province,2018,2026,dvc_2018,https://dichvucong.gov.vn/archive/2018,generated_catalog,source,2026-09-12T19:42:24.601202,crawl_2018_2026,Sở Nông nghiệp và Phát triển nông thôn Sơn La,OTH_SNNPTNT_SLA,so nong nghiep va phat trien nong thon son la,OTHER,Annotator_A,HIGH,Khớp hoàn toàn danh mục hành chính chuẩn,2026-09-12,DataVietNam,2026-09-12
OTH_SLĐTBXH_SLA,Sở Lao động - Thương binh và Xã hội Sơn La,OTHER,province,2018,2026,dvc_2018,https://dichvucong.gov.vn/archive/2018,generated_catalog,source,2026-09-12T19:42:24.601202,crawl_2018_2026,Sở Lao động - Thương binh và Xã hội Sơn La,OTH_SLĐTBXH_SLA,so lao ong thuong binh va xa hoi son la,OTHER,Annotator_A,HIGH,Khớp hoàn toàn danh mục hành chính chuẩn,2026-09-12,DataVietNam,2026-09-12
OTH_SVHTTDL_SLA,Sở Văn hóa Thể thao và Du lịch Sơn La,OTHER,province,2018,2026,dvc_2018,https://dichvucong.gov.vn/archive/2018,generated_catalog,source,2026-09-12T19:42:24.601202,crawl_2018_2026,Sở Văn hóa Thể thao và Du lịch Sơn La,OTH_SVHTTDL_SLA,so van hoa the thao va du lich son la,OTHER,Annotator_A,HIGH,Khớp hoàn toàn danh mục hành chính chuẩn,2026-09-12,DataVietNam,2026-09-12
OTH_STTTT_SLA,Sở Thông tin và Truyền thông Sơn La,OTHER,province,2018,2026,dvc_2018,https://dichvucong.gov.vn/archive/2018,generated_catalog,source,2026-09-12T19:42:24.601202,crawl_2018_2026,Sở Thông tin và Truyền thông Sơn La,OTH_STTTT_SLA,so thong tin va truyen thong son la,OTHER,Annotator_A,HIGH,Khớp hoàn toàn danh mục hành chính chuẩn,2026-09-12,DataVietNam,2026-09-12
OTH_SKHCN_SLA,Sở Khoa học và Công nghệ Sơn La,OTHER,province,2018,2026,dvc_2018,https://dichvucong.gov.vn/archive/2018,generated_catalog,source,2026-09-12T19:42:24.601202,crawl_2018_2026,Sở Khoa học và Công nghệ Sơn La,OTH_SKHCN_SLA,so khoa hoc va cong nghe son la,OTHER,Annotator_A,HIGH,Khớp hoàn toàn danh mục hành chính chuẩn,2026-09-12,DataVietNam,2026-09-12
OTH_UBND_DB,Ủy ban nhân dân Điện Biên,OTHER,province,2018,2026,dvc_2018,https://dichvucong.gov.vn/archive/2018,generated_catalog,source,2026-09-12T19:42:24.601202,crawl_2018_2026,Ủy ban nhân dân Điện Biên,OTH_UBND_DB,uy ban nhan dan ien bien,OTHER,Annotator_A,HIGH,Khớp hoàn toàn danh mục hành chính chuẩn,2026-09-12,DataVietNam,2026-09-12
OTH_BHXH_DB,Bảo hiểm Xã hội Điện Biên,OTHER,province,2018,2026,dvc_2018,https://dichvucong.gov.vn/archive/2018,generated_catalog,source,2026-09-12T19:42:24.601202,crawl_2018_2026,Bảo hiểm Xã hội Điện Biên,OTH_BHXH_DB,bao hiem xa hoi ien bien,OTHER,Annotator_A,HIGH,Khớp hoàn toàn danh mục hành chính chuẩn,2026-09-12,DataVietNam,2026-09-12
OTH_SYT_DB,Sở Y tế Điện Biên,OTHER,province,2018,2026,dvc_2018,https://dichvucong.gov.vn/archive/2018,generated_catalog,source,2026-09-12T19:42:24.601202,crawl_2018_2026,Sở Y tế Điện Biên,OTH_SYT_DB,so y te ien bien,OTHER,Annotator_A,HIGH,Khớp hoàn toàn danh mục hành chính chuẩn,2026-09-12,DataVietNam,2026-09-12
OTH_SGD_DB,Sở Giáo dục và Đào tạo Điện Biên,OTHER,province,2018,2026,dvc_2018,https://dichvucong.gov.vn/archive/2018,generated_catalog,source,2026-09-12T19:42:24.601202,crawl_2018_2026,Sở Giáo dục và Đào tạo Điện Biên,OTH_SGD_DB,so giao duc va ao tao ien bien,OTHER,Annotator_A,HIGH,Khớp hoàn toàn danh mục hành chính chuẩn,2026-09-12,DataVietNam,2026-09-12
OTH_STC_DB,Sở Tài chính Điện Biên,OTHER,province,2018,2026,dvc_2018,https://dichvucong.gov.vn/archive/2018,generated_catalog,source,2026-09-12T19:42:24.601202,crawl_2018_2026,Sở Tài chính Điện Biên,OTH_STC_DB,so tai chinh ien bien,OTHER,Annotator_A,HIGH,Khớp hoàn toàn danh mục hành chính chuẩn,2026-09-12,DataVietNam,2026-09-12
OTH_STP_DB,Sở Tư pháp Điện Biên,OTHER,province,2018,2026,dvc_2018,https://dichvucong.gov.vn/archive/2018,generated_catalog,source,2026-09-12T19:42:24.601202,crawl_2018_2026,Sở Tư pháp Điện Biên,OTH_STP_DB,so tu phap ien bien,OTHER,Annotator_A,HIGH,Khớp hoàn toàn danh mục hành chính chuẩn,2026-09-12,DataVietNam,2026-09-12
OTH_SKH_DB,Sở Kế hoạch và Đầu tư Điện Biên,OTHER,province,2018,2026,dvc_2018,https://dichvucong.gov.vn/archive/2018,generated_catalog,source,2026-09-12T19:42:24.601202,crawl_2018_2026,Sở Kế hoạch và Đầu tư Điện Biên,OTH_SKH_DB,so ke hoach va au tu ien bien,OTHER,Annotator_A,HIGH,Khớp hoàn toàn danh mục hành chính chuẩn,2026-09-12,DataVietNam,2026-09-12
OTH_SXD_DB,Sở Xây dựng Điện Biên,OTHER,province,2018,2026,dvc_2018,https://dichvucong.gov.vn/archive/2018,generated_catalog,source,2026-09-12T19:42:24.601202,crawl_2018_2026,Sở Xây dựng Điện Biên,OTH_SXD_DB,so xay dung ien bien,OTHER,Annotator_A,HIGH,Khớp hoàn toàn danh mục hành chính chuẩn,2026-09-12,DataVietNam,2026-09-12
OTH_STNMT_DB,Sở Tài nguyên và Môi trường Điện Biên,OTHER,province,2018,2026,dvc_2018,https://dichvucong.gov.vn/archive/2018,generated_catalog,source,2026-09-12T19:42:24.601202,crawl_2018_2026,Sở Tài nguyên và Môi trường Điện Biên,OTH_STNMT_DB,so tai nguyen va moi truong ien bien,OTHER,Annotator_A,HIGH,Khớp hoàn toàn danh mục hành chính chuẩn,2026-09-12,DataVietNam,2026-09-12
OTH_SNV_DB,Sở Nội vụ Điện Biên,OTHER,province,2018,2026,dvc_2018,https://dichvucong.gov.vn/archive/2018,generated_catalog,source,2026-09-12T19:42:24.601202,crawl_2018_2026,Sở Nội vụ Điện Biên,OTH_SNV_DB,so noi vu ien bien,OTHER,Annotator_A,HIGH,Khớp hoàn toàn danh mục hành chính chuẩn,2026-09-12,DataVietNam,2026-09-12
OTH_SGTVT_DB,Sở Giao thông vận tải Điện Biên,OTHER,province,2018,2026,dvc_2018,https://dichvucong.gov.vn/archive/2018,generated_catalog,source,2026-09-12T19:42:24.601202,crawl_2018_2026,Sở Giao thông vận tải Điện Biên,OTH_SGTVT_DB,so giao thong van tai ien bien,OTHER,Annotator_A,HIGH,Khớp hoàn toàn danh mục hành chính chuẩn,2026-09-12,DataVietNam,2026-09-12
OTH_SCT_DB,Sở Công Thương Điện Biên,OTHER,province,2018,2026,dvc_2018,https://dichvucong.gov.vn/archive/2018,generated_catalog,source,2026-09-12T19:42:24.601202,crawl_2018_2026,Sở Công Thương Điện Biên,OTH_SCT_DB,so cong thuong ien bien,OTHER,Annotator_A,HIGH,Khớp hoàn toàn danh mục hành chính chuẩn,2026-09-12,DataVietNam,2026-09-12
OTH_SNNPTNT_DB,Sở Nông nghiệp và Phát triển nông thôn Điện Biên,OTHER,province,2018,2026,dvc_2018,https://dichvucong.gov.vn/archive/2018,generated_catalog,source,2026-09-12T19:42:24.601202,crawl_2018_2026,Sở Nông nghiệp và Phát triển nông thôn Điện Biên,OTH_SNNPTNT_DB,so nong nghiep va phat trien nong thon ien bien,OTHER,Annotator_A,HIGH,Khớp hoàn toàn danh mục hành chính chuẩn,2026-09-12,DataVietNam,2026-09-12
OTH_SLĐTBXH_DB,Sở Lao động - Thương binh và Xã hội Điện Biên,OTHER,province,2018,2026,dvc_2018,https://dichvucong.gov.vn/archive/2018,generated_catalog,source,2026-09-12T19:42:24.601202,crawl_2018_2026,Sở Lao động - Thương binh và Xã hội Điện Biên,OTH_SLĐTBXH_DB,so lao ong thuong binh va xa hoi ien bien,OTHER,Annotator_A,HIGH,Khớp hoàn toàn danh mục hành chính chuẩn,2026-09-12,DataVietNam,2026-09-12
OTH_SVHTTDL_DB,Sở Văn hóa Thể thao và Du lịch Điện Biên,OTHER,province,2018,2026,dvc_2018,https://dichvucong.gov.vn/archive/2018,generated_catalog,source,2026-09-12T19:42:24.601202,crawl_2018_2026,Sở Văn hóa Thể thao và Du lịch Điện Biên,OTH_SVHTTDL_DB,so van hoa the thao va du lich ien bien,OTHER,Annotator_A,HIGH,Khớp hoàn toàn danh mục hành chính chuẩn,2026-09-12,DataVietNam,2026-09-12
OTH_STTTT_DB,Sở Thông tin và Truyền thông Điện Biên,OTHER,province,2018,2026,dvc_2018,https://dichvucong.gov.vn/archive/2018,generated_catalog,source,2026-09-12T19:42:24.601202,crawl_2018_2026,Sở Thông tin và Truyền thông Điện Biên,OTH_STTTT_DB,so thong tin va truyen thong ien bien,OTHER,Annotator_A,HIGH,Khớp hoàn toàn danh mục hành chính chuẩn,2026-09-12,DataVietNam,2026-09-12
OTH_SKHCN_DB,Sở Khoa học và Công nghệ Điện Biên,OTHER,province,2018,2026,dvc_2018,https://dichvucong.gov.vn/archive/2018,generated_catalog,source,2026-09-12T19:42:24.601202,crawl_2018_2026,Sở Khoa học và Công nghệ Điện Biên,OTH_SKHCN_DB,so khoa hoc va cong nghe ien bien,OTHER,Annotator_A,HIGH,Khớp hoàn toàn danh mục hành chính chuẩn,2026-09-12,DataVietNam,2026-09-12
OTH_UBND_LCH,Ủy ban nhân dân Lai Châu,OTHER,province,2018,2026,dvc_2018,https://dichvucong.gov.vn/archive/2018,generated_catalog,source,2026-09-12T19:42:24.601202,crawl_2018_2026,Ủy ban nhân dân Lai Châu,OTH_UBND_LCH,uy ban nhan dan lai chau,OTHER,Annotator_A,HIGH,Khớp hoàn toàn danh mục hành chính chuẩn,2026-09-12,DataVietNam,2026-09-12
OTH_BHXH_LCH,Bảo hiểm Xã hội Lai Châu,OTHER,province,2018,2026,dvc_2018,https://dichvucong.gov.vn/archive/2018,generated_catalog,source,2026-09-12T19:42:24.601202,crawl_2018_2026,Bảo hiểm Xã hội Lai Châu,OTH_BHXH_LCH,bao hiem xa hoi lai chau,OTHER,Annotator_A,HIGH,Khớp hoàn toàn danh mục hành chính chuẩn,2026-09-12,DataVietNam,2026-09-12
OTH_SYT_LCH,Sở Y tế Lai Châu,OTHER,province,2018,2026,dvc_2018,https://dichvucong.gov.vn/archive/2018,generated_catalog,source,2026-09-12T19:42:24.601202,crawl_2018_2026,Sở Y tế Lai Châu,OTH_SYT_LCH,so y te lai chau,OTHER,Annotator_A,HIGH,Khớp hoàn toàn danh mục hành chính chuẩn,2026-09-12,DataVietNam,2026-09-12
OTH_SGD_LCH,Sở Giáo dục và Đào tạo Lai Châu,OTHER,province,2018,2026,dvc_2018,https://dichvucong.gov.vn/archive/2018,generated_catalog,source,2026-09-12T19:42:24.601202,crawl_2018_2026,Sở Giáo dục và Đào tạo Lai Châu,OTH_SGD_LCH,so giao duc va ao tao lai chau,OTHER,Annotator_A,HIGH,Khớp hoàn toàn danh mục hành chính chuẩn,2026-09-12,DataVietNam,2026-09-12
OTH_STC_LCH,Sở Tài chính Lai Châu,OTHER,province,2018,2026,dvc_2018,https://dichvucong.gov.vn/archive/2018,generated_catalog,source,2026-09-12T19:42:24.601202,crawl_2018_2026,Sở Tài chính Lai Châu,OTH_STC_LCH,so tai chinh lai chau,OTHER,Annotator_A,HIGH,Khớp hoàn toàn danh mục hành chính chuẩn,2026-09-12,DataVietNam,2026-09-12
OTH_STP_LCH,Sở Tư pháp Lai Châu,OTHER,province,2018,2026,dvc_2018,https://dichvucong.gov.vn/archive/2018,generated_catalog,source,2026-09-12T19:42:24.601202,crawl_2018_2026,Sở Tư pháp Lai Châu,OTH_STP_LCH,so tu phap lai chau,OTHER,Annotator_A,HIGH,Khớp hoàn toàn danh mục hành chính chuẩn,2026-09-12,DataVietNam,2026-09-12
OTH_SKH_LCH,Sở Kế hoạch và Đầu tư Lai Châu,OTHER,province,2018,2026,dvc_2018,https://dichvucong.gov.vn/archive/2018,generated_catalog,source,2026-09-12T19:42:24.601202,crawl_2018_2026,Sở Kế hoạch và Đầu tư Lai Châu,OTH_SKH_LCH,so ke hoach va au tu lai chau,OTHER,Annotator_A,HIGH,Khớp hoàn toàn danh mục hành chính chuẩn,2026-09-12,DataVietNam,2026-09-12
OTH_SXD_LCH,Sở Xây dựng Lai Châu,OTHER,province,2018,2026,dvc_2018,https://dichvucong.gov.vn/archive/2018,generated_catalog,source,2026-09-12T19:42:24.601202,crawl_2018_2026,Sở Xây dựng Lai Châu,OTH_SXD_LCH,so xay dung lai chau,OTHER,Annotator_A,HIGH,Khớp hoàn toàn danh mục hành chính chuẩn,2026-09-12,DataVietNam,2026-09-12
OTH_STNMT_LCH,Sở Tài nguyên và Môi trường Lai Châu,OTHER,province,2018,2026,dvc_2018,https://dichvucong.gov.vn/archive/2018,generated_catalog,source,2026-09-12T19:42:24.601202,crawl_2018_2026,Sở Tài nguyên và Môi trường Lai Châu,OTH_STNMT_LCH,so tai nguyen va moi truong lai chau,OTHER,Annotator_A,HIGH,Khớp hoàn toàn danh mục hành chính chuẩn,2026-09-12,DataVietNam,2026-09-12
OTH_SNV_LCH,Sở Nội vụ Lai Châu,OTHER,province,2018,2026,dvc_2018,https://dichvucong.gov.vn/archive/2018,generated_catalog,source,2026-09-12T19:42:24.601202,crawl_2018_2026,Sở Nội vụ Lai Châu,OTH_SNV_LCH,so noi vu lai chau,OTHER,Annotator_A,HIGH,Khớp hoàn toàn danh mục hành chính chuẩn,2026-09-12,DataVietNam,2026-09-12
OTH_SGTVT_LCH,Sở Giao thông vận tải Lai Châu,OTHER,province,2018,2026,dvc_2018,https://dichvucong.gov.vn/archive/2018,generated_catalog,source,2026-09-12T19:42:24.601202,crawl_2018_2026,Sở Giao thông vận tải Lai Châu,OTH_SGTVT_LCH,so giao thong van tai lai chau,OTHER,Annotator_A,HIGH,Khớp hoàn toàn danh mục hành chính chuẩn,2026-09-12,DataVietNam,2026-09-12
OTH_SCT_LCH,Sở Công Thương Lai Châu,OTHER,province,2018,2026,dvc_2018,https://dichvucong.gov.vn/archive/2018,generated_catalog,source,2026-09-12T19:42:24.601202,crawl_2018_2026,Sở Công Thương Lai Châu,OTH_SCT_LCH,so cong thuong lai chau,OTHER,Annotator_A,HIGH,Khớp hoàn toàn danh mục hành chính chuẩn,2026-09-12,DataVietNam,2026-09-12
OTH_SNNPTNT_LCH,Sở Nông nghiệp và Phát triển nông thôn Lai Châu,OTHER,province,2018,2026,dvc_2018,https://dichvucong.gov.vn/archive/2018,generated_catalog,source,2026-09-12T19:42:24.601202,crawl_2018_2026,Sở Nông nghiệp và Phát triển nông thôn Lai Châu,OTH_SNNPTNT_LCH,so nong nghiep va phat trien nong thon lai chau,OTHER,Annotator_A,HIGH,Khớp hoàn toàn danh mục hành chính chuẩn,2026-09-12,DataVietNam,2026-09-12
OTH_SLĐTBXH_LCH,Sở Lao động - Thương binh và Xã hội Lai Châu,OTHER,province,2018,2026,dvc_2018,https://dichvucong.gov.vn/archive/2018,generated_catalog,source,2026-09-12T19:42:24.601202,crawl_2018_2026,Sở Lao động - Thương binh và Xã hội Lai Châu,OTH_SLĐTBXH_LCH,so lao ong thuong binh va xa hoi lai chau,OTHER,Annotator_A,HIGH,Khớp hoàn toàn danh mục hành chính chuẩn,2026-09-12,DataVietNam,2026-09-12
OTH_SVHTTDL_LCH,Sở Văn hóa Thể thao và Du lịch Lai Châu,OTHER,province,2018,2026,dvc_2018,https://dichvucong.gov.vn/archive/2018,generated_catalog,source,2026-09-12T19:42:24.601202,crawl_2018_2026,Sở Văn hóa Thể thao và Du lịch Lai Châu,OTH_SVHTTDL_LCH,so van hoa the thao va du lich lai chau,OTHER,Annotator_A,HIGH,Khớp hoàn toàn danh mục hành chính chuẩn,2026-09-12,DataVietNam,2026-09-12
OTH_STTTT_LCH,Sở Thông tin và Truyền thông Lai Châu,OTHER,province,2018,2026,dvc_2018,https://dichvucong.gov.vn/archive/2018,generated_catalog,source,2026-09-12T19:42:24.601202,crawl_2018_2026,Sở Thông tin và Truyền thông Lai Châu,OTH_STTTT_LCH,so thong tin va truyen thong lai chau,OTHER,Annotator_A,HIGH,Khớp hoàn toàn danh mục hành chính chuẩn,2026-09-12,DataVietNam,2026-09-12
OTH_SKHCN_LCH,Sở Khoa học và Công nghệ Lai Châu,OTHER,province,2018,2026,dvc_2018,https://dichvucong.gov.vn/archive/2018,generated_catalog,source,2026-09-12T19:42:24.601202,crawl_2018_2026,Sở Khoa học và Công nghệ Lai Châu,OTH_SKHCN_LCH,so khoa hoc va cong nghe lai chau,OTHER,Annotator_A,HIGH,Khớp hoàn toàn danh mục hành chính chuẩn,2026-09-12,DataVietNam,2026-09-12
OTH_UBND_LCA,Ủy ban nhân dân Lào Cai,OTHER,province,2018,2026,dvc_2018,https://dichvucong.gov.vn/archive/2018,generated_catalog,source,2026-09-12T19:42:24.601202,crawl_2018_2026,Ủy ban nhân dân Lào Cai,OTH_UBND_LCA,uy ban nhan dan lao cai,OTHER,Annotator_A,HIGH,Khớp hoàn toàn danh mục hành chính chuẩn,2026-09-12,DataVietNam,2026-09-12
OTH_BHXH_LCA,Bảo hiểm Xã hội Lào Cai,OTHER,province,2018,2026,dvc_2018,https://dichvucong.gov.vn/archive/2018,generated_catalog,source,2026-09-12T19:42:24.601202,crawl_2018_2026,Bảo hiểm Xã hội Lào Cai,OTH_BHXH_LCA,bao hiem xa hoi lao cai,OTHER,Annotator_A,HIGH,Khớp hoàn toàn danh mục hành chính chuẩn,2026-09-12,DataVietNam,2026-09-12
OTH_SYT_LCA,Sở Y tế Lào Cai,OTHER,province,2018,2026,dvc_2018,https://dichvucong.gov.vn/archive/2018,generated_catalog,source,2026-09-12T19:42:24.601202,crawl_2018_2026,Sở Y tế Lào Cai,OTH_SYT_LCA,so y te lao cai,OTHER,Annotator_A,HIGH,Khớp hoàn toàn danh mục hành chính chuẩn,2026-09-12,DataVietNam,2026-09-12
OTH_SGD_LCA,Sở Giáo dục và Đào tạo Lào Cai,OTHER,province,2018,2026,dvc_2018,https://dichvucong.gov.vn/archive/2018,generated_catalog,source,2026-09-12T19:42:24.601202,crawl_2018_2026,Sở Giáo dục và Đào tạo Lào Cai,OTH_SGD_LCA,so giao duc va ao tao lao cai,OTHER,Annotator_A,HIGH,Khớp hoàn toàn danh mục hành chính chuẩn,2026-09-12,DataVietNam,2026-09-12
OTH_STC_LCA,Sở Tài chính Lào Cai,OTHER,province,2018,2026,dvc_2018,https://dichvucong.gov.vn/archive/2018,generated_catalog,source,2026-09-12T19:42:24.601202,crawl_2018_2026,Sở Tài chính Lào Cai,OTH_STC_LCA,so tai chinh lao cai,OTHER,Annotator_A,HIGH,Khớp hoàn toàn danh mục hành chính chuẩn,2026-09-12,DataVietNam,2026-09-12
OTH_STP_LCA,Sở Tư pháp Lào Cai,OTHER,province,2018,2026,dvc_2018,https://dichvucong.gov.vn/archive/2018,generated_catalog,source,2026-09-12T19:42:24.601202,crawl_2018_2026,Sở Tư pháp Lào Cai,OTH_STP_LCA,so tu phap lao cai,OTHER,Annotator_A,HIGH,Khớp hoàn toàn danh mục hành chính chuẩn,2026-09-12,DataVietNam,2026-09-12
OTH_SKH_LCA,Sở Kế hoạch và Đầu tư Lào Cai,OTHER,province,2018,2026,dvc_2018,https://dichvucong.gov.vn/archive/2018,generated_catalog,source,2026-09-12T19:42:24.601202,crawl_2018_2026,Sở Kế hoạch và Đầu tư Lào Cai,OTH_SKH_LCA,so ke hoach va au tu lao cai,OTHER,Annotator_A,HIGH,Khớp hoàn toàn danh mục hành chính chuẩn,2026-09-12,DataVietNam,2026-09-12
OTH_SXD_LCA,Sở Xây dựng Lào Cai,OTHER,province,2018,2026,dvc_2018,https://dichvucong.gov.vn/archive/2018,generated_catalog,source,2026-09-12T19:42:24.601202,crawl_2018_2026,Sở Xây dựng Lào Cai,OTH_SXD_LCA,so xay dung lao cai,OTHER,Annotator_A,HIGH,Khớp hoàn toàn danh mục hành chính chuẩn,2026-09-12,DataVietNam,2026-09-12
OTH_STNMT_LCA,Sở Tài nguyên và Môi trường Lào Cai,OTHER,province,2018,2026,dvc_2018,https://dichvucong.gov.vn/archive/2018,generated_catalog,source,2026-09-12T19:42:24.601202,crawl_2018_2026,Sở Tài nguyên và Môi trường Lào Cai,OTH_STNMT_LCA,so tai nguyen va moi truong lao cai,OTHER,Annotator_A,HIGH,Khớp hoàn toàn danh mục hành chính chuẩn,2026-09-12,DataVietNam,2026-09-12
OTH_SNV_LCA,Sở Nội vụ Lào Cai,OTHER,province,2018,2026,dvc_2018,https://dichvucong.gov.vn/archive/2018,generated_catalog,source,2026-09-12T19:42:24.601202,crawl_2018_2026,Sở Nội vụ Lào Cai,OTH_SNV_LCA,so noi vu lao cai,OTHER,Annotator_A,HIGH,Khớp hoàn toàn danh mục hành chính chuẩn,2026-09-12,DataVietNam,2026-09-12
OTH_SGTVT_LCA,Sở Giao thông vận tải Lào Cai,OTHER,province,2018,2026,dvc_2018,https://dichvucong.gov.vn/archive/2018,generated_catalog,source,2026-09-12T19:42:24.601202,crawl_2018_2026,Sở Giao thông vận tải Lào Cai,OTH_SGTVT_LCA,so giao thong van tai lao cai,OTHER,Annotator_A,HIGH,Khớp hoàn toàn danh mục hành chính chuẩn,2026-09-12,DataVietNam,2026-09-12
OTH_SCT_LCA,Sở Công Thương Lào Cai,OTHER,province,2018,2026,dvc_2018,https://dichvucong.gov.vn/archive/2018,generated_catalog,source,2026-09-12T19:42:24.601202,crawl_2018_2026,Sở Công Thương Lào Cai,OTH_SCT_LCA,so cong thuong lao cai,OTHER,Annotator_A,HIGH,Khớp hoàn toàn danh mục hành chính chuẩn,2026-09-12,DataVietNam,2026-09-12
OTH_SNNPTNT_LCA,Sở Nông nghiệp và Phát triển nông thôn Lào Cai,OTHER,province,2018,2026,dvc_2018,https://dichvucong.gov.vn/archive/2018,generated_catalog,source,2026-09-12T19:42:24.601202,crawl_2018_2026,Sở Nông nghiệp và Phát triển nông thôn Lào Cai,OTH_SNNPTNT_LCA,so nong nghiep va phat trien nong thon lao cai,OTHER,Annotator_A,HIGH,Khớp hoàn toàn danh mục hành chính chuẩn,2026-09-12,DataVietNam,2026-09-12
OTH_SLĐTBXH_LCA,Sở Lao động - Thương binh và Xã hội Lào Cai,OTHER,province,2018,2026,dvc_2018,https://dichvucong.gov.vn/archive/2018,generated_catalog,source,2026-09-12T19:42:24.601202,crawl_2018_2026,Sở Lao động - Thương binh và Xã hội Lào Cai,OTH_SLĐTBXH_LCA,so lao ong thuong binh va xa hoi lao cai,OTHER,Annotator_A,HIGH,Khớp hoàn toàn danh mục hành chính chuẩn,2026-09-12,DataVietNam,2026-09-12
OTH_SVHTTDL_LCA,Sở Văn hóa Thể thao và Du lịch Lào Cai,OTHER,province,2018,2026,dvc_2018,https://dichvucong.gov.vn/archive/2018,generated_catalog,source,2026-09-12T19:42:24.601202,crawl_2018_2026,Sở Văn hóa Thể thao và Du lịch Lào Cai,OTH_SVHTTDL_LCA,so van hoa the thao va du lich lao cai,OTHER,Annotator_A,HIGH,Khớp hoàn toàn danh mục hành chính chuẩn,2026-09-12,DataVietNam,2026-09-12
OTH_STTTT_LCA,Sở Thông tin và Truyền thông Lào Cai,OTHER,province,2018,2026,dvc_2018,https://dichvucong.gov.vn/archive/2018,generated_catalog,source,2026-09-12T19:42:24.601202,crawl_2018_2026,Sở Thông tin và Truyền thông Lào Cai,OTH_STTTT_LCA,so thong tin va truyen thong lao cai,OTHER,Annotator_A,HIGH,Khớp hoàn toàn danh mục hành chính chuẩn,2026-09-12,DataVietNam,2026-09-12
OTH_SKHCN_LCA,Sở Khoa học và Công nghệ Lào Cai,OTHER,province,2018,2026,dvc_2018,https://dichvucong.gov.vn/archive/2018,generated_catalog,source,2026-09-12T19:42:24.601202,crawl_2018_2026,Sở Khoa học và Công nghệ Lào Cai,OTH_SKHCN_LCA,so khoa hoc va cong nghe lao cai,OTHER,Annotator_A,HIGH,Khớp hoàn toàn danh mục hành chính chuẩn,2026-09-12,DataVietNam,2026-09-12
OTH_UBND_HN_BDG,Ủy ban nhân dân Ba Đình - Hà Nội,OTHER,province,2018,2026,dvc_2018,https://dichvucong.gov.vn/archive/2018,generated_catalog,source,2026-09-12T19:42:24.601202,crawl_2018_2026,Ủy ban nhân dân Ba Đình - Hà Nội,OTH_UBND_HN_BDG,uy ban nhan dan ba inh ha noi,OTHER,Annotator_A,HIGH,Khớp hoàn toàn danh mục hành chính chuẩn,2026-09-12,DataVietNam,2026-09-12
OTH_BHXH_HN_BDG,Bảo hiểm Xã hội Ba Đình - Hà Nội,OTHER,province,2018,2026,dvc_2018,https://dichvucong.gov.vn/archive/2018,generated_catalog,source,2026-09-12T19:42:24.601202,crawl_2018_2026,Bảo hiểm Xã hội Ba Đình - Hà Nội,OTH_BHXH_HN_BDG,bao hiem xa hoi ba inh ha noi,OTHER,Annotator_A,HIGH,Khớp hoàn toàn danh mục hành chính chuẩn,2026-09-12,DataVietNam,2026-09-12
OTH_UBND_HN_HK,Ủy ban nhân dân Hoàn Kiếm - Hà Nội,OTHER,province,2018,2026,dvc_2018,https://dichvucong.gov.vn/archive/2018,generated_catalog,source,2026-09-12T19:42:24.601202,crawl_2018_2026,Ủy ban nhân dân Hoàn Kiếm - Hà Nội,OTH_UBND_HN_HK,uy ban nhan dan hoan kiem ha noi,OTHER,Annotator_A,HIGH,Khớp hoàn toàn danh mục hành chính chuẩn,2026-09-12,DataVietNam,2026-09-12
OTH_BHXH_HN_HK,Bảo hiểm Xã hội Hoàn Kiếm - Hà Nội,OTHER,province,2018,2026,dvc_2018,https://dichvucong.gov.vn/archive/2018,generated_catalog,source,2026-09-12T19:42:24.601202,crawl_2018_2026,Bảo hiểm Xã hội Hoàn Kiếm - Hà Nội,OTH_BHXH_HN_HK,bao hiem xa hoi hoan kiem ha noi,OTHER,Annotator_A,HIGH,Khớp hoàn toàn danh mục hành chính chuẩn,2026-09-12,DataVietNam,2026-09-12
OTH_UBND_HN_CG,Ủy ban nhân dân Cầu Giấy - Hà Nội,OTHER,province,2018,2026,dvc_2018,https://dichvucong.gov.vn/archive/2018,generated_catalog,source,2026-09-12T19:42:24.601202,crawl_2018_2026,Ủy ban nhân dân Cầu Giấy - Hà Nội,OTH_UBND_HN_CG,uy ban nhan dan cau giay ha noi,OTHER,Annotator_A,HIGH,Khớp hoàn toàn danh mục hành chính chuẩn,2026-09-12,DataVietNam,2026-09-12
OTH_BHXH_HN_CG,Bảo hiểm Xã hội Cầu Giấy - Hà Nội,OTHER,province,2018,2026,dvc_2018,https://dichvucong.gov.vn/archive/2018,generated_catalog,source,2026-09-12T19:42:24.601202,crawl_2018_2026,Bảo hiểm Xã hội Cầu Giấy - Hà Nội,OTH_BHXH_HN_CG,bao hiem xa hoi cau giay ha noi,OTHER,Annotator_A,HIGH,Khớp hoàn toàn danh mục hành chính chuẩn,2026-09-12,DataVietNam,2026-09-12
OTH_UBND_HN_DD,Ủy ban nhân dân Đống Đa - Hà Nội,OTHER,province,2018,2026,dvc_2018,https://dichvucong.gov.vn/archive/2018,generated_catalog,source,2026-09-12T19:42:24.601202,crawl_2018_2026,Ủy ban nhân dân Đống Đa - Hà Nội,OTH_UBND_HN_DD,uy ban nhan dan ong a ha noi,OTHER,Annotator_A,HIGH,Khớp hoàn toàn danh mục hành chính chuẩn,2026-09-12,DataVietNam,2026-09-12
OTH_BHXH_HN_DD,Bảo hiểm Xã hội Đống Đa - Hà Nội,OTHER,province,2018,2026,dvc_2018,https://dichvucong.gov.vn/archive/2018,generated_catalog,source,2026-09-12T19:42:24.601202,crawl_2018_2026,Bảo hiểm Xã hội Đống Đa - Hà Nội,OTH_BHXH_HN_DD,bao hiem xa hoi ong a ha noi,OTHER,Annotator_A,HIGH,Khớp hoàn toàn danh mục hành chính chuẩn,2026-09-12,DataVietNam,2026-09-12
OTH_UBND_HN_TX,Ủy ban nhân dân Thanh Xuân - Hà Nội,OTHER,province,2018,2026,dvc_2018,https://dichvucong.gov.vn/archive/2018,generated_catalog,source,2026-09-12T19:42:24.601202,crawl_2018_2026,Ủy ban nhân dân Thanh Xuân - Hà Nội,OTH_UBND_HN_TX,uy ban nhan dan thanh xuan ha noi,OTHER,Annotator_A,HIGH,Khớp hoàn toàn danh mục hành chính chuẩn,2026-09-12,DataVietNam,2026-09-12
OTH_BHXH_HN_TX,Bảo hiểm Xã hội Thanh Xuân - Hà Nội,OTHER,province,2018,2026,dvc_2018,https://dichvucong.gov.vn/archive/2018,generated_catalog,source,2026-09-12T19:42:24.601202,crawl_2018_2026,Bảo hiểm Xã hội Thanh Xuân - Hà Nội,OTH_BHXH_HN_TX,bao hiem xa hoi thanh xuan ha noi,OTHER,Annotator_A,HIGH,Khớp hoàn toàn danh mục hành chính chuẩn,2026-09-12,DataVietNam,2026-09-12
OTH_UBND_HN_GL,Ủy ban nhân dân Gia Lâm - Hà Nội,OTHER,province,2018,2026,dvc_2018,https://dichvucong.gov.vn/archive/2018,generated_catalog,source,2026-09-12T19:42:24.601202,crawl_2018_2026,Ủy ban nhân dân Gia Lâm - Hà Nội,OTH_UBND_HN_GL,uy ban nhan dan gia lam ha noi,OTHER,Annotator_A,HIGH,Khớp hoàn toàn danh mục hành chính chuẩn,2026-09-12,DataVietNam,2026-09-12
OTH_BHXH_HN_GL,Bảo hiểm Xã hội Gia Lâm - Hà Nội,OTHER,province,2018,2026,dvc_2018,https://dichvucong.gov.vn/archive/2018,generated_catalog,source,2026-09-12T19:42:24.601202,crawl_2018_2026,Bảo hiểm Xã hội Gia Lâm - Hà Nội,OTH_BHXH_HN_GL,bao hiem xa hoi gia lam ha noi,OTHER,Annotator_A,HIGH,Khớp hoàn toàn danh mục hành chính chuẩn,2026-09-12,DataVietNam,2026-09-12
OTH_UBND_HN_SOC,Ủy ban nhân dân Sóc Sơn - Hà Nội,OTHER,province,2018,2026,dvc_2018,https://dichvucong.gov.vn/archive/2018,generated_catalog,source,2026-09-12T19:42:24.601202,crawl_2018_2026,Ủy ban nhân dân Sóc Sơn - Hà Nội,OTH_UBND_HN_SOC,uy ban nhan dan soc son ha noi,OTHER,Annotator_A,HIGH,Khớp hoàn toàn danh mục hành chính chuẩn,2026-09-12,DataVietNam,2026-09-12
OTH_BHXH_HN_SOC,Bảo hiểm Xã hội Sóc Sơn - Hà Nội,OTHER,province,2018,2026,dvc_2018,https://dichvucong.gov.vn/archive/2018,generated_catalog,source,2026-09-12T19:42:24.601202,crawl_2018_2026,Bảo hiểm Xã hội Sóc Sơn - Hà Nội,OTH_BHXH_HN_SOC,bao hiem xa hoi soc son ha noi,OTHER,Annotator_A,HIGH,Khớp hoàn toàn danh mục hành chính chuẩn,2026-09-12,DataVietNam,2026-09-12
OTH_UBND_HN_DDA,Ủy ban nhân dân Đông Anh - Hà Nội,OTHER,province,2018,2026,dvc_2018,https://dichvucong.gov.vn/archive/2018,generated_catalog,source,2026-09-12T19:42:24.601202,crawl_2018_2026,Ủy ban nhân dân Đông Anh - Hà Nội,OTH_UBND_HN_DDA,uy ban nhan dan ong anh ha noi,OTHER,Annotator_A,HIGH,Khớp hoàn toàn danh mục hành chính chuẩn,2026-09-12,DataVietNam,2026-09-12
OTH_BHXH_HN_DDA,Bảo hiểm Xã hội Đông Anh - Hà Nội,OTHER,province,2018,2026,dvc_2018,https://dichvucong.gov.vn/archive/2018,generated_catalog,source,2026-09-12T19:42:24.601202,crawl_2018_2026,Bảo hiểm Xã hội Đông Anh - Hà Nội,OTH_BHXH_HN_DDA,bao hiem xa hoi ong anh ha noi,OTHER,Annotator_A,HIGH,Khớp hoàn toàn danh mục hành chính chuẩn,2026-09-12,DataVietNam,2026-09-12
OTH_UBND_HTAY_HDO,Ủy ban nhân dân Hà Đông - Hà Tây,OTHER,province,2018,2026,legacy_record_dvc,https://dichvucong.gov.vn/archive/2018,generated_catalog,source,2026-09-12T19:42:24.601202,crawl_2018_2026,Ủy ban nhân dân Hà Đông - Hà Tây,OTH_UBND_HTAY_HDO,uy ban nhan dan ha ong ha tay,OTHER,Annotator_A,MEDIUM,Đơn vị lịch sử sáp nhập (Hà Tây hoặc legacy) — cần xác nhận,2026-09-12,DataVietNam,2026-09-12
OTH_BHXH_HTAY_HDO,Bảo hiểm Xã hội Hà Đông - Hà Tây,OTHER,province,2018,2026,legacy_record_dvc,https://dichvucong.gov.vn/archive/2018,generated_catalog,source,2026-09-12T19:42:24.601202,crawl_2018_2026,Bảo hiểm Xã hội Hà Đông - Hà Tây,OTH_BHXH_HTAY_HDO,bao hiem xa hoi ha ong ha tay,OTHER,Annotator_A,MEDIUM,Đơn vị lịch sử sáp nhập (Hà Tây hoặc legacy) — cần xác nhận,2026-09-12,DataVietNam,2026-09-12
OTH_UBND_HTAY_ST,Ủy ban nhân dân Sơn Tây - Hà Tây,OTHER,province,2018,2026,legacy_record_dvc,https://dichvucong.gov.vn/archive/2018,generated_catalog,source,2026-09-12T19:42:24.601202,crawl_2018_2026,Ủy ban nhân dân Sơn Tây - Hà Tây,OTH_UBND_HTAY_ST,uy ban nhan dan son tay ha tay,OTHER,Annotator_A,MEDIUM,Đơn vị lịch sử sáp nhập (Hà Tây hoặc legacy) — cần xác nhận,2026-09-12,DataVietNam,2026-09-12
OTH_BHXH_HTAY_ST,Bảo hiểm Xã hội Sơn Tây - Hà Tây,OTHER,province,2018,2026,legacy_record_dvc,https://dichvucong.gov.vn/archive/2018,generated_catalog,source,2026-09-12T19:42:24.601202,crawl_2018_2026,Bảo hiểm Xã hội Sơn Tây - Hà Tây,OTH_BHXH_HTAY_ST,bao hiem xa hoi son tay ha tay,OTHER,Annotator_A,MEDIUM,Đơn vị lịch sử sáp nhập (Hà Tây hoặc legacy) — cần xác nhận,2026-09-12,DataVietNam,2026-09-12
OTH_UBND_HTAY_BV,Ủy ban nhân dân Ba Vì - Hà Tây,OTHER,province,2018,2026,legacy_record_dvc,https://dichvucong.gov.vn/archive/2018,generated_catalog,source,2026-09-12T19:42:24.601202,crawl_2018_2026,Ủy ban nhân dân Ba Vì - Hà Tây,OTH_UBND_HTAY_BV,uy ban nhan dan ba vi ha tay,OTHER,Annotator_A,MEDIUM,Đơn vị lịch sử sáp nhập (Hà Tây hoặc legacy) — cần xác nhận,2026-09-12,DataVietNam,2026-09-12
OTH_BHXH_HTAY_BV,Bảo hiểm Xã hội Ba Vì - Hà Tây,OTHER,province,2018,2026,legacy_record_dvc,https://dichvucong.gov.vn/archive/2018,generated_catalog,source,2026-09-12T19:42:24.601202,crawl_2018_2026,Bảo hiểm Xã hội Ba Vì - Hà Tây,OTH_BHXH_HTAY_BV,bao hiem xa hoi ba vi ha tay,OTHER,Annotator_A,MEDIUM,Đơn vị lịch sử sáp nhập (Hà Tây hoặc legacy) — cần xác nhận,2026-09-12,DataVietNam,2026-09-12
OTH_UBND_HTAY_CT,Ủy ban nhân dân Chương Mỹ - Hà Tây,OTHER,province,2018,2026,legacy_record_dvc,https://dichvucong.gov.vn/archive/2018,generated_catalog,source,2026-09-12T19:42:24.601202,crawl_2018_2026,Ủy ban nhân dân Chương Mỹ - Hà Tây,OTH_UBND_HTAY_CT,uy ban nhan dan chuong my ha tay,OTHER,Annotator_A,MEDIUM,Đơn vị lịch sử sáp nhập (Hà Tây hoặc legacy) — cần xác nhận,2026-09-12,DataVietNam,2026-09-12
OTH_BHXH_HTAY_CT,Bảo hiểm Xã hội Chương Mỹ - Hà Tây,OTHER,province,2018,2026,legacy_record_dvc,https://dichvucong.gov.vn/archive/2018,generated_catalog,source,2026-09-12T19:42:24.601202,crawl_2018_2026,Bảo hiểm Xã hội Chương Mỹ - Hà Tây,OTH_BHXH_HTAY_CT,bao hiem xa hoi chuong my ha tay,OTHER,Annotator_A,MEDIUM,Đơn vị lịch sử sáp nhập (Hà Tây hoặc legacy) — cần xác nhận,2026-09-12,DataVietNam,2026-09-12
OTH_UBND_HCM_Q1,Ủy ban nhân dân Quận 1 - Thành phố Hồ Chí Minh,OTHER,province,2018,2026,dvc_2018,https://dichvucong.gov.vn/archive/2018,generated_catalog,source,2026-09-12T19:42:24.601202,crawl_2018_2026,Ủy ban nhân dân Quận 1 - Thành phố Hồ Chí Minh,OTH_UBND_HCM_Q1,uy ban nhan dan quan 1 thanh pho ho chi minh,OTHER,Annotator_A,HIGH,Khớp hoàn toàn danh mục hành chính chuẩn,2026-09-12,DataVietNam,2026-09-12
OTH_BHXH_HCM_Q1,Bảo hiểm Xã hội Quận 1 - Thành phố Hồ Chí Minh,OTHER,province,2018,2026,dvc_2018,https://dichvucong.gov.vn/archive/2018,generated_catalog,source,2026-09-12T19:42:24.601202,crawl_2018_2026,Bảo hiểm Xã hội Quận 1 - Thành phố Hồ Chí Minh,OTH_BHXH_HCM_Q1,bao hiem xa hoi quan 1 thanh pho ho chi minh,OTHER,Annotator_A,HIGH,Khớp hoàn toàn danh mục hành chính chuẩn,2026-09-12,DataVietNam,2026-09-12
OTH_UBND_HCM_Q3,Ủy ban nhân dân Quận 3 - Thành phố Hồ Chí Minh,OTHER,province,2018,2026,dvc_2018,https://dichvucong.gov.vn/archive/2018,generated_catalog,source,2026-09-12T19:42:24.601202,crawl_2018_2026,Ủy ban nhân dân Quận 3 - Thành phố Hồ Chí Minh,OTH_UBND_HCM_Q3,uy ban nhan dan quan 3 thanh pho ho chi minh,OTHER,Annotator_A,HIGH,Khớp hoàn toàn danh mục hành chính chuẩn,2026-09-12,DataVietNam,2026-09-12
OTH_BHXH_HCM_Q3,Bảo hiểm Xã hội Quận 3 - Thành phố Hồ Chí Minh,OTHER,province,2018,2026,dvc_2018,https://dichvucong.gov.vn/archive/2018,generated_catalog,source,2026-09-12T19:42:24.601202,crawl_2018_2026,Bảo hiểm Xã hội Quận 3 - Thành phố Hồ Chí Minh,OTH_BHXH_HCM_Q3,bao hiem xa hoi quan 3 thanh pho ho chi minh,OTHER,Annotator_A,HIGH,Khớp hoàn toàn danh mục hành chính chuẩn,2026-09-12,DataVietNam,2026-09-12
OTH_UBND_HCM_Q7,Ủy ban nhân dân Quận 7 - Thành phố Hồ Chí Minh,OTHER,province,2018,2026,dvc_2018,https://dichvucong.gov.vn/archive/2018,generated_catalog,source,2026-09-12T19:42:24.601202,crawl_2018_2026,Ủy ban nhân dân Quận 7 - Thành phố Hồ Chí Minh,OTH_UBND_HCM_Q7,uy ban nhan dan quan 7 thanh pho ho chi minh,OTHER,Annotator_A,HIGH,Khớp hoàn toàn danh mục hành chính chuẩn,2026-09-12,DataVietNam,2026-09-12
OTH_BHXH_HCM_Q7,Bảo hiểm Xã hội Quận 7 - Thành phố Hồ Chí Minh,OTHER,province,2018,2026,dvc_2018,https://dichvucong.gov.vn/archive/2018,generated_catalog,source,2026-09-12T19:42:24.601202,crawl_2018_2026,Bảo hiểm Xã hội Quận 7 - Thành phố Hồ Chí Minh,OTH_BHXH_HCM_Q7,bao hiem xa hoi quan 7 thanh pho ho chi minh,OTHER,Annotator_A,HIGH,Khớp hoàn toàn danh mục hành chính chuẩn,2026-09-12,DataVietNam,2026-09-12
OTH_UBND_HCM_BT,Ủy ban nhân dân Bình Thạnh - Thành phố Hồ Chí Minh,OTHER,province,2018,2026,dvc_2018,https://dichvucong.gov.vn/archive/2018,generated_catalog,source,2026-09-12T19:42:24.601202,crawl_2018_2026,Ủy ban nhân dân Bình Thạnh - Thành phố Hồ Chí Minh,OTH_UBND_HCM_BT,uy ban nhan dan binh thanh thanh pho ho chi minh,OTHER,Annotator_A,HIGH,Khớp hoàn toàn danh mục hành chính chuẩn,2026-09-12,DataVietNam,2026-09-12
OTH_BHXH_HCM_BT,Bảo hiểm Xã hội Bình Thạnh - Thành phố Hồ Chí Minh,OTHER,province,2018,2026,dvc_2018,https://dichvucong.gov.vn/archive/2018,generated_catalog,source,2026-09-12T19:42:24.601202,crawl_2018_2026,Bảo hiểm Xã hội Bình Thạnh - Thành phố Hồ Chí Minh,OTH_BHXH_HCM_BT,bao hiem xa hoi binh thanh thanh pho ho chi minh,OTHER,Annotator_A,HIGH,Khớp hoàn toàn danh mục hành chính chuẩn,2026-09-12,DataVietNam,2026-09-12
OTH_UBND_HCM_TB,Ủy ban nhân dân Tân Bình - Thành phố Hồ Chí Minh,OTHER,province,2018,2026,dvc_2018,https://dichvucong.gov.vn/archive/2018,generated_catalog,source,2026-09-12T19:42:24.601202,crawl_2018_2026,Ủy ban nhân dân Tân Bình - Thành phố Hồ Chí Minh,OTH_UBND_HCM_TB,uy ban nhan dan tan binh thanh pho ho chi minh,OTHER,Annotator_A,HIGH,Khớp hoàn toàn danh mục hành chính chuẩn,2026-09-12,DataVietNam,2026-09-12
OTH_BHXH_HCM_TB,Bảo hiểm Xã hội Tân Bình - Thành phố Hồ Chí Minh,OTHER,province,2018,2026,dvc_2018,https://dichvucong.gov.vn/archive/2018,generated_catalog,source,2026-09-12T19:42:24.601202,crawl_2018_2026,Bảo hiểm Xã hội Tân Bình - Thành phố Hồ Chí Minh,OTH_BHXH_HCM_TB,bao hiem xa hoi tan binh thanh pho ho chi minh,OTHER,Annotator_A,HIGH,Khớp hoàn toàn danh mục hành chính chuẩn,2026-09-12,DataVietNam,2026-09-12
OTH_UBND_HCM_GV,Ủy ban nhân dân Gò Vấp - Thành phố Hồ Chí Minh,OTHER,province,2018,2026,dvc_2018,https://dichvucong.gov.vn/archive/2018,generated_catalog,source,2026-09-12T19:42:24.601202,crawl_2018_2026,Ủy ban nhân dân Gò Vấp - Thành phố Hồ Chí Minh,OTH_UBND_HCM_GV,uy ban nhan dan go vap thanh pho ho chi minh,OTHER,Annotator_A,HIGH,Khớp hoàn toàn danh mục hành chính chuẩn,2026-09-12,DataVietNam,2026-09-12
OTH_BHXH_HCM_GV,Bảo hiểm Xã hội Gò Vấp - Thành phố Hồ Chí Minh,OTHER,province,2018,2026,dvc_2018,https://dichvucong.gov.vn/archive/2018,generated_catalog,source,2026-09-12T19:42:24.601202,crawl_2018_2026,Bảo hiểm Xã hội Gò Vấp - Thành phố Hồ Chí Minh,OTH_BHXH_HCM_GV,bao hiem xa hoi go vap thanh pho ho chi minh,OTHER,Annotator_A,HIGH,Khớp hoàn toàn danh mục hành chính chuẩn,2026-09-12,DataVietNam,2026-09-12
OTH_UBND_HCM_BC,Ủy ban nhân dân Bình Chánh - Thành phố Hồ Chí Minh,OTHER,province,2018,2026,dvc_2018,https://dichvucong.gov.vn/archive/2018,generated_catalog,source,2026-09-12T19:42:24.601202,crawl_2018_2026,Ủy ban nhân dân Bình Chánh - Thành phố Hồ Chí Minh,OTH_UBND_HCM_BC,uy ban nhan dan binh chanh thanh pho ho chi minh,OTHER,Annotator_A,HIGH,Khớp hoàn toàn danh mục hành chính chuẩn,2026-09-12,DataVietNam,2026-09-12
OTH_BHXH_HCM_BC,Bảo hiểm Xã hội Bình Chánh - Thành phố Hồ Chí Minh,OTHER,province,2018,2026,dvc_2018,https://dichvucong.gov.vn/archive/2018,generated_catalog,source,2026-09-12T19:42:24.601202,crawl_2018_2026,Bảo hiểm Xã hội Bình Chánh - Thành phố Hồ Chí Minh,OTH_BHXH_HCM_BC,bao hiem xa hoi binh chanh thanh pho ho chi minh,OTHER,Annotator_A,HIGH,Khớp hoàn toàn danh mục hành chính chuẩn,2026-09-12,DataVietNam,2026-09-12
OTH_UBND_HCM_HM,Ủy ban nhân dân Hóc Môn - Thành phố Hồ Chí Minh,OTHER,province,2018,2026,dvc_2018,https://dichvucong.gov.vn/archive/2018,generated_catalog,source,2026-09-12T19:42:24.601202,crawl_2018_2026,Ủy ban nhân dân Hóc Môn - Thành phố Hồ Chí Minh,OTH_UBND_HCM_HM,uy ban nhan dan hoc mon thanh pho ho chi minh,OTHER,Annotator_A,HIGH,Khớp hoàn toàn danh mục hành chính chuẩn,2026-09-12,DataVietNam,2026-09-12
OTH_BHXH_HCM_HM,Bảo hiểm Xã hội Hóc Môn - Thành phố Hồ Chí Minh,OTHER,province,2018,2026,dvc_2018,https://dichvucong.gov.vn/archive/2018,generated_catalog,source,2026-09-12T19:42:24.601202,crawl_2018_2026,Bảo hiểm Xã hội Hóc Môn - Thành phố Hồ Chí Minh,OTH_BHXH_HCM_HM,bao hiem xa hoi hoc mon thanh pho ho chi minh,OTHER,Annotator_A,HIGH,Khớp hoàn toàn danh mục hành chính chuẩn,2026-09-12,DataVietNam,2026-09-12
OTH_UBND_DN_HC,Ủy ban nhân dân Hải Châu - Đà Nẵng,OTHER,province,2018,2026,dvc_2018,https://dichvucong.gov.vn/archive/2018,generated_catalog,source,2026-09-12T19:42:24.601202,crawl_2018_2026,Ủy ban nhân dân Hải Châu - Đà Nẵng,OTH_UBND_DN_HC,uy ban nhan dan hai chau a nang,OTHER,Annotator_A,HIGH,Khớp hoàn toàn danh mục hành chính chuẩn,2026-09-12,DataVietNam,2026-09-12
OTH_BHXH_DN_HC,Bảo hiểm Xã hội Hải Châu - Đà Nẵng,OTHER,province,2018,2026,dvc_2018,https://dichvucong.gov.vn/archive/2018,generated_catalog,source,2026-09-12T19:42:24.601202,crawl_2018_2026,Bảo hiểm Xã hội Hải Châu - Đà Nẵng,OTH_BHXH_DN_HC,bao hiem xa hoi hai chau a nang,OTHER,Annotator_A,HIGH,Khớp hoàn toàn danh mục hành chính chuẩn,2026-09-12,DataVietNam,2026-09-12
OTH_UBND_DN_TK,Ủy ban nhân dân Thanh Khê - Đà Nẵng,OTHER,province,2018,2026,dvc_2018,https://dichvucong.gov.vn/archive/2018,generated_catalog,source,2026-09-12T19:42:24.601202,crawl_2018_2026,Ủy ban nhân dân Thanh Khê - Đà Nẵng,OTH_UBND_DN_TK,uy ban nhan dan thanh khe a nang,OTHER,Annotator_A,HIGH,Khớp hoàn toàn danh mục hành chính chuẩn,2026-09-12,DataVietNam,2026-09-12
OTH_BHXH_DN_TK,Bảo hiểm Xã hội Thanh Khê - Đà Nẵng,OTHER,province,2018,2026,dvc_2018,https://dichvucong.gov.vn/archive/2018,generated_catalog,source,2026-09-12T19:42:24.601202,crawl_2018_2026,Bảo hiểm Xã hội Thanh Khê - Đà Nẵng,OTH_BHXH_DN_TK,bao hiem xa hoi thanh khe a nang,OTHER,Annotator_A,HIGH,Khớp hoàn toàn danh mục hành chính chuẩn,2026-09-12,DataVietNam,2026-09-12
OTH_UBND_DN_NHS,Ủy ban nhân dân Ngũ Hành Sơn - Đà Nẵng,OTHER,province,2018,2026,dvc_2018,https://dichvucong.gov.vn/archive/2018,generated_catalog,source,2026-09-12T19:42:24.601202,crawl_2018_2026,Ủy ban nhân dân Ngũ Hành Sơn - Đà Nẵng,OTH_UBND_DN_NHS,uy ban nhan dan ngu hanh son a nang,OTHER,Annotator_A,HIGH,Khớp hoàn toàn danh mục hành chính chuẩn,2026-09-12,DataVietNam,2026-09-12
OTH_BHXH_DN_NHS,Bảo hiểm Xã hội Ngũ Hành Sơn - Đà Nẵng,OTHER,province,2018,2026,dvc_2018,https://dichvucong.gov.vn/archive/2018,generated_catalog,source,2026-09-12T19:42:24.601202,crawl_2018_2026,Bảo hiểm Xã hội Ngũ Hành Sơn - Đà Nẵng,OTH_BHXH_DN_NHS,bao hiem xa hoi ngu hanh son a nang,OTHER,Annotator_A,HIGH,Khớp hoàn toàn danh mục hành chính chuẩn,2026-09-12,DataVietNam,2026-09-12
OTH_UBND_DN_CL,Ủy ban nhân dân Cẩm Lệ - Đà Nẵng,OTHER,province,2018,2026,dvc_2018,https://dichvucong.gov.vn/archive/2018,generated_catalog,source,2026-09-12T19:42:24.601202,crawl_2018_2026,Ủy ban nhân dân Cẩm Lệ - Đà Nẵng,OTH_UBND_DN_CL,uy ban nhan dan cam le a nang,OTHER,Annotator_A,HIGH,Khớp hoàn toàn danh mục hành chính chuẩn,2026-09-12,DataVietNam,2026-09-12
OTH_BHXH_DN_CL,Bảo hiểm Xã hội Cẩm Lệ - Đà Nẵng,OTHER,province,2018,2026,dvc_2018,https://dichvucong.gov.vn/archive/2018,generated_catalog,source,2026-09-12T19:42:24.601202,crawl_2018_2026,Bảo hiểm Xã hội Cẩm Lệ - Đà Nẵng,OTH_BHXH_DN_CL,bao hiem xa hoi cam le a nang,OTHER,Annotator_A,HIGH,Khớp hoàn toàn danh mục hành chính chuẩn,2026-09-12,DataVietNam,2026-09-12
OTH_UBND_HP_HB,Ủy ban nhân dân Hồng Bàng - Hải Phòng,OTHER,province,2018,2026,dvc_2018,https://dichvucong.gov.vn/archive/2018,generated_catalog,source,2026-09-12T19:42:24.601202,crawl_2018_2026,Ủy ban nhân dân Hồng Bàng - Hải Phòng,OTH_UBND_HP_HB,uy ban nhan dan hong bang hai phong,OTHER,Annotator_A,HIGH,Khớp hoàn toàn danh mục hành chính chuẩn,2026-09-12,DataVietNam,2026-09-12
OTH_BHXH_HP_HB,Bảo hiểm Xã hội Hồng Bàng - Hải Phòng,OTHER,province,2018,2026,dvc_2018,https://dichvucong.gov.vn/archive/2018,generated_catalog,source,2026-09-12T19:42:24.601202,crawl_2018_2026,Bảo hiểm Xã hội Hồng Bàng - Hải Phòng,OTH_BHXH_HP_HB,bao hiem xa hoi hong bang hai phong,OTHER,Annotator_A,HIGH,Khớp hoàn toàn danh mục hành chính chuẩn,2026-09-12,DataVietNam,2026-09-12
OTH_UBND_HP_NG,Ủy ban nhân dân Ngô Quyền - Hải Phòng,OTHER,province,2018,2026,dvc_2018,https://dichvucong.gov.vn/archive/2018,generated_catalog,source,2026-09-12T19:42:24.601202,crawl_2018_2026,Ủy ban nhân dân Ngô Quyền - Hải Phòng,OTH_UBND_HP_NG,uy ban nhan dan ngo quyen hai phong,OTHER,Annotator_A,HIGH,Khớp hoàn toàn danh mục hành chính chuẩn,2026-09-12,DataVietNam,2026-09-12
OTH_BHXH_HP_NG,Bảo hiểm Xã hội Ngô Quyền - Hải Phòng,OTHER,province,2018,2026,dvc_2018,https://dichvucong.gov.vn/archive/2018,generated_catalog,source,2026-09-12T19:42:24.601202,crawl_2018_2026,Bảo hiểm Xã hội Ngô Quyền - Hải Phòng,OTH_BHXH_HP_NG,bao hiem xa hoi ngo quyen hai phong,OTHER,Annotator_A,HIGH,Khớp hoàn toàn danh mục hành chính chuẩn,2026-09-12,DataVietNam,2026-09-12
OTH_UBND_HP_LC,Ủy ban nhân dân Lê Chân - Hải Phòng,OTHER,province,2018,2026,dvc_2018,https://dichvucong.gov.vn/archive/2018,generated_catalog,source,2026-09-12T19:42:24.601202,crawl_2018_2026,Ủy ban nhân dân Lê Chân - Hải Phòng,OTH_UBND_HP_LC,uy ban nhan dan le chan hai phong,OTHER,Annotator_A,HIGH,Khớp hoàn toàn danh mục hành chính chuẩn,2026-09-12,DataVietNam,2026-09-12
OTH_BHXH_HP_LC,Bảo hiểm Xã hội Lê Chân - Hải Phòng,OTHER,province,2018,2026,dvc_2018,https://dichvucong.gov.vn/archive/2018,generated_catalog,source,2026-09-12T19:42:24.601202,crawl_2018_2026,Bảo hiểm Xã hội Lê Chân - Hải Phòng,OTH_BHXH_HP_LC,bao hiem xa hoi le chan hai phong,OTHER,Annotator_A,HIGH,Khớp hoàn toàn danh mục hành chính chuẩn,2026-09-12,DataVietNam,2026-09-12
OTH_UBND_HP_AD,Ủy ban nhân dân An Dương - Hải Phòng,OTHER,province,2018,2026,dvc_2018,https://dichvucong.gov.vn/archive/2018,generated_catalog,source,2026-09-12T19:42:24.601202,crawl_2018_2026,Ủy ban nhân dân An Dương - Hải Phòng,OTH_UBND_HP_AD,uy ban nhan dan an duong hai phong,OTHER,Annotator_A,HIGH,Khớp hoàn toàn danh mục hành chính chuẩn,2026-09-12,DataVietNam,2026-09-12
OTH_BHXH_HP_AD,Bảo hiểm Xã hội An Dương - Hải Phòng,OTHER,province,2018,2026,dvc_2018,https://dichvucong.gov.vn/archive/2018,generated_catalog,source,2026-09-12T19:42:24.601202,crawl_2018_2026,Bảo hiểm Xã hội An Dương - Hải Phòng,OTH_BHXH_HP_AD,bao hiem xa hoi an duong hai phong,OTHER,Annotator_A,HIGH,Khớp hoàn toàn danh mục hành chính chuẩn,2026-09-12,DataVietNam,2026-09-12
OTH_UBND_DNAI_BH,Ủy ban nhân dân Biên Hòa - Đồng Nai,OTHER,province,2018,2026,dvc_2018,https://dichvucong.gov.vn/archive/2018,generated_catalog,source,2026-09-12T19:42:24.601202,crawl_2018_2026,Ủy ban nhân dân Biên Hòa - Đồng Nai,OTH_UBND_DNAI_BH,uy ban nhan dan bien hoa ong nai,OTHER,Annotator_A,HIGH,Khớp hoàn toàn danh mục hành chính chuẩn,2026-09-12,DataVietNam,2026-09-12
OTH_BHXH_DNAI_BH,Bảo hiểm Xã hội Biên Hòa - Đồng Nai,OTHER,province,2018,2026,dvc_2018,https://dichvucong.gov.vn/archive/2018,generated_catalog,source,2026-09-12T19:42:24.601202,crawl_2018_2026,Bảo hiểm Xã hội Biên Hòa - Đồng Nai,OTH_BHXH_DNAI_BH,bao hiem xa hoi bien hoa ong nai,OTHER,Annotator_A,HIGH,Khớp hoàn toàn danh mục hành chính chuẩn,2026-09-12,DataVietNam,2026-09-12
OTH_UBND_DNAI_LK,Ủy ban nhân dân Long Khánh - Đồng Nai,OTHER,province,2018,2026,dvc_2018,https://dichvucong.gov.vn/archive/2018,generated_catalog,source,2026-09-12T19:42:24.601202,crawl_2018_2026,Ủy ban nhân dân Long Khánh - Đồng Nai,OTH_UBND_DNAI_LK,uy ban nhan dan long khanh ong nai,OTHER,Annotator_A,HIGH,Khớp hoàn toàn danh mục hành chính chuẩn,2026-09-12,DataVietNam,2026-09-12
OTH_BHXH_DNAI_LK,Bảo hiểm Xã hội Long Khánh - Đồng Nai,OTHER,province,2018,2026,dvc_2018,https://dichvucong.gov.vn/archive/2018,generated_catalog,source,2026-09-12T19:42:24.601202,crawl_2018_2026,Bảo hiểm Xã hội Long Khánh - Đồng Nai,OTH_BHXH_DNAI_LK,bao hiem xa hoi long khanh ong nai,OTHER,Annotator_A,HIGH,Khớp hoàn toàn danh mục hành chính chuẩn,2026-09-12,DataVietNam,2026-09-12
OTH_UBND_DNAI_LT,Ủy ban nhân dân Long Thành - Đồng Nai,OTHER,province,2018,2026,dvc_2018,https://dichvucong.gov.vn/archive/2018,generated_catalog,source,2026-09-12T19:42:24.601202,crawl_2018_2026,Ủy ban nhân dân Long Thành - Đồng Nai,OTH_UBND_DNAI_LT,uy ban nhan dan long thanh ong nai,OTHER,Annotator_A,HIGH,Khớp hoàn toàn danh mục hành chính chuẩn,2026-09-12,DataVietNam,2026-09-12
OTH_BHXH_DNAI_LT,Bảo hiểm Xã hội Long Thành - Đồng Nai,OTHER,province,2018,2026,dvc_2018,https://dichvucong.gov.vn/archive/2018,generated_catalog,source,2026-09-12T19:42:24.601202,crawl_2018_2026,Bảo hiểm Xã hội Long Thành - Đồng Nai,OTH_BHXH_DNAI_LT,bao hiem xa hoi long thanh ong nai,OTHER,Annotator_A,HIGH,Khớp hoàn toàn danh mục hành chính chuẩn,2026-09-12,DataVietNam,2026-09-12
OTH_UBND_DNAI_TRB,Ủy ban nhân dân Trảng Bom - Đồng Nai,OTHER,province,2018,2026,dvc_2018,https://dichvucong.gov.vn/archive/2018,generated_catalog,source,2026-09-12T19:42:24.601202,crawl_2018_2026,Ủy ban nhân dân Trảng Bom - Đồng Nai,OTH_UBND_DNAI_TRB,uy ban nhan dan trang bom ong nai,OTHER,Annotator_A,HIGH,Khớp hoàn toàn danh mục hành chính chuẩn,2026-09-12,DataVietNam,2026-09-12
OTH_BHXH_DNAI_TRB,Bảo hiểm Xã hội Trảng Bom - Đồng Nai,OTHER,province,2018,2026,dvc_2018,https://dichvucong.gov.vn/archive/2018,generated_catalog,source,2026-09-12T19:42:24.601202,crawl_2018_2026,Bảo hiểm Xã hội Trảng Bom - Đồng Nai,OTH_BHXH_DNAI_TRB,bao hiem xa hoi trang bom ong nai,OTHER,Annotator_A,HIGH,Khớp hoàn toàn danh mục hành chính chuẩn,2026-09-12,DataVietNam,2026-09-12
OTH_UBND_BD_TDM,Ủy ban nhân dân Thủ Dầu Một - Bình Dương,OTHER,province,2018,2026,dvc_2018,https://dichvucong.gov.vn/archive/2018,generated_catalog,source,2026-09-12T19:42:24.601202,crawl_2018_2026,Ủy ban nhân dân Thủ Dầu Một - Bình Dương,OTH_UBND_BD_TDM,uy ban nhan dan thu dau mot binh duong,OTHER,Annotator_A,HIGH,Khớp hoàn toàn danh mục hành chính chuẩn,2026-09-12,DataVietNam,2026-09-12
OTH_BHXH_BD_TDM,Bảo hiểm Xã hội Thủ Dầu Một - Bình Dương,OTHER,province,2018,2026,dvc_2018,https://dichvucong.gov.vn/archive/2018,generated_catalog,source,2026-09-12T19:42:24.601202,crawl_2018_2026,Bảo hiểm Xã hội Thủ Dầu Một - Bình Dương,OTH_BHXH_BD_TDM,bao hiem xa hoi thu dau mot binh duong,OTHER,Annotator_A,HIGH,Khớp hoàn toàn danh mục hành chính chuẩn,2026-09-12,DataVietNam,2026-09-12
OTH_UBND_BD_DA,Ủy ban nhân dân Dĩ An - Bình Dương,OTHER,province,2018,2026,dvc_2018,https://dichvucong.gov.vn/archive/2018,generated_catalog,source,2026-09-12T19:42:24.601202,crawl_2018_2026,Ủy ban nhân dân Dĩ An - Bình Dương,OTH_UBND_BD_DA,uy ban nhan dan di an binh duong,OTHER,Annotator_A,HIGH,Khớp hoàn toàn danh mục hành chính chuẩn,2026-09-12,DataVietNam,2026-09-12
OTH_BHXH_BD_DA,Bảo hiểm Xã hội Dĩ An - Bình Dương,OTHER,province,2018,2026,dvc_2018,https://dichvucong.gov.vn/archive/2018,generated_catalog,source,2026-09-12T19:42:24.601202,crawl_2018_2026,Bảo hiểm Xã hội Dĩ An - Bình Dương,OTH_BHXH_BD_DA,bao hiem xa hoi di an binh duong,OTHER,Annotator_A,HIGH,Khớp hoàn toàn danh mục hành chính chuẩn,2026-09-12,DataVietNam,2026-09-12
OTH_UBND_BD_TA,Ủy ban nhân dân Thuận An - Bình Dương,OTHER,province,2018,2026,dvc_2018,https://dichvucong.gov.vn/archive/2018,generated_catalog,source,2026-09-12T19:42:24.601202,crawl_2018_2026,Ủy ban nhân dân Thuận An - Bình Dương,OTH_UBND_BD_TA,uy ban nhan dan thuan an binh duong,OTHER,Annotator_A,HIGH,Khớp hoàn toàn danh mục hành chính chuẩn,2026-09-12,DataVietNam,2026-09-12
OTH_BHXH_BD_TA,Bảo hiểm Xã hội Thuận An - Bình Dương,OTHER,province,2018,2026,dvc_2018,https://dichvucong.gov.vn/archive/2018,generated_catalog,source,2026-09-12T19:42:24.601202,crawl_2018_2026,Bảo hiểm Xã hội Thuận An - Bình Dương,OTH_BHXH_BD_TA,bao hiem xa hoi thuan an binh duong,OTHER,Annotator_A,HIGH,Khớp hoàn toàn danh mục hành chính chuẩn,2026-09-12,DataVietNam,2026-09-12
OTH_UBND_BD_BCT,Ủy ban nhân dân Bến Cát - Bình Dương,OTHER,province,2018,2026,dvc_2018,https://dichvucong.gov.vn/archive/2018,generated_catalog,source,2026-09-12T19:42:24.601202,crawl_2018_2026,Ủy ban nhân dân Bến Cát - Bình Dương,OTH_UBND_BD_BCT,uy ban nhan dan ben cat binh duong,OTHER,Annotator_A,HIGH,Khớp hoàn toàn danh mục hành chính chuẩn,2026-09-12,DataVietNam,2026-09-12
OTH_BHXH_BD_BCT,Bảo hiểm Xã hội Bến Cát - Bình Dương,OTHER,province,2018,2026,dvc_2018,https://dichvucong.gov.vn/archive/2018,generated_catalog,source,2026-09-12T19:42:24.601202,crawl_2018_2026,Bảo hiểm Xã hội Bến Cát - Bình Dương,OTH_BHXH_BD_BCT,bao hiem xa hoi ben cat binh duong,OTHER,Annotator_A,HIGH,Khớp hoàn toàn danh mục hành chính chuẩn,2026-09-12,DataVietNam,2026-09-12
OTH_HDND_HN,Hội đồng nhân dân Hà Nội,OTHER,province,2018,2026,dvc_2018,https://dichvucong.gov.vn/archive/2018,generated_catalog,source,2026-09-12T19:42:24.601202,crawl_2018_2026,Hội đồng nhân dân Hà Nội,OTH_HDND_HN,hoi ong nhan dan ha noi,OTHER,Annotator_A,HIGH,Khớp hoàn toàn danh mục hành chính chuẩn,2026-09-12,DataVietNam,2026-09-12
OTH_TAND_HN,Tòa án nhân dân Hà Nội,OTHER,province,2018,2026,dvc_2018,https://dichvucong.gov.vn/archive/2018,generated_catalog,source,2026-09-12T19:42:24.601202,crawl_2018_2026,Tòa án nhân dân Hà Nội,OTH_TAND_HN,toa an nhan dan ha noi,OTHER,Annotator_A,HIGH,Khớp hoàn toàn danh mục hành chính chuẩn,2026-09-12,DataVietNam,2026-09-12
OTH_VKSND_HN,Viện kiểm sát nhân dân Hà Nội,OTHER,province,2018,2026,dvc_2018,https://dichvucong.gov.vn/archive/2018,generated_catalog,source,2026-09-12T19:42:24.601202,crawl_2018_2026,Viện kiểm sát nhân dân Hà Nội,OTH_VKSND_HN,vien kiem sat nhan dan ha noi,OTHER,Annotator_A,MEDIUM,Tên có thể gây nhầm lẫn ngành/ngoài ngành,2026-09-12,DataVietNam,2026-09-12
OTH_HDND_HTAY,Hội đồng nhân dân Hà Tây,OTHER,province,2018,2026,legacy_record_dvc,https://dichvucong.gov.vn/archive/2018,generated_catalog,source,2026-09-12T19:42:24.601202,crawl_2018_2026,Hội đồng nhân dân Hà Tây,OTH_HDND_HTAY,hoi ong nhan dan ha tay,OTHER,Annotator_A,MEDIUM,Đơn vị lịch sử sáp nhập (Hà Tây hoặc legacy) — cần xác nhận,2026-09-12,DataVietNam,2026-09-12
OTH_TAND_HTAY,Tòa án nhân dân Hà Tây,OTHER,province,2018,2026,legacy_record_dvc,https://dichvucong.gov.vn/archive/2018,generated_catalog,source,2026-09-12T19:42:24.601202,crawl_2018_2026,Tòa án nhân dân Hà Tây,OTH_TAND_HTAY,toa an nhan dan ha tay,OTHER,Annotator_A,MEDIUM,Đơn vị lịch sử sáp nhập (Hà Tây hoặc legacy) — cần xác nhận,2026-09-12,DataVietNam,2026-09-12
OTH_VKSND_HTAY,Viện kiểm sát nhân dân Hà Tây,OTHER,province,2018,2026,legacy_record_dvc,https://dichvucong.gov.vn/archive/2018,generated_catalog,source,2026-09-12T19:42:24.601202,crawl_2018_2026,Viện kiểm sát nhân dân Hà Tây,OTH_VKSND_HTAY,vien kiem sat nhan dan ha tay,OTHER,Annotator_A,MEDIUM,Đơn vị lịch sử sáp nhập (Hà Tây hoặc legacy) — cần xác nhận,2026-09-12,DataVietNam,2026-09-12
OTH_HDND_HCM,Hội đồng nhân dân Thành phố Hồ Chí Minh,OTHER,province,2018,2026,dvc_2018,https://dichvucong.gov.vn/archive/2018,generated_catalog,source,2026-09-12T19:42:24.601202,crawl_2018_2026,Hội đồng nhân dân Thành phố Hồ Chí Minh,OTH_HDND_HCM,hoi ong nhan dan thanh pho ho chi minh,OTHER,Annotator_A,HIGH,Khớp hoàn toàn danh mục hành chính chuẩn,2026-09-12,DataVietNam,2026-09-12
OTH_TAND_HCM,Tòa án nhân dân Thành phố Hồ Chí Minh,OTHER,province,2018,2026,dvc_2018,https://dichvucong.gov.vn/archive/2018,generated_catalog,source,2026-09-12T19:42:24.601202,crawl_2018_2026,Tòa án nhân dân Thành phố Hồ Chí Minh,OTH_TAND_HCM,toa an nhan dan thanh pho ho chi minh,OTHER,Annotator_A,HIGH,Khớp hoàn toàn danh mục hành chính chuẩn,2026-09-12,DataVietNam,2026-09-12
OTH_VKSND_HCM,Viện kiểm sát nhân dân Thành phố Hồ Chí Minh,OTHER,province,2018,2026,dvc_2018,https://dichvucong.gov.vn/archive/2018,generated_catalog,source,2026-09-12T19:42:24.601202,crawl_2018_2026,Viện kiểm sát nhân dân Thành phố Hồ Chí Minh,OTH_VKSND_HCM,vien kiem sat nhan dan thanh pho ho chi minh,OTHER,Annotator_A,MEDIUM,Tên có thể gây nhầm lẫn ngành/ngoài ngành,2026-09-12,DataVietNam,2026-09-12
OTH_HDND_DN,Hội đồng nhân dân Đà Nẵng,OTHER,province,2018,2026,dvc_2018,https://dichvucong.gov.vn/archive/2018,generated_catalog,source,2026-09-12T19:42:24.601202,crawl_2018_2026,Hội đồng nhân dân Đà Nẵng,OTH_HDND_DN,hoi ong nhan dan a nang,OTHER,Annotator_A,HIGH,Khớp hoàn toàn danh mục hành chính chuẩn,2026-09-12,DataVietNam,2026-09-12
OTH_TAND_DN,Tòa án nhân dân Đà Nẵng,OTHER,province,2018,2026,dvc_2018,https://dichvucong.gov.vn/archive/2018,generated_catalog,source,2026-09-12T19:42:24.601202,crawl_2018_2026,Tòa án nhân dân Đà Nẵng,OTH_TAND_DN,toa an nhan dan a nang,OTHER,Annotator_A,HIGH,Khớp hoàn toàn danh mục hành chính chuẩn,2026-09-12,DataVietNam,2026-09-12
OTH_VKSND_DN,Viện kiểm sát nhân dân Đà Nẵng,OTHER,province,2018,2026,dvc_2018,https://dichvucong.gov.vn/archive/2018,generated_catalog,source,2026-09-12T19:42:24.601202,crawl_2018_2026,Viện kiểm sát nhân dân Đà Nẵng,OTH_VKSND_DN,vien kiem sat nhan dan a nang,OTHER,Annotator_A,MEDIUM,Tên có thể gây nhầm lẫn ngành/ngoài ngành,2026-09-12,DataVietNam,2026-09-12
OTH_HDND_HP,Hội đồng nhân dân Hải Phòng,OTHER,province,2018,2026,dvc_2018,https://dichvucong.gov.vn/archive/2018,generated_catalog,source,2026-09-12T19:42:24.601202,crawl_2018_2026,Hội đồng nhân dân Hải Phòng,OTH_HDND_HP,hoi ong nhan dan hai phong,OTHER,Annotator_A,HIGH,Khớp hoàn toàn danh mục hành chính chuẩn,2026-09-12,DataVietNam,2026-09-12
OTH_TAND_HP,Tòa án nhân dân Hải Phòng,OTHER,province,2018,2026,dvc_2018,https://dichvucong.gov.vn/archive/2018,generated_catalog,source,2026-09-12T19:42:24.601202,crawl_2018_2026,Tòa án nhân dân Hải Phòng,OTH_TAND_HP,toa an nhan dan hai phong,OTHER,Annotator_A,HIGH,Khớp hoàn toàn danh mục hành chính chuẩn,2026-09-12,DataVietNam,2026-09-12
OTH_VKSND_HP,Viện kiểm sát nhân dân Hải Phòng,OTHER,province,2018,2026,dvc_2018,https://dichvucong.gov.vn/archive/2018,generated_catalog,source,2026-09-12T19:42:24.601202,crawl_2018_2026,Viện kiểm sát nhân dân Hải Phòng,OTH_VKSND_HP,vien kiem sat nhan dan hai phong,OTHER,Annotator_A,MEDIUM,Tên có thể gây nhầm lẫn ngành/ngoài ngành,2026-09-12,DataVietNam,2026-09-12
OTH_HDND_CT,Hội đồng nhân dân Cần Thơ,OTHER,province,2018,2026,dvc_2018,https://dichvucong.gov.vn/archive/2018,generated_catalog,source,2026-09-12T19:42:24.601202,crawl_2018_2026,Hội đồng nhân dân Cần Thơ,OTH_HDND_CT,hoi ong nhan dan can tho,OTHER,Annotator_A,HIGH,Khớp hoàn toàn danh mục hành chính chuẩn,2026-09-12,DataVietNam,2026-09-12
OTH_TAND_CT,Tòa án nhân dân Cần Thơ,OTHER,province,2018,2026,dvc_2018,https://dichvucong.gov.vn/archive/2018,generated_catalog,source,2026-09-12T19:42:24.601202,crawl_2018_2026,Tòa án nhân dân Cần Thơ,OTH_TAND_CT,toa an nhan dan can tho,OTHER,Annotator_A,HIGH,Khớp hoàn toàn danh mục hành chính chuẩn,2026-09-12,DataVietNam,2026-09-12
OTH_VKSND_CT,Viện kiểm sát nhân dân Cần Thơ,OTHER,province,2018,2026,dvc_2018,https://dichvucong.gov.vn/archive/2018,generated_catalog,source,2026-09-12T19:42:24.601202,crawl_2018_2026,Viện kiểm sát nhân dân Cần Thơ,OTH_VKSND_CT,vien kiem sat nhan dan can tho,OTHER,Annotator_A,MEDIUM,Tên có thể gây nhầm lẫn ngành/ngoài ngành,2026-09-12,DataVietNam,2026-09-12
OTH_HDND_DNAI,Hội đồng nhân dân Đồng Nai,OTHER,province,2018,2026,dvc_2018,https://dichvucong.gov.vn/archive/2018,generated_catalog,source,2026-09-12T19:42:24.601202,crawl_2018_2026,Hội đồng nhân dân Đồng Nai,OTH_HDND_DNAI,hoi ong nhan dan ong nai,OTHER,Annotator_A,HIGH,Khớp hoàn toàn danh mục hành chính chuẩn,2026-09-12,DataVietNam,2026-09-12
OTH_TAND_DNAI,Tòa án nhân dân Đồng Nai,OTHER,province,2018,2026,dvc_2018,https://dichvucong.gov.vn/archive/2018,generated_catalog,source,2026-09-12T19:42:24.601202,crawl_2018_2026,Tòa án nhân dân Đồng Nai,OTH_TAND_DNAI,toa an nhan dan ong nai,OTHER,Annotator_A,HIGH,Khớp hoàn toàn danh mục hành chính chuẩn,2026-09-12,DataVietNam,2026-09-12
OTH_VKSND_DNAI,Viện kiểm sát nhân dân Đồng Nai,OTHER,province,2018,2026,dvc_2018,https://dichvucong.gov.vn/archive/2018,generated_catalog,source,2026-09-12T19:42:24.601202,crawl_2018_2026,Viện kiểm sát nhân dân Đồng Nai,OTH_VKSND_DNAI,vien kiem sat nhan dan ong nai,OTHER,Annotator_A,MEDIUM,Tên có thể gây nhầm lẫn ngành/ngoài ngành,2026-09-12,DataVietNam,2026-09-12
OTH_HDND_BD,Hội đồng nhân dân Bình Dương,OTHER,province,2018,2026,dvc_2018,https://dichvucong.gov.vn/archive/2018,generated_catalog,source,2026-09-12T19:42:24.601202,crawl_2018_2026,Hội đồng nhân dân Bình Dương,OTH_HDND_BD,hoi ong nhan dan binh duong,OTHER,Annotator_A,HIGH,Khớp hoàn toàn danh mục hành chính chuẩn,2026-09-12,DataVietNam,2026-09-12
OTH_TAND_BD,Tòa án nhân dân Bình Dương,OTHER,province,2018,2026,dvc_2018,https://dichvucong.gov.vn/archive/2018,generated_catalog,source,2026-09-12T19:42:24.601202,crawl_2018_2026,Tòa án nhân dân Bình Dương,OTH_TAND_BD,toa an nhan dan binh duong,OTHER,Annotator_A,HIGH,Khớp hoàn toàn danh mục hành chính chuẩn,2026-09-12,DataVietNam,2026-09-12
OTH_VKSND_BD,Viện kiểm sát nhân dân Bình Dương,OTHER,province,2018,2026,dvc_2018,https://dichvucong.gov.vn/archive/2018,generated_catalog,source,2026-09-12T19:42:24.601202,crawl_2018_2026,Viện kiểm sát nhân dân Bình Dương,OTH_VKSND_BD,vien kiem sat nhan dan binh duong,OTHER,Annotator_A,MEDIUM,Tên có thể gây nhầm lẫn ngành/ngoài ngành,2026-09-12,DataVietNam,2026-09-12
OTH_HDND_VT,Hội đồng nhân dân Bà Rịa - Vũng Tàu,OTHER,province,2018,2026,dvc_2018,https://dichvucong.gov.vn/archive/2018,generated_catalog,source,2026-09-12T19:42:24.601202,crawl_2018_2026,Hội đồng nhân dân Bà Rịa - Vũng Tàu,OTH_HDND_VT,hoi ong nhan dan ba ria vung tau,OTHER,Annotator_A,HIGH,Khớp hoàn toàn danh mục hành chính chuẩn,2026-09-12,DataVietNam,2026-09-12
OTH_TAND_VT,Tòa án nhân dân Bà Rịa - Vũng Tàu,OTHER,province,2018,2026,dvc_2018,https://dichvucong.gov.vn/archive/2018,generated_catalog,source,2026-09-12T19:42:24.601202,crawl_2018_2026,Tòa án nhân dân Bà Rịa - Vũng Tàu,OTH_TAND_VT,toa an nhan dan ba ria vung tau,OTHER,Annotator_A,HIGH,Khớp hoàn toàn danh mục hành chính chuẩn,2026-09-12,DataVietNam,2026-09-12
OTH_VKSND_VT,Viện kiểm sát nhân dân Bà Rịa - Vũng Tàu,OTHER,province,2018,2026,dvc_2018,https://dichvucong.gov.vn/archive/2018,generated_catalog,source,2026-09-12T19:42:24.601202,crawl_2018_2026,Viện kiểm sát nhân dân Bà Rịa - Vũng Tàu,OTH_VKSND_VT,vien kiem sat nhan dan ba ria vung tau,OTHER,Annotator_A,MEDIUM,Tên có thể gây nhầm lẫn ngành/ngoài ngành,2026-09-12,DataVietNam,2026-09-12
OTH_HDND_TNI,Hội đồng nhân dân Tây Ninh,OTHER,province,2018,2026,dvc_2018,https://dichvucong.gov.vn/archive/2018,generated_catalog,source,2026-09-12T19:42:24.601202,crawl_2018_2026,Hội đồng nhân dân Tây Ninh,OTH_HDND_TNI,hoi ong nhan dan tay ninh,OTHER,Annotator_A,HIGH,Khớp hoàn toàn danh mục hành chính chuẩn,2026-09-12,DataVietNam,2026-09-12
OTH_TAND_TNI,Tòa án nhân dân Tây Ninh,OTHER,province,2018,2026,dvc_2018,https://dichvucong.gov.vn/archive/2018,generated_catalog,source,2026-09-12T19:42:24.601202,crawl_2018_2026,Tòa án nhân dân Tây Ninh,OTH_TAND_TNI,toa an nhan dan tay ninh,OTHER,Annotator_A,HIGH,Khớp hoàn toàn danh mục hành chính chuẩn,2026-09-12,DataVietNam,2026-09-12
OTH_VKSND_TNI,Viện kiểm sát nhân dân Tây Ninh,OTHER,province,2018,2026,dvc_2018,https://dichvucong.gov.vn/archive/2018,generated_catalog,source,2026-09-12T19:42:24.601202,crawl_2018_2026,Viện kiểm sát nhân dân Tây Ninh,OTH_VKSND_TNI,vien kiem sat nhan dan tay ninh,OTHER,Annotator_A,MEDIUM,Tên có thể gây nhầm lẫn ngành/ngoài ngành,2026-09-12,DataVietNam,2026-09-12
OTH_HDND_BPC,Hội đồng nhân dân Bình Phước,OTHER,province,2018,2026,dvc_2018,https://dichvucong.gov.vn/archive/2018,generated_catalog,source,2026-09-12T19:42:24.601202,crawl_2018_2026,Hội đồng nhân dân Bình Phước,OTH_HDND_BPC,hoi ong nhan dan binh phuoc,OTHER,Annotator_A,HIGH,Khớp hoàn toàn danh mục hành chính chuẩn,2026-09-12,DataVietNam,2026-09-12
OTH_TAND_BPC,Tòa án nhân dân Bình Phước,OTHER,province,2018,2026,dvc_2018,https://dichvucong.gov.vn/archive/2018,generated_catalog,source,2026-09-12T19:42:24.601202,crawl_2018_2026,Tòa án nhân dân Bình Phước,OTH_TAND_BPC,toa an nhan dan binh phuoc,OTHER,Annotator_A,HIGH,Khớp hoàn toàn danh mục hành chính chuẩn,2026-09-12,DataVietNam,2026-09-12
OTH_VKSND_BPC,Viện kiểm sát nhân dân Bình Phước,OTHER,province,2018,2026,dvc_2018,https://dichvucong.gov.vn/archive/2018,generated_catalog,source,2026-09-12T19:42:24.601202,crawl_2018_2026,Viện kiểm sát nhân dân Bình Phước,OTH_VKSND_BPC,vien kiem sat nhan dan binh phuoc,OTHER,Annotator_A,MEDIUM,Tên có thể gây nhầm lẫn ngành/ngoài ngành,2026-09-12,DataVietNam,2026-09-12
OTH_HDND_AGI,Hội đồng nhân dân An Giang,OTHER,province,2018,2026,dvc_2018,https://dichvucong.gov.vn/archive/2018,generated_catalog,source,2026-09-12T19:42:24.601202,crawl_2018_2026,Hội đồng nhân dân An Giang,OTH_HDND_AGI,hoi ong nhan dan an giang,OTHER,Annotator_A,HIGH,Khớp hoàn toàn danh mục hành chính chuẩn,2026-09-12,DataVietNam,2026-09-12
OTH_TAND_AGI,Tòa án nhân dân An Giang,OTHER,province,2018,2026,dvc_2018,https://dichvucong.gov.vn/archive/2018,generated_catalog,source,2026-09-12T19:42:24.601202,crawl_2018_2026,Tòa án nhân dân An Giang,OTH_TAND_AGI,toa an nhan dan an giang,OTHER,Annotator_A,HIGH,Khớp hoàn toàn danh mục hành chính chuẩn,2026-09-12,DataVietNam,2026-09-12
OTH_VKSND_AGI,Viện kiểm sát nhân dân An Giang,OTHER,province,2018,2026,dvc_2018,https://dichvucong.gov.vn/archive/2018,generated_catalog,source,2026-09-12T19:42:24.601202,crawl_2018_2026,Viện kiểm sát nhân dân An Giang,OTH_VKSND_AGI,vien kiem sat nhan dan an giang,OTHER,Annotator_A,MEDIUM,Tên có thể gây nhầm lẫn ngành/ngoài ngành,2026-09-12,DataVietNam,2026-09-12
OTH_HDND_KGI,Hội đồng nhân dân Kiên Giang,OTHER,province,2018,2026,dvc_2018,https://dichvucong.gov.vn/archive/2018,generated_catalog,source,2026-09-12T19:42:24.601202,crawl_2018_2026,Hội đồng nhân dân Kiên Giang,OTH_HDND_KGI,hoi ong nhan dan kien giang,OTHER,Annotator_A,HIGH,Khớp hoàn toàn danh mục hành chính chuẩn,2026-09-12,DataVietNam,2026-09-12
OTH_TAND_KGI,Tòa án nhân dân Kiên Giang,OTHER,province,2018,2026,dvc_2018,https://dichvucong.gov.vn/archive/2018,generated_catalog,source,2026-09-12T19:42:24.601202,crawl_2018_2026,Tòa án nhân dân Kiên Giang,OTH_TAND_KGI,toa an nhan dan kien giang,OTHER,Annotator_A,HIGH,Khớp hoàn toàn danh mục hành chính chuẩn,2026-09-12,DataVietNam,2026-09-12
OTH_VKSND_KGI,Viện kiểm sát nhân dân Kiên Giang,OTHER,province,2018,2026,dvc_2018,https://dichvucong.gov.vn/archive/2018,generated_catalog,source,2026-09-12T19:42:24.601202,crawl_2018_2026,Viện kiểm sát nhân dân Kiên Giang,OTH_VKSND_KGI,vien kiem sat nhan dan kien giang,OTHER,Annotator_A,MEDIUM,Tên có thể gây nhầm lẫn ngành/ngoài ngành,2026-09-12,DataVietNam,2026-09-12
OTH_HDND_CM,Hội đồng nhân dân Cà Mau,OTHER,province,2018,2026,dvc_2018,https://dichvucong.gov.vn/archive/2018,generated_catalog,source,2026-09-12T19:42:24.601202,crawl_2018_2026,Hội đồng nhân dân Cà Mau,OTH_HDND_CM,hoi ong nhan dan ca mau,OTHER,Annotator_A,HIGH,Khớp hoàn toàn danh mục hành chính chuẩn,2026-09-12,DataVietNam,2026-09-12
OTH_TAND_CM,Tòa án nhân dân Cà Mau,OTHER,province,2018,2026,dvc_2018,https://dichvucong.gov.vn/archive/2018,generated_catalog,source,2026-09-12T19:42:24.601202,crawl_2018_2026,Tòa án nhân dân Cà Mau,OTH_TAND_CM,toa an nhan dan ca mau,OTHER,Annotator_A,HIGH,Khớp hoàn toàn danh mục hành chính chuẩn,2026-09-12,DataVietNam,2026-09-12
OTH_VKSND_CM,Viện kiểm sát nhân dân Cà Mau,OTHER,province,2018,2026,dvc_2018,https://dichvucong.gov.vn/archive/2018,generated_catalog,source,2026-09-12T19:42:24.601202,crawl_2018_2026,Viện kiểm sát nhân dân Cà Mau,OTH_VKSND_CM,vien kiem sat nhan dan ca mau,OTHER,Annotator_A,MEDIUM,Tên có thể gây nhầm lẫn ngành/ngoài ngành,2026-09-12,DataVietNam,2026-09-12
OTH_HDND_HAG,Hội đồng nhân dân Hậu Giang,OTHER,province,2018,2026,dvc_2018,https://dichvucong.gov.vn/archive/2018,generated_catalog,source,2026-09-12T19:42:24.601202,crawl_2018_2026,Hội đồng nhân dân Hậu Giang,OTH_HDND_HAG,hoi ong nhan dan hau giang,OTHER,Annotator_A,HIGH,Khớp hoàn toàn danh mục hành chính chuẩn,2026-09-12,DataVietNam,2026-09-12
OTH_TAND_HAG,Tòa án nhân dân Hậu Giang,OTHER,province,2018,2026,dvc_2018,https://dichvucong.gov.vn/archive/2018,generated_catalog,source,2026-09-12T19:42:24.601202,crawl_2018_2026,Tòa án nhân dân Hậu Giang,OTH_TAND_HAG,toa an nhan dan hau giang,OTHER,Annotator_A,HIGH,Khớp hoàn toàn danh mục hành chính chuẩn,2026-09-12,DataVietNam,2026-09-12
OTH_VKSND_HAG,Viện kiểm sát nhân dân Hậu Giang,OTHER,province,2018,2026,dvc_2018,https://dichvucong.gov.vn/archive/2018,generated_catalog,source,2026-09-12T19:42:24.601202,crawl_2018_2026,Viện kiểm sát nhân dân Hậu Giang,OTH_VKSND_HAG,vien kiem sat nhan dan hau giang,OTHER,Annotator_A,MEDIUM,Tên có thể gây nhầm lẫn ngành/ngoài ngành,2026-09-12,DataVietNam,2026-09-12
OTH_HDND_ST,Hội đồng nhân dân Sóc Trăng,OTHER,province,2018,2026,dvc_2018,https://dichvucong.gov.vn/archive/2018,generated_catalog,source,2026-09-12T19:42:24.601202,crawl_2018_2026,Hội đồng nhân dân Sóc Trăng,OTH_HDND_ST,hoi ong nhan dan soc trang,OTHER,Annotator_A,HIGH,Khớp hoàn toàn danh mục hành chính chuẩn,2026-09-12,DataVietNam,2026-09-12
OTH_TAND_ST,Tòa án nhân dân Sóc Trăng,OTHER,province,2018,2026,dvc_2018,https://dichvucong.gov.vn/archive/2018,generated_catalog,source,2026-09-12T19:42:24.601202,crawl_2018_2026,Tòa án nhân dân Sóc Trăng,OTH_TAND_ST,toa an nhan dan soc trang,OTHER,Annotator_A,HIGH,Khớp hoàn toàn danh mục hành chính chuẩn,2026-09-12,DataVietNam,2026-09-12
OTH_VKSND_ST,Viện kiểm sát nhân dân Sóc Trăng,OTHER,province,2018,2026,dvc_2018,https://dichvucong.gov.vn/archive/2018,generated_catalog,source,2026-09-12T19:42:24.601202,crawl_2018_2026,Viện kiểm sát nhân dân Sóc Trăng,OTH_VKSND_ST,vien kiem sat nhan dan soc trang,OTHER,Annotator_A,MEDIUM,Tên có thể gây nhầm lẫn ngành/ngoài ngành,2026-09-12,DataVietNam,2026-09-12
OTH_HDND_BL,Hội đồng nhân dân Bạc Liêu,OTHER,province,2018,2026,dvc_2018,https://dichvucong.gov.vn/archive/2018,generated_catalog,source,2026-09-12T19:42:24.601202,crawl_2018_2026,Hội đồng nhân dân Bạc Liêu,OTH_HDND_BL,hoi ong nhan dan bac lieu,OTHER,Annotator_A,HIGH,Khớp hoàn toàn danh mục hành chính chuẩn,2026-09-12,DataVietNam,2026-09-12
OTH_TAND_BL,Tòa án nhân dân Bạc Liêu,OTHER,province,2018,2026,dvc_2018,https://dichvucong.gov.vn/archive/2018,generated_catalog,source,2026-09-12T19:42:24.601202,crawl_2018_2026,Tòa án nhân dân Bạc Liêu,OTH_TAND_BL,toa an nhan dan bac lieu,OTHER,Annotator_A,HIGH,Khớp hoàn toàn danh mục hành chính chuẩn,2026-09-12,DataVietNam,2026-09-12
OTH_VKSND_BL,Viện kiểm sát nhân dân Bạc Liêu,OTHER,province,2018,2026,dvc_2018,https://dichvucong.gov.vn/archive/2018,generated_catalog,source,2026-09-12T19:42:24.601202,crawl_2018_2026,Viện kiểm sát nhân dân Bạc Liêu,OTH_VKSND_BL,vien kiem sat nhan dan bac lieu,OTHER,Annotator_A,MEDIUM,Tên có thể gây nhầm lẫn ngành/ngoài ngành,2026-09-12,DataVietNam,2026-09-12
OTH_HDND_TV,Hội đồng nhân dân Trà Vinh,OTHER,province,2018,2026,dvc_2018,https://dichvucong.gov.vn/archive/2018,generated_catalog,source,2026-09-12T19:42:24.601202,crawl_2018_2026,Hội đồng nhân dân Trà Vinh,OTH_HDND_TV,hoi ong nhan dan tra vinh,OTHER,Annotator_A,HIGH,Khớp hoàn toàn danh mục hành chính chuẩn,2026-09-12,DataVietNam,2026-09-12
OTH_TAND_TV,Tòa án nhân dân Trà Vinh,OTHER,province,2018,2026,dvc_2018,https://dichvucong.gov.vn/archive/2018,generated_catalog,source,2026-09-12T19:42:24.601202,crawl_2018_2026,Tòa án nhân dân Trà Vinh,OTH_TAND_TV,toa an nhan dan tra vinh,OTHER,Annotator_A,HIGH,Khớp hoàn toàn danh mục hành chính chuẩn,2026-09-12,DataVietNam,2026-09-12
OTH_VKSND_TV,Viện kiểm sát nhân dân Trà Vinh,OTHER,province,2018,2026,dvc_2018,https://dichvucong.gov.vn/archive/2018,generated_catalog,source,2026-09-12T19:42:24.601202,crawl_2018_2026,Viện kiểm sát nhân dân Trà Vinh,OTH_VKSND_TV,vien kiem sat nhan dan tra vinh,OTHER,Annotator_A,MEDIUM,Tên có thể gây nhầm lẫn ngành/ngoài ngành,2026-09-12,DataVietNam,2026-09-12
OTH_HDND_VL,Hội đồng nhân dân Vĩnh Long,OTHER,province,2018,2026,dvc_2018,https://dichvucong.gov.vn/archive/2018,generated_catalog,source,2026-09-12T19:42:24.601202,crawl_2018_2026,Hội đồng nhân dân Vĩnh Long,OTH_HDND_VL,hoi ong nhan dan vinh long,OTHER,Annotator_A,HIGH,Khớp hoàn toàn danh mục hành chính chuẩn,2026-09-12,DataVietNam,2026-09-12
OTH_TAND_VL,Tòa án nhân dân Vĩnh Long,OTHER,province,2018,2026,dvc_2018,https://dichvucong.gov.vn/archive/2018,generated_catalog,source,2026-09-12T19:42:24.601202,crawl_2018_2026,Tòa án nhân dân Vĩnh Long,OTH_TAND_VL,toa an nhan dan vinh long,OTHER,Annotator_A,HIGH,Khớp hoàn toàn danh mục hành chính chuẩn,2026-09-12,DataVietNam,2026-09-12
OTH_VKSND_VL,Viện kiểm sát nhân dân Vĩnh Long,OTHER,province,2018,2026,dvc_2018,https://dichvucong.gov.vn/archive/2018,generated_catalog,source,2026-09-12T19:42:24.601202,crawl_2018_2026,Viện kiểm sát nhân dân Vĩnh Long,OTH_VKSND_VL,vien kiem sat nhan dan vinh long,OTHER,Annotator_A,MEDIUM,Tên có thể gây nhầm lẫn ngành/ngoài ngành,2026-09-12,DataVietNam,2026-09-12
OTH_HDND_BT,Hội đồng nhân dân Bến Tre,OTHER,province,2018,2026,dvc_2018,https://dichvucong.gov.vn/archive/2018,generated_catalog,source,2026-09-12T19:42:24.601202,crawl_2018_2026,Hội đồng nhân dân Bến Tre,OTH_HDND_BT,hoi ong nhan dan ben tre,OTHER,Annotator_A,HIGH,Khớp hoàn toàn danh mục hành chính chuẩn,2026-09-12,DataVietNam,2026-09-12
OTH_TAND_BT,Tòa án nhân dân Bến Tre,OTHER,province,2018,2026,dvc_2018,https://dichvucong.gov.vn/archive/2018,generated_catalog,source,2026-09-12T19:42:24.601202,crawl_2018_2026,Tòa án nhân dân Bến Tre,OTH_TAND_BT,toa an nhan dan ben tre,OTHER,Annotator_A,HIGH,Khớp hoàn toàn danh mục hành chính chuẩn,2026-09-12,DataVietNam,2026-09-12
OTH_VKSND_BT,Viện kiểm sát nhân dân Bến Tre,OTHER,province,2018,2026,dvc_2018,https://dichvucong.gov.vn/archive/2018,generated_catalog,source,2026-09-12T19:42:24.601202,crawl_2018_2026,Viện kiểm sát nhân dân Bến Tre,OTH_VKSND_BT,vien kiem sat nhan dan ben tre,OTHER,Annotator_A,MEDIUM,Tên có thể gây nhầm lẫn ngành/ngoài ngành,2026-09-12,DataVietNam,2026-09-12
OTH_HDND_TG,Hội đồng nhân dân Tiền Giang,OTHER,province,2018,2026,dvc_2018,https://dichvucong.gov.vn/archive/2018,generated_catalog,source,2026-09-12T19:42:24.601202,crawl_2018_2026,Hội đồng nhân dân Tiền Giang,OTH_HDND_TG,hoi ong nhan dan tien giang,OTHER,Annotator_A,HIGH,Khớp hoàn toàn danh mục hành chính chuẩn,2026-09-12,DataVietNam,2026-09-12
OTH_TAND_TG,Tòa án nhân dân Tiền Giang,OTHER,province,2018,2026,dvc_2018,https://dichvucong.gov.vn/archive/2018,generated_catalog,source,2026-09-12T19:42:24.601202,crawl_2018_2026,Tòa án nhân dân Tiền Giang,OTH_TAND_TG,toa an nhan dan tien giang,OTHER,Annotator_A,HIGH,Khớp hoàn toàn danh mục hành chính chuẩn,2026-09-12,DataVietNam,2026-09-12
OTH_VKSND_TG,Viện kiểm sát nhân dân Tiền Giang,OTHER,province,2018,2026,dvc_2018,https://dichvucong.gov.vn/archive/2018,generated_catalog,source,2026-09-12T19:42:24.601202,crawl_2018_2026,Viện kiểm sát nhân dân Tiền Giang,OTH_VKSND_TG,vien kiem sat nhan dan tien giang,OTHER,Annotator_A,MEDIUM,Tên có thể gây nhầm lẫn ngành/ngoài ngành,2026-09-12,DataVietNam,2026-09-12
OTH_HDND_DT,Hội đồng nhân dân Đồng Tháp,OTHER,province,2018,2026,dvc_2018,https://dichvucong.gov.vn/archive/2018,generated_catalog,source,2026-09-12T19:42:24.601202,crawl_2018_2026,Hội đồng nhân dân Đồng Tháp,OTH_HDND_DT,hoi ong nhan dan ong thap,OTHER,Annotator_A,HIGH,Khớp hoàn toàn danh mục hành chính chuẩn,2026-09-12,DataVietNam,2026-09-12
OTH_TAND_DT,Tòa án nhân dân Đồng Tháp,OTHER,province,2018,2026,dvc_2018,https://dichvucong.gov.vn/archive/2018,generated_catalog,source,2026-09-12T19:42:24.601202,crawl_2018_2026,Tòa án nhân dân Đồng Tháp,OTH_TAND_DT,toa an nhan dan ong thap,OTHER,Annotator_A,HIGH,Khớp hoàn toàn danh mục hành chính chuẩn,2026-09-12,DataVietNam,2026-09-12
OTH_VKSND_DT,Viện kiểm sát nhân dân Đồng Tháp,OTHER,province,2018,2026,dvc_2018,https://dichvucong.gov.vn/archive/2018,generated_catalog,source,2026-09-12T19:42:24.601202,crawl_2018_2026,Viện kiểm sát nhân dân Đồng Tháp,OTH_VKSND_DT,vien kiem sat nhan dan ong thap,OTHER,Annotator_A,MEDIUM,Tên có thể gây nhầm lẫn ngành/ngoài ngành,2026-09-12,DataVietNam,2026-09-12
OTH_HDND_LA,Hội đồng nhân dân Long An,OTHER,province,2018,2026,dvc_2018,https://dichvucong.gov.vn/archive/2018,generated_catalog,source,2026-09-12T19:42:24.601202,crawl_2018_2026,Hội đồng nhân dân Long An,OTH_HDND_LA,hoi ong nhan dan long an,OTHER,Annotator_A,HIGH,Khớp hoàn toàn danh mục hành chính chuẩn,2026-09-12,DataVietNam,2026-09-12
OTH_TAND_LA,Tòa án nhân dân Long An,OTHER,province,2018,2026,dvc_2018,https://dichvucong.gov.vn/archive/2018,generated_catalog,source,2026-09-12T19:42:24.601202,crawl_2018_2026,Tòa án nhân dân Long An,OTH_TAND_LA,toa an nhan dan long an,OTHER,Annotator_A,HIGH,Khớp hoàn toàn danh mục hành chính chuẩn,2026-09-12,DataVietNam,2026-09-12
OTH_VKSND_LA,Viện kiểm sát nhân dân Long An,OTHER,province,2018,2026,dvc_2018,https://dichvucong.gov.vn/archive/2018,generated_catalog,source,2026-09-12T19:42:24.601202,crawl_2018_2026,Viện kiểm sát nhân dân Long An,OTH_VKSND_LA,vien kiem sat nhan dan long an,OTHER,Annotator_A,MEDIUM,Tên có thể gây nhầm lẫn ngành/ngoài ngành,2026-09-12,DataVietNam,2026-09-12
OTH_HDND_DLA,Hội đồng nhân dân Đắk Lắk,OTHER,province,2018,2026,dvc_2018,https://dichvucong.gov.vn/archive/2018,generated_catalog,source,2026-09-12T19:42:24.601202,crawl_2018_2026,Hội đồng nhân dân Đắk Lắk,OTH_HDND_DLA,hoi ong nhan dan ak lak,OTHER,Annotator_A,HIGH,Khớp hoàn toàn danh mục hành chính chuẩn,2026-09-12,DataVietNam,2026-09-12
OTH_TAND_DLA,Tòa án nhân dân Đắk Lắk,OTHER,province,2018,2026,dvc_2018,https://dichvucong.gov.vn/archive/2018,generated_catalog,source,2026-09-12T19:42:24.601202,crawl_2018_2026,Tòa án nhân dân Đắk Lắk,OTH_TAND_DLA,toa an nhan dan ak lak,OTHER,Annotator_A,HIGH,Khớp hoàn toàn danh mục hành chính chuẩn,2026-09-12,DataVietNam,2026-09-12
OTH_VKSND_DLA,Viện kiểm sát nhân dân Đắk Lắk,OTHER,province,2018,2026,dvc_2018,https://dichvucong.gov.vn/archive/2018,generated_catalog,source,2026-09-12T19:42:24.601202,crawl_2018_2026,Viện kiểm sát nhân dân Đắk Lắk,OTH_VKSND_DLA,vien kiem sat nhan dan ak lak,OTHER,Annotator_A,MEDIUM,Tên có thể gây nhầm lẫn ngành/ngoài ngành,2026-09-12,DataVietNam,2026-09-12
OTH_HDND_GLA,Hội đồng nhân dân Gia Lai,OTHER,province,2018,2026,dvc_2018,https://dichvucong.gov.vn/archive/2018,generated_catalog,source,2026-09-12T19:42:24.601202,crawl_2018_2026,Hội đồng nhân dân Gia Lai,OTH_HDND_GLA,hoi ong nhan dan gia lai,OTHER,Annotator_A,HIGH,Khớp hoàn toàn danh mục hành chính chuẩn,2026-09-12,DataVietNam,2026-09-12
OTH_TAND_GLA,Tòa án nhân dân Gia Lai,OTHER,province,2018,2026,dvc_2018,https://dichvucong.gov.vn/archive/2018,generated_catalog,source,2026-09-12T19:42:24.601202,crawl_2018_2026,Tòa án nhân dân Gia Lai,OTH_TAND_GLA,toa an nhan dan gia lai,OTHER,Annotator_A,HIGH,Khớp hoàn toàn danh mục hành chính chuẩn,2026-09-12,DataVietNam,2026-09-12
OTH_VKSND_GLA,Viện kiểm sát nhân dân Gia Lai,OTHER,province,2018,2026,dvc_2018,https://dichvucong.gov.vn/archive/2018,generated_catalog,source,2026-09-12T19:42:24.601202,crawl_2018_2026,Viện kiểm sát nhân dân Gia Lai,OTH_VKSND_GLA,vien kiem sat nhan dan gia lai,OTHER,Annotator_A,MEDIUM,Tên có thể gây nhầm lẫn ngành/ngoài ngành,2026-09-12,DataVietNam,2026-09-12
OTH_HDND_LD,Hội đồng nhân dân Lâm Đồng,OTHER,province,2018,2026,dvc_2018,https://dichvucong.gov.vn/archive/2018,generated_catalog,source,2026-09-12T19:42:24.601202,crawl_2018_2026,Hội đồng nhân dân Lâm Đồng,OTH_HDND_LD,hoi ong nhan dan lam ong,OTHER,Annotator_A,HIGH,Khớp hoàn toàn danh mục hành chính chuẩn,2026-09-12,DataVietNam,2026-09-12
OTH_TAND_LD,Tòa án nhân dân Lâm Đồng,OTHER,province,2018,2026,dvc_2018,https://dichvucong.gov.vn/archive/2018,generated_catalog,source,2026-09-12T19:42:24.601202,crawl_2018_2026,Tòa án nhân dân Lâm Đồng,OTH_TAND_LD,toa an nhan dan lam ong,OTHER,Annotator_A,HIGH,Khớp hoàn toàn danh mục hành chính chuẩn,2026-09-12,DataVietNam,2026-09-12
OTH_VKSND_LD,Viện kiểm sát nhân dân Lâm Đồng,OTHER,province,2018,2026,dvc_2018,https://dichvucong.gov.vn/archive/2018,generated_catalog,source,2026-09-12T19:42:24.601202,crawl_2018_2026,Viện kiểm sát nhân dân Lâm Đồng,OTH_VKSND_LD,vien kiem sat nhan dan lam ong,OTHER,Annotator_A,MEDIUM,Tên có thể gây nhầm lẫn ngành/ngoài ngành,2026-09-12,DataVietNam,2026-09-12
OTH_HDND_KT,Hội đồng nhân dân Kon Tum,OTHER,province,2018,2026,dvc_2018,https://dichvucong.gov.vn/archive/2018,generated_catalog,source,2026-09-12T19:42:24.601202,crawl_2018_2026,Hội đồng nhân dân Kon Tum,OTH_HDND_KT,hoi ong nhan dan kon tum,OTHER,Annotator_A,HIGH,Khớp hoàn toàn danh mục hành chính chuẩn,2026-09-12,DataVietNam,2026-09-12
OTH_TAND_KT,Tòa án nhân dân Kon Tum,OTHER,province,2018,2026,dvc_2018,https://dichvucong.gov.vn/archive/2018,generated_catalog,source,2026-09-12T19:42:24.601202,crawl_2018_2026,Tòa án nhân dân Kon Tum,OTH_TAND_KT,toa an nhan dan kon tum,OTHER,Annotator_A,HIGH,Khớp hoàn toàn danh mục hành chính chuẩn,2026-09-12,DataVietNam,2026-09-12
OTH_VKSND_KT,Viện kiểm sát nhân dân Kon Tum,OTHER,province,2018,2026,dvc_2018,https://dichvucong.gov.vn/archive/2018,generated_catalog,source,2026-09-12T19:42:24.601202,crawl_2018_2026,Viện kiểm sát nhân dân Kon Tum,OTH_VKSND_KT,vien kiem sat nhan dan kon tum,OTHER,Annotator_A,MEDIUM,Tên có thể gây nhầm lẫn ngành/ngoài ngành,2026-09-12,DataVietNam,2026-09-12
OTH_HDND_DNO,Hội đồng nhân dân Đắk Nông,OTHER,province,2018,2026,dvc_2018,https://dichvucong.gov.vn/archive/2018,generated_catalog,source,2026-09-12T19:42:24.601202,crawl_2018_2026,Hội đồng nhân dân Đắk Nông,OTH_HDND_DNO,hoi ong nhan dan ak nong,OTHER,Annotator_A,HIGH,Khớp hoàn toàn danh mục hành chính chuẩn,2026-09-12,DataVietNam,2026-09-12
OTH_TAND_DNO,Tòa án nhân dân Đắk Nông,OTHER,province,2018,2026,dvc_2018,https://dichvucong.gov.vn/archive/2018,generated_catalog,source,2026-09-12T19:42:24.601202,crawl_2018_2026,Tòa án nhân dân Đắk Nông,OTH_TAND_DNO,toa an nhan dan ak nong,OTHER,Annotator_A,HIGH,Khớp hoàn toàn danh mục hành chính chuẩn,2026-09-12,DataVietNam,2026-09-12
OTH_VKSND_DNO,Viện kiểm sát nhân dân Đắk Nông,OTHER,province,2018,2026,dvc_2018,https://dichvucong.gov.vn/archive/2018,generated_catalog,source,2026-09-12T19:42:24.601202,crawl_2018_2026,Viện kiểm sát nhân dân Đắk Nông,OTH_VKSND_DNO,vien kiem sat nhan dan ak nong,OTHER,Annotator_A,MEDIUM,Tên có thể gây nhầm lẫn ngành/ngoài ngành,2026-09-12,DataVietNam,2026-09-12
OTH_HDND_KHA,Hội đồng nhân dân Khánh Hòa,OTHER,province,2018,2026,dvc_2018,https://dichvucong.gov.vn/archive/2018,generated_catalog,source,2026-09-12T19:42:24.601202,crawl_2018_2026,Hội đồng nhân dân Khánh Hòa,OTH_HDND_KHA,hoi ong nhan dan khanh hoa,OTHER,Annotator_A,HIGH,Khớp hoàn toàn danh mục hành chính chuẩn,2026-09-12,DataVietNam,2026-09-12
OTH_TAND_KHA,Tòa án nhân dân Khánh Hòa,OTHER,province,2018,2026,dvc_2018,https://dichvucong.gov.vn/archive/2018,generated_catalog,source,2026-09-12T19:42:24.601202,crawl_2018_2026,Tòa án nhân dân Khánh Hòa,OTH_TAND_KHA,toa an nhan dan khanh hoa,OTHER,Annotator_A,HIGH,Khớp hoàn toàn danh mục hành chính chuẩn,2026-09-12,DataVietNam,2026-09-12
OTH_VKSND_KHA,Viện kiểm sát nhân dân Khánh Hòa,OTHER,province,2018,2026,dvc_2018,https://dichvucong.gov.vn/archive/2018,generated_catalog,source,2026-09-12T19:42:24.601202,crawl_2018_2026,Viện kiểm sát nhân dân Khánh Hòa,OTH_VKSND_KHA,vien kiem sat nhan dan khanh hoa,OTHER,Annotator_A,MEDIUM,Tên có thể gây nhầm lẫn ngành/ngoài ngành,2026-09-12,DataVietNam,2026-09-12
OTH_HDND_BTN,Hội đồng nhân dân Bình Thuận,OTHER,province,2018,2026,dvc_2018,https://dichvucong.gov.vn/archive/2018,generated_catalog,source,2026-09-12T19:42:24.601202,crawl_2018_2026,Hội đồng nhân dân Bình Thuận,OTH_HDND_BTN,hoi ong nhan dan binh thuan,OTHER,Annotator_A,HIGH,Khớp hoàn toàn danh mục hành chính chuẩn,2026-09-12,DataVietNam,2026-09-12
OTH_TAND_BTN,Tòa án nhân dân Bình Thuận,OTHER,province,2018,2026,dvc_2018,https://dichvucong.gov.vn/archive/2018,generated_catalog,source,2026-09-12T19:42:24.601202,crawl_2018_2026,Tòa án nhân dân Bình Thuận,OTH_TAND_BTN,toa an nhan dan binh thuan,OTHER,Annotator_A,HIGH,Khớp hoàn toàn danh mục hành chính chuẩn,2026-09-12,DataVietNam,2026-09-12
OTH_VKSND_BTN,Viện kiểm sát nhân dân Bình Thuận,OTHER,province,2018,2026,dvc_2018,https://dichvucong.gov.vn/archive/2018,generated_catalog,source,2026-09-12T19:42:24.601202,crawl_2018_2026,Viện kiểm sát nhân dân Bình Thuận,OTH_VKSND_BTN,vien kiem sat nhan dan binh thuan,OTHER,Annotator_A,MEDIUM,Tên có thể gây nhầm lẫn ngành/ngoài ngành,2026-09-12,DataVietNam,2026-09-12
OTH_HDND_NTN,Hội đồng nhân dân Ninh Thuận,OTHER,province,2018,2026,dvc_2018,https://dichvucong.gov.vn/archive/2018,generated_catalog,source,2026-09-12T19:42:24.601202,crawl_2018_2026,Hội đồng nhân dân Ninh Thuận,OTH_HDND_NTN,hoi ong nhan dan ninh thuan,OTHER,Annotator_A,HIGH,Khớp hoàn toàn danh mục hành chính chuẩn,2026-09-12,DataVietNam,2026-09-12
OTH_TAND_NTN,Tòa án nhân dân Ninh Thuận,OTHER,province,2018,2026,dvc_2018,https://dichvucong.gov.vn/archive/2018,generated_catalog,source,2026-09-12T19:42:24.601202,crawl_2018_2026,Tòa án nhân dân Ninh Thuận,OTH_TAND_NTN,toa an nhan dan ninh thuan,OTHER,Annotator_A,HIGH,Khớp hoàn toàn danh mục hành chính chuẩn,2026-09-12,DataVietNam,2026-09-12
OTH_VKSND_NTN,Viện kiểm sát nhân dân Ninh Thuận,OTHER,province,2018,2026,dvc_2018,https://dichvucong.gov.vn/archive/2018,generated_catalog,source,2026-09-12T19:42:24.601202,crawl_2018_2026,Viện kiểm sát nhân dân Ninh Thuận,OTH_VKSND_NTN,vien kiem sat nhan dan ninh thuan,OTHER,Annotator_A,MEDIUM,Tên có thể gây nhầm lẫn ngành/ngoài ngành,2026-09-12,DataVietNam,2026-09-12
OTH_HDND_PY,Hội đồng nhân dân Phú Yên,OTHER,province,2018,2026,dvc_2018,https://dichvucong.gov.vn/archive/2018,generated_catalog,source,2026-09-12T19:42:24.601202,crawl_2018_2026,Hội đồng nhân dân Phú Yên,OTH_HDND_PY,hoi ong nhan dan phu yen,OTHER,Annotator_A,HIGH,Khớp hoàn toàn danh mục hành chính chuẩn,2026-09-12,DataVietNam,2026-09-12
OTH_TAND_PY,Tòa án nhân dân Phú Yên,OTHER,province,2018,2026,dvc_2018,https://dichvucong.gov.vn/archive/2018,generated_catalog,source,2026-09-12T19:42:24.601202,crawl_2018_2026,Tòa án nhân dân Phú Yên,OTH_TAND_PY,toa an nhan dan phu yen,OTHER,Annotator_A,HIGH,Khớp hoàn toàn danh mục hành chính chuẩn,2026-09-12,DataVietNam,2026-09-12
OTH_VKSND_PY,Viện kiểm sát nhân dân Phú Yên,OTHER,province,2018,2026,dvc_2018,https://dichvucong.gov.vn/archive/2018,generated_catalog,source,2026-09-12T19:42:24.601202,crawl_2018_2026,Viện kiểm sát nhân dân Phú Yên,OTH_VKSND_PY,vien kiem sat nhan dan phu yen,OTHER,Annotator_A,MEDIUM,Tên có thể gây nhầm lẫn ngành/ngoài ngành,2026-09-12,DataVietNam,2026-09-12
OTH_HDND_BDH,Hội đồng nhân dân Bình Định,OTHER,province,2018,2026,dvc_2018,https://dichvucong.gov.vn/archive/2018,generated_catalog,source,2026-09-12T19:42:24.601202,crawl_2018_2026,Hội đồng nhân dân Bình Định,OTH_HDND_BDH,hoi ong nhan dan binh inh,OTHER,Annotator_A,HIGH,Khớp hoàn toàn danh mục hành chính chuẩn,2026-09-12,DataVietNam,2026-09-12
OTH_TAND_BDH,Tòa án nhân dân Bình Định,OTHER,province,2018,2026,dvc_2018,https://dichvucong.gov.vn/archive/2018,generated_catalog,source,2026-09-12T19:42:24.601202,crawl_2018_2026,Tòa án nhân dân Bình Định,OTH_TAND_BDH,toa an nhan dan binh inh,OTHER,Annotator_A,HIGH,Khớp hoàn toàn danh mục hành chính chuẩn,2026-09-12,DataVietNam,2026-09-12
OTH_VKSND_BDH,Viện kiểm sát nhân dân Bình Định,OTHER,province,2018,2026,dvc_2018,https://dichvucong.gov.vn/archive/2018,generated_catalog,source,2026-09-12T19:42:24.601202,crawl_2018_2026,Viện kiểm sát nhân dân Bình Định,OTH_VKSND_BDH,vien kiem sat nhan dan binh inh,OTHER,Annotator_A,MEDIUM,Tên có thể gây nhầm lẫn ngành/ngoài ngành,2026-09-12,DataVietNam,2026-09-12
OTH_HDND_QNG,Hội đồng nhân dân Quảng Ngãi,OTHER,province,2018,2026,dvc_2018,https://dichvucong.gov.vn/archive/2018,generated_catalog,source,2026-09-12T19:42:24.601202,crawl_2018_2026,Hội đồng nhân dân Quảng Ngãi,OTH_HDND_QNG,hoi ong nhan dan quang ngai,OTHER,Annotator_A,HIGH,Khớp hoàn toàn danh mục hành chính chuẩn,2026-09-12,DataVietNam,2026-09-12
OTH_TAND_QNG,Tòa án nhân dân Quảng Ngãi,OTHER,province,2018,2026,dvc_2018,https://dichvucong.gov.vn/archive/2018,generated_catalog,source,2026-09-12T19:42:24.601202,crawl_2018_2026,Tòa án nhân dân Quảng Ngãi,OTH_TAND_QNG,toa an nhan dan quang ngai,OTHER,Annotator_A,HIGH,Khớp hoàn toàn danh mục hành chính chuẩn,2026-09-12,DataVietNam,2026-09-12
OTH_VKSND_QNG,Viện kiểm sát nhân dân Quảng Ngãi,OTHER,province,2018,2026,dvc_2018,https://dichvucong.gov.vn/archive/2018,generated_catalog,source,2026-09-12T19:42:24.601202,crawl_2018_2026,Viện kiểm sát nhân dân Quảng Ngãi,OTH_VKSND_QNG,vien kiem sat nhan dan quang ngai,OTHER,Annotator_A,MEDIUM,Tên có thể gây nhầm lẫn ngành/ngoài ngành,2026-09-12,DataVietNam,2026-09-12
OTH_HDND_QNA,Hội đồng nhân dân Quảng Nam,OTHER,province,2018,2026,dvc_2018,https://dichvucong.gov.vn/archive/2018,generated_catalog,source,2026-09-12T19:42:24.601202,crawl_2018_2026,Hội đồng nhân dân Quảng Nam,OTH_HDND_QNA,hoi ong nhan dan quang nam,OTHER,Annotator_A,HIGH,Khớp hoàn toàn danh mục hành chính chuẩn,2026-09-12,DataVietNam,2026-09-12
OTH_TAND_QNA,Tòa án nhân dân Quảng Nam,OTHER,province,2018,2026,dvc_2018,https://dichvucong.gov.vn/archive/2018,generated_catalog,source,2026-09-12T19:42:24.601202,crawl_2018_2026,Tòa án nhân dân Quảng Nam,OTH_TAND_QNA,toa an nhan dan quang nam,OTHER,Annotator_A,HIGH,Khớp hoàn toàn danh mục hành chính chuẩn,2026-09-12,DataVietNam,2026-09-12
OTH_VKSND_QNA,Viện kiểm sát nhân dân Quảng Nam,OTHER,province,2018,2026,dvc_2018,https://dichvucong.gov.vn/archive/2018,generated_catalog,source,2026-09-12T19:42:24.601202,crawl_2018_2026,Viện kiểm sát nhân dân Quảng Nam,OTH_VKSND_QNA,vien kiem sat nhan dan quang nam,OTHER,Annotator_A,MEDIUM,Tên có thể gây nhầm lẫn ngành/ngoài ngành,2026-09-12,DataVietNam,2026-09-12
OTH_HDND_TTH,Hội đồng nhân dân Thừa Thiên Huế,OTHER,province,2018,2024,dvc_2018,https://dichvucong.gov.vn/archive/2018,generated_catalog,source,2026-09-12T19:42:24.601202,crawl_2018_2026,Hội đồng nhân dân Thừa Thiên Huế,OTH_HDND_TTH,hoi ong nhan dan thua thien hue,OTHER,Annotator_A,HIGH,Khớp hoàn toàn danh mục hành chính chuẩn,2026-09-12,DataVietNam,2026-09-12
OTH_TAND_TTH,Tòa án nhân dân Thừa Thiên Huế,OTHER,province,2018,2024,dvc_2018,https://dichvucong.gov.vn/archive/2018,generated_catalog,source,2026-09-12T19:42:24.601202,crawl_2018_2026,Tòa án nhân dân Thừa Thiên Huế,OTH_TAND_TTH,toa an nhan dan thua thien hue,OTHER,Annotator_A,HIGH,Khớp hoàn toàn danh mục hành chính chuẩn,2026-09-12,DataVietNam,2026-09-12
OTH_VKSND_TTH,Viện kiểm sát nhân dân Thừa Thiên Huế,OTHER,province,2018,2024,dvc_2018,https://dichvucong.gov.vn/archive/2018,generated_catalog,source,2026-09-12T19:42:24.601202,crawl_2018_2026,Viện kiểm sát nhân dân Thừa Thiên Huế,OTH_VKSND_TTH,vien kiem sat nhan dan thua thien hue,OTHER,Annotator_A,MEDIUM,Tên có thể gây nhầm lẫn ngành/ngoài ngành,2026-09-12,DataVietNam,2026-09-12
OTH_HDND_QTR,Hội đồng nhân dân Quảng Trị,OTHER,province,2018,2026,dvc_2018,https://dichvucong.gov.vn/archive/2018,generated_catalog,source,2026-09-12T19:42:24.601202,crawl_2018_2026,Hội đồng nhân dân Quảng Trị,OTH_HDND_QTR,hoi ong nhan dan quang tri,OTHER,Annotator_A,HIGH,Khớp hoàn toàn danh mục hành chính chuẩn,2026-09-12,DataVietNam,2026-09-12
OTH_TAND_QTR,Tòa án nhân dân Quảng Trị,OTHER,province,2018,2026,dvc_2018,https://dichvucong.gov.vn/archive/2018,generated_catalog,source,2026-09-12T19:42:24.601202,crawl_2018_2026,Tòa án nhân dân Quảng Trị,OTH_TAND_QTR,toa an nhan dan quang tri,OTHER,Annotator_A,HIGH,Khớp hoàn toàn danh mục hành chính chuẩn,2026-09-12,DataVietNam,2026-09-12
OTH_VKSND_QTR,Viện kiểm sát nhân dân Quảng Trị,OTHER,province,2018,2026,dvc_2018,https://dichvucong.gov.vn/archive/2018,generated_catalog,source,2026-09-12T19:42:24.601202,crawl_2018_2026,Viện kiểm sát nhân dân Quảng Trị,OTH_VKSND_QTR,vien kiem sat nhan dan quang tri,OTHER,Annotator_A,MEDIUM,Tên có thể gây nhầm lẫn ngành/ngoài ngành,2026-09-12,DataVietNam,2026-09-12
OTH_HDND_QBI,Hội đồng nhân dân Quảng Bình,OTHER,province,2018,2026,dvc_2018,https://dichvucong.gov.vn/archive/2018,generated_catalog,source,2026-09-12T19:42:24.601202,crawl_2018_2026,Hội đồng nhân dân Quảng Bình,OTH_HDND_QBI,hoi ong nhan dan quang binh,OTHER,Annotator_A,HIGH,Khớp hoàn toàn danh mục hành chính chuẩn,2026-09-12,DataVietNam,2026-09-12
OTH_TAND_QBI,Tòa án nhân dân Quảng Bình,OTHER,province,2018,2026,dvc_2018,https://dichvucong.gov.vn/archive/2018,generated_catalog,source,2026-09-12T19:42:24.601202,crawl_2018_2026,Tòa án nhân dân Quảng Bình,OTH_TAND_QBI,toa an nhan dan quang binh,OTHER,Annotator_A,HIGH,Khớp hoàn toàn danh mục hành chính chuẩn,2026-09-12,DataVietNam,2026-09-12
OTH_VKSND_QBI,Viện kiểm sát nhân dân Quảng Bình,OTHER,province,2018,2026,dvc_2018,https://dichvucong.gov.vn/archive/2018,generated_catalog,source,2026-09-12T19:42:24.601202,crawl_2018_2026,Viện kiểm sát nhân dân Quảng Bình,OTH_VKSND_QBI,vien kiem sat nhan dan quang binh,OTHER,Annotator_A,MEDIUM,Tên có thể gây nhầm lẫn ngành/ngoài ngành,2026-09-12,DataVietNam,2026-09-12
OTH_HDND_HT,Hội đồng nhân dân Hà Tĩnh,OTHER,province,2018,2026,dvc_2018,https://dichvucong.gov.vn/archive/2018,generated_catalog,source,2026-09-12T19:42:24.601202,crawl_2018_2026,Hội đồng nhân dân Hà Tĩnh,OTH_HDND_HT,hoi ong nhan dan ha tinh,OTHER,Annotator_A,HIGH,Khớp hoàn toàn danh mục hành chính chuẩn,2026-09-12,DataVietNam,2026-09-12
OTH_TAND_HT,Tòa án nhân dân Hà Tĩnh,OTHER,province,2018,2026,dvc_2018,https://dichvucong.gov.vn/archive/2018,generated_catalog,source,2026-09-12T19:42:24.601202,crawl_2018_2026,Tòa án nhân dân Hà Tĩnh,OTH_TAND_HT,toa an nhan dan ha tinh,OTHER,Annotator_A,HIGH,Khớp hoàn toàn danh mục hành chính chuẩn,2026-09-12,DataVietNam,2026-09-12
OTH_VKSND_HT,Viện kiểm sát nhân dân Hà Tĩnh,OTHER,province,2018,2026,dvc_2018,https://dichvucong.gov.vn/archive/2018,generated_catalog,source,2026-09-12T19:42:24.601202,crawl_2018_2026,Viện kiểm sát nhân dân Hà Tĩnh,OTH_VKSND_HT,vien kiem sat nhan dan ha tinh,OTHER,Annotator_A,MEDIUM,Tên có thể gây nhầm lẫn ngành/ngoài ngành,2026-09-12,DataVietNam,2026-09-12
OTH_HDND_NA,Hội đồng nhân dân Nghệ An,OTHER,province,2018,2026,dvc_2018,https://dichvucong.gov.vn/archive/2018,generated_catalog,source,2026-09-12T19:42:24.601202,crawl_2018_2026,Hội đồng nhân dân Nghệ An,OTH_HDND_NA,hoi ong nhan dan nghe an,OTHER,Annotator_A,HIGH,Khớp hoàn toàn danh mục hành chính chuẩn,2026-09-12,DataVietNam,2026-09-12
OTH_TAND_NA,Tòa án nhân dân Nghệ An,OTHER,province,2018,2026,dvc_2018,https://dichvucong.gov.vn/archive/2018,generated_catalog,source,2026-09-12T19:42:24.601202,crawl_2018_2026,Tòa án nhân dân Nghệ An,OTH_TAND_NA,toa an nhan dan nghe an,OTHER,Annotator_A,HIGH,Khớp hoàn toàn danh mục hành chính chuẩn,2026-09-12,DataVietNam,2026-09-12
OTH_VKSND_NA,Viện kiểm sát nhân dân Nghệ An,OTHER,province,2018,2026,dvc_2018,https://dichvucong.gov.vn/archive/2018,generated_catalog,source,2026-09-12T19:42:24.601202,crawl_2018_2026,Viện kiểm sát nhân dân Nghệ An,OTH_VKSND_NA,vien kiem sat nhan dan nghe an,OTHER,Annotator_A,MEDIUM,Tên có thể gây nhầm lẫn ngành/ngoài ngành,2026-09-12,DataVietNam,2026-09-12
OTH_HDND_TH,Hội đồng nhân dân Thanh Hóa,OTHER,province,2018,2026,dvc_2018,https://dichvucong.gov.vn/archive/2018,generated_catalog,source,2026-09-12T19:42:24.601202,crawl_2018_2026,Hội đồng nhân dân Thanh Hóa,OTH_HDND_TH,hoi ong nhan dan thanh hoa,OTHER,Annotator_A,HIGH,Khớp hoàn toàn danh mục hành chính chuẩn,2026-09-12,DataVietNam,2026-09-12
OTH_TAND_TH,Tòa án nhân dân Thanh Hóa,OTHER,province,2018,2026,dvc_2018,https://dichvucong.gov.vn/archive/2018,generated_catalog,source,2026-09-12T19:42:24.601202,crawl_2018_2026,Tòa án nhân dân Thanh Hóa,OTH_TAND_TH,toa an nhan dan thanh hoa,OTHER,Annotator_A,HIGH,Khớp hoàn toàn danh mục hành chính chuẩn,2026-09-12,DataVietNam,2026-09-12
OTH_VKSND_TH,Viện kiểm sát nhân dân Thanh Hóa,OTHER,province,2018,2026,dvc_2018,https://dichvucong.gov.vn/archive/2018,generated_catalog,source,2026-09-12T19:42:24.601202,crawl_2018_2026,Viện kiểm sát nhân dân Thanh Hóa,OTH_VKSND_TH,vien kiem sat nhan dan thanh hoa,OTHER,Annotator_A,MEDIUM,Tên có thể gây nhầm lẫn ngành/ngoài ngành,2026-09-12,DataVietNam,2026-09-12
OTH_HDND_QNH,Hội đồng nhân dân Quảng Ninh,OTHER,province,2018,2026,dvc_2018,https://dichvucong.gov.vn/archive/2018,generated_catalog,source,2026-09-12T19:42:24.601202,crawl_2018_2026,Hội đồng nhân dân Quảng Ninh,OTH_HDND_QNH,hoi ong nhan dan quang ninh,OTHER,Annotator_A,HIGH,Khớp hoàn toàn danh mục hành chính chuẩn,2026-09-12,DataVietNam,2026-09-12
OTH_TAND_QNH,Tòa án nhân dân Quảng Ninh,OTHER,province,2018,2026,dvc_2018,https://dichvucong.gov.vn/archive/2018,generated_catalog,source,2026-09-12T19:42:24.601202,crawl_2018_2026,Tòa án nhân dân Quảng Ninh,OTH_TAND_QNH,toa an nhan dan quang ninh,OTHER,Annotator_A,HIGH,Khớp hoàn toàn danh mục hành chính chuẩn,2026-09-12,DataVietNam,2026-09-12
OTH_VKSND_QNH,Viện kiểm sát nhân dân Quảng Ninh,OTHER,province,2018,2026,dvc_2018,https://dichvucong.gov.vn/archive/2018,generated_catalog,source,2026-09-12T19:42:24.601202,crawl_2018_2026,Viện kiểm sát nhân dân Quảng Ninh,OTH_VKSND_QNH,vien kiem sat nhan dan quang ninh,OTHER,Annotator_A,MEDIUM,Tên có thể gây nhầm lẫn ngành/ngoài ngành,2026-09-12,DataVietNam,2026-09-12
OTH_HDND_HD,Hội đồng nhân dân Hải Dương,OTHER,province,2018,2026,dvc_2018,https://dichvucong.gov.vn/archive/2018,generated_catalog,source,2026-09-12T19:42:24.601202,crawl_2018_2026,Hội đồng nhân dân Hải Dương,OTH_HDND_HD,hoi ong nhan dan hai duong,OTHER,Annotator_A,HIGH,Khớp hoàn toàn danh mục hành chính chuẩn,2026-09-12,DataVietNam,2026-09-12
OTH_TAND_HD,Tòa án nhân dân Hải Dương,OTHER,province,2018,2026,dvc_2018,https://dichvucong.gov.vn/archive/2018,generated_catalog,source,2026-09-12T19:42:24.601202,crawl_2018_2026,Tòa án nhân dân Hải Dương,OTH_TAND_HD,toa an nhan dan hai duong,OTHER,Annotator_A,HIGH,Khớp hoàn toàn danh mục hành chính chuẩn,2026-09-12,DataVietNam,2026-09-12
OTH_VKSND_HD,Viện kiểm sát nhân dân Hải Dương,OTHER,province,2018,2026,dvc_2018,https://dichvucong.gov.vn/archive/2018,generated_catalog,source,2026-09-12T19:42:24.601202,crawl_2018_2026,Viện kiểm sát nhân dân Hải Dương,OTH_VKSND_HD,vien kiem sat nhan dan hai duong,OTHER,Annotator_A,MEDIUM,Tên có thể gây nhầm lẫn ngành/ngoài ngành,2026-09-12,DataVietNam,2026-09-12
OTH_HDND_HY,Hội đồng nhân dân Hưng Yên,OTHER,province,2018,2026,dvc_2018,https://dichvucong.gov.vn/archive/2018,generated_catalog,source,2026-09-12T19:42:24.601202,crawl_2018_2026,Hội đồng nhân dân Hưng Yên,OTH_HDND_HY,hoi ong nhan dan hung yen,OTHER,Annotator_A,HIGH,Khớp hoàn toàn danh mục hành chính chuẩn,2026-09-12,DataVietNam,2026-09-12
OTH_TAND_HY,Tòa án nhân dân Hưng Yên,OTHER,province,2018,2026,dvc_2018,https://dichvucong.gov.vn/archive/2018,generated_catalog,source,2026-09-12T19:42:24.601202,crawl_2018_2026,Tòa án nhân dân Hưng Yên,OTH_TAND_HY,toa an nhan dan hung yen,OTHER,Annotator_A,HIGH,Khớp hoàn toàn danh mục hành chính chuẩn,2026-09-12,DataVietNam,2026-09-12
OTH_VKSND_HY,Viện kiểm sát nhân dân Hưng Yên,OTHER,province,2018,2026,dvc_2018,https://dichvucong.gov.vn/archive/2018,generated_catalog,source,2026-09-12T19:42:24.601202,crawl_2018_2026,Viện kiểm sát nhân dân Hưng Yên,OTH_VKSND_HY,vien kiem sat nhan dan hung yen,OTHER,Annotator_A,MEDIUM,Tên có thể gây nhầm lẫn ngành/ngoài ngành,2026-09-12,DataVietNam,2026-09-12
OTH_HDND_TBI,Hội đồng nhân dân Thái Bình,OTHER,province,2018,2026,dvc_2018,https://dichvucong.gov.vn/archive/2018,generated_catalog,source,2026-09-12T19:42:24.601202,crawl_2018_2026,Hội đồng nhân dân Thái Bình,OTH_HDND_TBI,hoi ong nhan dan thai binh,OTHER,Annotator_A,HIGH,Khớp hoàn toàn danh mục hành chính chuẩn,2026-09-12,DataVietNam,2026-09-12
OTH_TAND_TBI,Tòa án nhân dân Thái Bình,OTHER,province,2018,2026,dvc_2018,https://dichvucong.gov.vn/archive/2018,generated_catalog,source,2026-09-12T19:42:24.601202,crawl_2018_2026,Tòa án nhân dân Thái Bình,OTH_TAND_TBI,toa an nhan dan thai binh,OTHER,Annotator_A,HIGH,Khớp hoàn toàn danh mục hành chính chuẩn,2026-09-12,DataVietNam,2026-09-12
OTH_VKSND_TBI,Viện kiểm sát nhân dân Thái Bình,OTHER,province,2018,2026,dvc_2018,https://dichvucong.gov.vn/archive/2018,generated_catalog,source,2026-09-12T19:42:24.601202,crawl_2018_2026,Viện kiểm sát nhân dân Thái Bình,OTH_VKSND_TBI,vien kiem sat nhan dan thai binh,OTHER,Annotator_A,MEDIUM,Tên có thể gây nhầm lẫn ngành/ngoài ngành,2026-09-12,DataVietNam,2026-09-12
OTH_HDND_NDI,Hội đồng nhân dân Nam Định,OTHER,province,2018,2026,dvc_2018,https://dichvucong.gov.vn/archive/2018,generated_catalog,source,2026-09-12T19:42:24.601202,crawl_2018_2026,Hội đồng nhân dân Nam Định,OTH_HDND_NDI,hoi ong nhan dan nam inh,OTHER,Annotator_A,HIGH,Khớp hoàn toàn danh mục hành chính chuẩn,2026-09-12,DataVietNam,2026-09-12
OTH_TAND_NDI,Tòa án nhân dân Nam Định,OTHER,province,2018,2026,dvc_2018,https://dichvucong.gov.vn/archive/2018,generated_catalog,source,2026-09-12T19:42:24.601202,crawl_2018_2026,Tòa án nhân dân Nam Định,OTH_TAND_NDI,toa an nhan dan nam inh,OTHER,Annotator_A,HIGH,Khớp hoàn toàn danh mục hành chính chuẩn,2026-09-12,DataVietNam,2026-09-12
OTH_VKSND_NDI,Viện kiểm sát nhân dân Nam Định,OTHER,province,2018,2026,dvc_2018,https://dichvucong.gov.vn/archive/2018,generated_catalog,source,2026-09-12T19:42:24.601202,crawl_2018_2026,Viện kiểm sát nhân dân Nam Định,OTH_VKSND_NDI,vien kiem sat nhan dan nam inh,OTHER,Annotator_A,MEDIUM,Tên có thể gây nhầm lẫn ngành/ngoài ngành,2026-09-12,DataVietNam,2026-09-12
OTH_HDND_HNA,Hội đồng nhân dân Hà Nam,OTHER,province,2018,2026,dvc_2018,https://dichvucong.gov.vn/archive/2018,generated_catalog,source,2026-09-12T19:42:24.601202,crawl_2018_2026,Hội đồng nhân dân Hà Nam,OTH_HDND_HNA,hoi ong nhan dan ha nam,OTHER,Annotator_A,HIGH,Khớp hoàn toàn danh mục hành chính chuẩn,2026-09-12,DataVietNam,2026-09-12
OTH_TAND_HNA,Tòa án nhân dân Hà Nam,OTHER,province,2018,2026,dvc_2018,https://dichvucong.gov.vn/archive/2018,generated_catalog,source,2026-09-12T19:42:24.601202,crawl_2018_2026,Tòa án nhân dân Hà Nam,OTH_TAND_HNA,toa an nhan dan ha nam,OTHER,Annotator_A,HIGH,Khớp hoàn toàn danh mục hành chính chuẩn,2026-09-12,DataVietNam,2026-09-12
OTH_VKSND_HNA,Viện kiểm sát nhân dân Hà Nam,OTHER,province,2018,2026,dvc_2018,https://dichvucong.gov.vn/archive/2018,generated_catalog,source,2026-09-12T19:42:24.601202,crawl_2018_2026,Viện kiểm sát nhân dân Hà Nam,OTH_VKSND_HNA,vien kiem sat nhan dan ha nam,OTHER,Annotator_A,MEDIUM,Tên có thể gây nhầm lẫn ngành/ngoài ngành,2026-09-12,DataVietNam,2026-09-12
OTH_HDND_NB,Hội đồng nhân dân Ninh Bình,OTHER,province,2018,2026,dvc_2018,https://dichvucong.gov.vn/archive/2018,generated_catalog,source,2026-09-12T19:42:24.601202,crawl_2018_2026,Hội đồng nhân dân Ninh Bình,OTH_HDND_NB,hoi ong nhan dan ninh binh,OTHER,Annotator_A,HIGH,Khớp hoàn toàn danh mục hành chính chuẩn,2026-09-12,DataVietNam,2026-09-12
OTH_TAND_NB,Tòa án nhân dân Ninh Bình,OTHER,province,2018,2026,dvc_2018,https://dichvucong.gov.vn/archive/2018,generated_catalog,source,2026-09-12T19:42:24.601202,crawl_2018_2026,Tòa án nhân dân Ninh Bình,OTH_TAND_NB,toa an nhan dan ninh binh,OTHER,Annotator_A,HIGH,Khớp hoàn toàn danh mục hành chính chuẩn,2026-09-12,DataVietNam,2026-09-12
OTH_VKSND_NB,Viện kiểm sát nhân dân Ninh Bình,OTHER,province,2018,2026,dvc_2018,https://dichvucong.gov.vn/archive/2018,generated_catalog,source,2026-09-12T19:42:24.601202,crawl_2018_2026,Viện kiểm sát nhân dân Ninh Bình,OTH_VKSND_NB,vien kiem sat nhan dan ninh binh,OTHER,Annotator_A,MEDIUM,Tên có thể gây nhầm lẫn ngành/ngoài ngành,2026-09-12,DataVietNam,2026-09-12
OTH_HDND_VP,Hội đồng nhân dân Vĩnh Phúc,OTHER,province,2018,2026,dvc_2018,https://dichvucong.gov.vn/archive/2018,generated_catalog,source,2026-09-12T19:42:24.601202,crawl_2018_2026,Hội đồng nhân dân Vĩnh Phúc,OTH_HDND_VP,hoi ong nhan dan vinh phuc,OTHER,Annotator_A,HIGH,Khớp hoàn toàn danh mục hành chính chuẩn,2026-09-12,DataVietNam,2026-09-12
OTH_TAND_VP,Tòa án nhân dân Vĩnh Phúc,OTHER,province,2018,2026,dvc_2018,https://dichvucong.gov.vn/archive/2018,generated_catalog,source,2026-09-12T19:42:24.601202,crawl_2018_2026,Tòa án nhân dân Vĩnh Phúc,OTH_TAND_VP,toa an nhan dan vinh phuc,OTHER,Annotator_A,HIGH,Khớp hoàn toàn danh mục hành chính chuẩn,2026-09-12,DataVietNam,2026-09-12
OTH_VKSND_VP,Viện kiểm sát nhân dân Vĩnh Phúc,OTHER,province,2018,2026,dvc_2018,https://dichvucong.gov.vn/archive/2018,generated_catalog,source,2026-09-12T19:42:24.601202,crawl_2018_2026,Viện kiểm sát nhân dân Vĩnh Phúc,OTH_VKSND_VP,vien kiem sat nhan dan vinh phuc,OTHER,Annotator_A,MEDIUM,Tên có thể gây nhầm lẫn ngành/ngoài ngành,2026-09-12,DataVietNam,2026-09-12
OTH_HDND_BNI,Hội đồng nhân dân Bắc Ninh,OTHER,province,2018,2026,dvc_2018,https://dichvucong.gov.vn/archive/2018,generated_catalog,source,2026-09-12T19:42:24.601202,crawl_2018_2026,Hội đồng nhân dân Bắc Ninh,OTH_HDND_BNI,hoi ong nhan dan bac ninh,OTHER,Annotator_A,HIGH,Khớp hoàn toàn danh mục hành chính chuẩn,2026-09-12,DataVietNam,2026-09-12
OTH_TAND_BNI,Tòa án nhân dân Bắc Ninh,OTHER,province,2018,2026,dvc_2018,https://dichvucong.gov.vn/archive/2018,generated_catalog,source,2026-09-12T19:42:24.601202,crawl_2018_2026,Tòa án nhân dân Bắc Ninh,OTH_TAND_BNI,toa an nhan dan bac ninh,OTHER,Annotator_A,HIGH,Khớp hoàn toàn danh mục hành chính chuẩn,2026-09-12,DataVietNam,2026-09-12
OTH_VKSND_BNI,Viện kiểm sát nhân dân Bắc Ninh,OTHER,province,2018,2026,dvc_2018,https://dichvucong.gov.vn/archive/2018,generated_catalog,source,2026-09-12T19:42:24.601202,crawl_2018_2026,Viện kiểm sát nhân dân Bắc Ninh,OTH_VKSND_BNI,vien kiem sat nhan dan bac ninh,OTHER,Annotator_A,MEDIUM,Tên có thể gây nhầm lẫn ngành/ngoài ngành,2026-09-12,DataVietNam,2026-09-12
OTH_HDND_BGI,Hội đồng nhân dân Bắc Giang,OTHER,province,2018,2026,dvc_2018,https://dichvucong.gov.vn/archive/2018,generated_catalog,source,2026-09-12T19:42:24.601202,crawl_2018_2026,Hội đồng nhân dân Bắc Giang,OTH_HDND_BGI,hoi ong nhan dan bac giang,OTHER,Annotator_A,HIGH,Khớp hoàn toàn danh mục hành chính chuẩn,2026-09-12,DataVietNam,2026-09-12
OTH_TAND_BGI,Tòa án nhân dân Bắc Giang,OTHER,province,2018,2026,dvc_2018,https://dichvucong.gov.vn/archive/2018,generated_catalog,source,2026-09-12T19:42:24.601202,crawl_2018_2026,Tòa án nhân dân Bắc Giang,OTH_TAND_BGI,toa an nhan dan bac giang,OTHER,Annotator_A,HIGH,Khớp hoàn toàn danh mục hành chính chuẩn,2026-09-12,DataVietNam,2026-09-12
OTH_VKSND_BGI,Viện kiểm sát nhân dân Bắc Giang,OTHER,province,2018,2026,dvc_2018,https://dichvucong.gov.vn/archive/2018,generated_catalog,source,2026-09-12T19:42:24.601202,crawl_2018_2026,Viện kiểm sát nhân dân Bắc Giang,OTH_VKSND_BGI,vien kiem sat nhan dan bac giang,OTHER,Annotator_A,MEDIUM,Tên có thể gây nhầm lẫn ngành/ngoài ngành,2026-09-12,DataVietNam,2026-09-12
OTH_HDND_PTH,Hội đồng nhân dân Phú Thọ,OTHER,province,2018,2026,dvc_2018,https://dichvucong.gov.vn/archive/2018,generated_catalog,source,2026-09-12T19:42:24.601202,crawl_2018_2026,Hội đồng nhân dân Phú Thọ,OTH_HDND_PTH,hoi ong nhan dan phu tho,OTHER,Annotator_A,HIGH,Khớp hoàn toàn danh mục hành chính chuẩn,2026-09-12,DataVietNam,2026-09-12
OTH_TAND_PTH,Tòa án nhân dân Phú Thọ,OTHER,province,2018,2026,dvc_2018,https://dichvucong.gov.vn/archive/2018,generated_catalog,source,2026-09-12T19:42:24.601202,crawl_2018_2026,Tòa án nhân dân Phú Thọ,OTH_TAND_PTH,toa an nhan dan phu tho,OTHER,Annotator_A,HIGH,Khớp hoàn toàn danh mục hành chính chuẩn,2026-09-12,DataVietNam,2026-09-12
OTH_VKSND_PTH,Viện kiểm sát nhân dân Phú Thọ,OTHER,province,2018,2026,dvc_2018,https://dichvucong.gov.vn/archive/2018,generated_catalog,source,2026-09-12T19:42:24.601202,crawl_2018_2026,Viện kiểm sát nhân dân Phú Thọ,OTH_VKSND_PTH,vien kiem sat nhan dan phu tho,OTHER,Annotator_A,MEDIUM,Tên có thể gây nhầm lẫn ngành/ngoài ngành,2026-09-12,DataVietNam,2026-09-12
OTH_HDND_TNG,Hội đồng nhân dân Thái Nguyên,OTHER,province,2018,2026,dvc_2018,https://dichvucong.gov.vn/archive/2018,generated_catalog,source,2026-09-12T19:42:24.601202,crawl_2018_2026,Hội đồng nhân dân Thái Nguyên,OTH_HDND_TNG,hoi ong nhan dan thai nguyen,OTHER,Annotator_A,HIGH,Khớp hoàn toàn danh mục hành chính chuẩn,2026-09-12,DataVietNam,2026-09-12
OTH_TAND_TNG,Tòa án nhân dân Thái Nguyên,OTHER,province,2018,2026,dvc_2018,https://dichvucong.gov.vn/archive/2018,generated_catalog,source,2026-09-12T19:42:24.601202,crawl_2018_2026,Tòa án nhân dân Thái Nguyên,OTH_TAND_TNG,toa an nhan dan thai nguyen,OTHER,Annotator_A,HIGH,Khớp hoàn toàn danh mục hành chính chuẩn,2026-09-12,DataVietNam,2026-09-12
OTH_VKSND_TNG,Viện kiểm sát nhân dân Thái Nguyên,OTHER,province,2018,2026,dvc_2018,https://dichvucong.gov.vn/archive/2018,generated_catalog,source,2026-09-12T19:42:24.601202,crawl_2018_2026,Viện kiểm sát nhân dân Thái Nguyên,OTH_VKSND_TNG,vien kiem sat nhan dan thai nguyen,OTHER,Annotator_A,MEDIUM,Tên có thể gây nhầm lẫn ngành/ngoài ngành,2026-09-12,DataVietNam,2026-09-12
OTH_HDND_YBI,Hội đồng nhân dân Yên Bái,OTHER,province,2018,2026,dvc_2018,https://dichvucong.gov.vn/archive/2018,generated_catalog,source,2026-09-12T19:42:24.601202,crawl_2018_2026,Hội đồng nhân dân Yên Bái,OTH_HDND_YBI,hoi ong nhan dan yen bai,OTHER,Annotator_A,HIGH,Khớp hoàn toàn danh mục hành chính chuẩn,2026-09-12,DataVietNam,2026-09-12
OTH_TAND_YBI,Tòa án nhân dân Yên Bái,OTHER,province,2018,2026,dvc_2018,https://dichvucong.gov.vn/archive/2018,generated_catalog,source,2026-09-12T19:42:24.601202,crawl_2018_2026,Tòa án nhân dân Yên Bái,OTH_TAND_YBI,toa an nhan dan yen bai,OTHER,Annotator_A,HIGH,Khớp hoàn toàn danh mục hành chính chuẩn,2026-09-12,DataVietNam,2026-09-12
OTH_VKSND_YBI,Viện kiểm sát nhân dân Yên Bái,OTHER,province,2018,2026,dvc_2018,https://dichvucong.gov.vn/archive/2018,generated_catalog,source,2026-09-12T19:42:24.601202,crawl_2018_2026,Viện kiểm sát nhân dân Yên Bái,OTH_VKSND_YBI,vien kiem sat nhan dan yen bai,OTHER,Annotator_A,MEDIUM,Tên có thể gây nhầm lẫn ngành/ngoài ngành,2026-09-12,DataVietNam,2026-09-12
OTH_HDND_TQ,Hội đồng nhân dân Tuyên Quang,OTHER,province,2018,2026,dvc_2018,https://dichvucong.gov.vn/archive/2018,generated_catalog,source,2026-09-12T19:42:24.601202,crawl_2018_2026,Hội đồng nhân dân Tuyên Quang,OTH_HDND_TQ,hoi ong nhan dan tuyen quang,OTHER,Annotator_A,HIGH,Khớp hoàn toàn danh mục hành chính chuẩn,2026-09-12,DataVietNam,2026-09-12
OTH_TAND_TQ,Tòa án nhân dân Tuyên Quang,OTHER,province,2018,2026,dvc_2018,https://dichvucong.gov.vn/archive/2018,generated_catalog,source,2026-09-12T19:42:24.601202,crawl_2018_2026,Tòa án nhân dân Tuyên Quang,OTH_TAND_TQ,toa an nhan dan tuyen quang,OTHER,Annotator_A,HIGH,Khớp hoàn toàn danh mục hành chính chuẩn,2026-09-12,DataVietNam,2026-09-12
OTH_VKSND_TQ,Viện kiểm sát nhân dân Tuyên Quang,OTHER,province,2018,2026,dvc_2018,https://dichvucong.gov.vn/archive/2018,generated_catalog,source,2026-09-12T19:42:24.601202,crawl_2018_2026,Viện kiểm sát nhân dân Tuyên Quang,OTH_VKSND_TQ,vien kiem sat nhan dan tuyen quang,OTHER,Annotator_A,MEDIUM,Tên có thể gây nhầm lẫn ngành/ngoài ngành,2026-09-12,DataVietNam,2026-09-12
OTH_HDND_HGI,Hội đồng nhân dân Hà Giang,OTHER,province,2018,2026,dvc_2018,https://dichvucong.gov.vn/archive/2018,generated_catalog,source,2026-09-12T19:42:24.601202,crawl_2018_2026,Hội đồng nhân dân Hà Giang,OTH_HDND_HGI,hoi ong nhan dan ha giang,OTHER,Annotator_A,HIGH,Khớp hoàn toàn danh mục hành chính chuẩn,2026-09-12,DataVietNam,2026-09-12
OTH_TAND_HGI,Tòa án nhân dân Hà Giang,OTHER,province,2018,2026,dvc_2018,https://dichvucong.gov.vn/archive/2018,generated_catalog,source,2026-09-12T19:42:24.601202,crawl_2018_2026,Tòa án nhân dân Hà Giang,OTH_TAND_HGI,toa an nhan dan ha giang,OTHER,Annotator_A,HIGH,Khớp hoàn toàn danh mục hành chính chuẩn,2026-09-12,DataVietNam,2026-09-12
OTH_VKSND_HGI,Viện kiểm sát nhân dân Hà Giang,OTHER,province,2018,2026,dvc_2018,https://dichvucong.gov.vn/archive/2018,generated_catalog,source,2026-09-12T19:42:24.601202,crawl_2018_2026,Viện kiểm sát nhân dân Hà Giang,OTH_VKSND_HGI,vien kiem sat nhan dan ha giang,OTHER,Annotator_A,MEDIUM,Tên có thể gây nhầm lẫn ngành/ngoài ngành,2026-09-12,DataVietNam,2026-09-12
OTH_HDND_CBG,Hội đồng nhân dân Cao Bằng,OTHER,province,2018,2026,dvc_2018,https://dichvucong.gov.vn/archive/2018,generated_catalog,source,2026-09-12T19:42:24.601202,crawl_2018_2026,Hội đồng nhân dân Cao Bằng,OTH_HDND_CBG,hoi ong nhan dan cao bang,OTHER,Annotator_A,HIGH,Khớp hoàn toàn danh mục hành chính chuẩn,2026-09-12,DataVietNam,2026-09-12
OTH_TAND_CBG,Tòa án nhân dân Cao Bằng,OTHER,province,2018,2026,dvc_2018,https://dichvucong.gov.vn/archive/2018,generated_catalog,source,2026-09-12T19:42:24.601202,crawl_2018_2026,Tòa án nhân dân Cao Bằng,OTH_TAND_CBG,toa an nhan dan cao bang,OTHER,Annotator_A,HIGH,Khớp hoàn toàn danh mục hành chính chuẩn,2026-09-12,DataVietNam,2026-09-12
OTH_VKSND_CBG,Viện kiểm sát nhân dân Cao Bằng,OTHER,province,2018,2026,dvc_2018,https://dichvucong.gov.vn/archive/2018,generated_catalog,source,2026-09-12T19:42:24.601202,crawl_2018_2026,Viện kiểm sát nhân dân Cao Bằng,OTH_VKSND_CBG,vien kiem sat nhan dan cao bang,OTHER,Annotator_A,MEDIUM,Tên có thể gây nhầm lẫn ngành/ngoài ngành,2026-09-12,DataVietNam,2026-09-12
OTH_HDND_LSO,Hội đồng nhân dân Lạng Sơn,OTHER,province,2018,2026,dvc_2018,https://dichvucong.gov.vn/archive/2018,generated_catalog,source,2026-09-12T19:42:24.601202,crawl_2018_2026,Hội đồng nhân dân Lạng Sơn,OTH_HDND_LSO,hoi ong nhan dan lang son,OTHER,Annotator_A,HIGH,Khớp hoàn toàn danh mục hành chính chuẩn,2026-09-12,DataVietNam,2026-09-12
OTH_TAND_LSO,Tòa án nhân dân Lạng Sơn,OTHER,province,2018,2026,dvc_2018,https://dichvucong.gov.vn/archive/2018,generated_catalog,source,2026-09-12T19:42:24.601202,crawl_2018_2026,Tòa án nhân dân Lạng Sơn,OTH_TAND_LSO,toa an nhan dan lang son,OTHER,Annotator_A,HIGH,Khớp hoàn toàn danh mục hành chính chuẩn,2026-09-12,DataVietNam,2026-09-12
OTH_VKSND_LSO,Viện kiểm sát nhân dân Lạng Sơn,OTHER,province,2018,2026,dvc_2018,https://dichvucong.gov.vn/archive/2018,generated_catalog,source,2026-09-12T19:42:24.601202,crawl_2018_2026,Viện kiểm sát nhân dân Lạng Sơn,OTH_VKSND_LSO,vien kiem sat nhan dan lang son,OTHER,Annotator_A,MEDIUM,Tên có thể gây nhầm lẫn ngành/ngoài ngành,2026-09-12,DataVietNam,2026-09-12
OTH_HDND_BKN,Hội đồng nhân dân Bắc Kạn,OTHER,province,2018,2026,dvc_2018,https://dichvucong.gov.vn/archive/2018,generated_catalog,source,2026-09-12T19:42:24.601202,crawl_2018_2026,Hội đồng nhân dân Bắc Kạn,OTH_HDND_BKN,hoi ong nhan dan bac kan,OTHER,Annotator_A,HIGH,Khớp hoàn toàn danh mục hành chính chuẩn,2026-09-12,DataVietNam,2026-09-12
OTH_TAND_BKN,Tòa án nhân dân Bắc Kạn,OTHER,province,2018,2026,dvc_2018,https://dichvucong.gov.vn/archive/2018,generated_catalog,source,2026-09-12T19:42:24.601202,crawl_2018_2026,Tòa án nhân dân Bắc Kạn,OTH_TAND_BKN,toa an nhan dan bac kan,OTHER,Annotator_A,HIGH,Khớp hoàn toàn danh mục hành chính chuẩn,2026-09-12,DataVietNam,2026-09-12
OTH_VKSND_BKN,Viện kiểm sát nhân dân Bắc Kạn,OTHER,province,2018,2026,dvc_2018,https://dichvucong.gov.vn/archive/2018,generated_catalog,source,2026-09-12T19:42:24.601202,crawl_2018_2026,Viện kiểm sát nhân dân Bắc Kạn,OTH_VKSND_BKN,vien kiem sat nhan dan bac kan,OTHER,Annotator_A,MEDIUM,Tên có thể gây nhầm lẫn ngành/ngoài ngành,2026-09-12,DataVietNam,2026-09-12
OTH_HDND_SLA,Hội đồng nhân dân Sơn La,OTHER,province,2018,2026,dvc_2018,https://dichvucong.gov.vn/archive/2018,generated_catalog,source,2026-09-12T19:42:24.601202,crawl_2018_2026,Hội đồng nhân dân Sơn La,OTH_HDND_SLA,hoi ong nhan dan son la,OTHER,Annotator_A,HIGH,Khớp hoàn toàn danh mục hành chính chuẩn,2026-09-12,DataVietNam,2026-09-12
OTH_TAND_SLA,Tòa án nhân dân Sơn La,OTHER,province,2018,2026,dvc_2018,https://dichvucong.gov.vn/archive/2018,generated_catalog,source,2026-09-12T19:42:24.601202,crawl_2018_2026,Tòa án nhân dân Sơn La,OTH_TAND_SLA,toa an nhan dan son la,OTHER,Annotator_A,HIGH,Khớp hoàn toàn danh mục hành chính chuẩn,2026-09-12,DataVietNam,2026-09-12
OTH_VKSND_SLA,Viện kiểm sát nhân dân Sơn La,OTHER,province,2018,2026,dvc_2018,https://dichvucong.gov.vn/archive/2018,generated_catalog,source,2026-09-12T19:42:24.601202,crawl_2018_2026,Viện kiểm sát nhân dân Sơn La,OTH_VKSND_SLA,vien kiem sat nhan dan son la,OTHER,Annotator_A,MEDIUM,Tên có thể gây nhầm lẫn ngành/ngoài ngành,2026-09-12,DataVietNam,2026-09-12
OTH_HDND_DB,Hội đồng nhân dân Điện Biên,OTHER,province,2018,2026,dvc_2018,https://dichvucong.gov.vn/archive/2018,generated_catalog,source,2026-09-12T19:42:24.601202,crawl_2018_2026,Hội đồng nhân dân Điện Biên,OTH_HDND_DB,hoi ong nhan dan ien bien,OTHER,Annotator_A,HIGH,Khớp hoàn toàn danh mục hành chính chuẩn,2026-09-12,DataVietNam,2026-09-12
OTH_TAND_DB,Tòa án nhân dân Điện Biên,OTHER,province,2018,2026,dvc_2018,https://dichvucong.gov.vn/archive/2018,generated_catalog,source,2026-09-12T19:42:24.601202,crawl_2018_2026,Tòa án nhân dân Điện Biên,OTH_TAND_DB,toa an nhan dan ien bien,OTHER,Annotator_A,HIGH,Khớp hoàn toàn danh mục hành chính chuẩn,2026-09-12,DataVietNam,2026-09-12
OTH_VKSND_DB,Viện kiểm sát nhân dân Điện Biên,OTHER,province,2018,2026,dvc_2018,https://dichvucong.gov.vn/archive/2018,generated_catalog,source,2026-09-12T19:42:24.601202,crawl_2018_2026,Viện kiểm sát nhân dân Điện Biên,OTH_VKSND_DB,vien kiem sat nhan dan ien bien,OTHER,Annotator_A,MEDIUM,Tên có thể gây nhầm lẫn ngành/ngoài ngành,2026-09-12,DataVietNam,2026-09-12
OTH_HDND_LCH,Hội đồng nhân dân Lai Châu,OTHER,province,2018,2026,dvc_2018,https://dichvucong.gov.vn/archive/2018,generated_catalog,source,2026-09-12T19:42:24.601202,crawl_2018_2026,Hội đồng nhân dân Lai Châu,OTH_HDND_LCH,hoi ong nhan dan lai chau,OTHER,Annotator_A,HIGH,Khớp hoàn toàn danh mục hành chính chuẩn,2026-09-12,DataVietNam,2026-09-12
OTH_TAND_LCH,Tòa án nhân dân Lai Châu,OTHER,province,2018,2026,dvc_2018,https://dichvucong.gov.vn/archive/2018,generated_catalog,source,2026-09-12T19:42:24.601202,crawl_2018_2026,Tòa án nhân dân Lai Châu,OTH_TAND_LCH,toa an nhan dan lai chau,OTHER,Annotator_A,HIGH,Khớp hoàn toàn danh mục hành chính chuẩn,2026-09-12,DataVietNam,2026-09-12
OTH_VKSND_LCH,Viện kiểm sát nhân dân Lai Châu,OTHER,province,2018,2026,dvc_2018,https://dichvucong.gov.vn/archive/2018,generated_catalog,source,2026-09-12T19:42:24.601202,crawl_2018_2026,Viện kiểm sát nhân dân Lai Châu,OTH_VKSND_LCH,vien kiem sat nhan dan lai chau,OTHER,Annotator_A,MEDIUM,Tên có thể gây nhầm lẫn ngành/ngoài ngành,2026-09-12,DataVietNam,2026-09-12
OTH_HDND_LCA,Hội đồng nhân dân Lào Cai,OTHER,province,2018,2026,dvc_2018,https://dichvucong.gov.vn/archive/2018,generated_catalog,source,2026-09-12T19:42:24.601202,crawl_2018_2026,Hội đồng nhân dân Lào Cai,OTH_HDND_LCA,hoi ong nhan dan lao cai,OTHER,Annotator_A,HIGH,Khớp hoàn toàn danh mục hành chính chuẩn,2026-09-12,DataVietNam,2026-09-12
OTH_TAND_LCA,Tòa án nhân dân Lào Cai,OTHER,province,2018,2026,dvc_2018,https://dichvucong.gov.vn/archive/2018,generated_catalog,source,2026-09-12T19:42:24.601202,crawl_2018_2026,Tòa án nhân dân Lào Cai,OTH_TAND_LCA,toa an nhan dan lao cai,OTHER,Annotator_A,HIGH,Khớp hoàn toàn danh mục hành chính chuẩn,2026-09-12,DataVietNam,2026-09-12
OTH_VKSND_LCA,Viện kiểm sát nhân dân Lào Cai,OTHER,province,2018,2026,dvc_2018,https://dichvucong.gov.vn/archive/2018,generated_catalog,source,2026-09-12T19:42:24.601202,crawl_2018_2026,Viện kiểm sát nhân dân Lào Cai,OTH_VKSND_LCA,vien kiem sat nhan dan lao cai,OTHER,Annotator_A,MEDIUM,Tên có thể gây nhầm lẫn ngành/ngoài ngành,2026-09-12,DataVietNam,2026-09-12
BCA_CA_HCM_THUDUC,Công an Thành phố Thủ Đức - Thành phố Hồ Chí Minh,BCA,province,2021,2026,nq_1111_2021,https://dichvucong.gov.vn/archive/2021,generated_catalog,source,2026-09-12T19:42:24.601202,crawl_2018_2026,Công an Thành phố Thủ Đức - Thành phố Hồ Chí Minh,BCA_CA_HCM_THUDUC,cong an thanh pho thu uc thanh pho ho chi minh,BCA,Annotator_A,HIGH,Khớp hoàn toàn danh mục hành chính chuẩn,2026-09-12,DataVietNam,2026-09-12
BQP_BCH_HCM_THUDUC,Ban Chỉ huy Quân sự Thành phố Thủ Đức - Thành phố Hồ Chí Minh,BQP,regiment,2021,2026,nq_1111_2021,https://dichvucong.gov.vn/archive/2021,generated_catalog,source,2026-09-12T19:42:24.601202,crawl_2018_2026,Ban Chỉ huy Quân sự Thành phố Thủ Đức - Thành phố Hồ Chí Minh,BQP_BCH_HCM_THUDUC,ban chi huy quan su thanh pho thu uc thanh pho ho chi minh,BQP,Annotator_A,HIGH,Khớp hoàn toàn danh mục hành chính chuẩn,2026-09-12,DataVietNam,2026-09-12
OTH_UBND_HCM_THUDUC,Ủy ban nhân dân Thành phố Thủ Đức - Thành phố Hồ Chí Minh,OTHER,province,2021,2026,nq_1111_2021,https://dichvucong.gov.vn/archive/2021,generated_catalog,source,2026-09-12T19:42:24.601202,crawl_2018_2026,Ủy ban nhân dân Thành phố Thủ Đức - Thành phố Hồ Chí Minh,OTH_UBND_HCM_THUDUC,uy ban nhan dan thanh pho thu uc thanh pho ho chi minh,OTHER,Annotator_A,HIGH,Khớp hoàn toàn danh mục hành chính chuẩn,2026-09-12,DataVietNam,2026-09-12
BQP_QD12,Quân đoàn 12,BQP,corps,2024,2026,catalog_2024,https://dichvucong.gov.vn/archive/2024,generated_catalog,source,2026-09-12T19:42:24.601202,crawl_2018_2026,Quân đoàn 12,BQP_QD12,quan oan 12,BQP,Annotator_A,HIGH,Khớp hoàn toàn danh mục hành chính chuẩn,2026-09-12,DataVietNam,2026-09-12
BCA_CA_TTH,Công an Thành phố Huế,BCA,province,2025,2026,dvc_2025,https://dichvucong.gov.vn/archive/2025,generated_catalog,source,2026-09-12T19:42:24.601202,crawl_2018_2026,Công an Thành phố Huế,BCA_CA_TTH,cong an thanh pho hue,BCA,Annotator_A,HIGH,Khớp hoàn toàn danh mục hành chính chuẩn,2026-09-12,DataVietNam,2026-09-12
BCA_CA_TTH_PC01,Văn phòng Cơ quan Cảnh sát điều tra - Công an Thành phố Huế,BCA,ministry,2025,2026,dvc_2025,https://dichvucong.gov.vn/archive/2025,generated_catalog,source,2026-09-12T19:42:24.601202,crawl_2018_2026,Văn phòng Cơ quan Cảnh sát điều tra - Công an Thành phố Huế,BCA_CA_TTH_PC01,van phong co quan canh sat ieu tra cong an thanh pho hue,BCA,Annotator_A,HIGH,Khớp hoàn toàn danh mục hành chính chuẩn,2026-09-12,DataVietNam,2026-09-12
BCA_CA_TTH_PC02,Phòng Cảnh sát hình sự - Công an Thành phố Huế,BCA,province,2025,2026,dvc_2025,https://dichvucong.gov.vn/archive/2025,generated_catalog,source,2026-09-12T19:42:24.601202,crawl_2018_2026,Phòng Cảnh sát hình sự - Công an Thành phố Huế,BCA_CA_TTH_PC02,phong canh sat hinh su cong an thanh pho hue,BCA,Annotator_A,HIGH,Khớp hoàn toàn danh mục hành chính chuẩn,2026-09-12,DataVietNam,2026-09-12
BCA_CA_TTH_PC03,Phòng Cảnh sát kinh tế - Công an Thành phố Huế,BCA,province,2025,2026,dvc_2025,https://dichvucong.gov.vn/archive/2025,generated_catalog,source,2026-09-12T19:42:24.601202,crawl_2018_2026,Phòng Cảnh sát kinh tế - Công an Thành phố Huế,BCA_CA_TTH_PC03,phong canh sat kinh te cong an thanh pho hue,BCA,Annotator_A,HIGH,Khớp hoàn toàn danh mục hành chính chuẩn,2026-09-12,DataVietNam,2026-09-12
BCA_CA_TTH_PC04,Phòng Cảnh sát điều tra tội phạm về ma túy - Công an Thành phố Huế,BCA,province,2025,2026,dvc_2025,https://dichvucong.gov.vn/archive/2025,generated_catalog,source,2026-09-12T19:42:24.601202,crawl_2018_2026,Phòng Cảnh sát điều tra tội phạm về ma túy - Công an Thành phố Huế,BCA_CA_TTH_PC04,phong canh sat ieu tra toi pham ve ma tuy cong an thanh pho hue,BCA,Annotator_A,HIGH,Khớp hoàn toàn danh mục hành chính chuẩn,2026-09-12,DataVietNam,2026-09-12
BCA_CA_TTH_PC06,Phòng Cảnh sát quản lý hành chính về trật tự xã hội - Công an Thành phố Huế,BCA,province,2025,2026,dvc_2025,https://dichvucong.gov.vn/archive/2025,generated_catalog,source,2026-09-12T19:42:24.601202,crawl_2018_2026,Phòng Cảnh sát quản lý hành chính về trật tự xã hội - Công an Thành phố Huế,BCA_CA_TTH_PC06,phong canh sat quan ly hanh chinh ve trat tu xa hoi cong an thanh pho hue,BCA,Annotator_A,HIGH,Khớp hoàn toàn danh mục hành chính chuẩn,2026-09-12,DataVietNam,2026-09-12
BCA_CA_TTH_PC07,Phòng Cảnh sát Phòng cháy chữa cháy và Cứu nạn cứu hộ - Công an Thành phố Huế,BCA,province,2025,2026,dvc_2025,https://dichvucong.gov.vn/archive/2025,generated_catalog,source,2026-09-12T19:42:24.601202,crawl_2018_2026,Phòng Cảnh sát Phòng cháy chữa cháy và Cứu nạn cứu hộ - Công an Thành phố Huế,BCA_CA_TTH_PC07,phong canh sat phong chay chua chay va cuu nan cuu ho cong an thanh pho hue,BCA,Annotator_A,HIGH,Khớp hoàn toàn danh mục hành chính chuẩn,2026-09-12,DataVietNam,2026-09-12
BCA_CA_TTH_PC08,Phòng Cảnh sát giao thông - Công an Thành phố Huế,BCA,province,2025,2026,dvc_2025,https://dichvucong.gov.vn/archive/2025,generated_catalog,source,2026-09-12T19:42:24.601202,crawl_2018_2026,Phòng Cảnh sát giao thông - Công an Thành phố Huế,BCA_CA_TTH_PC08,phong canh sat giao thong cong an thanh pho hue,BCA,Annotator_A,HIGH,Khớp hoàn toàn danh mục hành chính chuẩn,2026-09-12,DataVietNam,2026-09-12
BCA_CA_TTH_PA01,Phòng An ninh đối ngoại - Công an Thành phố Huế,BCA,province,2025,2026,dvc_2025,https://dichvucong.gov.vn/archive/2025,generated_catalog,source,2026-09-12T19:42:24.601202,crawl_2018_2026,Phòng An ninh đối ngoại - Công an Thành phố Huế,BCA_CA_TTH_PA01,phong an ninh oi ngoai cong an thanh pho hue,BCA,Annotator_A,HIGH,Khớp hoàn toàn danh mục hành chính chuẩn,2026-09-12,DataVietNam,2026-09-12
BCA_CA_TTH_PA02,Phòng An ninh nội địa - Công an Thành phố Huế,BCA,province,2025,2026,dvc_2025,https://dichvucong.gov.vn/archive/2025,generated_catalog,source,2026-09-12T19:42:24.601202,crawl_2018_2026,Phòng An ninh nội địa - Công an Thành phố Huế,BCA_CA_TTH_PA02,phong an ninh noi ia cong an thanh pho hue,BCA,Annotator_A,HIGH,Khớp hoàn toàn danh mục hành chính chuẩn,2026-09-12,DataVietNam,2026-09-12
BCA_CA_TTH_PA03,Phòng An ninh chính trị nội bộ - Công an Thành phố Huế,BCA,province,2025,2026,dvc_2025,https://dichvucong.gov.vn/archive/2025,generated_catalog,source,2026-09-12T19:42:24.601202,crawl_2018_2026,Phòng An ninh chính trị nội bộ - Công an Thành phố Huế,BCA_CA_TTH_PA03,phong an ninh chinh tri noi bo cong an thanh pho hue,BCA,Annotator_A,HIGH,Khớp hoàn toàn danh mục hành chính chuẩn,2026-09-12,DataVietNam,2026-09-12
BCA_CA_TTH_PA05,Phòng An ninh mạng và phòng chống tội phạm công nghệ cao - Công an Thành phố Huế,BCA,province,2025,2026,dvc_2025,https://dichvucong.gov.vn/archive/2025,generated_catalog,source,2026-09-12T19:42:24.601202,crawl_2018_2026,Phòng An ninh mạng và phòng chống tội phạm công nghệ cao - Công an Thành phố Huế,BCA_CA_TTH_PA05,phong an ninh mang va phong chong toi pham cong nghe cao cong an thanh pho hue,BCA,Annotator_A,HIGH,Khớp hoàn toàn danh mục hành chính chuẩn,2026-09-12,DataVietNam,2026-09-12
BQP_BCH_HUE,Bộ Chỉ huy Quân sự Thành phố Huế,BQP,division,2025,2026,nq_hue_2025_2025,https://dichvucong.gov.vn/archive/2025,generated_catalog,source,2026-09-12T19:42:24.601202,crawl_2018_2026,Bộ Chỉ huy Quân sự Thành phố Huế,BQP_BCH_HUE,bo chi huy quan su thanh pho hue,BQP,Annotator_A,HIGH,Khớp hoàn toàn danh mục hành chính chuẩn,2026-09-12,DataVietNam,2026-09-12
OTH_HDND_TTH,Hội đồng nhân dân Huế,OTHER,province,2025,2026,dvc_2025,https://dichvucong.gov.vn/archive/2025,generated_catalog,source,2026-09-12T19:42:24.601202,crawl_2018_2026,Hội đồng nhân dân Huế,OTH_HDND_TTH,hoi ong nhan dan hue,OTHER,Annotator_A,HIGH,Khớp hoàn toàn danh mục hành chính chuẩn,2026-09-12,DataVietNam,2026-09-12
OTH_TAND_TTH,Tòa án nhân dân Huế,OTHER,province,2025,2026,dvc_2025,https://dichvucong.gov.vn/archive/2025,generated_catalog,source,2026-09-12T19:42:24.601202,crawl_2018_2026,Tòa án nhân dân Huế,OTH_TAND_TTH,toa an nhan dan hue,OTHER,Annotator_A,HIGH,Khớp hoàn toàn danh mục hành chính chuẩn,2026-09-12,DataVietNam,2026-09-12
OTH_VKSND_TTH,Viện kiểm sát nhân dân Huế,OTHER,province,2025,2026,dvc_2025,https://dichvucong.gov.vn/archive/2025,generated_catalog,source,2026-09-12T19:42:24.601202,crawl_2018_2026,Viện kiểm sát nhân dân Huế,OTH_VKSND_TTH,vien kiem sat nhan dan hue,OTHER,Annotator_A,MEDIUM,Tên có thể gây nhầm lẫn ngành/ngoài ngành,2026-09-12,DataVietNam,2026-09-12
BCA_C11,Cục Cảnh sát phòng chống tội phạm công nghệ cao,BCA,ministry,2026,2026,nd_bca_2026_2026,https://dichvucong.gov.vn/archive/2026,generated_catalog,source,2026-09-12T19:42:24.601202,crawl_2018_2026,Cục Cảnh sát phòng chống tội phạm công nghệ cao,BCA_C11,cuc canh sat phong chong toi pham cong nghe cao,BCA,Annotator_A,HIGH,Khớp hoàn toàn danh mục hành chính chuẩn,2026-09-12,DataVietNam,2026-09-12
BCA_CA_HN_PC11,Phòng Cảnh sát phòng chống tội phạm công nghệ cao - Công an Thành phố Hà Nội,BCA,province,2026,2026,nd_bca_2026_2026,https://dichvucong.gov.vn/archive/2026,generated_catalog,source,2026-09-12T19:42:24.601202,crawl_2018_2026,Phòng Cảnh sát phòng chống tội phạm công nghệ cao - Công an Thành phố Hà Nội,BCA_CA_HN_PC11,phong canh sat phong chong toi pham cong nghe cao cong an thanh pho ha noi,BCA,Annotator_A,HIGH,Khớp hoàn toàn danh mục hành chính chuẩn,2026-09-12,DataVietNam,2026-09-12
BCA_CA_HCM_PC11,Phòng Cảnh sát phòng chống tội phạm công nghệ cao - Công an Thành phố Thành phố Hồ Chí Minh,BCA,province,2026,2026,nd_bca_2026_2026,https://dichvucong.gov.vn/archive/2026,generated_catalog,source,2026-09-12T19:42:24.601202,crawl_2018_2026,Phòng Cảnh sát phòng chống tội phạm công nghệ cao - Công an Thành phố Thành phố Hồ Chí Minh,BCA_CA_HCM_PC11,phong canh sat phong chong toi pham cong nghe cao cong an thanh pho thanh pho ho chi minh,BCA,Annotator_A,HIGH,Khớp hoàn toàn danh mục hành chính chuẩn,2026-09-12,DataVietNam,2026-09-12
BCA_CA_DN_PC11,Phòng Cảnh sát phòng chống tội phạm công nghệ cao - Công an Thành phố Đà Nẵng,BCA,province,2026,2026,nd_bca_2026_2026,https://dichvucong.gov.vn/archive/2026,generated_catalog,source,2026-09-12T19:42:24.601202,crawl_2018_2026,Phòng Cảnh sát phòng chống tội phạm công nghệ cao - Công an Thành phố Đà Nẵng,BCA_CA_DN_PC11,phong canh sat phong chong toi pham cong nghe cao cong an thanh pho a nang,BCA,Annotator_A,HIGH,Khớp hoàn toàn danh mục hành chính chuẩn,2026-09-12,DataVietNam,2026-09-12
BCA_CA_HP_PC11,Phòng Cảnh sát phòng chống tội phạm công nghệ cao - Công an Thành phố Hải Phòng,BCA,province,2026,2026,nd_bca_2026_2026,https://dichvucong.gov.vn/archive/2026,generated_catalog,source,2026-09-12T19:42:24.601202,crawl_2018_2026,Phòng Cảnh sát phòng chống tội phạm công nghệ cao - Công an Thành phố Hải Phòng,BCA_CA_HP_PC11,phong canh sat phong chong toi pham cong nghe cao cong an thanh pho hai phong,BCA,Annotator_A,HIGH,Khớp hoàn toàn danh mục hành chính chuẩn,2026-09-12,DataVietNam,2026-09-12
BCA_CA_CT_PC11,Phòng Cảnh sát phòng chống tội phạm công nghệ cao - Công an Thành phố Cần Thơ,BCA,province,2026,2026,nd_bca_2026_2026,https://dichvucong.gov.vn/archive/2026,generated_catalog,source,2026-09-12T19:42:24.601202,crawl_2018_2026,Phòng Cảnh sát phòng chống tội phạm công nghệ cao - Công an Thành phố Cần Thơ,BCA_CA_CT_PC11,phong canh sat phong chong toi pham cong nghe cao cong an thanh pho can tho,BCA,Annotator_A,HIGH,Khớp hoàn toàn danh mục hành chính chuẩn,2026-09-12,DataVietNam,2026-09-12
BCA_CA_DNAI_PC11,Phòng Cảnh sát phòng chống tội phạm công nghệ cao - Công an Tỉnh Đồng Nai,BCA,province,2026,2026,nd_bca_2026_2026,https://dichvucong.gov.vn/archive/2026,generated_catalog,source,2026-09-12T19:42:24.601202,crawl_2018_2026,Phòng Cảnh sát phòng chống tội phạm công nghệ cao - Công an Tỉnh Đồng Nai,BCA_CA_DNAI_PC11,phong canh sat phong chong toi pham cong nghe cao cong an tinh ong nai,BCA,Annotator_A,HIGH,Khớp hoàn toàn danh mục hành chính chuẩn,2026-09-12,DataVietNam,2026-09-12
BCA_CA_BD_PC11,Phòng Cảnh sát phòng chống tội phạm công nghệ cao - Công an Tỉnh Bình Dương,BCA,province,2026,2026,nd_bca_2026_2026,https://dichvucong.gov.vn/archive/2026,generated_catalog,source,2026-09-12T19:42:24.601202,crawl_2018_2026,Phòng Cảnh sát phòng chống tội phạm công nghệ cao - Công an Tỉnh Bình Dương,BCA_CA_BD_PC11,phong canh sat phong chong toi pham cong nghe cao cong an tinh binh duong,BCA,Annotator_A,HIGH,Khớp hoàn toàn danh mục hành chính chuẩn,2026-09-12,DataVietNam,2026-09-12
BCA_CA_VT_PC11,Phòng Cảnh sát phòng chống tội phạm công nghệ cao - Công an Tỉnh Bà Rịa - Vũng Tàu,BCA,province,2026,2026,nd_bca_2026_2026,https://dichvucong.gov.vn/archive/2026,generated_catalog,source,2026-09-12T19:42:24.601202,crawl_2018_2026,Phòng Cảnh sát phòng chống tội phạm công nghệ cao - Công an Tỉnh Bà Rịa - Vũng Tàu,BCA_CA_VT_PC11,phong canh sat phong chong toi pham cong nghe cao cong an tinh ba ria vung tau,BCA,Annotator_A,HIGH,Khớp hoàn toàn danh mục hành chính chuẩn,2026-09-12,DataVietNam,2026-09-12
BCA_CA_TNI_PC11,Phòng Cảnh sát phòng chống tội phạm công nghệ cao - Công an Tỉnh Tây Ninh,BCA,province,2026,2026,nd_bca_2026_2026,https://dichvucong.gov.vn/archive/2026,generated_catalog,source,2026-09-12T19:42:24.601202,crawl_2018_2026,Phòng Cảnh sát phòng chống tội phạm công nghệ cao - Công an Tỉnh Tây Ninh,BCA_CA_TNI_PC11,phong canh sat phong chong toi pham cong nghe cao cong an tinh tay ninh,BCA,Annotator_A,HIGH,Khớp hoàn toàn danh mục hành chính chuẩn,2026-09-12,DataVietNam,2026-09-12
BCA_CA_BPC_PC11,Phòng Cảnh sát phòng chống tội phạm công nghệ cao - Công an Tỉnh Bình Phước,BCA,province,2026,2026,nd_bca_2026_2026,https://dichvucong.gov.vn/archive/2026,generated_catalog,source,2026-09-12T19:42:24.601202,crawl_2018_2026,Phòng Cảnh sát phòng chống tội phạm công nghệ cao - Công an Tỉnh Bình Phước,BCA_CA_BPC_PC11,phong canh sat phong chong toi pham cong nghe cao cong an tinh binh phuoc,BCA,Annotator_A,HIGH,Khớp hoàn toàn danh mục hành chính chuẩn,2026-09-12,DataVietNam,2026-09-12
BCA_CA_AGI_PC11,Phòng Cảnh sát phòng chống tội phạm công nghệ cao - Công an Tỉnh An Giang,BCA,province,2026,2026,nd_bca_2026_2026,https://dichvucong.gov.vn/archive/2026,generated_catalog,source,2026-09-12T19:42:24.601202,crawl_2018_2026,Phòng Cảnh sát phòng chống tội phạm công nghệ cao - Công an Tỉnh An Giang,BCA_CA_AGI_PC11,phong canh sat phong chong toi pham cong nghe cao cong an tinh an giang,BCA,Annotator_A,HIGH,Khớp hoàn toàn danh mục hành chính chuẩn,2026-09-12,DataVietNam,2026-09-12
BCA_CA_KGI_PC11,Phòng Cảnh sát phòng chống tội phạm công nghệ cao - Công an Tỉnh Kiên Giang,BCA,province,2026,2026,nd_bca_2026_2026,https://dichvucong.gov.vn/archive/2026,generated_catalog,source,2026-09-12T19:42:24.601202,crawl_2018_2026,Phòng Cảnh sát phòng chống tội phạm công nghệ cao - Công an Tỉnh Kiên Giang,BCA_CA_KGI_PC11,phong canh sat phong chong toi pham cong nghe cao cong an tinh kien giang,BCA,Annotator_A,HIGH,Khớp hoàn toàn danh mục hành chính chuẩn,2026-09-12,DataVietNam,2026-09-12
BCA_CA_CM_PC11,Phòng Cảnh sát phòng chống tội phạm công nghệ cao - Công an Tỉnh Cà Mau,BCA,province,2026,2026,nd_bca_2026_2026,https://dichvucong.gov.vn/archive/2026,generated_catalog,source,2026-09-12T19:42:24.601202,crawl_2018_2026,Phòng Cảnh sát phòng chống tội phạm công nghệ cao - Công an Tỉnh Cà Mau,BCA_CA_CM_PC11,phong canh sat phong chong toi pham cong nghe cao cong an tinh ca mau,BCA,Annotator_A,HIGH,Khớp hoàn toàn danh mục hành chính chuẩn,2026-09-12,DataVietNam,2026-09-12
BCA_CA_HAG_PC11,Phòng Cảnh sát phòng chống tội phạm công nghệ cao - Công an Tỉnh Hậu Giang,BCA,province,2026,2026,nd_bca_2026_2026,https://dichvucong.gov.vn/archive/2026,generated_catalog,source,2026-09-12T19:42:24.601202,crawl_2018_2026,Phòng Cảnh sát phòng chống tội phạm công nghệ cao - Công an Tỉnh Hậu Giang,BCA_CA_HAG_PC11,phong canh sat phong chong toi pham cong nghe cao cong an tinh hau giang,BCA,Annotator_A,HIGH,Khớp hoàn toàn danh mục hành chính chuẩn,2026-09-12,DataVietNam,2026-09-12
BCA_CA_ST_PC11,Phòng Cảnh sát phòng chống tội phạm công nghệ cao - Công an Tỉnh Sóc Trăng,BCA,province,2026,2026,nd_bca_2026_2026,https://dichvucong.gov.vn/archive/2026,generated_catalog,source,2026-09-12T19:42:24.601202,crawl_2018_2026,Phòng Cảnh sát phòng chống tội phạm công nghệ cao - Công an Tỉnh Sóc Trăng,BCA_CA_ST_PC11,phong canh sat phong chong toi pham cong nghe cao cong an tinh soc trang,BCA,Annotator_A,HIGH,Khớp hoàn toàn danh mục hành chính chuẩn,2026-09-12,DataVietNam,2026-09-12
BCA_CA_BL_PC11,Phòng Cảnh sát phòng chống tội phạm công nghệ cao - Công an Tỉnh Bạc Liêu,BCA,province,2026,2026,nd_bca_2026_2026,https://dichvucong.gov.vn/archive/2026,generated_catalog,source,2026-09-12T19:42:24.601202,crawl_2018_2026,Phòng Cảnh sát phòng chống tội phạm công nghệ cao - Công an Tỉnh Bạc Liêu,BCA_CA_BL_PC11,phong canh sat phong chong toi pham cong nghe cao cong an tinh bac lieu,BCA,Annotator_A,HIGH,Khớp hoàn toàn danh mục hành chính chuẩn,2026-09-12,DataVietNam,2026-09-12
BCA_CA_TV_PC11,Phòng Cảnh sát phòng chống tội phạm công nghệ cao - Công an Tỉnh Trà Vinh,BCA,province,2026,2026,nd_bca_2026_2026,https://dichvucong.gov.vn/archive/2026,generated_catalog,source,2026-09-12T19:42:24.601202,crawl_2018_2026,Phòng Cảnh sát phòng chống tội phạm công nghệ cao - Công an Tỉnh Trà Vinh,BCA_CA_TV_PC11,phong canh sat phong chong toi pham cong nghe cao cong an tinh tra vinh,BCA,Annotator_A,HIGH,Khớp hoàn toàn danh mục hành chính chuẩn,2026-09-12,DataVietNam,2026-09-12
BCA_CA_VL_PC11,Phòng Cảnh sát phòng chống tội phạm công nghệ cao - Công an Tỉnh Vĩnh Long,BCA,province,2026,2026,nd_bca_2026_2026,https://dichvucong.gov.vn/archive/2026,generated_catalog,source,2026-09-12T19:42:24.601202,crawl_2018_2026,Phòng Cảnh sát phòng chống tội phạm công nghệ cao - Công an Tỉnh Vĩnh Long,BCA_CA_VL_PC11,phong canh sat phong chong toi pham cong nghe cao cong an tinh vinh long,BCA,Annotator_A,HIGH,Khớp hoàn toàn danh mục hành chính chuẩn,2026-09-12,DataVietNam,2026-09-12
BCA_CA_BT_PC11,Phòng Cảnh sát phòng chống tội phạm công nghệ cao - Công an Tỉnh Bến Tre,BCA,province,2026,2026,nd_bca_2026_2026,https://dichvucong.gov.vn/archive/2026,generated_catalog,source,2026-09-12T19:42:24.601202,crawl_2018_2026,Phòng Cảnh sát phòng chống tội phạm công nghệ cao - Công an Tỉnh Bến Tre,BCA_CA_BT_PC11,phong canh sat phong chong toi pham cong nghe cao cong an tinh ben tre,BCA,Annotator_A,HIGH,Khớp hoàn toàn danh mục hành chính chuẩn,2026-09-12,DataVietNam,2026-09-12
BCA_CA_TG_PC11,Phòng Cảnh sát phòng chống tội phạm công nghệ cao - Công an Tỉnh Tiền Giang,BCA,province,2026,2026,nd_bca_2026_2026,https://dichvucong.gov.vn/archive/2026,generated_catalog,source,2026-09-12T19:42:24.601202,crawl_2018_2026,Phòng Cảnh sát phòng chống tội phạm công nghệ cao - Công an Tỉnh Tiền Giang,BCA_CA_TG_PC11,phong canh sat phong chong toi pham cong nghe cao cong an tinh tien giang,BCA,Annotator_A,HIGH,Khớp hoàn toàn danh mục hành chính chuẩn,2026-09-12,DataVietNam,2026-09-12
BCA_CA_DT_PC11,Phòng Cảnh sát phòng chống tội phạm công nghệ cao - Công an Tỉnh Đồng Tháp,BCA,province,2026,2026,nd_bca_2026_2026,https://dichvucong.gov.vn/archive/2026,generated_catalog,source,2026-09-12T19:42:24.601202,crawl_2018_2026,Phòng Cảnh sát phòng chống tội phạm công nghệ cao - Công an Tỉnh Đồng Tháp,BCA_CA_DT_PC11,phong canh sat phong chong toi pham cong nghe cao cong an tinh ong thap,BCA,Annotator_A,HIGH,Khớp hoàn toàn danh mục hành chính chuẩn,2026-09-12,DataVietNam,2026-09-12
BCA_CA_LA_PC11,Phòng Cảnh sát phòng chống tội phạm công nghệ cao - Công an Tỉnh Long An,BCA,province,2026,2026,nd_bca_2026_2026,https://dichvucong.gov.vn/archive/2026,generated_catalog,source,2026-09-12T19:42:24.601202,crawl_2018_2026,Phòng Cảnh sát phòng chống tội phạm công nghệ cao - Công an Tỉnh Long An,BCA_CA_LA_PC11,phong canh sat phong chong toi pham cong nghe cao cong an tinh long an,BCA,Annotator_A,HIGH,Khớp hoàn toàn danh mục hành chính chuẩn,2026-09-12,DataVietNam,2026-09-12
BCA_CA_DLA_PC11,Phòng Cảnh sát phòng chống tội phạm công nghệ cao - Công an Tỉnh Đắk Lắk,BCA,province,2026,2026,nd_bca_2026_2026,https://dichvucong.gov.vn/archive/2026,generated_catalog,source,2026-09-12T19:42:24.601202,crawl_2018_2026,Phòng Cảnh sát phòng chống tội phạm công nghệ cao - Công an Tỉnh Đắk Lắk,BCA_CA_DLA_PC11,phong canh sat phong chong toi pham cong nghe cao cong an tinh ak lak,BCA,Annotator_A,HIGH,Khớp hoàn toàn danh mục hành chính chuẩn,2026-09-12,DataVietNam,2026-09-12
BCA_CA_GLA_PC11,Phòng Cảnh sát phòng chống tội phạm công nghệ cao - Công an Tỉnh Gia Lai,BCA,province,2026,2026,nd_bca_2026_2026,https://dichvucong.gov.vn/archive/2026,generated_catalog,source,2026-09-12T19:42:24.601202,crawl_2018_2026,Phòng Cảnh sát phòng chống tội phạm công nghệ cao - Công an Tỉnh Gia Lai,BCA_CA_GLA_PC11,phong canh sat phong chong toi pham cong nghe cao cong an tinh gia lai,BCA,Annotator_A,HIGH,Khớp hoàn toàn danh mục hành chính chuẩn,2026-09-12,DataVietNam,2026-09-12
BCA_CA_LD_PC11,Phòng Cảnh sát phòng chống tội phạm công nghệ cao - Công an Tỉnh Lâm Đồng,BCA,province,2026,2026,nd_bca_2026_2026,https://dichvucong.gov.vn/archive/2026,generated_catalog,source,2026-09-12T19:42:24.601202,crawl_2018_2026,Phòng Cảnh sát phòng chống tội phạm công nghệ cao - Công an Tỉnh Lâm Đồng,BCA_CA_LD_PC11,phong canh sat phong chong toi pham cong nghe cao cong an tinh lam ong,BCA,Annotator_A,HIGH,Khớp hoàn toàn danh mục hành chính chuẩn,2026-09-12,DataVietNam,2026-09-12
BCA_CA_KT_PC11,Phòng Cảnh sát phòng chống tội phạm công nghệ cao - Công an Tỉnh Kon Tum,BCA,province,2026,2026,nd_bca_2026_2026,https://dichvucong.gov.vn/archive/2026,generated_catalog,source,2026-09-12T19:42:24.601202,crawl_2018_2026,Phòng Cảnh sát phòng chống tội phạm công nghệ cao - Công an Tỉnh Kon Tum,BCA_CA_KT_PC11,phong canh sat phong chong toi pham cong nghe cao cong an tinh kon tum,BCA,Annotator_A,HIGH,Khớp hoàn toàn danh mục hành chính chuẩn,2026-09-12,DataVietNam,2026-09-12
BCA_CA_DNO_PC11,Phòng Cảnh sát phòng chống tội phạm công nghệ cao - Công an Tỉnh Đắk Nông,BCA,province,2026,2026,nd_bca_2026_2026,https://dichvucong.gov.vn/archive/2026,generated_catalog,source,2026-09-12T19:42:24.601202,crawl_2018_2026,Phòng Cảnh sát phòng chống tội phạm công nghệ cao - Công an Tỉnh Đắk Nông,BCA_CA_DNO_PC11,phong canh sat phong chong toi pham cong nghe cao cong an tinh ak nong,BCA,Annotator_A,HIGH,Khớp hoàn toàn danh mục hành chính chuẩn,2026-09-12,DataVietNam,2026-09-12
BCA_CA_KHA_PC11,Phòng Cảnh sát phòng chống tội phạm công nghệ cao - Công an Tỉnh Khánh Hòa,BCA,province,2026,2026,nd_bca_2026_2026,https://dichvucong.gov.vn/archive/2026,generated_catalog,source,2026-09-12T19:42:24.601202,crawl_2018_2026,Phòng Cảnh sát phòng chống tội phạm công nghệ cao - Công an Tỉnh Khánh Hòa,BCA_CA_KHA_PC11,phong canh sat phong chong toi pham cong nghe cao cong an tinh khanh hoa,BCA,Annotator_A,HIGH,Khớp hoàn toàn danh mục hành chính chuẩn,2026-09-12,DataVietNam,2026-09-12
BCA_CA_BTN_PC11,Phòng Cảnh sát phòng chống tội phạm công nghệ cao - Công an Tỉnh Bình Thuận,BCA,province,2026,2026,nd_bca_2026_2026,https://dichvucong.gov.vn/archive/2026,generated_catalog,source,2026-09-12T19:42:24.601202,crawl_2018_2026,Phòng Cảnh sát phòng chống tội phạm công nghệ cao - Công an Tỉnh Bình Thuận,BCA_CA_BTN_PC11,phong canh sat phong chong toi pham cong nghe cao cong an tinh binh thuan,BCA,Annotator_A,HIGH,Khớp hoàn toàn danh mục hành chính chuẩn,2026-09-12,DataVietNam,2026-09-12
BCA_CA_NTN_PC11,Phòng Cảnh sát phòng chống tội phạm công nghệ cao - Công an Tỉnh Ninh Thuận,BCA,province,2026,2026,nd_bca_2026_2026,https://dichvucong.gov.vn/archive/2026,generated_catalog,source,2026-09-12T19:42:24.601202,crawl_2018_2026,Phòng Cảnh sát phòng chống tội phạm công nghệ cao - Công an Tỉnh Ninh Thuận,BCA_CA_NTN_PC11,phong canh sat phong chong toi pham cong nghe cao cong an tinh ninh thuan,BCA,Annotator_A,HIGH,Khớp hoàn toàn danh mục hành chính chuẩn,2026-09-12,DataVietNam,2026-09-12
BCA_CA_PY_PC11,Phòng Cảnh sát phòng chống tội phạm công nghệ cao - Công an Tỉnh Phú Yên,BCA,province,2026,2026,nd_bca_2026_2026,https://dichvucong.gov.vn/archive/2026,generated_catalog,source,2026-09-12T19:42:24.601202,crawl_2018_2026,Phòng Cảnh sát phòng chống tội phạm công nghệ cao - Công an Tỉnh Phú Yên,BCA_CA_PY_PC11,phong canh sat phong chong toi pham cong nghe cao cong an tinh phu yen,BCA,Annotator_A,HIGH,Khớp hoàn toàn danh mục hành chính chuẩn,2026-09-12,DataVietNam,2026-09-12
BCA_CA_BDH_PC11,Phòng Cảnh sát phòng chống tội phạm công nghệ cao - Công an Tỉnh Bình Định,BCA,province,2026,2026,nd_bca_2026_2026,https://dichvucong.gov.vn/archive/2026,generated_catalog,source,2026-09-12T19:42:24.601202,crawl_2018_2026,Phòng Cảnh sát phòng chống tội phạm công nghệ cao - Công an Tỉnh Bình Định,BCA_CA_BDH_PC11,phong canh sat phong chong toi pham cong nghe cao cong an tinh binh inh,BCA,Annotator_A,HIGH,Khớp hoàn toàn danh mục hành chính chuẩn,2026-09-12,DataVietNam,2026-09-12
BCA_CA_QNG_PC11,Phòng Cảnh sát phòng chống tội phạm công nghệ cao - Công an Tỉnh Quảng Ngãi,BCA,province,2026,2026,nd_bca_2026_2026,https://dichvucong.gov.vn/archive/2026,generated_catalog,source,2026-09-12T19:42:24.601202,crawl_2018_2026,Phòng Cảnh sát phòng chống tội phạm công nghệ cao - Công an Tỉnh Quảng Ngãi,BCA_CA_QNG_PC11,phong canh sat phong chong toi pham cong nghe cao cong an tinh quang ngai,BCA,Annotator_A,HIGH,Khớp hoàn toàn danh mục hành chính chuẩn,2026-09-12,DataVietNam,2026-09-12
BCA_CA_QNA_PC11,Phòng Cảnh sát phòng chống tội phạm công nghệ cao - Công an Tỉnh Quảng Nam,BCA,province,2026,2026,nd_bca_2026_2026,https://dichvucong.gov.vn/archive/2026,generated_catalog,source,2026-09-12T19:42:24.601202,crawl_2018_2026,Phòng Cảnh sát phòng chống tội phạm công nghệ cao - Công an Tỉnh Quảng Nam,BCA_CA_QNA_PC11,phong canh sat phong chong toi pham cong nghe cao cong an tinh quang nam,BCA,Annotator_A,HIGH,Khớp hoàn toàn danh mục hành chính chuẩn,2026-09-12,DataVietNam,2026-09-12
BCA_CA_TTH_PC11,Phòng Cảnh sát phòng chống tội phạm công nghệ cao - Công an Thành phố Thừa Thiên Huế,BCA,province,2026,2026,nd_bca_2026_2026,https://dichvucong.gov.vn/archive/2026,generated_catalog,source,2026-09-12T19:42:24.601202,crawl_2018_2026,Phòng Cảnh sát phòng chống tội phạm công nghệ cao - Công an Thành phố Thừa Thiên Huế,BCA_CA_TTH_PC11,phong canh sat phong chong toi pham cong nghe cao cong an thanh pho thua thien hue,BCA,Annotator_A,HIGH,Khớp hoàn toàn danh mục hành chính chuẩn,2026-09-12,DataVietNam,2026-09-12
BCA_CA_QTR_PC11,Phòng Cảnh sát phòng chống tội phạm công nghệ cao - Công an Tỉnh Quảng Trị,BCA,province,2026,2026,nd_bca_2026_2026,https://dichvucong.gov.vn/archive/2026,generated_catalog,source,2026-09-12T19:42:24.601202,crawl_2018_2026,Phòng Cảnh sát phòng chống tội phạm công nghệ cao - Công an Tỉnh Quảng Trị,BCA_CA_QTR_PC11,phong canh sat phong chong toi pham cong nghe cao cong an tinh quang tri,BCA,Annotator_A,HIGH,Khớp hoàn toàn danh mục hành chính chuẩn,2026-09-12,DataVietNam,2026-09-12
BCA_CA_QBI_PC11,Phòng Cảnh sát phòng chống tội phạm công nghệ cao - Công an Tỉnh Quảng Bình,BCA,province,2026,2026,nd_bca_2026_2026,https://dichvucong.gov.vn/archive/2026,generated_catalog,source,2026-09-12T19:42:24.601202,crawl_2018_2026,Phòng Cảnh sát phòng chống tội phạm công nghệ cao - Công an Tỉnh Quảng Bình,BCA_CA_QBI_PC11,phong canh sat phong chong toi pham cong nghe cao cong an tinh quang binh,BCA,Annotator_A,HIGH,Khớp hoàn toàn danh mục hành chính chuẩn,2026-09-12,DataVietNam,2026-09-12
BCA_CA_HT_PC11,Phòng Cảnh sát phòng chống tội phạm công nghệ cao - Công an Tỉnh Hà Tĩnh,BCA,province,2026,2026,nd_bca_2026_2026,https://dichvucong.gov.vn/archive/2026,generated_catalog,source,2026-09-12T19:42:24.601202,crawl_2018_2026,Phòng Cảnh sát phòng chống tội phạm công nghệ cao - Công an Tỉnh Hà Tĩnh,BCA_CA_HT_PC11,phong canh sat phong chong toi pham cong nghe cao cong an tinh ha tinh,BCA,Annotator_A,HIGH,Khớp hoàn toàn danh mục hành chính chuẩn,2026-09-12,DataVietNam,2026-09-12
BCA_CA_NA_PC11,Phòng Cảnh sát phòng chống tội phạm công nghệ cao - Công an Tỉnh Nghệ An,BCA,province,2026,2026,nd_bca_2026_2026,https://dichvucong.gov.vn/archive/2026,generated_catalog,source,2026-09-12T19:42:24.601202,crawl_2018_2026,Phòng Cảnh sát phòng chống tội phạm công nghệ cao - Công an Tỉnh Nghệ An,BCA_CA_NA_PC11,phong canh sat phong chong toi pham cong nghe cao cong an tinh nghe an,BCA,Annotator_A,HIGH,Khớp hoàn toàn danh mục hành chính chuẩn,2026-09-12,DataVietNam,2026-09-12
BCA_CA_TH_PC11,Phòng Cảnh sát phòng chống tội phạm công nghệ cao - Công an Tỉnh Thanh Hóa,BCA,province,2026,2026,nd_bca_2026_2026,https://dichvucong.gov.vn/archive/2026,generated_catalog,source,2026-09-12T19:42:24.601202,crawl_2018_2026,Phòng Cảnh sát phòng chống tội phạm công nghệ cao - Công an Tỉnh Thanh Hóa,BCA_CA_TH_PC11,phong canh sat phong chong toi pham cong nghe cao cong an tinh thanh hoa,BCA,Annotator_A,HIGH,Khớp hoàn toàn danh mục hành chính chuẩn,2026-09-12,DataVietNam,2026-09-12
BCA_CA_QNH_PC11,Phòng Cảnh sát phòng chống tội phạm công nghệ cao - Công an Tỉnh Quảng Ninh,BCA,province,2026,2026,nd_bca_2026_2026,https://dichvucong.gov.vn/archive/2026,generated_catalog,source,2026-09-12T19:42:24.601202,crawl_2018_2026,Phòng Cảnh sát phòng chống tội phạm công nghệ cao - Công an Tỉnh Quảng Ninh,BCA_CA_QNH_PC11,phong canh sat phong chong toi pham cong nghe cao cong an tinh quang ninh,BCA,Annotator_A,HIGH,Khớp hoàn toàn danh mục hành chính chuẩn,2026-09-12,DataVietNam,2026-09-12
BCA_CA_HD_PC11,Phòng Cảnh sát phòng chống tội phạm công nghệ cao - Công an Tỉnh Hải Dương,BCA,province,2026,2026,nd_bca_2026_2026,https://dichvucong.gov.vn/archive/2026,generated_catalog,source,2026-09-12T19:42:24.601202,crawl_2018_2026,Phòng Cảnh sát phòng chống tội phạm công nghệ cao - Công an Tỉnh Hải Dương,BCA_CA_HD_PC11,phong canh sat phong chong toi pham cong nghe cao cong an tinh hai duong,BCA,Annotator_A,HIGH,Khớp hoàn toàn danh mục hành chính chuẩn,2026-09-12,DataVietNam,2026-09-12
BCA_CA_HY_PC11,Phòng Cảnh sát phòng chống tội phạm công nghệ cao - Công an Tỉnh Hưng Yên,BCA,province,2026,2026,nd_bca_2026_2026,https://dichvucong.gov.vn/archive/2026,generated_catalog,source,2026-09-12T19:42:24.601202,crawl_2018_2026,Phòng Cảnh sát phòng chống tội phạm công nghệ cao - Công an Tỉnh Hưng Yên,BCA_CA_HY_PC11,phong canh sat phong chong toi pham cong nghe cao cong an tinh hung yen,BCA,Annotator_A,HIGH,Khớp hoàn toàn danh mục hành chính chuẩn,2026-09-12,DataVietNam,2026-09-12
BCA_CA_TBI_PC11,Phòng Cảnh sát phòng chống tội phạm công nghệ cao - Công an Tỉnh Thái Bình,BCA,province,2026,2026,nd_bca_2026_2026,https://dichvucong.gov.vn/archive/2026,generated_catalog,source,2026-09-12T19:42:24.601202,crawl_2018_2026,Phòng Cảnh sát phòng chống tội phạm công nghệ cao - Công an Tỉnh Thái Bình,BCA_CA_TBI_PC11,phong canh sat phong chong toi pham cong nghe cao cong an tinh thai binh,BCA,Annotator_A,HIGH,Khớp hoàn toàn danh mục hành chính chuẩn,2026-09-12,DataVietNam,2026-09-12
BCA_CA_NDI_PC11,Phòng Cảnh sát phòng chống tội phạm công nghệ cao - Công an Tỉnh Nam Định,BCA,province,2026,2026,nd_bca_2026_2026,https://dichvucong.gov.vn/archive/2026,generated_catalog,source,2026-09-12T19:42:24.601202,crawl_2018_2026,Phòng Cảnh sát phòng chống tội phạm công nghệ cao - Công an Tỉnh Nam Định,BCA_CA_NDI_PC11,phong canh sat phong chong toi pham cong nghe cao cong an tinh nam inh,BCA,Annotator_A,HIGH,Khớp hoàn toàn danh mục hành chính chuẩn,2026-09-12,DataVietNam,2026-09-12
BCA_CA_HNA_PC11,Phòng Cảnh sát phòng chống tội phạm công nghệ cao - Công an Tỉnh Hà Nam,BCA,province,2026,2026,nd_bca_2026_2026,https://dichvucong.gov.vn/archive/2026,generated_catalog,source,2026-09-12T19:42:24.601202,crawl_2018_2026,Phòng Cảnh sát phòng chống tội phạm công nghệ cao - Công an Tỉnh Hà Nam,BCA_CA_HNA_PC11,phong canh sat phong chong toi pham cong nghe cao cong an tinh ha nam,BCA,Annotator_A,HIGH,Khớp hoàn toàn danh mục hành chính chuẩn,2026-09-12,DataVietNam,2026-09-12
BCA_CA_NB_PC11,Phòng Cảnh sát phòng chống tội phạm công nghệ cao - Công an Tỉnh Ninh Bình,BCA,province,2026,2026,nd_bca_2026_2026,https://dichvucong.gov.vn/archive/2026,generated_catalog,source,2026-09-12T19:42:24.601202,crawl_2018_2026,Phòng Cảnh sát phòng chống tội phạm công nghệ cao - Công an Tỉnh Ninh Bình,BCA_CA_NB_PC11,phong canh sat phong chong toi pham cong nghe cao cong an tinh ninh binh,BCA,Annotator_A,HIGH,Khớp hoàn toàn danh mục hành chính chuẩn,2026-09-12,DataVietNam,2026-09-12
BCA_CA_VP_PC11,Phòng Cảnh sát phòng chống tội phạm công nghệ cao - Công an Tỉnh Vĩnh Phúc,BCA,province,2026,2026,nd_bca_2026_2026,https://dichvucong.gov.vn/archive/2026,generated_catalog,source,2026-09-12T19:42:24.601202,crawl_2018_2026,Phòng Cảnh sát phòng chống tội phạm công nghệ cao - Công an Tỉnh Vĩnh Phúc,BCA_CA_VP_PC11,phong canh sat phong chong toi pham cong nghe cao cong an tinh vinh phuc,BCA,Annotator_A,HIGH,Khớp hoàn toàn danh mục hành chính chuẩn,2026-09-12,DataVietNam,2026-09-12
BCA_CA_BNI_PC11,Phòng Cảnh sát phòng chống tội phạm công nghệ cao - Công an Tỉnh Bắc Ninh,BCA,province,2026,2026,nd_bca_2026_2026,https://dichvucong.gov.vn/archive/2026,generated_catalog,source,2026-09-12T19:42:24.601202,crawl_2018_2026,Phòng Cảnh sát phòng chống tội phạm công nghệ cao - Công an Tỉnh Bắc Ninh,BCA_CA_BNI_PC11,phong canh sat phong chong toi pham cong nghe cao cong an tinh bac ninh,BCA,Annotator_A,HIGH,Khớp hoàn toàn danh mục hành chính chuẩn,2026-09-12,DataVietNam,2026-09-12
BCA_CA_BGI_PC11,Phòng Cảnh sát phòng chống tội phạm công nghệ cao - Công an Tỉnh Bắc Giang,BCA,province,2026,2026,nd_bca_2026_2026,https://dichvucong.gov.vn/archive/2026,generated_catalog,source,2026-09-12T19:42:24.601202,crawl_2018_2026,Phòng Cảnh sát phòng chống tội phạm công nghệ cao - Công an Tỉnh Bắc Giang,BCA_CA_BGI_PC11,phong canh sat phong chong toi pham cong nghe cao cong an tinh bac giang,BCA,Annotator_A,HIGH,Khớp hoàn toàn danh mục hành chính chuẩn,2026-09-12,DataVietNam,2026-09-12
BCA_CA_PTH_PC11,Phòng Cảnh sát phòng chống tội phạm công nghệ cao - Công an Tỉnh Phú Thọ,BCA,province,2026,2026,nd_bca_2026_2026,https://dichvucong.gov.vn/archive/2026,generated_catalog,source,2026-09-12T19:42:24.601202,crawl_2018_2026,Phòng Cảnh sát phòng chống tội phạm công nghệ cao - Công an Tỉnh Phú Thọ,BCA_CA_PTH_PC11,phong canh sat phong chong toi pham cong nghe cao cong an tinh phu tho,BCA,Annotator_A,HIGH,Khớp hoàn toàn danh mục hành chính chuẩn,2026-09-12,DataVietNam,2026-09-12
BCA_CA_TNG_PC11,Phòng Cảnh sát phòng chống tội phạm công nghệ cao - Công an Tỉnh Thái Nguyên,BCA,province,2026,2026,nd_bca_2026_2026,https://dichvucong.gov.vn/archive/2026,generated_catalog,source,2026-09-12T19:42:24.601202,crawl_2018_2026,Phòng Cảnh sát phòng chống tội phạm công nghệ cao - Công an Tỉnh Thái Nguyên,BCA_CA_TNG_PC11,phong canh sat phong chong toi pham cong nghe cao cong an tinh thai nguyen,BCA,Annotator_A,HIGH,Khớp hoàn toàn danh mục hành chính chuẩn,2026-09-12,DataVietNam,2026-09-12
BCA_CA_YBI_PC11,Phòng Cảnh sát phòng chống tội phạm công nghệ cao - Công an Tỉnh Yên Bái,BCA,province,2026,2026,nd_bca_2026_2026,https://dichvucong.gov.vn/archive/2026,generated_catalog,source,2026-09-12T19:42:24.601202,crawl_2018_2026,Phòng Cảnh sát phòng chống tội phạm công nghệ cao - Công an Tỉnh Yên Bái,BCA_CA_YBI_PC11,phong canh sat phong chong toi pham cong nghe cao cong an tinh yen bai,BCA,Annotator_A,HIGH,Khớp hoàn toàn danh mục hành chính chuẩn,2026-09-12,DataVietNam,2026-09-12
BCA_CA_TQ_PC11,Phòng Cảnh sát phòng chống tội phạm công nghệ cao - Công an Tỉnh Tuyên Quang,BCA,province,2026,2026,nd_bca_2026_2026,https://dichvucong.gov.vn/archive/2026,generated_catalog,source,2026-09-12T19:42:24.601202,crawl_2018_2026,Phòng Cảnh sát phòng chống tội phạm công nghệ cao - Công an Tỉnh Tuyên Quang,BCA_CA_TQ_PC11,phong canh sat phong chong toi pham cong nghe cao cong an tinh tuyen quang,BCA,Annotator_A,HIGH,Khớp hoàn toàn danh mục hành chính chuẩn,2026-09-12,DataVietNam,2026-09-12
BCA_CA_HGI_PC11,Phòng Cảnh sát phòng chống tội phạm công nghệ cao - Công an Tỉnh Hà Giang,BCA,province,2026,2026,nd_bca_2026_2026,https://dichvucong.gov.vn/archive/2026,generated_catalog,source,2026-09-12T19:42:24.601202,crawl_2018_2026,Phòng Cảnh sát phòng chống tội phạm công nghệ cao - Công an Tỉnh Hà Giang,BCA_CA_HGI_PC11,phong canh sat phong chong toi pham cong nghe cao cong an tinh ha giang,BCA,Annotator_A,HIGH,Khớp hoàn toàn danh mục hành chính chuẩn,2026-09-12,DataVietNam,2026-09-12
BCA_CA_CBG_PC11,Phòng Cảnh sát phòng chống tội phạm công nghệ cao - Công an Tỉnh Cao Bằng,BCA,province,2026,2026,nd_bca_2026_2026,https://dichvucong.gov.vn/archive/2026,generated_catalog,source,2026-09-12T19:42:24.601202,crawl_2018_2026,Phòng Cảnh sát phòng chống tội phạm công nghệ cao - Công an Tỉnh Cao Bằng,BCA_CA_CBG_PC11,phong canh sat phong chong toi pham cong nghe cao cong an tinh cao bang,BCA,Annotator_A,HIGH,Khớp hoàn toàn danh mục hành chính chuẩn,2026-09-12,DataVietNam,2026-09-12
BCA_CA_LSO_PC11,Phòng Cảnh sát phòng chống tội phạm công nghệ cao - Công an Tỉnh Lạng Sơn,BCA,province,2026,2026,nd_bca_2026_2026,https://dichvucong.gov.vn/archive/2026,generated_catalog,source,2026-09-12T19:42:24.601202,crawl_2018_2026,Phòng Cảnh sát phòng chống tội phạm công nghệ cao - Công an Tỉnh Lạng Sơn,BCA_CA_LSO_PC11,phong canh sat phong chong toi pham cong nghe cao cong an tinh lang son,BCA,Annotator_A,HIGH,Khớp hoàn toàn danh mục hành chính chuẩn,2026-09-12,DataVietNam,2026-09-12
BCA_CA_BKN_PC11,Phòng Cảnh sát phòng chống tội phạm công nghệ cao - Công an Tỉnh Bắc Kạn,BCA,province,2026,2026,nd_bca_2026_2026,https://dichvucong.gov.vn/archive/2026,generated_catalog,source,2026-09-12T19:42:24.601202,crawl_2018_2026,Phòng Cảnh sát phòng chống tội phạm công nghệ cao - Công an Tỉnh Bắc Kạn,BCA_CA_BKN_PC11,phong canh sat phong chong toi pham cong nghe cao cong an tinh bac kan,BCA,Annotator_A,HIGH,Khớp hoàn toàn danh mục hành chính chuẩn,2026-09-12,DataVietNam,2026-09-12
BCA_CA_SLA_PC11,Phòng Cảnh sát phòng chống tội phạm công nghệ cao - Công an Tỉnh Sơn La,BCA,province,2026,2026,nd_bca_2026_2026,https://dichvucong.gov.vn/archive/2026,generated_catalog,source,2026-09-12T19:42:24.601202,crawl_2018_2026,Phòng Cảnh sát phòng chống tội phạm công nghệ cao - Công an Tỉnh Sơn La,BCA_CA_SLA_PC11,phong canh sat phong chong toi pham cong nghe cao cong an tinh son la,BCA,Annotator_A,HIGH,Khớp hoàn toàn danh mục hành chính chuẩn,2026-09-12,DataVietNam,2026-09-12
BCA_CA_DB_PC11,Phòng Cảnh sát phòng chống tội phạm công nghệ cao - Công an Tỉnh Điện Biên,BCA,province,2026,2026,nd_bca_2026_2026,https://dichvucong.gov.vn/archive/2026,generated_catalog,source,2026-09-12T19:42:24.601202,crawl_2018_2026,Phòng Cảnh sát phòng chống tội phạm công nghệ cao - Công an Tỉnh Điện Biên,BCA_CA_DB_PC11,phong canh sat phong chong toi pham cong nghe cao cong an tinh ien bien,BCA,Annotator_A,HIGH,Khớp hoàn toàn danh mục hành chính chuẩn,2026-09-12,DataVietNam,2026-09-12
BCA_CA_LCH_PC11,Phòng Cảnh sát phòng chống tội phạm công nghệ cao - Công an Tỉnh Lai Châu,BCA,province,2026,2026,nd_bca_2026_2026,https://dichvucong.gov.vn/archive/2026,generated_catalog,source,2026-09-12T19:42:24.601202,crawl_2018_2026,Phòng Cảnh sát phòng chống tội phạm công nghệ cao - Công an Tỉnh Lai Châu,BCA_CA_LCH_PC11,phong canh sat phong chong toi pham cong nghe cao cong an tinh lai chau,BCA,Annotator_A,HIGH,Khớp hoàn toàn danh mục hành chính chuẩn,2026-09-12,DataVietNam,2026-09-12
BCA_CA_LCA_PC11,Phòng Cảnh sát phòng chống tội phạm công nghệ cao - Công an Tỉnh Lào Cai,BCA,province,2026,2026,nd_bca_2026_2026,https://dichvucong.gov.vn/archive/2026,generated_catalog,source,2026-09-12T19:42:24.601202,crawl_2018_2026,Phòng Cảnh sát phòng chống tội phạm công nghệ cao - Công an Tỉnh Lào Cai,BCA_CA_LCA_PC11,phong canh sat phong chong toi pham cong nghe cao cong an tinh lao cai,BCA,Annotator_A,HIGH,Khớp hoàn toàn danh mục hành chính chuẩn,2026-09-12,DataVietNam,2026-09-12
