unit_id,unit_code,canonical_name,organization_type,unit_level,source_ref,valid_from,valid_to,registry_version,qa_confidence
1,BCA_C01,Văn phòng Cơ quan Cảnh sát điều tra Bộ Công an,BCA,cap_phong_tinh,nd_bca_2018,2018-01-01,,v2.0.0,HIGH
2,BCA_C02,Cục Cảnh sát hình sự,BCA,cap_bo,nd_bca_2018,2018-01-01,,v2.0.0,HIGH
3,BCA_C03,"Cục Cảnh sát điều tra tội phạm về tham nhũng, kinh tế, buôn lậu",BCA,cap_bo,nd_bca_2018,2018-01-01,,v2.0.0,HIGH
4,BCA_C04,Cục Cảnh sát điều tra tội phạm về ma túy,BCA,cap_bo,nd_bca_2018,2018-01-01,,v2.0.0,HIGH
5,BCA_C06,Cục Cảnh sát quản lý hành chính về trật tự xã hội,BCA,cap_bo,nd_bca_2018,2018-01-01,,v2.0.0,HIGH
6,BCA_C08,Cục Cảnh sát giao thông,BCA,cap_bo,nd_bca_2018,2018-01-01,,v2.0.0,HIGH
7,BCA_C10,"Cục Cảnh sát quản lý trại giam, cơ sở giáo dục bắt buộc",BCA,cap_bo,nd_bca_2018,2018-01-01,,v2.0.0,HIGH
8,BCA_A05,Cục An ninh mạng và phòng chống tội phạm công nghệ cao,BCA,cap_bo,nd_bca_2018,2018-01-01,,v2.0.0,HIGH
9,BCA_K01,Bộ Tư lệnh Cảnh vệ,BCA,cap_bo,nd_bca_2018,2018-01-01,,v2.0.0,HIGH
10,BCA_K02,Bộ Tư lệnh Cảnh sát cơ động,BCA,cap_bo,nd_bca_2018,2018-01-01,,v2.0.0,HIGH
11,BCA_T01,Học viện An ninh nhân dân,BCA,hoc_vien_truong,catalog_2018,2018-01-01,,v2.0.0,MEDIUM
12,BCA_T02,Học viện Cảnh sát nhân dân,BCA,hoc_vien_truong,catalog_2018,2018-01-01,,v2.0.0,MEDIUM
13,BCA_T03,Học viện Chính trị Công an nhân dân,BCA,hoc_vien_truong,catalog_2018,2018-01-01,,v2.0.0,MEDIUM
14,BCA_BV198,Bệnh viện 19 - 8 Bộ Công an,BCA,benh_vien,catalog_2018,2018-01-01,,v2.0.0,MEDIUM
15,BCA_BV304,Bệnh viện 30 - 4 Bộ Công an,BCA,benh_vien,catalog_2018,2018-01-01,,v2.0.0,MEDIUM
16,BCA_CA_HN,Công an Thành phố Hà Nội,BCA,cap_tinh,dvc_2018,2018-01-01,,v2.0.0,HIGH
17,BCA_CA_HN_PC01,Văn phòng Cơ quan Cảnh sát điều tra - Công an Thành phố Hà Nội,BCA,cap_tinh,dvc_2018,2018-01-01,,v2.0.0,HIGH
18,BCA_CA_HN_PC02,Phòng Cảnh sát hình sự - Công an Thành phố Hà Nội,BCA,cap_tinh,dvc_2018,2018-01-01,,v2.0.0,HIGH
19,BCA_CA_HN_PC03,Phòng Cảnh sát kinh tế - Công an Thành phố Hà Nội,BCA,cap_tinh,dvc_2018,2018-01-01,,v2.0.0,HIGH
20,BCA_CA_HN_PC04,Phòng Cảnh sát điều tra tội phạm về ma túy - Công an Thành phố Hà Nội,BCA,cap_tinh,dvc_2018,2018-01-01,,v2.0.0,HIGH
21,BCA_CA_HN_PC06,Phòng Cảnh sát quản lý hành chính về trật tự xã hội - Công an Thành phố Hà Nội,BCA,cap_tinh,dvc_2018,2018-01-01,,v2.0.0,HIGH
22,BCA_CA_HN_PC08,Phòng Cảnh sát giao thông - Công an Thành phố Hà Nội,BCA,cap_tinh,dvc_2018,2018-01-01,,v2.0.0,HIGH
23,BCA_CA_HN_PA01,Phòng An ninh đối ngoại - Công an Thành phố Hà Nội,BCA,cap_tinh,dvc_2018,2018-01-01,,v2.0.0,HIGH
24,BCA_CA_HN_PA02,Phòng An ninh nội địa - Công an Thành phố Hà Nội,BCA,cap_tinh,dvc_2018,2018-01-01,,v2.0.0,HIGH
25,BCA_CA_HN_PA03,Phòng An ninh chính trị nội bộ - Công an Thành phố Hà Nội,BCA,cap_tinh,dvc_2018,2018-01-01,,v2.0.0,HIGH
26,BCA_CA_HN_PA05,Phòng An ninh mạng và phòng chống tội phạm công nghệ cao - Công an Thành phố Hà Nội,BCA,cap_tinh,dvc_2018,2018-01-01,,v2.0.0,HIGH
27,BCA_CA_HTAY,Công an Tỉnh Hà Tây,BCA,cap_tinh,legacy_record_dvc,2018-01-01,2008-08-01,v2.0.0,MEDIUM
28,BCA_CA_HTAY_PC01,Văn phòng Cơ quan Cảnh sát điều tra - Công an Tỉnh Hà Tây,BCA,cap_tinh,legacy_record_dvc,2018-01-01,2008-08-01,v2.0.0,MEDIUM
29,BCA_CA_HTAY_PC02,Phòng Cảnh sát hình sự - Công an Tỉnh Hà Tây,BCA,cap_tinh,legacy_record_dvc,2018-01-01,2008-08-01,v2.0.0,MEDIUM
30,BCA_CA_HTAY_PC03,Phòng Cảnh sát kinh tế - Công an Tỉnh Hà Tây,BCA,cap_tinh,legacy_record_dvc,2018-01-01,2008-08-01,v2.0.0,MEDIUM
31,BCA_CA_HTAY_PC04,Phòng Cảnh sát điều tra tội phạm về ma túy - Công an Tỉnh Hà Tây,BCA,cap_tinh,legacy_record_dvc,2018-01-01,2008-08-01,v2.0.0,MEDIUM
32,BCA_CA_HTAY_PC06,Phòng Cảnh sát quản lý hành chính về trật tự xã hội - Công an Tỉnh Hà Tây,BCA,cap_tinh,legacy_record_dvc,2018-01-01,2008-08-01,v2.0.0,MEDIUM
33,BCA_CA_HTAY_PC08,Phòng Cảnh sát giao thông - Công an Tỉnh Hà Tây,BCA,cap_tinh,legacy_record_dvc,2018-01-01,2008-08-01,v2.0.0,MEDIUM
34,BCA_CA_HTAY_PA01,Phòng An ninh đối ngoại - Công an Tỉnh Hà Tây,BCA,cap_tinh,legacy_record_dvc,2018-01-01,2008-08-01,v2.0.0,MEDIUM
35,BCA_CA_HTAY_PA02,Phòng An ninh nội địa - Công an Tỉnh Hà Tây,BCA,cap_tinh,legacy_record_dvc,2018-01-01,2008-08-01,v2.0.0,MEDIUM
36,BCA_CA_HTAY_PA03,Phòng An ninh chính trị nội bộ - Công an Tỉnh Hà Tây,BCA,cap_tinh,legacy_record_dvc,2018-01-01,2008-08-01,v2.0.0,MEDIUM
37,BCA_CA_HTAY_PA05,Phòng An ninh mạng và phòng chống tội phạm công nghệ cao - Công an Tỉnh Hà Tây,BCA,cap_tinh,legacy_record_dvc,2018-01-01,2008-08-01,v2.0.0,MEDIUM
38,BCA_CA_HCM,Công an Thành phố Thành phố Hồ Chí Minh,BCA,cap_tinh,dvc_2018,2018-01-01,,v2.0.0,HIGH
39,BCA_CA_HCM_PC01,Văn phòng Cơ quan Cảnh sát điều tra - Công an Thành phố Thành phố Hồ Chí Minh,BCA,cap_tinh,dvc_2018,2018-01-01,,v2.0.0,HIGH
40,BCA_CA_HCM_PC02,Phòng Cảnh sát hình sự - Công an Thành phố Thành phố Hồ Chí Minh,BCA,cap_tinh,dvc_2018,2018-01-01,,v2.0.0,HIGH
41,BCA_CA_HCM_PC03,Phòng Cảnh sát kinh tế - Công an Thành phố Thành phố Hồ Chí Minh,BCA,cap_tinh,dvc_2018,2018-01-01,,v2.0.0,HIGH
42,BCA_CA_HCM_PC04,Phòng Cảnh sát điều tra tội phạm về ma túy - Công an Thành phố Thành phố Hồ Chí Minh,BCA,cap_tinh,dvc_2018,2018-01-01,,v2.0.0,HIGH
43,BCA_CA_HCM_PC06,Phòng Cảnh sát quản lý hành chính về trật tự xã hội - Công an Thành phố Thành phố Hồ Chí Minh,BCA,cap_tinh,dvc_2018,2018-01-01,,v2.0.0,HIGH
44,BCA_CA_HCM_PC08,Phòng Cảnh sát giao thông - Công an Thành phố Thành phố Hồ Chí Minh,BCA,cap_tinh,dvc_2018,2018-01-01,,v2.0.0,HIGH
45,BCA_CA_HCM_PA01,Phòng An ninh đối ngoại - Công an Thành phố Thành phố Hồ Chí Minh,BCA,cap_tinh,dvc_2018,2018-01-01,,v2.0.0,HIGH
46,BCA_CA_HCM_PA02,Phòng An ninh nội địa - Công an Thành phố Thành phố Hồ Chí Minh,BCA,cap_tinh,dvc_2018,2018-01-01,,v2.0.0,HIGH
47,BCA_CA_HCM_PA03,Phòng An ninh chính trị nội bộ - Công an Thành phố Thành phố Hồ Chí Minh,BCA,cap_tinh,dvc_2018,2018-01-01,,v2.0.0,HIGH
48,BCA_CA_HCM_PA05,Phòng An ninh mạng và phòng chống tội phạm công nghệ cao - Công an Thành phố Thành phố Hồ Chí Minh,BCA,cap_tinh,dvc_2018,2018-01-01,,v2.0.0,HIGH
49,BCA_CA_DN,Công an Thành phố Đà Nẵng,BCA,cap_tinh,dvc_2018,2018-01-01,,v2.0.0,HIGH
50,BCA_CA_DN_PC01,Văn phòng Cơ quan Cảnh sát điều tra - Công an Thành phố Đà Nẵng,BCA,cap_tinh,dvc_2018,2018-01-01,,v2.0.0,HIGH
51,BCA_CA_DN_PC02,Phòng Cảnh sát hình sự - Công an Thành phố Đà Nẵng,BCA,cap_tinh,dvc_2018,2018-01-01,,v2.0.0,HIGH
52,BCA_CA_DN_PC03,Phòng Cảnh sát kinh tế - Công an Thành phố Đà Nẵng,BCA,cap_tinh,dvc_2018,2018-01-01,,v2.0.0,HIGH
53,BCA_CA_DN_PC04,Phòng Cảnh sát điều tra tội phạm về ma túy - Công an Thành phố Đà Nẵng,BCA,cap_tinh,dvc_2018,2018-01-01,,v2.0.0,HIGH
54,BCA_CA_DN_PC06,Phòng Cảnh sát quản lý hành chính về trật tự xã hội - Công an Thành phố Đà Nẵng,BCA,cap_tinh,dvc_2018,2018-01-01,,v2.0.0,HIGH
55,BCA_CA_DN_PC08,Phòng Cảnh sát giao thông - Công an Thành phố Đà Nẵng,BCA,cap_tinh,dvc_2018,2018-01-01,,v2.0.0,HIGH
56,BCA_CA_DN_PA01,Phòng An ninh đối ngoại - Công an Thành phố Đà Nẵng,BCA,cap_tinh,dvc_2018,2018-01-01,,v2.0.0,HIGH
57,BCA_CA_DN_PA02,Phòng An ninh nội địa - Công an Thành phố Đà Nẵng,BCA,cap_tinh,dvc_2018,2018-01-01,,v2.0.0,HIGH
58,BCA_CA_DN_PA03,Phòng An ninh chính trị nội bộ - Công an Thành phố Đà Nẵng,BCA,cap_tinh,dvc_2018,2018-01-01,,v2.0.0,HIGH
59,BCA_CA_DN_PA05,Phòng An ninh mạng và phòng chống tội phạm công nghệ cao - Công an Thành phố Đà Nẵng,BCA,cap_tinh,dvc_2018,2018-01-01,,v2.0.0,HIGH
60,BCA_CA_HP,Công an Thành phố Hải Phòng,BCA,cap_tinh,dvc_2018,2018-01-01,,v2.0.0,HIGH
61,BCA_CA_HP_PC01,Văn phòng Cơ quan Cảnh sát điều tra - Công an Thành phố Hải Phòng,BCA,cap_tinh,dvc_2018,2018-01-01,,v2.0.0,HIGH
62,BCA_CA_HP_PC02,Phòng Cảnh sát hình sự - Công an Thành phố Hải Phòng,BCA,cap_tinh,dvc_2018,2018-01-01,,v2.0.0,HIGH
63,BCA_CA_HP_PC03,Phòng Cảnh sát kinh tế - Công an Thành phố Hải Phòng,BCA,cap_tinh,dvc_2018,2018-01-01,,v2.0.0,HIGH
64,BCA_CA_HP_PC04,Phòng Cảnh sát điều tra tội phạm về ma túy - Công an Thành phố Hải Phòng,BCA,cap_tinh,dvc_2018,2018-01-01,,v2.0.0,HIGH
65,BCA_CA_HP_PC06,Phòng Cảnh sát quản lý hành chính về trật tự xã hội - Công an Thành phố Hải Phòng,BCA,cap_tinh,dvc_2018,2018-01-01,,v2.0.0,HIGH
66,BCA_CA_HP_PC08,Phòng Cảnh sát giao thông - Công an Thành phố Hải Phòng,BCA,cap_tinh,dvc_2018,2018-01-01,,v2.0.0,HIGH
67,BCA_CA_HP_PA01,Phòng An ninh đối ngoại - Công an Thành phố Hải Phòng,BCA,cap_tinh,dvc_2018,2018-01-01,,v2.0.0,HIGH
68,BCA_CA_HP_PA02,Phòng An ninh nội địa - Công an Thành phố Hải Phòng,BCA,cap_tinh,dvc_2018,2018-01-01,,v2.0.0,HIGH
69,BCA_CA_HP_PA03,Phòng An ninh chính trị nội bộ - Công an Thành phố Hải Phòng,BCA,cap_tinh,dvc_2018,2018-01-01,,v2.0.0,HIGH
70,BCA_CA_HP_PA05,Phòng An ninh mạng và phòng chống tội phạm công nghệ cao - Công an Thành phố Hải Phòng,BCA,cap_tinh,dvc_2018,2018-01-01,,v2.0.0,HIGH
71,BCA_CA_CT,Công an Thành phố Cần Thơ,BCA,cap_tinh,dvc_2018,2018-01-01,,v2.0.0,HIGH
72,BCA_CA_CT_PC01,Văn phòng Cơ quan Cảnh sát điều tra - Công an Thành phố Cần Thơ,BCA,cap_tinh,dvc_2018,2018-01-01,,v2.0.0,HIGH
73,BCA_CA_CT_PC02,Phòng Cảnh sát hình sự - Công an Thành phố Cần Thơ,BCA,cap_tinh,dvc_2018,2018-01-01,,v2.0.0,HIGH
74,BCA_CA_CT_PC03,Phòng Cảnh sát kinh tế - Công an Thành phố Cần Thơ,BCA,cap_tinh,dvc_2018,2018-01-01,,v2.0.0,HIGH
75,BCA_CA_CT_PC04,Phòng Cảnh sát điều tra tội phạm về ma túy - Công an Thành phố Cần Thơ,BCA,cap_tinh,dvc_2018,2018-01-01,,v2.0.0,HIGH
76,BCA_CA_CT_PC06,Phòng Cảnh sát quản lý hành chính về trật tự xã hội - Công an Thành phố Cần Thơ,BCA,cap_tinh,dvc_2018,2018-01-01,,v2.0.0,HIGH
77,BCA_CA_CT_PC08,Phòng Cảnh sát giao thông - Công an Thành phố Cần Thơ,BCA,cap_tinh,dvc_2018,2018-01-01,,v2.0.0,HIGH
78,BCA_CA_CT_PA01,Phòng An ninh đối ngoại - Công an Thành phố Cần Thơ,BCA,cap_tinh,dvc_2018,2018-01-01,,v2.0.0,HIGH
79,BCA_CA_CT_PA02,Phòng An ninh nội địa - Công an Thành phố Cần Thơ,BCA,cap_tinh,dvc_2018,2018-01-01,,v2.0.0,HIGH
80,BCA_CA_CT_PA03,Phòng An ninh chính trị nội bộ - Công an Thành phố Cần Thơ,BCA,cap_tinh,dvc_2018,2018-01-01,,v2.0.0,HIGH
81,BCA_CA_CT_PA05,Phòng An ninh mạng và phòng chống tội phạm công nghệ cao - Công an Thành phố Cần Thơ,BCA,cap_tinh,dvc_2018,2018-01-01,,v2.0.0,HIGH
82,BCA_CA_DNAI,Công an Tỉnh Đồng Nai,BCA,cap_tinh,dvc_2018,2018-01-01,,v2.0.0,HIGH
83,BCA_CA_DNAI_PC01,Văn phòng Cơ quan Cảnh sát điều tra - Công an Tỉnh Đồng Nai,BCA,cap_tinh,dvc_2018,2018-01-01,,v2.0.0,HIGH
84,BCA_CA_DNAI_PC02,Phòng Cảnh sát hình sự - Công an Tỉnh Đồng Nai,BCA,cap_tinh,dvc_2018,2018-01-01,,v2.0.0,HIGH
85,BCA_CA_DNAI_PC03,Phòng Cảnh sát kinh tế - Công an Tỉnh Đồng Nai,BCA,cap_tinh,dvc_2018,2018-01-01,,v2.0.0,HIGH
86,BCA_CA_DNAI_PC04,Phòng Cảnh sát điều tra tội phạm về ma túy - Công an Tỉnh Đồng Nai,BCA,cap_tinh,dvc_2018,2018-01-01,,v2.0.0,HIGH
87,BCA_CA_DNAI_PC06,Phòng Cảnh sát quản lý hành chính về trật tự xã hội - Công an Tỉnh Đồng Nai,BCA,cap_tinh,dvc_2018,2018-01-01,,v2.0.0,HIGH
88,BCA_CA_DNAI_PC08,Phòng Cảnh sát giao thông - Công an Tỉnh Đồng Nai,BCA,cap_tinh,dvc_2018,2018-01-01,,v2.0.0,HIGH
89,BCA_CA_DNAI_PA01,Phòng An ninh đối ngoại - Công an Tỉnh Đồng Nai,BCA,cap_tinh,dvc_2018,2018-01-01,,v2.0.0,HIGH
90,BCA_CA_DNAI_PA02,Phòng An ninh nội địa - Công an Tỉnh Đồng Nai,BCA,cap_tinh,dvc_2018,2018-01-01,,v2.0.0,HIGH
91,BCA_CA_DNAI_PA03,Phòng An ninh chính trị nội bộ - Công an Tỉnh Đồng Nai,BCA,cap_tinh,dvc_2018,2018-01-01,,v2.0.0,HIGH
92,BCA_CA_DNAI_PA05,Phòng An ninh mạng và phòng chống tội phạm công nghệ cao - Công an Tỉnh Đồng Nai,BCA,cap_tinh,dvc_2018,2018-01-01,,v2.0.0,HIGH
93,BCA_CA_BD,Công an Tỉnh Bình Dương,BCA,cap_tinh,dvc_2018,2018-01-01,,v2.0.0,HIGH
94,BCA_CA_BD_PC01,Văn phòng Cơ quan Cảnh sát điều tra - Công an Tỉnh Bình Dương,BCA,cap_tinh,dvc_2018,2018-01-01,,v2.0.0,HIGH
95,BCA_CA_BD_PC02,Phòng Cảnh sát hình sự - Công an Tỉnh Bình Dương,BCA,cap_tinh,dvc_2018,2018-01-01,,v2.0.0,HIGH
96,BCA_CA_BD_PC03,Phòng Cảnh sát kinh tế - Công an Tỉnh Bình Dương,BCA,cap_tinh,dvc_2018,2018-01-01,,v2.0.0,HIGH
97,BCA_CA_BD_PC04,Phòng Cảnh sát điều tra tội phạm về ma túy - Công an Tỉnh Bình Dương,BCA,cap_tinh,dvc_2018,2018-01-01,,v2.0.0,HIGH
98,BCA_CA_BD_PC06,Phòng Cảnh sát quản lý hành chính về trật tự xã hội - Công an Tỉnh Bình Dương,BCA,cap_tinh,dvc_2018,2018-01-01,,v2.0.0,HIGH
99,BCA_CA_BD_PC08,Phòng Cảnh sát giao thông - Công an Tỉnh Bình Dương,BCA,cap_tinh,dvc_2018,2018-01-01,,v2.0.0,HIGH
100,BCA_CA_BD_PA01,Phòng An ninh đối ngoại - Công an Tỉnh Bình Dương,BCA,cap_tinh,dvc_2018,2018-01-01,,v2.0.0,HIGH
101,BCA_CA_BD_PA02,Phòng An ninh nội địa - Công an Tỉnh Bình Dương,BCA,cap_tinh,dvc_2018,2018-01-01,,v2.0.0,HIGH
102,BCA_CA_BD_PA03,Phòng An ninh chính trị nội bộ - Công an Tỉnh Bình Dương,BCA,cap_tinh,dvc_2018,2018-01-01,,v2.0.0,HIGH
103,BCA_CA_BD_PA05,Phòng An ninh mạng và phòng chống tội phạm công nghệ cao - Công an Tỉnh Bình Dương,BCA,cap_tinh,dvc_2018,2018-01-01,,v2.0.0,HIGH
104,BCA_CA_VT,Công an Tỉnh Bà Rịa - Vũng Tàu,BCA,cap_tinh,dvc_2018,2018-01-01,,v2.0.0,HIGH
105,BCA_CA_VT_PC01,Văn phòng Cơ quan Cảnh sát điều tra - Công an Tỉnh Bà Rịa - Vũng Tàu,BCA,cap_tinh,dvc_2018,2018-01-01,,v2.0.0,HIGH
106,BCA_CA_VT_PC02,Phòng Cảnh sát hình sự - Công an Tỉnh Bà Rịa - Vũng Tàu,BCA,cap_tinh,dvc_2018,2018-01-01,,v2.0.0,HIGH
107,BCA_CA_VT_PC03,Phòng Cảnh sát kinh tế - Công an Tỉnh Bà Rịa - Vũng Tàu,BCA,cap_tinh,dvc_2018,2018-01-01,,v2.0.0,HIGH
108,BCA_CA_VT_PC04,Phòng Cảnh sát điều tra tội phạm về ma túy - Công an Tỉnh Bà Rịa - Vũng Tàu,BCA,cap_tinh,dvc_2018,2018-01-01,,v2.0.0,HIGH
109,BCA_CA_VT_PC06,Phòng Cảnh sát quản lý hành chính về trật tự xã hội - Công an Tỉnh Bà Rịa - Vũng Tàu,BCA,cap_tinh,dvc_2018,2018-01-01,,v2.0.0,HIGH
110,BCA_CA_VT_PC08,Phòng Cảnh sát giao thông - Công an Tỉnh Bà Rịa - Vũng Tàu,BCA,cap_tinh,dvc_2018,2018-01-01,,v2.0.0,HIGH
111,BCA_CA_VT_PA01,Phòng An ninh đối ngoại - Công an Tỉnh Bà Rịa - Vũng Tàu,BCA,cap_tinh,dvc_2018,2018-01-01,,v2.0.0,HIGH
112,BCA_CA_VT_PA02,Phòng An ninh nội địa - Công an Tỉnh Bà Rịa - Vũng Tàu,BCA,cap_tinh,dvc_2018,2018-01-01,,v2.0.0,HIGH
113,BCA_CA_VT_PA03,Phòng An ninh chính trị nội bộ - Công an Tỉnh Bà Rịa - Vũng Tàu,BCA,cap_tinh,dvc_2018,2018-01-01,,v2.0.0,HIGH
114,BCA_CA_VT_PA05,Phòng An ninh mạng và phòng chống tội phạm công nghệ cao - Công an Tỉnh Bà Rịa - Vũng Tàu,BCA,cap_tinh,dvc_2018,2018-01-01,,v2.0.0,HIGH
115,BCA_CA_TNI,Công an Tỉnh Tây Ninh,BCA,cap_tinh,dvc_2018,2018-01-01,,v2.0.0,HIGH
116,BCA_CA_TNI_PC01,Văn phòng Cơ quan Cảnh sát điều tra - Công an Tỉnh Tây Ninh,BCA,cap_tinh,dvc_2018,2018-01-01,,v2.0.0,HIGH
117,BCA_CA_TNI_PC02,Phòng Cảnh sát hình sự - Công an Tỉnh Tây Ninh,BCA,cap_tinh,dvc_2018,2018-01-01,,v2.0.0,HIGH
118,BCA_CA_TNI_PC03,Phòng Cảnh sát kinh tế - Công an Tỉnh Tây Ninh,BCA,cap_tinh,dvc_2018,2018-01-01,,v2.0.0,HIGH
119,BCA_CA_TNI_PC04,Phòng Cảnh sát điều tra tội phạm về ma túy - Công an Tỉnh Tây Ninh,BCA,cap_tinh,dvc_2018,2018-01-01,,v2.0.0,HIGH
120,BCA_CA_TNI_PC06,Phòng Cảnh sát quản lý hành chính về trật tự xã hội - Công an Tỉnh Tây Ninh,BCA,cap_tinh,dvc_2018,2018-01-01,,v2.0.0,HIGH
121,BCA_CA_TNI_PC08,Phòng Cảnh sát giao thông - Công an Tỉnh Tây Ninh,BCA,cap_tinh,dvc_2018,2018-01-01,,v2.0.0,HIGH
122,BCA_CA_TNI_PA01,Phòng An ninh đối ngoại - Công an Tỉnh Tây Ninh,BCA,cap_tinh,dvc_2018,2018-01-01,,v2.0.0,HIGH
123,BCA_CA_TNI_PA02,Phòng An ninh nội địa - Công an Tỉnh Tây Ninh,BCA,cap_tinh,dvc_2018,2018-01-01,,v2.0.0,HIGH
124,BCA_CA_TNI_PA03,Phòng An ninh chính trị nội bộ - Công an Tỉnh Tây Ninh,BCA,cap_tinh,dvc_2018,2018-01-01,,v2.0.0,HIGH
125,BCA_CA_TNI_PA05,Phòng An ninh mạng và phòng chống tội phạm công nghệ cao - Công an Tỉnh Tây Ninh,BCA,cap_tinh,dvc_2018,2018-01-01,,v2.0.0,HIGH
126,BCA_CA_BPC,Công an Tỉnh Bình Phước,BCA,cap_tinh,dvc_2018,2018-01-01,,v2.0.0,HIGH
127,BCA_CA_BPC_PC01,Văn phòng Cơ quan Cảnh sát điều tra - Công an Tỉnh Bình Phước,BCA,cap_tinh,dvc_2018,2018-01-01,,v2.0.0,HIGH
128,BCA_CA_BPC_PC02,Phòng Cảnh sát hình sự - Công an Tỉnh Bình Phước,BCA,cap_tinh,dvc_2018,2018-01-01,,v2.0.0,HIGH
129,BCA_CA_BPC_PC03,Phòng Cảnh sát kinh tế - Công an Tỉnh Bình Phước,BCA,cap_tinh,dvc_2018,2018-01-01,,v2.0.0,HIGH
130,BCA_CA_BPC_PC04,Phòng Cảnh sát điều tra tội phạm về ma túy - Công an Tỉnh Bình Phước,BCA,cap_tinh,dvc_2018,2018-01-01,,v2.0.0,HIGH
131,BCA_CA_BPC_PC06,Phòng Cảnh sát quản lý hành chính về trật tự xã hội - Công an Tỉnh Bình Phước,BCA,cap_tinh,dvc_2018,2018-01-01,,v2.0.0,HIGH
132,BCA_CA_BPC_PC08,Phòng Cảnh sát giao thông - Công an Tỉnh Bình Phước,BCA,cap_tinh,dvc_2018,2018-01-01,,v2.0.0,HIGH
133,BCA_CA_BPC_PA01,Phòng An ninh đối ngoại - Công an Tỉnh Bình Phước,BCA,cap_tinh,dvc_2018,2018-01-01,,v2.0.0,HIGH
134,BCA_CA_BPC_PA02,Phòng An ninh nội địa - Công an Tỉnh Bình Phước,BCA,cap_tinh,dvc_2018,2018-01-01,,v2.0.0,HIGH
135,BCA_CA_BPC_PA03,Phòng An ninh chính trị nội bộ - Công an Tỉnh Bình Phước,BCA,cap_tinh,dvc_2018,2018-01-01,,v2.0.0,HIGH
136,BCA_CA_BPC_PA05,Phòng An ninh mạng và phòng chống tội phạm công nghệ cao - Công an Tỉnh Bình Phước,BCA,cap_tinh,dvc_2018,2018-01-01,,v2.0.0,HIGH
137,BCA_CA_AGI,Công an Tỉnh An Giang,BCA,cap_tinh,dvc_2018,2018-01-01,,v2.0.0,HIGH
138,BCA_CA_AGI_PC01,Văn phòng Cơ quan Cảnh sát điều tra - Công an Tỉnh An Giang,BCA,cap_tinh,dvc_2018,2018-01-01,,v2.0.0,HIGH
139,BCA_CA_AGI_PC02,Phòng Cảnh sát hình sự - Công an Tỉnh An Giang,BCA,cap_tinh,dvc_2018,2018-01-01,,v2.0.0,HIGH
140,BCA_CA_AGI_PC03,Phòng Cảnh sát kinh tế - Công an Tỉnh An Giang,BCA,cap_tinh,dvc_2018,2018-01-01,,v2.0.0,HIGH
141,BCA_CA_AGI_PC04,Phòng Cảnh sát điều tra tội phạm về ma túy - Công an Tỉnh An Giang,BCA,cap_tinh,dvc_2018,2018-01-01,,v2.0.0,HIGH
142,BCA_CA_AGI_PC06,Phòng Cảnh sát quản lý hành chính về trật tự xã hội - Công an Tỉnh An Giang,BCA,cap_tinh,dvc_2018,2018-01-01,,v2.0.0,HIGH
143,BCA_CA_AGI_PC08,Phòng Cảnh sát giao thông - Công an Tỉnh An Giang,BCA,cap_tinh,dvc_2018,2018-01-01,,v2.0.0,HIGH
144,BCA_CA_AGI_PA01,Phòng An ninh đối ngoại - Công an Tỉnh An Giang,BCA,cap_tinh,dvc_2018,2018-01-01,,v2.0.0,HIGH
145,BCA_CA_AGI_PA02,Phòng An ninh nội địa - Công an Tỉnh An Giang,BCA,cap_tinh,dvc_2018,2018-01-01,,v2.0.0,HIGH
146,BCA_CA_AGI_PA03,Phòng An ninh chính trị nội bộ - Công an Tỉnh An Giang,BCA,cap_tinh,dvc_2018,2018-01-01,,v2.0.0,HIGH
147,BCA_CA_AGI_PA05,Phòng An ninh mạng và phòng chống tội phạm công nghệ cao - Công an Tỉnh An Giang,BCA,cap_tinh,dvc_2018,2018-01-01,,v2.0.0,HIGH
148,BCA_CA_KGI,Công an Tỉnh Kiên Giang,BCA,cap_tinh,dvc_2018,2018-01-01,,v2.0.0,HIGH
149,BCA_CA_KGI_PC01,Văn phòng Cơ quan Cảnh sát điều tra - Công an Tỉnh Kiên Giang,BCA,cap_tinh,dvc_2018,2018-01-01,,v2.0.0,HIGH
150,BCA_CA_KGI_PC02,Phòng Cảnh sát hình sự - Công an Tỉnh Kiên Giang,BCA,cap_tinh,dvc_2018,2018-01-01,,v2.0.0,HIGH
151,BCA_CA_KGI_PC03,Phòng Cảnh sát kinh tế - Công an Tỉnh Kiên Giang,BCA,cap_tinh,dvc_2018,2018-01-01,,v2.0.0,HIGH
152,BCA_CA_KGI_PC04,Phòng Cảnh sát điều tra tội phạm về ma túy - Công an Tỉnh Kiên Giang,BCA,cap_tinh,dvc_2018,2018-01-01,,v2.0.0,HIGH
153,BCA_CA_KGI_PC06,Phòng Cảnh sát quản lý hành chính về trật tự xã hội - Công an Tỉnh Kiên Giang,BCA,cap_tinh,dvc_2018,2018-01-01,,v2.0.0,HIGH
154,BCA_CA_KGI_PC08,Phòng Cảnh sát giao thông - Công an Tỉnh Kiên Giang,BCA,cap_tinh,dvc_2018,2018-01-01,,v2.0.0,HIGH
155,BCA_CA_KGI_PA01,Phòng An ninh đối ngoại - Công an Tỉnh Kiên Giang,BCA,cap_tinh,dvc_2018,2018-01-01,,v2.0.0,HIGH
156,BCA_CA_KGI_PA02,Phòng An ninh nội địa - Công an Tỉnh Kiên Giang,BCA,cap_tinh,dvc_2018,2018-01-01,,v2.0.0,HIGH
157,BCA_CA_KGI_PA03,Phòng An ninh chính trị nội bộ - Công an Tỉnh Kiên Giang,BCA,cap_tinh,dvc_2018,2018-01-01,,v2.0.0,HIGH
158,BCA_CA_KGI_PA05,Phòng An ninh mạng và phòng chống tội phạm công nghệ cao - Công an Tỉnh Kiên Giang,BCA,cap_tinh,dvc_2018,2018-01-01,,v2.0.0,HIGH
159,BCA_CA_CM,Công an Tỉnh Cà Mau,BCA,cap_tinh,dvc_2018,2018-01-01,,v2.0.0,HIGH
160,BCA_CA_CM_PC01,Văn phòng Cơ quan Cảnh sát điều tra - Công an Tỉnh Cà Mau,BCA,cap_tinh,dvc_2018,2018-01-01,,v2.0.0,HIGH
161,BCA_CA_CM_PC02,Phòng Cảnh sát hình sự - Công an Tỉnh Cà Mau,BCA,cap_tinh,dvc_2018,2018-01-01,,v2.0.0,HIGH
162,BCA_CA_CM_PC03,Phòng Cảnh sát kinh tế - Công an Tỉnh Cà Mau,BCA,cap_tinh,dvc_2018,2018-01-01,,v2.0.0,HIGH
163,BCA_CA_CM_PC04,Phòng Cảnh sát điều tra tội phạm về ma túy - Công an Tỉnh Cà Mau,BCA,cap_tinh,dvc_2018,2018-01-01,,v2.0.0,HIGH
164,BCA_CA_CM_PC06,Phòng Cảnh sát quản lý hành chính về trật tự xã hội - Công an Tỉnh Cà Mau,BCA,cap_tinh,dvc_2018,2018-01-01,,v2.0.0,HIGH
165,BCA_CA_CM_PC08,Phòng Cảnh sát giao thông - Công an Tỉnh Cà Mau,BCA,cap_tinh,dvc_2018,2018-01-01,,v2.0.0,HIGH
166,BCA_CA_CM_PA01,Phòng An ninh đối ngoại - Công an Tỉnh Cà Mau,BCA,cap_tinh,dvc_2018,2018-01-01,,v2.0.0,HIGH
167,BCA_CA_CM_PA02,Phòng An ninh nội địa - Công an Tỉnh Cà Mau,BCA,cap_tinh,dvc_2018,2018-01-01,,v2.0.0,HIGH
168,BCA_CA_CM_PA03,Phòng An ninh chính trị nội bộ - Công an Tỉnh Cà Mau,BCA,cap_tinh,dvc_2018,2018-01-01,,v2.0.0,HIGH
169,BCA_CA_CM_PA05,Phòng An ninh mạng và phòng chống tội phạm công nghệ cao - Công an Tỉnh Cà Mau,BCA,cap_tinh,dvc_2018,2018-01-01,,v2.0.0,HIGH
170,BCA_CA_HAG,Công an Tỉnh Hậu Giang,BCA,cap_tinh,dvc_2018,2018-01-01,,v2.0.0,HIGH
171,BCA_CA_HAG_PC01,Văn phòng Cơ quan Cảnh sát điều tra - Công an Tỉnh Hậu Giang,BCA,cap_tinh,dvc_2018,2018-01-01,,v2.0.0,HIGH
172,BCA_CA_HAG_PC02,Phòng Cảnh sát hình sự - Công an Tỉnh Hậu Giang,BCA,cap_tinh,dvc_2018,2018-01-01,,v2.0.0,HIGH
173,BCA_CA_HAG_PC03,Phòng Cảnh sát kinh tế - Công an Tỉnh Hậu Giang,BCA,cap_tinh,dvc_2018,2018-01-01,,v2.0.0,HIGH
174,BCA_CA_HAG_PC04,Phòng Cảnh sát điều tra tội phạm về ma túy - Công an Tỉnh Hậu Giang,BCA,cap_tinh,dvc_2018,2018-01-01,,v2.0.0,HIGH
175,BCA_CA_HAG_PC06,Phòng Cảnh sát quản lý hành chính về trật tự xã hội - Công an Tỉnh Hậu Giang,BCA,cap_tinh,dvc_2018,2018-01-01,,v2.0.0,HIGH
176,BCA_CA_HAG_PC08,Phòng Cảnh sát giao thông - Công an Tỉnh Hậu Giang,BCA,cap_tinh,dvc_2018,2018-01-01,,v2.0.0,HIGH
177,BCA_CA_HAG_PA01,Phòng An ninh đối ngoại - Công an Tỉnh Hậu Giang,BCA,cap_tinh,dvc_2018,2018-01-01,,v2.0.0,HIGH
178,BCA_CA_HAG_PA02,Phòng An ninh nội địa - Công an Tỉnh Hậu Giang,BCA,cap_tinh,dvc_2018,2018-01-01,,v2.0.0,HIGH
179,BCA_CA_HAG_PA03,Phòng An ninh chính trị nội bộ - Công an Tỉnh Hậu Giang,BCA,cap_tinh,dvc_2018,2018-01-01,,v2.0.0,HIGH
180,BCA_CA_HAG_PA05,Phòng An ninh mạng và phòng chống tội phạm công nghệ cao - Công an Tỉnh Hậu Giang,BCA,cap_tinh,dvc_2018,2018-01-01,,v2.0.0,HIGH
181,BCA_CA_ST,Công an Tỉnh Sóc Trăng,BCA,cap_tinh,dvc_2018,2018-01-01,,v2.0.0,HIGH
182,BCA_CA_ST_PC01,Văn phòng Cơ quan Cảnh sát điều tra - Công an Tỉnh Sóc Trăng,BCA,cap_tinh,dvc_2018,2018-01-01,,v2.0.0,HIGH
183,BCA_CA_ST_PC02,Phòng Cảnh sát hình sự - Công an Tỉnh Sóc Trăng,BCA,cap_tinh,dvc_2018,2018-01-01,,v2.0.0,HIGH
184,BCA_CA_ST_PC03,Phòng Cảnh sát kinh tế - Công an Tỉnh Sóc Trăng,BCA,cap_tinh,dvc_2018,2018-01-01,,v2.0.0,HIGH
185,BCA_CA_ST_PC04,Phòng Cảnh sát điều tra tội phạm về ma túy - Công an Tỉnh Sóc Trăng,BCA,cap_tinh,dvc_2018,2018-01-01,,v2.0.0,HIGH
186,BCA_CA_ST_PC06,Phòng Cảnh sát quản lý hành chính về trật tự xã hội - Công an Tỉnh Sóc Trăng,BCA,cap_tinh,dvc_2018,2018-01-01,,v2.0.0,HIGH
187,BCA_CA_ST_PC08,Phòng Cảnh sát giao thông - Công an Tỉnh Sóc Trăng,BCA,cap_tinh,dvc_2018,2018-01-01,,v2.0.0,HIGH
188,BCA_CA_ST_PA01,Phòng An ninh đối ngoại - Công an Tỉnh Sóc Trăng,BCA,cap_tinh,dvc_2018,2018-01-01,,v2.0.0,HIGH
189,BCA_CA_ST_PA02,Phòng An ninh nội địa - Công an Tỉnh Sóc Trăng,BCA,cap_tinh,dvc_2018,2018-01-01,,v2.0.0,HIGH
190,BCA_CA_ST_PA03,Phòng An ninh chính trị nội bộ - Công an Tỉnh Sóc Trăng,BCA,cap_tinh,dvc_2018,2018-01-01,,v2.0.0,HIGH
191,BCA_CA_ST_PA05,Phòng An ninh mạng và phòng chống tội phạm công nghệ cao - Công an Tỉnh Sóc Trăng,BCA,cap_tinh,dvc_2018,2018-01-01,,v2.0.0,HIGH
192,BCA_CA_BL,Công an Tỉnh Bạc Liêu,BCA,cap_tinh,dvc_2018,2018-01-01,,v2.0.0,HIGH
193,BCA_CA_BL_PC01,Văn phòng Cơ quan Cảnh sát điều tra - Công an Tỉnh Bạc Liêu,BCA,cap_tinh,dvc_2018,2018-01-01,,v2.0.0,HIGH
194,BCA_CA_BL_PC02,Phòng Cảnh sát hình sự - Công an Tỉnh Bạc Liêu,BCA,cap_tinh,dvc_2018,2018-01-01,,v2.0.0,HIGH
195,BCA_CA_BL_PC03,Phòng Cảnh sát kinh tế - Công an Tỉnh Bạc Liêu,BCA,cap_tinh,dvc_2018,2018-01-01,,v2.0.0,HIGH
196,BCA_CA_BL_PC04,Phòng Cảnh sát điều tra tội phạm về ma túy - Công an Tỉnh Bạc Liêu,BCA,cap_tinh,dvc_2018,2018-01-01,,v2.0.0,HIGH
197,BCA_CA_BL_PC06,Phòng Cảnh sát quản lý hành chính về trật tự xã hội - Công an Tỉnh Bạc Liêu,BCA,cap_tinh,dvc_2018,2018-01-01,,v2.0.0,HIGH
198,BCA_CA_BL_PC08,Phòng Cảnh sát giao thông - Công an Tỉnh Bạc Liêu,BCA,cap_tinh,dvc_2018,2018-01-01,,v2.0.0,HIGH
199,BCA_CA_BL_PA01,Phòng An ninh đối ngoại - Công an Tỉnh Bạc Liêu,BCA,cap_tinh,dvc_2018,2018-01-01,,v2.0.0,HIGH
200,BCA_CA_BL_PA02,Phòng An ninh nội địa - Công an Tỉnh Bạc Liêu,BCA,cap_tinh,dvc_2018,2018-01-01,,v2.0.0,HIGH
201,BCA_CA_BL_PA03,Phòng An ninh chính trị nội bộ - Công an Tỉnh Bạc Liêu,BCA,cap_tinh,dvc_2018,2018-01-01,,v2.0.0,HIGH
202,BCA_CA_BL_PA05,Phòng An ninh mạng và phòng chống tội phạm công nghệ cao - Công an Tỉnh Bạc Liêu,BCA,cap_tinh,dvc_2018,2018-01-01,,v2.0.0,HIGH
203,BCA_CA_TV,Công an Tỉnh Trà Vinh,BCA,cap_tinh,dvc_2018,2018-01-01,,v2.0.0,HIGH
204,BCA_CA_TV_PC01,Văn phòng Cơ quan Cảnh sát điều tra - Công an Tỉnh Trà Vinh,BCA,cap_tinh,dvc_2018,2018-01-01,,v2.0.0,HIGH
205,BCA_CA_TV_PC02,Phòng Cảnh sát hình sự - Công an Tỉnh Trà Vinh,BCA,cap_tinh,dvc_2018,2018-01-01,,v2.0.0,HIGH
206,BCA_CA_TV_PC03,Phòng Cảnh sát kinh tế - Công an Tỉnh Trà Vinh,BCA,cap_tinh,dvc_2018,2018-01-01,,v2.0.0,HIGH
207,BCA_CA_TV_PC04,Phòng Cảnh sát điều tra tội phạm về ma túy - Công an Tỉnh Trà Vinh,BCA,cap_tinh,dvc_2018,2018-01-01,,v2.0.0,HIGH
208,BCA_CA_TV_PC06,Phòng Cảnh sát quản lý hành chính về trật tự xã hội - Công an Tỉnh Trà Vinh,BCA,cap_tinh,dvc_2018,2018-01-01,,v2.0.0,HIGH
209,BCA_CA_TV_PC08,Phòng Cảnh sát giao thông - Công an Tỉnh Trà Vinh,BCA,cap_tinh,dvc_2018,2018-01-01,,v2.0.0,HIGH
210,BCA_CA_TV_PA01,Phòng An ninh đối ngoại - Công an Tỉnh Trà Vinh,BCA,cap_tinh,dvc_2018,2018-01-01,,v2.0.0,HIGH
211,BCA_CA_TV_PA02,Phòng An ninh nội địa - Công an Tỉnh Trà Vinh,BCA,cap_tinh,dvc_2018,2018-01-01,,v2.0.0,HIGH
212,BCA_CA_TV_PA03,Phòng An ninh chính trị nội bộ - Công an Tỉnh Trà Vinh,BCA,cap_tinh,dvc_2018,2018-01-01,,v2.0.0,HIGH
213,BCA_CA_TV_PA05,Phòng An ninh mạng và phòng chống tội phạm công nghệ cao - Công an Tỉnh Trà Vinh,BCA,cap_tinh,dvc_2018,2018-01-01,,v2.0.0,HIGH
214,BCA_CA_VL,Công an Tỉnh Vĩnh Long,BCA,cap_tinh,dvc_2018,2018-01-01,,v2.0.0,HIGH
215,BCA_CA_VL_PC01,Văn phòng Cơ quan Cảnh sát điều tra - Công an Tỉnh Vĩnh Long,BCA,cap_tinh,dvc_2018,2018-01-01,,v2.0.0,HIGH
216,BCA_CA_VL_PC02,Phòng Cảnh sát hình sự - Công an Tỉnh Vĩnh Long,BCA,cap_tinh,dvc_2018,2018-01-01,,v2.0.0,HIGH
217,BCA_CA_VL_PC03,Phòng Cảnh sát kinh tế - Công an Tỉnh Vĩnh Long,BCA,cap_tinh,dvc_2018,2018-01-01,,v2.0.0,HIGH
218,BCA_CA_VL_PC04,Phòng Cảnh sát điều tra tội phạm về ma túy - Công an Tỉnh Vĩnh Long,BCA,cap_tinh,dvc_2018,2018-01-01,,v2.0.0,HIGH
219,BCA_CA_VL_PC06,Phòng Cảnh sát quản lý hành chính về trật tự xã hội - Công an Tỉnh Vĩnh Long,BCA,cap_tinh,dvc_2018,2018-01-01,,v2.0.0,HIGH
220,BCA_CA_VL_PC08,Phòng Cảnh sát giao thông - Công an Tỉnh Vĩnh Long,BCA,cap_tinh,dvc_2018,2018-01-01,,v2.0.0,HIGH
221,BCA_CA_VL_PA01,Phòng An ninh đối ngoại - Công an Tỉnh Vĩnh Long,BCA,cap_tinh,dvc_2018,2018-01-01,,v2.0.0,HIGH
222,BCA_CA_VL_PA02,Phòng An ninh nội địa - Công an Tỉnh Vĩnh Long,BCA,cap_tinh,dvc_2018,2018-01-01,,v2.0.0,HIGH
223,BCA_CA_VL_PA03,Phòng An ninh chính trị nội bộ - Công an Tỉnh Vĩnh Long,BCA,cap_tinh,dvc_2018,2018-01-01,,v2.0.0,HIGH
224,BCA_CA_VL_PA05,Phòng An ninh mạng và phòng chống tội phạm công nghệ cao - Công an Tỉnh Vĩnh Long,BCA,cap_tinh,dvc_2018,2018-01-01,,v2.0.0,HIGH
225,BCA_CA_BT,Công an Tỉnh Bến Tre,BCA,cap_tinh,dvc_2018,2018-01-01,,v2.0.0,HIGH
226,BCA_CA_BT_PC01,Văn phòng Cơ quan Cảnh sát điều tra - Công an Tỉnh Bến Tre,BCA,cap_tinh,dvc_2018,2018-01-01,,v2.0.0,HIGH
227,BCA_CA_BT_PC02,Phòng Cảnh sát hình sự - Công an Tỉnh Bến Tre,BCA,cap_tinh,dvc_2018,2018-01-01,,v2.0.0,HIGH
228,BCA_CA_BT_PC03,Phòng Cảnh sát kinh tế - Công an Tỉnh Bến Tre,BCA,cap_tinh,dvc_2018,2018-01-01,,v2.0.0,HIGH
229,BCA_CA_BT_PC04,Phòng Cảnh sát điều tra tội phạm về ma túy - Công an Tỉnh Bến Tre,BCA,cap_tinh,dvc_2018,2018-01-01,,v2.0.0,HIGH
230,BCA_CA_BT_PC06,Phòng Cảnh sát quản lý hành chính về trật tự xã hội - Công an Tỉnh Bến Tre,BCA,cap_tinh,dvc_2018,2018-01-01,,v2.0.0,HIGH
231,BCA_CA_BT_PC08,Phòng Cảnh sát giao thông - Công an Tỉnh Bến Tre,BCA,cap_tinh,dvc_2018,2018-01-01,,v2.0.0,HIGH
232,BCA_CA_BT_PA01,Phòng An ninh đối ngoại - Công an Tỉnh Bến Tre,BCA,cap_tinh,dvc_2018,2018-01-01,,v2.0.0,HIGH
233,BCA_CA_BT_PA02,Phòng An ninh nội địa - Công an Tỉnh Bến Tre,BCA,cap_tinh,dvc_2018,2018-01-01,,v2.0.0,HIGH
234,BCA_CA_BT_PA03,Phòng An ninh chính trị nội bộ - Công an Tỉnh Bến Tre,BCA,cap_tinh,dvc_2018,2018-01-01,,v2.0.0,HIGH
235,BCA_CA_BT_PA05,Phòng An ninh mạng và phòng chống tội phạm công nghệ cao - Công an Tỉnh Bến Tre,BCA,cap_tinh,dvc_2018,2018-01-01,,v2.0.0,HIGH
236,BCA_CA_TG,Công an Tỉnh Tiền Giang,BCA,cap_tinh,dvc_2018,2018-01-01,,v2.0.0,HIGH
237,BCA_CA_TG_PC01,Văn phòng Cơ quan Cảnh sát điều tra - Công an Tỉnh Tiền Giang,BCA,cap_tinh,dvc_2018,2018-01-01,,v2.0.0,HIGH
238,BCA_CA_TG_PC02,Phòng Cảnh sát hình sự - Công an Tỉnh Tiền Giang,BCA,cap_tinh,dvc_2018,2018-01-01,,v2.0.0,HIGH
239,BCA_CA_TG_PC03,Phòng Cảnh sát kinh tế - Công an Tỉnh Tiền Giang,BCA,cap_tinh,dvc_2018,2018-01-01,,v2.0.0,HIGH
240,BCA_CA_TG_PC04,Phòng Cảnh sát điều tra tội phạm về ma túy - Công an Tỉnh Tiền Giang,BCA,cap_tinh,dvc_2018,2018-01-01,,v2.0.0,HIGH
241,BCA_CA_TG_PC06,Phòng Cảnh sát quản lý hành chính về trật tự xã hội - Công an Tỉnh Tiền Giang,BCA,cap_tinh,dvc_2018,2018-01-01,,v2.0.0,HIGH
242,BCA_CA_TG_PC08,Phòng Cảnh sát giao thông - Công an Tỉnh Tiền Giang,BCA,cap_tinh,dvc_2018,2018-01-01,,v2.0.0,HIGH
243,BCA_CA_TG_PA01,Phòng An ninh đối ngoại - Công an Tỉnh Tiền Giang,BCA,cap_tinh,dvc_2018,2018-01-01,,v2.0.0,HIGH
244,BCA_CA_TG_PA02,Phòng An ninh nội địa - Công an Tỉnh Tiền Giang,BCA,cap_tinh,dvc_2018,2018-01-01,,v2.0.0,HIGH
245,BCA_CA_TG_PA03,Phòng An ninh chính trị nội bộ - Công an Tỉnh Tiền Giang,BCA,cap_tinh,dvc_2018,2018-01-01,,v2.0.0,HIGH
246,BCA_CA_TG_PA05,Phòng An ninh mạng và phòng chống tội phạm công nghệ cao - Công an Tỉnh Tiền Giang,BCA,cap_tinh,dvc_2018,2018-01-01,,v2.0.0,HIGH
247,BCA_CA_DT,Công an Tỉnh Đồng Tháp,BCA,cap_tinh,dvc_2018,2018-01-01,,v2.0.0,HIGH
248,BCA_CA_DT_PC01,Văn phòng Cơ quan Cảnh sát điều tra - Công an Tỉnh Đồng Tháp,BCA,cap_tinh,dvc_2018,2018-01-01,,v2.0.0,HIGH
249,BCA_CA_DT_PC02,Phòng Cảnh sát hình sự - Công an Tỉnh Đồng Tháp,BCA,cap_tinh,dvc_2018,2018-01-01,,v2.0.0,HIGH
250,BCA_CA_DT_PC03,Phòng Cảnh sát kinh tế - Công an Tỉnh Đồng Tháp,BCA,cap_tinh,dvc_2018,2018-01-01,,v2.0.0,HIGH
251,BCA_CA_DT_PC04,Phòng Cảnh sát điều tra tội phạm về ma túy - Công an Tỉnh Đồng Tháp,BCA,cap_tinh,dvc_2018,2018-01-01,,v2.0.0,HIGH
252,BCA_CA_DT_PC06,Phòng Cảnh sát quản lý hành chính về trật tự xã hội - Công an Tỉnh Đồng Tháp,BCA,cap_tinh,dvc_2018,2018-01-01,,v2.0.0,HIGH
253,BCA_CA_DT_PC08,Phòng Cảnh sát giao thông - Công an Tỉnh Đồng Tháp,BCA,cap_tinh,dvc_2018,2018-01-01,,v2.0.0,HIGH
254,BCA_CA_DT_PA01,Phòng An ninh đối ngoại - Công an Tỉnh Đồng Tháp,BCA,cap_tinh,dvc_2018,2018-01-01,,v2.0.0,HIGH
255,BCA_CA_DT_PA02,Phòng An ninh nội địa - Công an Tỉnh Đồng Tháp,BCA,cap_tinh,dvc_2018,2018-01-01,,v2.0.0,HIGH
256,BCA_CA_DT_PA03,Phòng An ninh chính trị nội bộ - Công an Tỉnh Đồng Tháp,BCA,cap_tinh,dvc_2018,2018-01-01,,v2.0.0,HIGH
257,BCA_CA_DT_PA05,Phòng An ninh mạng và phòng chống tội phạm công nghệ cao - Công an Tỉnh Đồng Tháp,BCA,cap_tinh,dvc_2018,2018-01-01,,v2.0.0,HIGH
258,BCA_CA_LA,Công an Tỉnh Long An,BCA,cap_tinh,dvc_2018,2018-01-01,,v2.0.0,HIGH
259,BCA_CA_LA_PC01,Văn phòng Cơ quan Cảnh sát điều tra - Công an Tỉnh Long An,BCA,cap_tinh,dvc_2018,2018-01-01,,v2.0.0,HIGH
260,BCA_CA_LA_PC02,Phòng Cảnh sát hình sự - Công an Tỉnh Long An,BCA,cap_tinh,dvc_2018,2018-01-01,,v2.0.0,HIGH
261,BCA_CA_LA_PC03,Phòng Cảnh sát kinh tế - Công an Tỉnh Long An,BCA,cap_tinh,dvc_2018,2018-01-01,,v2.0.0,HIGH
262,BCA_CA_LA_PC04,Phòng Cảnh sát điều tra tội phạm về ma túy - Công an Tỉnh Long An,BCA,cap_tinh,dvc_2018,2018-01-01,,v2.0.0,HIGH
263,BCA_CA_LA_PC06,Phòng Cảnh sát quản lý hành chính về trật tự xã hội - Công an Tỉnh Long An,BCA,cap_tinh,dvc_2018,2018-01-01,,v2.0.0,HIGH
264,BCA_CA_LA_PC08,Phòng Cảnh sát giao thông - Công an Tỉnh Long An,BCA,cap_tinh,dvc_2018,2018-01-01,,v2.0.0,HIGH
265,BCA_CA_LA_PA01,Phòng An ninh đối ngoại - Công an Tỉnh Long An,BCA,cap_tinh,dvc_2018,2018-01-01,,v2.0.0,HIGH
266,BCA_CA_LA_PA02,Phòng An ninh nội địa - Công an Tỉnh Long An,BCA,cap_tinh,dvc_2018,2018-01-01,,v2.0.0,HIGH
267,BCA_CA_LA_PA03,Phòng An ninh chính trị nội bộ - Công an Tỉnh Long An,BCA,cap_tinh,dvc_2018,2018-01-01,,v2.0.0,HIGH
268,BCA_CA_LA_PA05,Phòng An ninh mạng và phòng chống tội phạm công nghệ cao - Công an Tỉnh Long An,BCA,cap_tinh,dvc_2018,2018-01-01,,v2.0.0,HIGH
269,BCA_CA_DLA,Công an Tỉnh Đắk Lắk,BCA,cap_tinh,dvc_2018,2018-01-01,,v2.0.0,HIGH
270,BCA_CA_DLA_PC01,Văn phòng Cơ quan Cảnh sát điều tra - Công an Tỉnh Đắk Lắk,BCA,cap_tinh,dvc_2018,2018-01-01,,v2.0.0,HIGH
271,BCA_CA_DLA_PC02,Phòng Cảnh sát hình sự - Công an Tỉnh Đắk Lắk,BCA,cap_tinh,dvc_2018,2018-01-01,,v2.0.0,HIGH
272,BCA_CA_DLA_PC03,Phòng Cảnh sát kinh tế - Công an Tỉnh Đắk Lắk,BCA,cap_tinh,dvc_2018,2018-01-01,,v2.0.0,HIGH
273,BCA_CA_DLA_PC04,Phòng Cảnh sát điều tra tội phạm về ma túy - Công an Tỉnh Đắk Lắk,BCA,cap_tinh,dvc_2018,2018-01-01,,v2.0.0,HIGH
274,BCA_CA_DLA_PC06,Phòng Cảnh sát quản lý hành chính về trật tự xã hội - Công an Tỉnh Đắk Lắk,BCA,cap_tinh,dvc_2018,2018-01-01,,v2.0.0,HIGH
275,BCA_CA_DLA_PC08,Phòng Cảnh sát giao thông - Công an Tỉnh Đắk Lắk,BCA,cap_tinh,dvc_2018,2018-01-01,,v2.0.0,HIGH
276,BCA_CA_DLA_PA01,Phòng An ninh đối ngoại - Công an Tỉnh Đắk Lắk,BCA,cap_tinh,dvc_2018,2018-01-01,,v2.0.0,HIGH
277,BCA_CA_DLA_PA02,Phòng An ninh nội địa - Công an Tỉnh Đắk Lắk,BCA,cap_tinh,dvc_2018,2018-01-01,,v2.0.0,HIGH
278,BCA_CA_DLA_PA03,Phòng An ninh chính trị nội bộ - Công an Tỉnh Đắk Lắk,BCA,cap_tinh,dvc_2018,2018-01-01,,v2.0.0,HIGH
279,BCA_CA_DLA_PA05,Phòng An ninh mạng và phòng chống tội phạm công nghệ cao - Công an Tỉnh Đắk Lắk,BCA,cap_tinh,dvc_2018,2018-01-01,,v2.0.0,HIGH
280,BCA_CA_GLA,Công an Tỉnh Gia Lai,BCA,cap_tinh,dvc_2018,2018-01-01,,v2.0.0,HIGH
281,BCA_CA_GLA_PC01,Văn phòng Cơ quan Cảnh sát điều tra - Công an Tỉnh Gia Lai,BCA,cap_tinh,dvc_2018,2018-01-01,,v2.0.0,HIGH
282,BCA_CA_GLA_PC02,Phòng Cảnh sát hình sự - Công an Tỉnh Gia Lai,BCA,cap_tinh,dvc_2018,2018-01-01,,v2.0.0,HIGH
283,BCA_CA_GLA_PC03,Phòng Cảnh sát kinh tế - Công an Tỉnh Gia Lai,BCA,cap_tinh,dvc_2018,2018-01-01,,v2.0.0,HIGH
284,BCA_CA_GLA_PC04,Phòng Cảnh sát điều tra tội phạm về ma túy - Công an Tỉnh Gia Lai,BCA,cap_tinh,dvc_2018,2018-01-01,,v2.0.0,HIGH
285,BCA_CA_GLA_PC06,Phòng Cảnh sát quản lý hành chính về trật tự xã hội - Công an Tỉnh Gia Lai,BCA,cap_tinh,dvc_2018,2018-01-01,,v2.0.0,HIGH
286,BCA_CA_GLA_PC08,Phòng Cảnh sát giao thông - Công an Tỉnh Gia Lai,BCA,cap_tinh,dvc_2018,2018-01-01,,v2.0.0,HIGH
287,BCA_CA_GLA_PA01,Phòng An ninh đối ngoại - Công an Tỉnh Gia Lai,BCA,cap_tinh,dvc_2018,2018-01-01,,v2.0.0,HIGH
288,BCA_CA_GLA_PA02,Phòng An ninh nội địa - Công an Tỉnh Gia Lai,BCA,cap_tinh,dvc_2018,2018-01-01,,v2.0.0,HIGH
289,BCA_CA_GLA_PA03,Phòng An ninh chính trị nội bộ - Công an Tỉnh Gia Lai,BCA,cap_tinh,dvc_2018,2018-01-01,,v2.0.0,HIGH
290,BCA_CA_GLA_PA05,Phòng An ninh mạng và phòng chống tội phạm công nghệ cao - Công an Tỉnh Gia Lai,BCA,cap_tinh,dvc_2018,2018-01-01,,v2.0.0,HIGH
291,BCA_CA_LD,Công an Tỉnh Lâm Đồng,BCA,cap_tinh,dvc_2018,2018-01-01,,v2.0.0,HIGH
292,BCA_CA_LD_PC01,Văn phòng Cơ quan Cảnh sát điều tra - Công an Tỉnh Lâm Đồng,BCA,cap_tinh,dvc_2018,2018-01-01,,v2.0.0,HIGH
293,BCA_CA_LD_PC02,Phòng Cảnh sát hình sự - Công an Tỉnh Lâm Đồng,BCA,cap_tinh,dvc_2018,2018-01-01,,v2.0.0,HIGH
294,BCA_CA_LD_PC03,Phòng Cảnh sát kinh tế - Công an Tỉnh Lâm Đồng,BCA,cap_tinh,dvc_2018,2018-01-01,,v2.0.0,HIGH
295,BCA_CA_LD_PC04,Phòng Cảnh sát điều tra tội phạm về ma túy - Công an Tỉnh Lâm Đồng,BCA,cap_tinh,dvc_2018,2018-01-01,,v2.0.0,HIGH
296,BCA_CA_LD_PC06,Phòng Cảnh sát quản lý hành chính về trật tự xã hội - Công an Tỉnh Lâm Đồng,BCA,cap_tinh,dvc_2018,2018-01-01,,v2.0.0,HIGH
297,BCA_CA_LD_PC08,Phòng Cảnh sát giao thông - Công an Tỉnh Lâm Đồng,BCA,cap_tinh,dvc_2018,2018-01-01,,v2.0.0,HIGH
298,BCA_CA_LD_PA01,Phòng An ninh đối ngoại - Công an Tỉnh Lâm Đồng,BCA,cap_tinh,dvc_2018,2018-01-01,,v2.0.0,HIGH
299,BCA_CA_LD_PA02,Phòng An ninh nội địa - Công an Tỉnh Lâm Đồng,BCA,cap_tinh,dvc_2018,2018-01-01,,v2.0.0,HIGH
300,BCA_CA_LD_PA03,Phòng An ninh chính trị nội bộ - Công an Tỉnh Lâm Đồng,BCA,cap_tinh,dvc_2018,2018-01-01,,v2.0.0,HIGH
301,BCA_CA_LD_PA05,Phòng An ninh mạng và phòng chống tội phạm công nghệ cao - Công an Tỉnh Lâm Đồng,BCA,cap_tinh,dvc_2018,2018-01-01,,v2.0.0,HIGH
302,BCA_CA_KT,Công an Tỉnh Kon Tum,BCA,cap_tinh,dvc_2018,2018-01-01,,v2.0.0,HIGH
303,BCA_CA_KT_PC01,Văn phòng Cơ quan Cảnh sát điều tra - Công an Tỉnh Kon Tum,BCA,cap_tinh,dvc_2018,2018-01-01,,v2.0.0,HIGH
304,BCA_CA_KT_PC02,Phòng Cảnh sát hình sự - Công an Tỉnh Kon Tum,BCA,cap_tinh,dvc_2018,2018-01-01,,v2.0.0,HIGH
305,BCA_CA_KT_PC03,Phòng Cảnh sát kinh tế - Công an Tỉnh Kon Tum,BCA,cap_tinh,dvc_2018,2018-01-01,,v2.0.0,HIGH
306,BCA_CA_KT_PC04,Phòng Cảnh sát điều tra tội phạm về ma túy - Công an Tỉnh Kon Tum,BCA,cap_tinh,dvc_2018,2018-01-01,,v2.0.0,HIGH
307,BCA_CA_KT_PC06,Phòng Cảnh sát quản lý hành chính về trật tự xã hội - Công an Tỉnh Kon Tum,BCA,cap_tinh,dvc_2018,2018-01-01,,v2.0.0,HIGH
308,BCA_CA_KT_PC08,Phòng Cảnh sát giao thông - Công an Tỉnh Kon Tum,BCA,cap_tinh,dvc_2018,2018-01-01,,v2.0.0,HIGH
309,BCA_CA_KT_PA01,Phòng An ninh đối ngoại - Công an Tỉnh Kon Tum,BCA,cap_tinh,dvc_2018,2018-01-01,,v2.0.0,HIGH
310,BCA_CA_KT_PA02,Phòng An ninh nội địa - Công an Tỉnh Kon Tum,BCA,cap_tinh,dvc_2018,2018-01-01,,v2.0.0,HIGH
311,BCA_CA_KT_PA03,Phòng An ninh chính trị nội bộ - Công an Tỉnh Kon Tum,BCA,cap_tinh,dvc_2018,2018-01-01,,v2.0.0,HIGH
312,BCA_CA_KT_PA05,Phòng An ninh mạng và phòng chống tội phạm công nghệ cao - Công an Tỉnh Kon Tum,BCA,cap_tinh,dvc_2018,2018-01-01,,v2.0.0,HIGH
313,BCA_CA_DNO,Công an Tỉnh Đắk Nông,BCA,cap_tinh,dvc_2018,2018-01-01,,v2.0.0,HIGH
314,BCA_CA_DNO_PC01,Văn phòng Cơ quan Cảnh sát điều tra - Công an Tỉnh Đắk Nông,BCA,cap_tinh,dvc_2018,2018-01-01,,v2.0.0,HIGH
315,BCA_CA_DNO_PC02,Phòng Cảnh sát hình sự - Công an Tỉnh Đắk Nông,BCA,cap_tinh,dvc_2018,2018-01-01,,v2.0.0,HIGH
316,BCA_CA_DNO_PC03,Phòng Cảnh sát kinh tế - Công an Tỉnh Đắk Nông,BCA,cap_tinh,dvc_2018,2018-01-01,,v2.0.0,HIGH
317,BCA_CA_DNO_PC04,Phòng Cảnh sát điều tra tội phạm về ma túy - Công an Tỉnh Đắk Nông,BCA,cap_tinh,dvc_2018,2018-01-01,,v2.0.0,HIGH
318,BCA_CA_DNO_PC06,Phòng Cảnh sát quản lý hành chính về trật tự xã hội - Công an Tỉnh Đắk Nông,BCA,cap_tinh,dvc_2018,2018-01-01,,v2.0.0,HIGH
319,BCA_CA_DNO_PC08,Phòng Cảnh sát giao thông - Công an Tỉnh Đắk Nông,BCA,cap_tinh,dvc_2018,2018-01-01,,v2.0.0,HIGH
320,BCA_CA_DNO_PA01,Phòng An ninh đối ngoại - Công an Tỉnh Đắk Nông,BCA,cap_tinh,dvc_2018,2018-01-01,,v2.0.0,HIGH
321,BCA_CA_DNO_PA02,Phòng An ninh nội địa - Công an Tỉnh Đắk Nông,BCA,cap_tinh,dvc_2018,2018-01-01,,v2.0.0,HIGH
322,BCA_CA_DNO_PA03,Phòng An ninh chính trị nội bộ - Công an Tỉnh Đắk Nông,BCA,cap_tinh,dvc_2018,2018-01-01,,v2.0.0,HIGH
323,BCA_CA_DNO_PA05,Phòng An ninh mạng và phòng chống tội phạm công nghệ cao - Công an Tỉnh Đắk Nông,BCA,cap_tinh,dvc_2018,2018-01-01,,v2.0.0,HIGH
324,BCA_CA_KHA,Công an Tỉnh Khánh Hòa,BCA,cap_tinh,dvc_2018,2018-01-01,,v2.0.0,HIGH
325,BCA_CA_KHA_PC01,Văn phòng Cơ quan Cảnh sát điều tra - Công an Tỉnh Khánh Hòa,BCA,cap_tinh,dvc_2018,2018-01-01,,v2.0.0,HIGH
326,BCA_CA_KHA_PC02,Phòng Cảnh sát hình sự - Công an Tỉnh Khánh Hòa,BCA,cap_tinh,dvc_2018,2018-01-01,,v2.0.0,HIGH
327,BCA_CA_KHA_PC03,Phòng Cảnh sát kinh tế - Công an Tỉnh Khánh Hòa,BCA,cap_tinh,dvc_2018,2018-01-01,,v2.0.0,HIGH
328,BCA_CA_KHA_PC04,Phòng Cảnh sát điều tra tội phạm về ma túy - Công an Tỉnh Khánh Hòa,BCA,cap_tinh,dvc_2018,2018-01-01,,v2.0.0,HIGH
329,BCA_CA_KHA_PC06,Phòng Cảnh sát quản lý hành chính về trật tự xã hội - Công an Tỉnh Khánh Hòa,BCA,cap_tinh,dvc_2018,2018-01-01,,v2.0.0,HIGH
330,BCA_CA_KHA_PC08,Phòng Cảnh sát giao thông - Công an Tỉnh Khánh Hòa,BCA,cap_tinh,dvc_2018,2018-01-01,,v2.0.0,HIGH
331,BCA_CA_KHA_PA01,Phòng An ninh đối ngoại - Công an Tỉnh Khánh Hòa,BCA,cap_tinh,dvc_2018,2018-01-01,,v2.0.0,HIGH
332,BCA_CA_KHA_PA02,Phòng An ninh nội địa - Công an Tỉnh Khánh Hòa,BCA,cap_tinh,dvc_2018,2018-01-01,,v2.0.0,HIGH
333,BCA_CA_KHA_PA03,Phòng An ninh chính trị nội bộ - Công an Tỉnh Khánh Hòa,BCA,cap_tinh,dvc_2018,2018-01-01,,v2.0.0,HIGH
334,BCA_CA_KHA_PA05,Phòng An ninh mạng và phòng chống tội phạm công nghệ cao - Công an Tỉnh Khánh Hòa,BCA,cap_tinh,dvc_2018,2018-01-01,,v2.0.0,HIGH
335,BCA_CA_BTN,Công an Tỉnh Bình Thuận,BCA,cap_tinh,dvc_2018,2018-01-01,,v2.0.0,HIGH
336,BCA_CA_BTN_PC01,Văn phòng Cơ quan Cảnh sát điều tra - Công an Tỉnh Bình Thuận,BCA,cap_tinh,dvc_2018,2018-01-01,,v2.0.0,HIGH
337,BCA_CA_BTN_PC02,Phòng Cảnh sát hình sự - Công an Tỉnh Bình Thuận,BCA,cap_tinh,dvc_2018,2018-01-01,,v2.0.0,HIGH
338,BCA_CA_BTN_PC03,Phòng Cảnh sát kinh tế - Công an Tỉnh Bình Thuận,BCA,cap_tinh,dvc_2018,2018-01-01,,v2.0.0,HIGH
339,BCA_CA_BTN_PC04,Phòng Cảnh sát điều tra tội phạm về ma túy - Công an Tỉnh Bình Thuận,BCA,cap_tinh,dvc_2018,2018-01-01,,v2.0.0,HIGH
340,BCA_CA_BTN_PC06,Phòng Cảnh sát quản lý hành chính về trật tự xã hội - Công an Tỉnh Bình Thuận,BCA,cap_tinh,dvc_2018,2018-01-01,,v2.0.0,HIGH
341,BCA_CA_BTN_PC08,Phòng Cảnh sát giao thông - Công an Tỉnh Bình Thuận,BCA,cap_tinh,dvc_2018,2018-01-01,,v2.0.0,HIGH
342,BCA_CA_BTN_PA01,Phòng An ninh đối ngoại - Công an Tỉnh Bình Thuận,BCA,cap_tinh,dvc_2018,2018-01-01,,v2.0.0,HIGH
343,BCA_CA_BTN_PA02,Phòng An ninh nội địa - Công an Tỉnh Bình Thuận,BCA,cap_tinh,dvc_2018,2018-01-01,,v2.0.0,HIGH
344,BCA_CA_BTN_PA03,Phòng An ninh chính trị nội bộ - Công an Tỉnh Bình Thuận,BCA,cap_tinh,dvc_2018,2018-01-01,,v2.0.0,HIGH
345,BCA_CA_BTN_PA05,Phòng An ninh mạng và phòng chống tội phạm công nghệ cao - Công an Tỉnh Bình Thuận,BCA,cap_tinh,dvc_2018,2018-01-01,,v2.0.0,HIGH
346,BCA_CA_NTN,Công an Tỉnh Ninh Thuận,BCA,cap_tinh,dvc_2018,2018-01-01,,v2.0.0,HIGH
347,BCA_CA_NTN_PC01,Văn phòng Cơ quan Cảnh sát điều tra - Công an Tỉnh Ninh Thuận,BCA,cap_tinh,dvc_2018,2018-01-01,,v2.0.0,HIGH
348,BCA_CA_NTN_PC02,Phòng Cảnh sát hình sự - Công an Tỉnh Ninh Thuận,BCA,cap_tinh,dvc_2018,2018-01-01,,v2.0.0,HIGH
349,BCA_CA_NTN_PC03,Phòng Cảnh sát kinh tế - Công an Tỉnh Ninh Thuận,BCA,cap_tinh,dvc_2018,2018-01-01,,v2.0.0,HIGH
350,BCA_CA_NTN_PC04,Phòng Cảnh sát điều tra tội phạm về ma túy - Công an Tỉnh Ninh Thuận,BCA,cap_tinh,dvc_2018,2018-01-01,,v2.0.0,HIGH
351,BCA_CA_NTN_PC06,Phòng Cảnh sát quản lý hành chính về trật tự xã hội - Công an Tỉnh Ninh Thuận,BCA,cap_tinh,dvc_2018,2018-01-01,,v2.0.0,HIGH
352,BCA_CA_NTN_PC08,Phòng Cảnh sát giao thông - Công an Tỉnh Ninh Thuận,BCA,cap_tinh,dvc_2018,2018-01-01,,v2.0.0,HIGH
353,BCA_CA_NTN_PA01,Phòng An ninh đối ngoại - Công an Tỉnh Ninh Thuận,BCA,cap_tinh,dvc_2018,2018-01-01,,v2.0.0,HIGH
354,BCA_CA_NTN_PA02,Phòng An ninh nội địa - Công an Tỉnh Ninh Thuận,BCA,cap_tinh,dvc_2018,2018-01-01,,v2.0.0,HIGH
355,BCA_CA_NTN_PA03,Phòng An ninh chính trị nội bộ - Công an Tỉnh Ninh Thuận,BCA,cap_tinh,dvc_2018,2018-01-01,,v2.0.0,HIGH
356,BCA_CA_NTN_PA05,Phòng An ninh mạng và phòng chống tội phạm công nghệ cao - Công an Tỉnh Ninh Thuận,BCA,cap_tinh,dvc_2018,2018-01-01,,v2.0.0,HIGH
357,BCA_CA_PY,Công an Tỉnh Phú Yên,BCA,cap_tinh,dvc_2018,2018-01-01,,v2.0.0,HIGH
358,BCA_CA_PY_PC01,Văn phòng Cơ quan Cảnh sát điều tra - Công an Tỉnh Phú Yên,BCA,cap_tinh,dvc_2018,2018-01-01,,v2.0.0,HIGH
359,BCA_CA_PY_PC02,Phòng Cảnh sát hình sự - Công an Tỉnh Phú Yên,BCA,cap_tinh,dvc_2018,2018-01-01,,v2.0.0,HIGH
360,BCA_CA_PY_PC03,Phòng Cảnh sát kinh tế - Công an Tỉnh Phú Yên,BCA,cap_tinh,dvc_2018,2018-01-01,,v2.0.0,HIGH
361,BCA_CA_PY_PC04,Phòng Cảnh sát điều tra tội phạm về ma túy - Công an Tỉnh Phú Yên,BCA,cap_tinh,dvc_2018,2018-01-01,,v2.0.0,HIGH
362,BCA_CA_PY_PC06,Phòng Cảnh sát quản lý hành chính về trật tự xã hội - Công an Tỉnh Phú Yên,BCA,cap_tinh,dvc_2018,2018-01-01,,v2.0.0,HIGH
363,BCA_CA_PY_PC08,Phòng Cảnh sát giao thông - Công an Tỉnh Phú Yên,BCA,cap_tinh,dvc_2018,2018-01-01,,v2.0.0,HIGH
364,BCA_CA_PY_PA01,Phòng An ninh đối ngoại - Công an Tỉnh Phú Yên,BCA,cap_tinh,dvc_2018,2018-01-01,,v2.0.0,HIGH
365,BCA_CA_PY_PA02,Phòng An ninh nội địa - Công an Tỉnh Phú Yên,BCA,cap_tinh,dvc_2018,2018-01-01,,v2.0.0,HIGH
366,BCA_CA_PY_PA03,Phòng An ninh chính trị nội bộ - Công an Tỉnh Phú Yên,BCA,cap_tinh,dvc_2018,2018-01-01,,v2.0.0,HIGH
367,BCA_CA_PY_PA05,Phòng An ninh mạng và phòng chống tội phạm công nghệ cao - Công an Tỉnh Phú Yên,BCA,cap_tinh,dvc_2018,2018-01-01,,v2.0.0,HIGH
368,BCA_CA_BDH,Công an Tỉnh Bình Định,BCA,cap_tinh,dvc_2018,2018-01-01,,v2.0.0,HIGH
369,BCA_CA_BDH_PC01,Văn phòng Cơ quan Cảnh sát điều tra - Công an Tỉnh Bình Định,BCA,cap_tinh,dvc_2018,2018-01-01,,v2.0.0,HIGH
370,BCA_CA_BDH_PC02,Phòng Cảnh sát hình sự - Công an Tỉnh Bình Định,BCA,cap_tinh,dvc_2018,2018-01-01,,v2.0.0,HIGH
371,BCA_CA_BDH_PC03,Phòng Cảnh sát kinh tế - Công an Tỉnh Bình Định,BCA,cap_tinh,dvc_2018,2018-01-01,,v2.0.0,HIGH
372,BCA_CA_BDH_PC04,Phòng Cảnh sát điều tra tội phạm về ma túy - Công an Tỉnh Bình Định,BCA,cap_tinh,dvc_2018,2018-01-01,,v2.0.0,HIGH
373,BCA_CA_BDH_PC06,Phòng Cảnh sát quản lý hành chính về trật tự xã hội - Công an Tỉnh Bình Định,BCA,cap_tinh,dvc_2018,2018-01-01,,v2.0.0,HIGH
374,BCA_CA_BDH_PC08,Phòng Cảnh sát giao thông - Công an Tỉnh Bình Định,BCA,cap_tinh,dvc_2018,2018-01-01,,v2.0.0,HIGH
375,BCA_CA_BDH_PA01,Phòng An ninh đối ngoại - Công an Tỉnh Bình Định,BCA,cap_tinh,dvc_2018,2018-01-01,,v2.0.0,HIGH
376,BCA_CA_BDH_PA02,Phòng An ninh nội địa - Công an Tỉnh Bình Định,BCA,cap_tinh,dvc_2018,2018-01-01,,v2.0.0,HIGH
377,BCA_CA_BDH_PA03,Phòng An ninh chính trị nội bộ - Công an Tỉnh Bình Định,BCA,cap_tinh,dvc_2018,2018-01-01,,v2.0.0,HIGH
378,BCA_CA_BDH_PA05,Phòng An ninh mạng và phòng chống tội phạm công nghệ cao - Công an Tỉnh Bình Định,BCA,cap_tinh,dvc_2018,2018-01-01,,v2.0.0,HIGH
379,BCA_CA_QNG,Công an Tỉnh Quảng Ngãi,BCA,cap_tinh,dvc_2018,2018-01-01,,v2.0.0,HIGH
380,BCA_CA_QNG_PC01,Văn phòng Cơ quan Cảnh sát điều tra - Công an Tỉnh Quảng Ngãi,BCA,cap_tinh,dvc_2018,2018-01-01,,v2.0.0,HIGH
381,BCA_CA_QNG_PC02,Phòng Cảnh sát hình sự - Công an Tỉnh Quảng Ngãi,BCA,cap_tinh,dvc_2018,2018-01-01,,v2.0.0,HIGH
382,BCA_CA_QNG_PC03,Phòng Cảnh sát kinh tế - Công an Tỉnh Quảng Ngãi,BCA,cap_tinh,dvc_2018,2018-01-01,,v2.0.0,HIGH
383,BCA_CA_QNG_PC04,Phòng Cảnh sát điều tra tội phạm về ma túy - Công an Tỉnh Quảng Ngãi,BCA,cap_tinh,dvc_2018,2018-01-01,,v2.0.0,HIGH
384,BCA_CA_QNG_PC06,Phòng Cảnh sát quản lý hành chính về trật tự xã hội - Công an Tỉnh Quảng Ngãi,BCA,cap_tinh,dvc_2018,2018-01-01,,v2.0.0,HIGH
385,BCA_CA_QNG_PC08,Phòng Cảnh sát giao thông - Công an Tỉnh Quảng Ngãi,BCA,cap_tinh,dvc_2018,2018-01-01,,v2.0.0,HIGH
386,BCA_CA_QNG_PA01,Phòng An ninh đối ngoại - Công an Tỉnh Quảng Ngãi,BCA,cap_tinh,dvc_2018,2018-01-01,,v2.0.0,HIGH
387,BCA_CA_QNG_PA02,Phòng An ninh nội địa - Công an Tỉnh Quảng Ngãi,BCA,cap_tinh,dvc_2018,2018-01-01,,v2.0.0,HIGH
388,BCA_CA_QNG_PA03,Phòng An ninh chính trị nội bộ - Công an Tỉnh Quảng Ngãi,BCA,cap_tinh,dvc_2018,2018-01-01,,v2.0.0,HIGH
389,BCA_CA_QNG_PA05,Phòng An ninh mạng và phòng chống tội phạm công nghệ cao - Công an Tỉnh Quảng Ngãi,BCA,cap_tinh,dvc_2018,2018-01-01,,v2.0.0,HIGH
390,BCA_CA_QNA,Công an Tỉnh Quảng Nam,BCA,cap_tinh,dvc_2018,2018-01-01,,v2.0.0,HIGH
391,BCA_CA_QNA_PC01,Văn phòng Cơ quan Cảnh sát điều tra - Công an Tỉnh Quảng Nam,BCA,cap_tinh,dvc_2018,2018-01-01,,v2.0.0,HIGH
392,BCA_CA_QNA_PC02,Phòng Cảnh sát hình sự - Công an Tỉnh Quảng Nam,BCA,cap_tinh,dvc_2018,2018-01-01,,v2.0.0,HIGH
393,BCA_CA_QNA_PC03,Phòng Cảnh sát kinh tế - Công an Tỉnh Quảng Nam,BCA,cap_tinh,dvc_2018,2018-01-01,,v2.0.0,HIGH
394,BCA_CA_QNA_PC04,Phòng Cảnh sát điều tra tội phạm về ma túy - Công an Tỉnh Quảng Nam,BCA,cap_tinh,dvc_2018,2018-01-01,,v2.0.0,HIGH
395,BCA_CA_QNA_PC06,Phòng Cảnh sát quản lý hành chính về trật tự xã hội - Công an Tỉnh Quảng Nam,BCA,cap_tinh,dvc_2018,2018-01-01,,v2.0.0,HIGH
396,BCA_CA_QNA_PC08,Phòng Cảnh sát giao thông - Công an Tỉnh Quảng Nam,BCA,cap_tinh,dvc_2018,2018-01-01,,v2.0.0,HIGH
397,BCA_CA_QNA_PA01,Phòng An ninh đối ngoại - Công an Tỉnh Quảng Nam,BCA,cap_tinh,dvc_2018,2018-01-01,,v2.0.0,HIGH
398,BCA_CA_QNA_PA02,Phòng An ninh nội địa - Công an Tỉnh Quảng Nam,BCA,cap_tinh,dvc_2018,2018-01-01,,v2.0.0,HIGH
399,BCA_CA_QNA_PA03,Phòng An ninh chính trị nội bộ - Công an Tỉnh Quảng Nam,BCA,cap_tinh,dvc_2018,2018-01-01,,v2.0.0,HIGH
400,BCA_CA_QNA_PA05,Phòng An ninh mạng và phòng chống tội phạm công nghệ cao - Công an Tỉnh Quảng Nam,BCA,cap_tinh,dvc_2018,2018-01-01,,v2.0.0,HIGH
401,BCA_CA_TTH,Công an Tỉnh Thừa Thiên Huế,BCA,cap_tinh,dvc_2018,2018-01-01,,v2.0.0,HIGH
402,BCA_CA_TTH_PC01,Văn phòng Cơ quan Cảnh sát điều tra - Công an Tỉnh Thừa Thiên Huế,BCA,cap_tinh,dvc_2018,2018-01-01,,v2.0.0,HIGH
403,BCA_CA_TTH_PC02,Phòng Cảnh sát hình sự - Công an Tỉnh Thừa Thiên Huế,BCA,cap_tinh,dvc_2018,2018-01-01,,v2.0.0,HIGH
404,BCA_CA_TTH_PC03,Phòng Cảnh sát kinh tế - Công an Tỉnh Thừa Thiên Huế,BCA,cap_tinh,dvc_2018,2018-01-01,,v2.0.0,HIGH
405,BCA_CA_TTH_PC04,Phòng Cảnh sát điều tra tội phạm về ma túy - Công an Tỉnh Thừa Thiên Huế,BCA,cap_tinh,dvc_2018,2018-01-01,,v2.0.0,HIGH
406,BCA_CA_TTH_PC06,Phòng Cảnh sát quản lý hành chính về trật tự xã hội - Công an Tỉnh Thừa Thiên Huế,BCA,cap_tinh,dvc_2018,2018-01-01,,v2.0.0,HIGH
407,BCA_CA_TTH_PC08,Phòng Cảnh sát giao thông - Công an Tỉnh Thừa Thiên Huế,BCA,cap_tinh,dvc_2018,2018-01-01,,v2.0.0,HIGH
408,BCA_CA_TTH_PA01,Phòng An ninh đối ngoại - Công an Tỉnh Thừa Thiên Huế,BCA,cap_tinh,dvc_2018,2018-01-01,,v2.0.0,HIGH
409,BCA_CA_TTH_PA02,Phòng An ninh nội địa - Công an Tỉnh Thừa Thiên Huế,BCA,cap_tinh,dvc_2018,2018-01-01,,v2.0.0,HIGH
410,BCA_CA_TTH_PA03,Phòng An ninh chính trị nội bộ - Công an Tỉnh Thừa Thiên Huế,BCA,cap_tinh,dvc_2018,2018-01-01,,v2.0.0,HIGH
411,BCA_CA_TTH_PA05,Phòng An ninh mạng và phòng chống tội phạm công nghệ cao - Công an Tỉnh Thừa Thiên Huế,BCA,cap_tinh,dvc_2018,2018-01-01,,v2.0.0,HIGH
412,BCA_CA_QTR,Công an Tỉnh Quảng Trị,BCA,cap_tinh,dvc_2018,2018-01-01,,v2.0.0,HIGH
413,BCA_CA_QTR_PC01,Văn phòng Cơ quan Cảnh sát điều tra - Công an Tỉnh Quảng Trị,BCA,cap_tinh,dvc_2018,2018-01-01,,v2.0.0,HIGH
414,BCA_CA_QTR_PC02,Phòng Cảnh sát hình sự - Công an Tỉnh Quảng Trị,BCA,cap_tinh,dvc_2018,2018-01-01,,v2.0.0,HIGH
415,BCA_CA_QTR_PC03,Phòng Cảnh sát kinh tế - Công an Tỉnh Quảng Trị,BCA,cap_tinh,dvc_2018,2018-01-01,,v2.0.0,HIGH
416,BCA_CA_QTR_PC04,Phòng Cảnh sát điều tra tội phạm về ma túy - Công an Tỉnh Quảng Trị,BCA,cap_tinh,dvc_2018,2018-01-01,,v2.0.0,HIGH
417,BCA_CA_QTR_PC06,Phòng Cảnh sát quản lý hành chính về trật tự xã hội - Công an Tỉnh Quảng Trị,BCA,cap_tinh,dvc_2018,2018-01-01,,v2.0.0,HIGH
418,BCA_CA_QTR_PC08,Phòng Cảnh sát giao thông - Công an Tỉnh Quảng Trị,BCA,cap_tinh,dvc_2018,2018-01-01,,v2.0.0,HIGH
419,BCA_CA_QTR_PA01,Phòng An ninh đối ngoại - Công an Tỉnh Quảng Trị,BCA,cap_tinh,dvc_2018,2018-01-01,,v2.0.0,HIGH
420,BCA_CA_QTR_PA02,Phòng An ninh nội địa - Công an Tỉnh Quảng Trị,BCA,cap_tinh,dvc_2018,2018-01-01,,v2.0.0,HIGH
421,BCA_CA_QTR_PA03,Phòng An ninh chính trị nội bộ - Công an Tỉnh Quảng Trị,BCA,cap_tinh,dvc_2018,2018-01-01,,v2.0.0,HIGH
422,BCA_CA_QTR_PA05,Phòng An ninh mạng và phòng chống tội phạm công nghệ cao - Công an Tỉnh Quảng Trị,BCA,cap_tinh,dvc_2018,2018-01-01,,v2.0.0,HIGH
423,BCA_CA_QBI,Công an Tỉnh Quảng Bình,BCA,cap_tinh,dvc_2018,2018-01-01,,v2.0.0,HIGH
424,BCA_CA_QBI_PC01,Văn phòng Cơ quan Cảnh sát điều tra - Công an Tỉnh Quảng Bình,BCA,cap_tinh,dvc_2018,2018-01-01,,v2.0.0,HIGH
425,BCA_CA_QBI_PC02,Phòng Cảnh sát hình sự - Công an Tỉnh Quảng Bình,BCA,cap_tinh,dvc_2018,2018-01-01,,v2.0.0,HIGH
426,BCA_CA_QBI_PC03,Phòng Cảnh sát kinh tế - Công an Tỉnh Quảng Bình,BCA,cap_tinh,dvc_2018,2018-01-01,,v2.0.0,HIGH
427,BCA_CA_QBI_PC04,Phòng Cảnh sát điều tra tội phạm về ma túy - Công an Tỉnh Quảng Bình,BCA,cap_tinh,dvc_2018,2018-01-01,,v2.0.0,HIGH
428,BCA_CA_QBI_PC06,Phòng Cảnh sát quản lý hành chính về trật tự xã hội - Công an Tỉnh Quảng Bình,BCA,cap_tinh,dvc_2018,2018-01-01,,v2.0.0,HIGH
429,BCA_CA_QBI_PC08,Phòng Cảnh sát giao thông - Công an Tỉnh Quảng Bình,BCA,cap_tinh,dvc_2018,2018-01-01,,v2.0.0,HIGH
430,BCA_CA_QBI_PA01,Phòng An ninh đối ngoại - Công an Tỉnh Quảng Bình,BCA,cap_tinh,dvc_2018,2018-01-01,,v2.0.0,HIGH
431,BCA_CA_QBI_PA02,Phòng An ninh nội địa - Công an Tỉnh Quảng Bình,BCA,cap_tinh,dvc_2018,2018-01-01,,v2.0.0,HIGH
432,BCA_CA_QBI_PA03,Phòng An ninh chính trị nội bộ - Công an Tỉnh Quảng Bình,BCA,cap_tinh,dvc_2018,2018-01-01,,v2.0.0,HIGH
433,BCA_CA_QBI_PA05,Phòng An ninh mạng và phòng chống tội phạm công nghệ cao - Công an Tỉnh Quảng Bình,BCA,cap_tinh,dvc_2018,2018-01-01,,v2.0.0,HIGH
434,BCA_CA_HT,Công an Tỉnh Hà Tĩnh,BCA,cap_tinh,dvc_2018,2018-01-01,,v2.0.0,HIGH
435,BCA_CA_HT_PC01,Văn phòng Cơ quan Cảnh sát điều tra - Công an Tỉnh Hà Tĩnh,BCA,cap_tinh,dvc_2018,2018-01-01,,v2.0.0,HIGH
436,BCA_CA_HT_PC02,Phòng Cảnh sát hình sự - Công an Tỉnh Hà Tĩnh,BCA,cap_tinh,dvc_2018,2018-01-01,,v2.0.0,HIGH
437,BCA_CA_HT_PC03,Phòng Cảnh sát kinh tế - Công an Tỉnh Hà Tĩnh,BCA,cap_tinh,dvc_2018,2018-01-01,,v2.0.0,HIGH
438,BCA_CA_HT_PC04,Phòng Cảnh sát điều tra tội phạm về ma túy - Công an Tỉnh Hà Tĩnh,BCA,cap_tinh,dvc_2018,2018-01-01,,v2.0.0,HIGH
439,BCA_CA_HT_PC06,Phòng Cảnh sát quản lý hành chính về trật tự xã hội - Công an Tỉnh Hà Tĩnh,BCA,cap_tinh,dvc_2018,2018-01-01,,v2.0.0,HIGH
440,BCA_CA_HT_PC08,Phòng Cảnh sát giao thông - Công an Tỉnh Hà Tĩnh,BCA,cap_tinh,dvc_2018,2018-01-01,,v2.0.0,HIGH
441,BCA_CA_HT_PA01,Phòng An ninh đối ngoại - Công an Tỉnh Hà Tĩnh,BCA,cap_tinh,dvc_2018,2018-01-01,,v2.0.0,HIGH
442,BCA_CA_HT_PA02,Phòng An ninh nội địa - Công an Tỉnh Hà Tĩnh,BCA,cap_tinh,dvc_2018,2018-01-01,,v2.0.0,HIGH
443,BCA_CA_HT_PA03,Phòng An ninh chính trị nội bộ - Công an Tỉnh Hà Tĩnh,BCA,cap_tinh,dvc_2018,2018-01-01,,v2.0.0,HIGH
444,BCA_CA_HT_PA05,Phòng An ninh mạng và phòng chống tội phạm công nghệ cao - Công an Tỉnh Hà Tĩnh,BCA,cap_tinh,dvc_2018,2018-01-01,,v2.0.0,HIGH
445,BCA_CA_NA,Công an Tỉnh Nghệ An,BCA,cap_tinh,dvc_2018,2018-01-01,,v2.0.0,HIGH
446,BCA_CA_NA_PC01,Văn phòng Cơ quan Cảnh sát điều tra - Công an Tỉnh Nghệ An,BCA,cap_tinh,dvc_2018,2018-01-01,,v2.0.0,HIGH
447,BCA_CA_NA_PC02,Phòng Cảnh sát hình sự - Công an Tỉnh Nghệ An,BCA,cap_tinh,dvc_2018,2018-01-01,,v2.0.0,HIGH
448,BCA_CA_NA_PC03,Phòng Cảnh sát kinh tế - Công an Tỉnh Nghệ An,BCA,cap_tinh,dvc_2018,2018-01-01,,v2.0.0,HIGH
449,BCA_CA_NA_PC04,Phòng Cảnh sát điều tra tội phạm về ma túy - Công an Tỉnh Nghệ An,BCA,cap_tinh,dvc_2018,2018-01-01,,v2.0.0,HIGH
450,BCA_CA_NA_PC06,Phòng Cảnh sát quản lý hành chính về trật tự xã hội - Công an Tỉnh Nghệ An,BCA,cap_tinh,dvc_2018,2018-01-01,,v2.0.0,HIGH
451,BCA_CA_NA_PC08,Phòng Cảnh sát giao thông - Công an Tỉnh Nghệ An,BCA,cap_tinh,dvc_2018,2018-01-01,,v2.0.0,HIGH
452,BCA_CA_NA_PA01,Phòng An ninh đối ngoại - Công an Tỉnh Nghệ An,BCA,cap_tinh,dvc_2018,2018-01-01,,v2.0.0,HIGH
453,BCA_CA_NA_PA02,Phòng An ninh nội địa - Công an Tỉnh Nghệ An,BCA,cap_tinh,dvc_2018,2018-01-01,,v2.0.0,HIGH
454,BCA_CA_NA_PA03,Phòng An ninh chính trị nội bộ - Công an Tỉnh Nghệ An,BCA,cap_tinh,dvc_2018,2018-01-01,,v2.0.0,HIGH
455,BCA_CA_NA_PA05,Phòng An ninh mạng và phòng chống tội phạm công nghệ cao - Công an Tỉnh Nghệ An,BCA,cap_tinh,dvc_2018,2018-01-01,,v2.0.0,HIGH
456,BCA_CA_TH,Công an Tỉnh Thanh Hóa,BCA,cap_tinh,dvc_2018,2018-01-01,,v2.0.0,HIGH
457,BCA_CA_TH_PC01,Văn phòng Cơ quan Cảnh sát điều tra - Công an Tỉnh Thanh Hóa,BCA,cap_tinh,dvc_2018,2018-01-01,,v2.0.0,HIGH
458,BCA_CA_TH_PC02,Phòng Cảnh sát hình sự - Công an Tỉnh Thanh Hóa,BCA,cap_tinh,dvc_2018,2018-01-01,,v2.0.0,HIGH
459,BCA_CA_TH_PC03,Phòng Cảnh sát kinh tế - Công an Tỉnh Thanh Hóa,BCA,cap_tinh,dvc_2018,2018-01-01,,v2.0.0,HIGH
460,BCA_CA_TH_PC04,Phòng Cảnh sát điều tra tội phạm về ma túy - Công an Tỉnh Thanh Hóa,BCA,cap_tinh,dvc_2018,2018-01-01,,v2.0.0,HIGH
461,BCA_CA_TH_PC06,Phòng Cảnh sát quản lý hành chính về trật tự xã hội - Công an Tỉnh Thanh Hóa,BCA,cap_tinh,dvc_2018,2018-01-01,,v2.0.0,HIGH
462,BCA_CA_TH_PC08,Phòng Cảnh sát giao thông - Công an Tỉnh Thanh Hóa,BCA,cap_tinh,dvc_2018,2018-01-01,,v2.0.0,HIGH
463,BCA_CA_TH_PA01,Phòng An ninh đối ngoại - Công an Tỉnh Thanh Hóa,BCA,cap_tinh,dvc_2018,2018-01-01,,v2.0.0,HIGH
464,BCA_CA_TH_PA02,Phòng An ninh nội địa - Công an Tỉnh Thanh Hóa,BCA,cap_tinh,dvc_2018,2018-01-01,,v2.0.0,HIGH
465,BCA_CA_TH_PA03,Phòng An ninh chính trị nội bộ - Công an Tỉnh Thanh Hóa,BCA,cap_tinh,dvc_2018,2018-01-01,,v2.0.0,HIGH
466,BCA_CA_TH_PA05,Phòng An ninh mạng và phòng chống tội phạm công nghệ cao - Công an Tỉnh Thanh Hóa,BCA,cap_tinh,dvc_2018,2018-01-01,,v2.0.0,HIGH
467,BCA_CA_QNH,Công an Tỉnh Quảng Ninh,BCA,cap_tinh,dvc_2018,2018-01-01,,v2.0.0,HIGH
468,BCA_CA_QNH_PC01,Văn phòng Cơ quan Cảnh sát điều tra - Công an Tỉnh Quảng Ninh,BCA,cap_tinh,dvc_2018,2018-01-01,,v2.0.0,HIGH
469,BCA_CA_QNH_PC02,Phòng Cảnh sát hình sự - Công an Tỉnh Quảng Ninh,BCA,cap_tinh,dvc_2018,2018-01-01,,v2.0.0,HIGH
470,BCA_CA_QNH_PC03,Phòng Cảnh sát kinh tế - Công an Tỉnh Quảng Ninh,BCA,cap_tinh,dvc_2018,2018-01-01,,v2.0.0,HIGH
471,BCA_CA_QNH_PC04,Phòng Cảnh sát điều tra tội phạm về ma túy - Công an Tỉnh Quảng Ninh,BCA,cap_tinh,dvc_2018,2018-01-01,,v2.0.0,HIGH
472,BCA_CA_QNH_PC06,Phòng Cảnh sát quản lý hành chính về trật tự xã hội - Công an Tỉnh Quảng Ninh,BCA,cap_tinh,dvc_2018,2018-01-01,,v2.0.0,HIGH
473,BCA_CA_QNH_PC08,Phòng Cảnh sát giao thông - Công an Tỉnh Quảng Ninh,BCA,cap_tinh,dvc_2018,2018-01-01,,v2.0.0,HIGH
474,BCA_CA_QNH_PA01,Phòng An ninh đối ngoại - Công an Tỉnh Quảng Ninh,BCA,cap_tinh,dvc_2018,2018-01-01,,v2.0.0,HIGH
475,BCA_CA_QNH_PA02,Phòng An ninh nội địa - Công an Tỉnh Quảng Ninh,BCA,cap_tinh,dvc_2018,2018-01-01,,v2.0.0,HIGH
476,BCA_CA_QNH_PA03,Phòng An ninh chính trị nội bộ - Công an Tỉnh Quảng Ninh,BCA,cap_tinh,dvc_2018,2018-01-01,,v2.0.0,HIGH
477,BCA_CA_QNH_PA05,Phòng An ninh mạng và phòng chống tội phạm công nghệ cao - Công an Tỉnh Quảng Ninh,BCA,cap_tinh,dvc_2018,2018-01-01,,v2.0.0,HIGH
478,BCA_CA_HD,Công an Tỉnh Hải Dương,BCA,cap_tinh,dvc_2018,2018-01-01,,v2.0.0,HIGH
479,BCA_CA_HD_PC01,Văn phòng Cơ quan Cảnh sát điều tra - Công an Tỉnh Hải Dương,BCA,cap_tinh,dvc_2018,2018-01-01,,v2.0.0,HIGH
480,BCA_CA_HD_PC02,Phòng Cảnh sát hình sự - Công an Tỉnh Hải Dương,BCA,cap_tinh,dvc_2018,2018-01-01,,v2.0.0,HIGH
481,BCA_CA_HD_PC03,Phòng Cảnh sát kinh tế - Công an Tỉnh Hải Dương,BCA,cap_tinh,dvc_2018,2018-01-01,,v2.0.0,HIGH
482,BCA_CA_HD_PC04,Phòng Cảnh sát điều tra tội phạm về ma túy - Công an Tỉnh Hải Dương,BCA,cap_tinh,dvc_2018,2018-01-01,,v2.0.0,HIGH
483,BCA_CA_HD_PC06,Phòng Cảnh sát quản lý hành chính về trật tự xã hội - Công an Tỉnh Hải Dương,BCA,cap_tinh,dvc_2018,2018-01-01,,v2.0.0,HIGH
484,BCA_CA_HD_PC08,Phòng Cảnh sát giao thông - Công an Tỉnh Hải Dương,BCA,cap_tinh,dvc_2018,2018-01-01,,v2.0.0,HIGH
485,BCA_CA_HD_PA01,Phòng An ninh đối ngoại - Công an Tỉnh Hải Dương,BCA,cap_tinh,dvc_2018,2018-01-01,,v2.0.0,HIGH
486,BCA_CA_HD_PA02,Phòng An ninh nội địa - Công an Tỉnh Hải Dương,BCA,cap_tinh,dvc_2018,2018-01-01,,v2.0.0,HIGH
487,BCA_CA_HD_PA03,Phòng An ninh chính trị nội bộ - Công an Tỉnh Hải Dương,BCA,cap_tinh,dvc_2018,2018-01-01,,v2.0.0,HIGH
488,BCA_CA_HD_PA05,Phòng An ninh mạng và phòng chống tội phạm công nghệ cao - Công an Tỉnh Hải Dương,BCA,cap_tinh,dvc_2018,2018-01-01,,v2.0.0,HIGH
489,BCA_CA_HY,Công an Tỉnh Hưng Yên,BCA,cap_tinh,dvc_2018,2018-01-01,,v2.0.0,HIGH
490,BCA_CA_HY_PC01,Văn phòng Cơ quan Cảnh sát điều tra - Công an Tỉnh Hưng Yên,BCA,cap_tinh,dvc_2018,2018-01-01,,v2.0.0,HIGH
491,BCA_CA_HY_PC02,Phòng Cảnh sát hình sự - Công an Tỉnh Hưng Yên,BCA,cap_tinh,dvc_2018,2018-01-01,,v2.0.0,HIGH
492,BCA_CA_HY_PC03,Phòng Cảnh sát kinh tế - Công an Tỉnh Hưng Yên,BCA,cap_tinh,dvc_2018,2018-01-01,,v2.0.0,HIGH
493,BCA_CA_HY_PC04,Phòng Cảnh sát điều tra tội phạm về ma túy - Công an Tỉnh Hưng Yên,BCA,cap_tinh,dvc_2018,2018-01-01,,v2.0.0,HIGH
494,BCA_CA_HY_PC06,Phòng Cảnh sát quản lý hành chính về trật tự xã hội - Công an Tỉnh Hưng Yên,BCA,cap_tinh,dvc_2018,2018-01-01,,v2.0.0,HIGH
495,BCA_CA_HY_PC08,Phòng Cảnh sát giao thông - Công an Tỉnh Hưng Yên,BCA,cap_tinh,dvc_2018,2018-01-01,,v2.0.0,HIGH
496,BCA_CA_HY_PA01,Phòng An ninh đối ngoại - Công an Tỉnh Hưng Yên,BCA,cap_tinh,dvc_2018,2018-01-01,,v2.0.0,HIGH
497,BCA_CA_HY_PA02,Phòng An ninh nội địa - Công an Tỉnh Hưng Yên,BCA,cap_tinh,dvc_2018,2018-01-01,,v2.0.0,HIGH
498,BCA_CA_HY_PA03,Phòng An ninh chính trị nội bộ - Công an Tỉnh Hưng Yên,BCA,cap_tinh,dvc_2018,2018-01-01,,v2.0.0,HIGH
499,BCA_CA_HY_PA05,Phòng An ninh mạng và phòng chống tội phạm công nghệ cao - Công an Tỉnh Hưng Yên,BCA,cap_tinh,dvc_2018,2018-01-01,,v2.0.0,HIGH
500,BCA_CA_TBI,Công an Tỉnh Thái Bình,BCA,cap_tinh,dvc_2018,2018-01-01,,v2.0.0,HIGH
501,BCA_CA_TBI_PC01,Văn phòng Cơ quan Cảnh sát điều tra - Công an Tỉnh Thái Bình,BCA,cap_tinh,dvc_2018,2018-01-01,,v2.0.0,HIGH
502,BCA_CA_TBI_PC02,Phòng Cảnh sát hình sự - Công an Tỉnh Thái Bình,BCA,cap_tinh,dvc_2018,2018-01-01,,v2.0.0,HIGH
503,BCA_CA_TBI_PC03,Phòng Cảnh sát kinh tế - Công an Tỉnh Thái Bình,BCA,cap_tinh,dvc_2018,2018-01-01,,v2.0.0,HIGH
504,BCA_CA_TBI_PC04,Phòng Cảnh sát điều tra tội phạm về ma túy - Công an Tỉnh Thái Bình,BCA,cap_tinh,dvc_2018,2018-01-01,,v2.0.0,HIGH
505,BCA_CA_TBI_PC06,Phòng Cảnh sát quản lý hành chính về trật tự xã hội - Công an Tỉnh Thái Bình,BCA,cap_tinh,dvc_2018,2018-01-01,,v2.0.0,HIGH
506,BCA_CA_TBI_PC08,Phòng Cảnh sát giao thông - Công an Tỉnh Thái Bình,BCA,cap_tinh,dvc_2018,2018-01-01,,v2.0.0,HIGH
507,BCA_CA_TBI_PA01,Phòng An ninh đối ngoại - Công an Tỉnh Thái Bình,BCA,cap_tinh,dvc_2018,2018-01-01,,v2.0.0,HIGH
508,BCA_CA_TBI_PA02,Phòng An ninh nội địa - Công an Tỉnh Thái Bình,BCA,cap_tinh,dvc_2018,2018-01-01,,v2.0.0,HIGH
509,BCA_CA_TBI_PA03,Phòng An ninh chính trị nội bộ - Công an Tỉnh Thái Bình,BCA,cap_tinh,dvc_2018,2018-01-01,,v2.0.0,HIGH
510,BCA_CA_TBI_PA05,Phòng An ninh mạng và phòng chống tội phạm công nghệ cao - Công an Tỉnh Thái Bình,BCA,cap_tinh,dvc_2018,2018-01-01,,v2.0.0,HIGH
511,BCA_CA_NDI,Công an Tỉnh Nam Định,BCA,cap_tinh,dvc_2018,2018-01-01,,v2.0.0,HIGH
512,BCA_CA_NDI_PC01,Văn phòng Cơ quan Cảnh sát điều tra - Công an Tỉnh Nam Định,BCA,cap_tinh,dvc_2018,2018-01-01,,v2.0.0,HIGH
513,BCA_CA_NDI_PC02,Phòng Cảnh sát hình sự - Công an Tỉnh Nam Định,BCA,cap_tinh,dvc_2018,2018-01-01,,v2.0.0,HIGH
514,BCA_CA_NDI_PC03,Phòng Cảnh sát kinh tế - Công an Tỉnh Nam Định,BCA,cap_tinh,dvc_2018,2018-01-01,,v2.0.0,HIGH
515,BCA_CA_NDI_PC04,Phòng Cảnh sát điều tra tội phạm về ma túy - Công an Tỉnh Nam Định,BCA,cap_tinh,dvc_2018,2018-01-01,,v2.0.0,HIGH
516,BCA_CA_NDI_PC06,Phòng Cảnh sát quản lý hành chính về trật tự xã hội - Công an Tỉnh Nam Định,BCA,cap_tinh,dvc_2018,2018-01-01,,v2.0.0,HIGH
517,BCA_CA_NDI_PC08,Phòng Cảnh sát giao thông - Công an Tỉnh Nam Định,BCA,cap_tinh,dvc_2018,2018-01-01,,v2.0.0,HIGH
518,BCA_CA_NDI_PA01,Phòng An ninh đối ngoại - Công an Tỉnh Nam Định,BCA,cap_tinh,dvc_2018,2018-01-01,,v2.0.0,HIGH
519,BCA_CA_NDI_PA02,Phòng An ninh nội địa - Công an Tỉnh Nam Định,BCA,cap_tinh,dvc_2018,2018-01-01,,v2.0.0,HIGH
520,BCA_CA_NDI_PA03,Phòng An ninh chính trị nội bộ - Công an Tỉnh Nam Định,BCA,cap_tinh,dvc_2018,2018-01-01,,v2.0.0,HIGH
521,BCA_CA_NDI_PA05,Phòng An ninh mạng và phòng chống tội phạm công nghệ cao - Công an Tỉnh Nam Định,BCA,cap_tinh,dvc_2018,2018-01-01,,v2.0.0,HIGH
522,BCA_CA_HNA,Công an Tỉnh Hà Nam,BCA,cap_tinh,dvc_2018,2018-01-01,,v2.0.0,HIGH
523,BCA_CA_HNA_PC01,Văn phòng Cơ quan Cảnh sát điều tra - Công an Tỉnh Hà Nam,BCA,cap_tinh,dvc_2018,2018-01-01,,v2.0.0,HIGH
524,BCA_CA_HNA_PC02,Phòng Cảnh sát hình sự - Công an Tỉnh Hà Nam,BCA,cap_tinh,dvc_2018,2018-01-01,,v2.0.0,HIGH
525,BCA_CA_HNA_PC03,Phòng Cảnh sát kinh tế - Công an Tỉnh Hà Nam,BCA,cap_tinh,dvc_2018,2018-01-01,,v2.0.0,HIGH
526,BCA_CA_HNA_PC04,Phòng Cảnh sát điều tra tội phạm về ma túy - Công an Tỉnh Hà Nam,BCA,cap_tinh,dvc_2018,2018-01-01,,v2.0.0,HIGH
527,BCA_CA_HNA_PC06,Phòng Cảnh sát quản lý hành chính về trật tự xã hội - Công an Tỉnh Hà Nam,BCA,cap_tinh,dvc_2018,2018-01-01,,v2.0.0,HIGH
528,BCA_CA_HNA_PC08,Phòng Cảnh sát giao thông - Công an Tỉnh Hà Nam,BCA,cap_tinh,dvc_2018,2018-01-01,,v2.0.0,HIGH
529,BCA_CA_HNA_PA01,Phòng An ninh đối ngoại - Công an Tỉnh Hà Nam,BCA,cap_tinh,dvc_2018,2018-01-01,,v2.0.0,HIGH
530,BCA_CA_HNA_PA02,Phòng An ninh nội địa - Công an Tỉnh Hà Nam,BCA,cap_tinh,dvc_2018,2018-01-01,,v2.0.0,HIGH
531,BCA_CA_HNA_PA03,Phòng An ninh chính trị nội bộ - Công an Tỉnh Hà Nam,BCA,cap_tinh,dvc_2018,2018-01-01,,v2.0.0,HIGH
532,BCA_CA_HNA_PA05,Phòng An ninh mạng và phòng chống tội phạm công nghệ cao - Công an Tỉnh Hà Nam,BCA,cap_tinh,dvc_2018,2018-01-01,,v2.0.0,HIGH
533,BCA_CA_NB,Công an Tỉnh Ninh Bình,BCA,cap_tinh,dvc_2018,2018-01-01,,v2.0.0,HIGH
534,BCA_CA_NB_PC01,Văn phòng Cơ quan Cảnh sát điều tra - Công an Tỉnh Ninh Bình,BCA,cap_tinh,dvc_2018,2018-01-01,,v2.0.0,HIGH
535,BCA_CA_NB_PC02,Phòng Cảnh sát hình sự - Công an Tỉnh Ninh Bình,BCA,cap_tinh,dvc_2018,2018-01-01,,v2.0.0,HIGH
536,BCA_CA_NB_PC03,Phòng Cảnh sát kinh tế - Công an Tỉnh Ninh Bình,BCA,cap_tinh,dvc_2018,2018-01-01,,v2.0.0,HIGH
537,BCA_CA_NB_PC04,Phòng Cảnh sát điều tra tội phạm về ma túy - Công an Tỉnh Ninh Bình,BCA,cap_tinh,dvc_2018,2018-01-01,,v2.0.0,HIGH
538,BCA_CA_NB_PC06,Phòng Cảnh sát quản lý hành chính về trật tự xã hội - Công an Tỉnh Ninh Bình,BCA,cap_tinh,dvc_2018,2018-01-01,,v2.0.0,HIGH
539,BCA_CA_NB_PC08,Phòng Cảnh sát giao thông - Công an Tỉnh Ninh Bình,BCA,cap_tinh,dvc_2018,2018-01-01,,v2.0.0,HIGH
540,BCA_CA_NB_PA01,Phòng An ninh đối ngoại - Công an Tỉnh Ninh Bình,BCA,cap_tinh,dvc_2018,2018-01-01,,v2.0.0,HIGH
541,BCA_CA_NB_PA02,Phòng An ninh nội địa - Công an Tỉnh Ninh Bình,BCA,cap_tinh,dvc_2018,2018-01-01,,v2.0.0,HIGH
542,BCA_CA_NB_PA03,Phòng An ninh chính trị nội bộ - Công an Tỉnh Ninh Bình,BCA,cap_tinh,dvc_2018,2018-01-01,,v2.0.0,HIGH
543,BCA_CA_NB_PA05,Phòng An ninh mạng và phòng chống tội phạm công nghệ cao - Công an Tỉnh Ninh Bình,BCA,cap_tinh,dvc_2018,2018-01-01,,v2.0.0,HIGH
544,BCA_CA_VP,Công an Tỉnh Vĩnh Phúc,BCA,cap_tinh,dvc_2018,2018-01-01,,v2.0.0,HIGH
545,BCA_CA_VP_PC01,Văn phòng Cơ quan Cảnh sát điều tra - Công an Tỉnh Vĩnh Phúc,BCA,cap_tinh,dvc_2018,2018-01-01,,v2.0.0,HIGH
546,BCA_CA_VP_PC02,Phòng Cảnh sát hình sự - Công an Tỉnh Vĩnh Phúc,BCA,cap_tinh,dvc_2018,2018-01-01,,v2.0.0,HIGH
547,BCA_CA_VP_PC03,Phòng Cảnh sát kinh tế - Công an Tỉnh Vĩnh Phúc,BCA,cap_tinh,dvc_2018,2018-01-01,,v2.0.0,HIGH
548,BCA_CA_VP_PC04,Phòng Cảnh sát điều tra tội phạm về ma túy - Công an Tỉnh Vĩnh Phúc,BCA,cap_tinh,dvc_2018,2018-01-01,,v2.0.0,HIGH
549,BCA_CA_VP_PC06,Phòng Cảnh sát quản lý hành chính về trật tự xã hội - Công an Tỉnh Vĩnh Phúc,BCA,cap_tinh,dvc_2018,2018-01-01,,v2.0.0,HIGH
550,BCA_CA_VP_PC08,Phòng Cảnh sát giao thông - Công an Tỉnh Vĩnh Phúc,BCA,cap_tinh,dvc_2018,2018-01-01,,v2.0.0,HIGH
551,BCA_CA_VP_PA01,Phòng An ninh đối ngoại - Công an Tỉnh Vĩnh Phúc,BCA,cap_tinh,dvc_2018,2018-01-01,,v2.0.0,HIGH
552,BCA_CA_VP_PA02,Phòng An ninh nội địa - Công an Tỉnh Vĩnh Phúc,BCA,cap_tinh,dvc_2018,2018-01-01,,v2.0.0,HIGH
553,BCA_CA_VP_PA03,Phòng An ninh chính trị nội bộ - Công an Tỉnh Vĩnh Phúc,BCA,cap_tinh,dvc_2018,2018-01-01,,v2.0.0,HIGH
554,BCA_CA_VP_PA05,Phòng An ninh mạng và phòng chống tội phạm công nghệ cao - Công an Tỉnh Vĩnh Phúc,BCA,cap_tinh,dvc_2018,2018-01-01,,v2.0.0,HIGH
555,BCA_CA_BNI,Công an Tỉnh Bắc Ninh,BCA,cap_tinh,dvc_2018,2018-01-01,,v2.0.0,HIGH
556,BCA_CA_BNI_PC01,Văn phòng Cơ quan Cảnh sát điều tra - Công an Tỉnh Bắc Ninh,BCA,cap_tinh,dvc_2018,2018-01-01,,v2.0.0,HIGH
557,BCA_CA_BNI_PC02,Phòng Cảnh sát hình sự - Công an Tỉnh Bắc Ninh,BCA,cap_tinh,dvc_2018,2018-01-01,,v2.0.0,HIGH
558,BCA_CA_BNI_PC03,Phòng Cảnh sát kinh tế - Công an Tỉnh Bắc Ninh,BCA,cap_tinh,dvc_2018,2018-01-01,,v2.0.0,HIGH
559,BCA_CA_BNI_PC04,Phòng Cảnh sát điều tra tội phạm về ma túy - Công an Tỉnh Bắc Ninh,BCA,cap_tinh,dvc_2018,2018-01-01,,v2.0.0,HIGH
560,BCA_CA_BNI_PC06,Phòng Cảnh sát quản lý hành chính về trật tự xã hội - Công an Tỉnh Bắc Ninh,BCA,cap_tinh,dvc_2018,2018-01-01,,v2.0.0,HIGH
561,BCA_CA_BNI_PC08,Phòng Cảnh sát giao thông - Công an Tỉnh Bắc Ninh,BCA,cap_tinh,dvc_2018,2018-01-01,,v2.0.0,HIGH
562,BCA_CA_BNI_PA01,Phòng An ninh đối ngoại - Công an Tỉnh Bắc Ninh,BCA,cap_tinh,dvc_2018,2018-01-01,,v2.0.0,HIGH
563,BCA_CA_BNI_PA02,Phòng An ninh nội địa - Công an Tỉnh Bắc Ninh,BCA,cap_tinh,dvc_2018,2018-01-01,,v2.0.0,HIGH
564,BCA_CA_BNI_PA03,Phòng An ninh chính trị nội bộ - Công an Tỉnh Bắc Ninh,BCA,cap_tinh,dvc_2018,2018-01-01,,v2.0.0,HIGH
565,BCA_CA_BNI_PA05,Phòng An ninh mạng và phòng chống tội phạm công nghệ cao - Công an Tỉnh Bắc Ninh,BCA,cap_tinh,dvc_2018,2018-01-01,,v2.0.0,HIGH
566,BCA_CA_BGI,Công an Tỉnh Bắc Giang,BCA,cap_tinh,dvc_2018,2018-01-01,,v2.0.0,HIGH
567,BCA_CA_BGI_PC01,Văn phòng Cơ quan Cảnh sát điều tra - Công an Tỉnh Bắc Giang,BCA,cap_tinh,dvc_2018,2018-01-01,,v2.0.0,HIGH
568,BCA_CA_BGI_PC02,Phòng Cảnh sát hình sự - Công an Tỉnh Bắc Giang,BCA,cap_tinh,dvc_2018,2018-01-01,,v2.0.0,HIGH
569,BCA_CA_BGI_PC03,Phòng Cảnh sát kinh tế - Công an Tỉnh Bắc Giang,BCA,cap_tinh,dvc_2018,2018-01-01,,v2.0.0,HIGH
570,BCA_CA_BGI_PC04,Phòng Cảnh sát điều tra tội phạm về ma túy - Công an Tỉnh Bắc Giang,BCA,cap_tinh,dvc_2018,2018-01-01,,v2.0.0,HIGH
571,BCA_CA_BGI_PC06,Phòng Cảnh sát quản lý hành chính về trật tự xã hội - Công an Tỉnh Bắc Giang,BCA,cap_tinh,dvc_2018,2018-01-01,,v2.0.0,HIGH
572,BCA_CA_BGI_PC08,Phòng Cảnh sát giao thông - Công an Tỉnh Bắc Giang,BCA,cap_tinh,dvc_2018,2018-01-01,,v2.0.0,HIGH
573,BCA_CA_BGI_PA01,Phòng An ninh đối ngoại - Công an Tỉnh Bắc Giang,BCA,cap_tinh,dvc_2018,2018-01-01,,v2.0.0,HIGH
574,BCA_CA_BGI_PA02,Phòng An ninh nội địa - Công an Tỉnh Bắc Giang,BCA,cap_tinh,dvc_2018,2018-01-01,,v2.0.0,HIGH
575,BCA_CA_BGI_PA03,Phòng An ninh chính trị nội bộ - Công an Tỉnh Bắc Giang,BCA,cap_tinh,dvc_2018,2018-01-01,,v2.0.0,HIGH
576,BCA_CA_BGI_PA05,Phòng An ninh mạng và phòng chống tội phạm công nghệ cao - Công an Tỉnh Bắc Giang,BCA,cap_tinh,dvc_2018,2018-01-01,,v2.0.0,HIGH
577,BCA_CA_PTH,Công an Tỉnh Phú Thọ,BCA,cap_tinh,dvc_2018,2018-01-01,,v2.0.0,HIGH
578,BCA_CA_PTH_PC01,Văn phòng Cơ quan Cảnh sát điều tra - Công an Tỉnh Phú Thọ,BCA,cap_tinh,dvc_2018,2018-01-01,,v2.0.0,HIGH
579,BCA_CA_PTH_PC02,Phòng Cảnh sát hình sự - Công an Tỉnh Phú Thọ,BCA,cap_tinh,dvc_2018,2018-01-01,,v2.0.0,HIGH
580,BCA_CA_PTH_PC03,Phòng Cảnh sát kinh tế - Công an Tỉnh Phú Thọ,BCA,cap_tinh,dvc_2018,2018-01-01,,v2.0.0,HIGH
581,BCA_CA_PTH_PC04,Phòng Cảnh sát điều tra tội phạm về ma túy - Công an Tỉnh Phú Thọ,BCA,cap_tinh,dvc_2018,2018-01-01,,v2.0.0,HIGH
582,BCA_CA_PTH_PC06,Phòng Cảnh sát quản lý hành chính về trật tự xã hội - Công an Tỉnh Phú Thọ,BCA,cap_tinh,dvc_2018,2018-01-01,,v2.0.0,HIGH
583,BCA_CA_PTH_PC08,Phòng Cảnh sát giao thông - Công an Tỉnh Phú Thọ,BCA,cap_tinh,dvc_2018,2018-01-01,,v2.0.0,HIGH
584,BCA_CA_PTH_PA01,Phòng An ninh đối ngoại - Công an Tỉnh Phú Thọ,BCA,cap_tinh,dvc_2018,2018-01-01,,v2.0.0,HIGH
585,BCA_CA_PTH_PA02,Phòng An ninh nội địa - Công an Tỉnh Phú Thọ,BCA,cap_tinh,dvc_2018,2018-01-01,,v2.0.0,HIGH
586,BCA_CA_PTH_PA03,Phòng An ninh chính trị nội bộ - Công an Tỉnh Phú Thọ,BCA,cap_tinh,dvc_2018,2018-01-01,,v2.0.0,HIGH
587,BCA_CA_PTH_PA05,Phòng An ninh mạng và phòng chống tội phạm công nghệ cao - Công an Tỉnh Phú Thọ,BCA,cap_tinh,dvc_2018,2018-01-01,,v2.0.0,HIGH
588,BCA_CA_TNG,Công an Tỉnh Thái Nguyên,BCA,cap_tinh,dvc_2018,2018-01-01,,v2.0.0,HIGH
589,BCA_CA_TNG_PC01,Văn phòng Cơ quan Cảnh sát điều tra - Công an Tỉnh Thái Nguyên,BCA,cap_tinh,dvc_2018,2018-01-01,,v2.0.0,HIGH
590,BCA_CA_TNG_PC02,Phòng Cảnh sát hình sự - Công an Tỉnh Thái Nguyên,BCA,cap_tinh,dvc_2018,2018-01-01,,v2.0.0,HIGH
591,BCA_CA_TNG_PC03,Phòng Cảnh sát kinh tế - Công an Tỉnh Thái Nguyên,BCA,cap_tinh,dvc_2018,2018-01-01,,v2.0.0,HIGH
592,BCA_CA_TNG_PC04,Phòng Cảnh sát điều tra tội phạm về ma túy - Công an Tỉnh Thái Nguyên,BCA,cap_tinh,dvc_2018,2018-01-01,,v2.0.0,HIGH
593,BCA_CA_TNG_PC06,Phòng Cảnh sát quản lý hành chính về trật tự xã hội - Công an Tỉnh Thái Nguyên,BCA,cap_tinh,dvc_2018,2018-01-01,,v2.0.0,HIGH
594,BCA_CA_TNG_PC08,Phòng Cảnh sát giao thông - Công an Tỉnh Thái Nguyên,BCA,cap_tinh,dvc_2018,2018-01-01,,v2.0.0,HIGH
595,BCA_CA_TNG_PA01,Phòng An ninh đối ngoại - Công an Tỉnh Thái Nguyên,BCA,cap_tinh,dvc_2018,2018-01-01,,v2.0.0,HIGH
596,BCA_CA_TNG_PA02,Phòng An ninh nội địa - Công an Tỉnh Thái Nguyên,BCA,cap_tinh,dvc_2018,2018-01-01,,v2.0.0,HIGH
597,BCA_CA_TNG_PA03,Phòng An ninh chính trị nội bộ - Công an Tỉnh Thái Nguyên,BCA,cap_tinh,dvc_2018,2018-01-01,,v2.0.0,HIGH
598,BCA_CA_TNG_PA05,Phòng An ninh mạng và phòng chống tội phạm công nghệ cao - Công an Tỉnh Thái Nguyên,BCA,cap_tinh,dvc_2018,2018-01-01,,v2.0.0,HIGH
599,BCA_CA_YBI,Công an Tỉnh Yên Bái,BCA,cap_tinh,dvc_2018,2018-01-01,,v2.0.0,HIGH
600,BCA_CA_YBI_PC01,Văn phòng Cơ quan Cảnh sát điều tra - Công an Tỉnh Yên Bái,BCA,cap_tinh,dvc_2018,2018-01-01,,v2.0.0,HIGH
601,BCA_CA_YBI_PC02,Phòng Cảnh sát hình sự - Công an Tỉnh Yên Bái,BCA,cap_tinh,dvc_2018,2018-01-01,,v2.0.0,HIGH
602,BCA_CA_YBI_PC03,Phòng Cảnh sát kinh tế - Công an Tỉnh Yên Bái,BCA,cap_tinh,dvc_2018,2018-01-01,,v2.0.0,HIGH
603,BCA_CA_YBI_PC04,Phòng Cảnh sát điều tra tội phạm về ma túy - Công an Tỉnh Yên Bái,BCA,cap_tinh,dvc_2018,2018-01-01,,v2.0.0,HIGH
604,BCA_CA_YBI_PC06,Phòng Cảnh sát quản lý hành chính về trật tự xã hội - Công an Tỉnh Yên Bái,BCA,cap_tinh,dvc_2018,2018-01-01,,v2.0.0,HIGH
605,BCA_CA_YBI_PC08,Phòng Cảnh sát giao thông - Công an Tỉnh Yên Bái,BCA,cap_tinh,dvc_2018,2018-01-01,,v2.0.0,HIGH
606,BCA_CA_YBI_PA01,Phòng An ninh đối ngoại - Công an Tỉnh Yên Bái,BCA,cap_tinh,dvc_2018,2018-01-01,,v2.0.0,HIGH
607,BCA_CA_YBI_PA02,Phòng An ninh nội địa - Công an Tỉnh Yên Bái,BCA,cap_tinh,dvc_2018,2018-01-01,,v2.0.0,HIGH
608,BCA_CA_YBI_PA03,Phòng An ninh chính trị nội bộ - Công an Tỉnh Yên Bái,BCA,cap_tinh,dvc_2018,2018-01-01,,v2.0.0,HIGH
609,BCA_CA_YBI_PA05,Phòng An ninh mạng và phòng chống tội phạm công nghệ cao - Công an Tỉnh Yên Bái,BCA,cap_tinh,dvc_2018,2018-01-01,,v2.0.0,HIGH
610,BCA_CA_TQ,Công an Tỉnh Tuyên Quang,BCA,cap_tinh,dvc_2018,2018-01-01,,v2.0.0,HIGH
611,BCA_CA_TQ_PC01,Văn phòng Cơ quan Cảnh sát điều tra - Công an Tỉnh Tuyên Quang,BCA,cap_tinh,dvc_2018,2018-01-01,,v2.0.0,HIGH
612,BCA_CA_TQ_PC02,Phòng Cảnh sát hình sự - Công an Tỉnh Tuyên Quang,BCA,cap_tinh,dvc_2018,2018-01-01,,v2.0.0,HIGH
613,BCA_CA_TQ_PC03,Phòng Cảnh sát kinh tế - Công an Tỉnh Tuyên Quang,BCA,cap_tinh,dvc_2018,2018-01-01,,v2.0.0,HIGH
614,BCA_CA_TQ_PC04,Phòng Cảnh sát điều tra tội phạm về ma túy - Công an Tỉnh Tuyên Quang,BCA,cap_tinh,dvc_2018,2018-01-01,,v2.0.0,HIGH
615,BCA_CA_TQ_PC06,Phòng Cảnh sát quản lý hành chính về trật tự xã hội - Công an Tỉnh Tuyên Quang,BCA,cap_tinh,dvc_2018,2018-01-01,,v2.0.0,HIGH
616,BCA_CA_TQ_PC08,Phòng Cảnh sát giao thông - Công an Tỉnh Tuyên Quang,BCA,cap_tinh,dvc_2018,2018-01-01,,v2.0.0,HIGH
617,BCA_CA_TQ_PA01,Phòng An ninh đối ngoại - Công an Tỉnh Tuyên Quang,BCA,cap_tinh,dvc_2018,2018-01-01,,v2.0.0,HIGH
618,BCA_CA_TQ_PA02,Phòng An ninh nội địa - Công an Tỉnh Tuyên Quang,BCA,cap_tinh,dvc_2018,2018-01-01,,v2.0.0,HIGH
619,BCA_CA_TQ_PA03,Phòng An ninh chính trị nội bộ - Công an Tỉnh Tuyên Quang,BCA,cap_tinh,dvc_2018,2018-01-01,,v2.0.0,HIGH
620,BCA_CA_TQ_PA05,Phòng An ninh mạng và phòng chống tội phạm công nghệ cao - Công an Tỉnh Tuyên Quang,BCA,cap_tinh,dvc_2018,2018-01-01,,v2.0.0,HIGH
621,BCA_CA_HGI,Công an Tỉnh Hà Giang,BCA,cap_tinh,dvc_2018,2018-01-01,,v2.0.0,HIGH
622,BCA_CA_HGI_PC01,Văn phòng Cơ quan Cảnh sát điều tra - Công an Tỉnh Hà Giang,BCA,cap_tinh,dvc_2018,2018-01-01,,v2.0.0,HIGH
623,BCA_CA_HGI_PC02,Phòng Cảnh sát hình sự - Công an Tỉnh Hà Giang,BCA,cap_tinh,dvc_2018,2018-01-01,,v2.0.0,HIGH
624,BCA_CA_HGI_PC03,Phòng Cảnh sát kinh tế - Công an Tỉnh Hà Giang,BCA,cap_tinh,dvc_2018,2018-01-01,,v2.0.0,HIGH
625,BCA_CA_HGI_PC04,Phòng Cảnh sát điều tra tội phạm về ma túy - Công an Tỉnh Hà Giang,BCA,cap_tinh,dvc_2018,2018-01-01,,v2.0.0,HIGH
626,BCA_CA_HGI_PC06,Phòng Cảnh sát quản lý hành chính về trật tự xã hội - Công an Tỉnh Hà Giang,BCA,cap_tinh,dvc_2018,2018-01-01,,v2.0.0,HIGH
627,BCA_CA_HGI_PC08,Phòng Cảnh sát giao thông - Công an Tỉnh Hà Giang,BCA,cap_tinh,dvc_2018,2018-01-01,,v2.0.0,HIGH
628,BCA_CA_HGI_PA01,Phòng An ninh đối ngoại - Công an Tỉnh Hà Giang,BCA,cap_tinh,dvc_2018,2018-01-01,,v2.0.0,HIGH
629,BCA_CA_HGI_PA02,Phòng An ninh nội địa - Công an Tỉnh Hà Giang,BCA,cap_tinh,dvc_2018,2018-01-01,,v2.0.0,HIGH
630,BCA_CA_HGI_PA03,Phòng An ninh chính trị nội bộ - Công an Tỉnh Hà Giang,BCA,cap_tinh,dvc_2018,2018-01-01,,v2.0.0,HIGH
631,BCA_CA_HGI_PA05,Phòng An ninh mạng và phòng chống tội phạm công nghệ cao - Công an Tỉnh Hà Giang,BCA,cap_tinh,dvc_2018,2018-01-01,,v2.0.0,HIGH
632,BCA_CA_CBG,Công an Tỉnh Cao Bằng,BCA,cap_tinh,dvc_2018,2018-01-01,,v2.0.0,HIGH
633,BCA_CA_CBG_PC01,Văn phòng Cơ quan Cảnh sát điều tra - Công an Tỉnh Cao Bằng,BCA,cap_tinh,dvc_2018,2018-01-01,,v2.0.0,HIGH
634,BCA_CA_CBG_PC02,Phòng Cảnh sát hình sự - Công an Tỉnh Cao Bằng,BCA,cap_tinh,dvc_2018,2018-01-01,,v2.0.0,HIGH
635,BCA_CA_CBG_PC03,Phòng Cảnh sát kinh tế - Công an Tỉnh Cao Bằng,BCA,cap_tinh,dvc_2018,2018-01-01,,v2.0.0,HIGH
636,BCA_CA_CBG_PC04,Phòng Cảnh sát điều tra tội phạm về ma túy - Công an Tỉnh Cao Bằng,BCA,cap_tinh,dvc_2018,2018-01-01,,v2.0.0,HIGH
637,BCA_CA_CBG_PC06,Phòng Cảnh sát quản lý hành chính về trật tự xã hội - Công an Tỉnh Cao Bằng,BCA,cap_tinh,dvc_2018,2018-01-01,,v2.0.0,HIGH
638,BCA_CA_CBG_PC08,Phòng Cảnh sát giao thông - Công an Tỉnh Cao Bằng,BCA,cap_tinh,dvc_2018,2018-01-01,,v2.0.0,HIGH
639,BCA_CA_CBG_PA01,Phòng An ninh đối ngoại - Công an Tỉnh Cao Bằng,BCA,cap_tinh,dvc_2018,2018-01-01,,v2.0.0,HIGH
640,BCA_CA_CBG_PA02,Phòng An ninh nội địa - Công an Tỉnh Cao Bằng,BCA,cap_tinh,dvc_2018,2018-01-01,,v2.0.0,HIGH
641,BCA_CA_CBG_PA03,Phòng An ninh chính trị nội bộ - Công an Tỉnh Cao Bằng,BCA,cap_tinh,dvc_2018,2018-01-01,,v2.0.0,HIGH
642,BCA_CA_CBG_PA05,Phòng An ninh mạng và phòng chống tội phạm công nghệ cao - Công an Tỉnh Cao Bằng,BCA,cap_tinh,dvc_2018,2018-01-01,,v2.0.0,HIGH
643,BCA_CA_LSO,Công an Tỉnh Lạng Sơn,BCA,cap_tinh,dvc_2018,2018-01-01,,v2.0.0,HIGH
644,BCA_CA_LSO_PC01,Văn phòng Cơ quan Cảnh sát điều tra - Công an Tỉnh Lạng Sơn,BCA,cap_tinh,dvc_2018,2018-01-01,,v2.0.0,HIGH
645,BCA_CA_LSO_PC02,Phòng Cảnh sát hình sự - Công an Tỉnh Lạng Sơn,BCA,cap_tinh,dvc_2018,2018-01-01,,v2.0.0,HIGH
646,BCA_CA_LSO_PC03,Phòng Cảnh sát kinh tế - Công an Tỉnh Lạng Sơn,BCA,cap_tinh,dvc_2018,2018-01-01,,v2.0.0,HIGH
647,BCA_CA_LSO_PC04,Phòng Cảnh sát điều tra tội phạm về ma túy - Công an Tỉnh Lạng Sơn,BCA,cap_tinh,dvc_2018,2018-01-01,,v2.0.0,HIGH
648,BCA_CA_LSO_PC06,Phòng Cảnh sát quản lý hành chính về trật tự xã hội - Công an Tỉnh Lạng Sơn,BCA,cap_tinh,dvc_2018,2018-01-01,,v2.0.0,HIGH
649,BCA_CA_LSO_PC08,Phòng Cảnh sát giao thông - Công an Tỉnh Lạng Sơn,BCA,cap_tinh,dvc_2018,2018-01-01,,v2.0.0,HIGH
650,BCA_CA_LSO_PA01,Phòng An ninh đối ngoại - Công an Tỉnh Lạng Sơn,BCA,cap_tinh,dvc_2018,2018-01-01,,v2.0.0,HIGH
651,BCA_CA_LSO_PA02,Phòng An ninh nội địa - Công an Tỉnh Lạng Sơn,BCA,cap_tinh,dvc_2018,2018-01-01,,v2.0.0,HIGH
652,BCA_CA_LSO_PA03,Phòng An ninh chính trị nội bộ - Công an Tỉnh Lạng Sơn,BCA,cap_tinh,dvc_2018,2018-01-01,,v2.0.0,HIGH
653,BCA_CA_LSO_PA05,Phòng An ninh mạng và phòng chống tội phạm công nghệ cao - Công an Tỉnh Lạng Sơn,BCA,cap_tinh,dvc_2018,2018-01-01,,v2.0.0,HIGH
654,BCA_CA_BKN,Công an Tỉnh Bắc Kạn,BCA,cap_tinh,dvc_2018,2018-01-01,,v2.0.0,HIGH
655,BCA_CA_BKN_PC01,Văn phòng Cơ quan Cảnh sát điều tra - Công an Tỉnh Bắc Kạn,BCA,cap_tinh,dvc_2018,2018-01-01,,v2.0.0,HIGH
656,BCA_CA_BKN_PC02,Phòng Cảnh sát hình sự - Công an Tỉnh Bắc Kạn,BCA,cap_tinh,dvc_2018,2018-01-01,,v2.0.0,HIGH
657,BCA_CA_BKN_PC03,Phòng Cảnh sát kinh tế - Công an Tỉnh Bắc Kạn,BCA,cap_tinh,dvc_2018,2018-01-01,,v2.0.0,HIGH
658,BCA_CA_BKN_PC04,Phòng Cảnh sát điều tra tội phạm về ma túy - Công an Tỉnh Bắc Kạn,BCA,cap_tinh,dvc_2018,2018-01-01,,v2.0.0,HIGH
659,BCA_CA_BKN_PC06,Phòng Cảnh sát quản lý hành chính về trật tự xã hội - Công an Tỉnh Bắc Kạn,BCA,cap_tinh,dvc_2018,2018-01-01,,v2.0.0,HIGH
660,BCA_CA_BKN_PC08,Phòng Cảnh sát giao thông - Công an Tỉnh Bắc Kạn,BCA,cap_tinh,dvc_2018,2018-01-01,,v2.0.0,HIGH
661,BCA_CA_BKN_PA01,Phòng An ninh đối ngoại - Công an Tỉnh Bắc Kạn,BCA,cap_tinh,dvc_2018,2018-01-01,,v2.0.0,HIGH
662,BCA_CA_BKN_PA02,Phòng An ninh nội địa - Công an Tỉnh Bắc Kạn,BCA,cap_tinh,dvc_2018,2018-01-01,,v2.0.0,HIGH
663,BCA_CA_BKN_PA03,Phòng An ninh chính trị nội bộ - Công an Tỉnh Bắc Kạn,BCA,cap_tinh,dvc_2018,2018-01-01,,v2.0.0,HIGH
664,BCA_CA_BKN_PA05,Phòng An ninh mạng và phòng chống tội phạm công nghệ cao - Công an Tỉnh Bắc Kạn,BCA,cap_tinh,dvc_2018,2018-01-01,,v2.0.0,HIGH
665,BCA_CA_SLA,Công an Tỉnh Sơn La,BCA,cap_tinh,dvc_2018,2018-01-01,,v2.0.0,HIGH
666,BCA_CA_SLA_PC01,Văn phòng Cơ quan Cảnh sát điều tra - Công an Tỉnh Sơn La,BCA,cap_tinh,dvc_2018,2018-01-01,,v2.0.0,HIGH
667,BCA_CA_SLA_PC02,Phòng Cảnh sát hình sự - Công an Tỉnh Sơn La,BCA,cap_tinh,dvc_2018,2018-01-01,,v2.0.0,HIGH
668,BCA_CA_SLA_PC03,Phòng Cảnh sát kinh tế - Công an Tỉnh Sơn La,BCA,cap_tinh,dvc_2018,2018-01-01,,v2.0.0,HIGH
669,BCA_CA_SLA_PC04,Phòng Cảnh sát điều tra tội phạm về ma túy - Công an Tỉnh Sơn La,BCA,cap_tinh,dvc_2018,2018-01-01,,v2.0.0,HIGH
670,BCA_CA_SLA_PC06,Phòng Cảnh sát quản lý hành chính về trật tự xã hội - Công an Tỉnh Sơn La,BCA,cap_tinh,dvc_2018,2018-01-01,,v2.0.0,HIGH
671,BCA_CA_SLA_PC08,Phòng Cảnh sát giao thông - Công an Tỉnh Sơn La,BCA,cap_tinh,dvc_2018,2018-01-01,,v2.0.0,HIGH
672,BCA_CA_SLA_PA01,Phòng An ninh đối ngoại - Công an Tỉnh Sơn La,BCA,cap_tinh,dvc_2018,2018-01-01,,v2.0.0,HIGH
673,BCA_CA_SLA_PA02,Phòng An ninh nội địa - Công an Tỉnh Sơn La,BCA,cap_tinh,dvc_2018,2018-01-01,,v2.0.0,HIGH
674,BCA_CA_SLA_PA03,Phòng An ninh chính trị nội bộ - Công an Tỉnh Sơn La,BCA,cap_tinh,dvc_2018,2018-01-01,,v2.0.0,HIGH
675,BCA_CA_SLA_PA05,Phòng An ninh mạng và phòng chống tội phạm công nghệ cao - Công an Tỉnh Sơn La,BCA,cap_tinh,dvc_2018,2018-01-01,,v2.0.0,HIGH
676,BCA_CA_DB,Công an Tỉnh Điện Biên,BCA,cap_tinh,dvc_2018,2018-01-01,,v2.0.0,HIGH
677,BCA_CA_DB_PC01,Văn phòng Cơ quan Cảnh sát điều tra - Công an Tỉnh Điện Biên,BCA,cap_tinh,dvc_2018,2018-01-01,,v2.0.0,HIGH
678,BCA_CA_DB_PC02,Phòng Cảnh sát hình sự - Công an Tỉnh Điện Biên,BCA,cap_tinh,dvc_2018,2018-01-01,,v2.0.0,HIGH
679,BCA_CA_DB_PC03,Phòng Cảnh sát kinh tế - Công an Tỉnh Điện Biên,BCA,cap_tinh,dvc_2018,2018-01-01,,v2.0.0,HIGH
680,BCA_CA_DB_PC04,Phòng Cảnh sát điều tra tội phạm về ma túy - Công an Tỉnh Điện Biên,BCA,cap_tinh,dvc_2018,2018-01-01,,v2.0.0,HIGH
681,BCA_CA_DB_PC06,Phòng Cảnh sát quản lý hành chính về trật tự xã hội - Công an Tỉnh Điện Biên,BCA,cap_tinh,dvc_2018,2018-01-01,,v2.0.0,HIGH
682,BCA_CA_DB_PC08,Phòng Cảnh sát giao thông - Công an Tỉnh Điện Biên,BCA,cap_tinh,dvc_2018,2018-01-01,,v2.0.0,HIGH
683,BCA_CA_DB_PA01,Phòng An ninh đối ngoại - Công an Tỉnh Điện Biên,BCA,cap_tinh,dvc_2018,2018-01-01,,v2.0.0,HIGH
684,BCA_CA_DB_PA02,Phòng An ninh nội địa - Công an Tỉnh Điện Biên,BCA,cap_tinh,dvc_2018,2018-01-01,,v2.0.0,HIGH
685,BCA_CA_DB_PA03,Phòng An ninh chính trị nội bộ - Công an Tỉnh Điện Biên,BCA,cap_tinh,dvc_2018,2018-01-01,,v2.0.0,HIGH
686,BCA_CA_DB_PA05,Phòng An ninh mạng và phòng chống tội phạm công nghệ cao - Công an Tỉnh Điện Biên,BCA,cap_tinh,dvc_2018,2018-01-01,,v2.0.0,HIGH
687,BCA_CA_LCH,Công an Tỉnh Lai Châu,BCA,cap_tinh,dvc_2018,2018-01-01,,v2.0.0,HIGH
688,BCA_CA_LCH_PC01,Văn phòng Cơ quan Cảnh sát điều tra - Công an Tỉnh Lai Châu,BCA,cap_tinh,dvc_2018,2018-01-01,,v2.0.0,HIGH
689,BCA_CA_LCH_PC02,Phòng Cảnh sát hình sự - Công an Tỉnh Lai Châu,BCA,cap_tinh,dvc_2018,2018-01-01,,v2.0.0,HIGH
690,BCA_CA_LCH_PC03,Phòng Cảnh sát kinh tế - Công an Tỉnh Lai Châu,BCA,cap_tinh,dvc_2018,2018-01-01,,v2.0.0,HIGH
691,BCA_CA_LCH_PC04,Phòng Cảnh sát điều tra tội phạm về ma túy - Công an Tỉnh Lai Châu,BCA,cap_tinh,dvc_2018,2018-01-01,,v2.0.0,HIGH
692,BCA_CA_LCH_PC06,Phòng Cảnh sát quản lý hành chính về trật tự xã hội - Công an Tỉnh Lai Châu,BCA,cap_tinh,dvc_2018,2018-01-01,,v2.0.0,HIGH
693,BCA_CA_LCH_PC08,Phòng Cảnh sát giao thông - Công an Tỉnh Lai Châu,BCA,cap_tinh,dvc_2018,2018-01-01,,v2.0.0,HIGH
694,BCA_CA_LCH_PA01,Phòng An ninh đối ngoại - Công an Tỉnh Lai Châu,BCA,cap_tinh,dvc_2018,2018-01-01,,v2.0.0,HIGH
695,BCA_CA_LCH_PA02,Phòng An ninh nội địa - Công an Tỉnh Lai Châu,BCA,cap_tinh,dvc_2018,2018-01-01,,v2.0.0,HIGH
696,BCA_CA_LCH_PA03,Phòng An ninh chính trị nội bộ - Công an Tỉnh Lai Châu,BCA,cap_tinh,dvc_2018,2018-01-01,,v2.0.0,HIGH
697,BCA_CA_LCH_PA05,Phòng An ninh mạng và phòng chống tội phạm công nghệ cao - Công an Tỉnh Lai Châu,BCA,cap_tinh,dvc_2018,2018-01-01,,v2.0.0,HIGH
698,BCA_CA_LCA,Công an Tỉnh Lào Cai,BCA,cap_tinh,dvc_2018,2018-01-01,,v2.0.0,HIGH
699,BCA_CA_LCA_PC01,Văn phòng Cơ quan Cảnh sát điều tra - Công an Tỉnh Lào Cai,BCA,cap_tinh,dvc_2018,2018-01-01,,v2.0.0,HIGH
700,BCA_CA_LCA_PC02,Phòng Cảnh sát hình sự - Công an Tỉnh Lào Cai,BCA,cap_tinh,dvc_2018,2018-01-01,,v2.0.0,HIGH
701,BCA_CA_LCA_PC03,Phòng Cảnh sát kinh tế - Công an Tỉnh Lào Cai,BCA,cap_tinh,dvc_2018,2018-01-01,,v2.0.0,HIGH
702,BCA_CA_LCA_PC04,Phòng Cảnh sát điều tra tội phạm về ma túy - Công an Tỉnh Lào Cai,BCA,cap_tinh,dvc_2018,2018-01-01,,v2.0.0,HIGH
703,BCA_CA_LCA_PC06,Phòng Cảnh sát quản lý hành chính về trật tự xã hội - Công an Tỉnh Lào Cai,BCA,cap_tinh,dvc_2018,2018-01-01,,v2.0.0,HIGH
704,BCA_CA_LCA_PC08,Phòng Cảnh sát giao thông - Công an Tỉnh Lào Cai,BCA,cap_tinh,dvc_2018,2018-01-01,,v2.0.0,HIGH
705,BCA_CA_LCA_PA01,Phòng An ninh đối ngoại - Công an Tỉnh Lào Cai,BCA,cap_tinh,dvc_2018,2018-01-01,,v2.0.0,HIGH
706,BCA_CA_LCA_PA02,Phòng An ninh nội địa - Công an Tỉnh Lào Cai,BCA,cap_tinh,dvc_2018,2018-01-01,,v2.0.0,HIGH
707,BCA_CA_LCA_PA03,Phòng An ninh chính trị nội bộ - Công an Tỉnh Lào Cai,BCA,cap_tinh,dvc_2018,2018-01-01,,v2.0.0,HIGH
708,BCA_CA_LCA_PA05,Phòng An ninh mạng và phòng chống tội phạm công nghệ cao - Công an Tỉnh Lào Cai,BCA,cap_tinh,dvc_2018,2018-01-01,,v2.0.0,HIGH
709,BCA_CA_HN_BDG,Công an Huyện Ba Đình - Hà Nội,BCA,cap_tinh,dvc_2018,2018-01-01,,v2.0.0,HIGH
710,BCA_CA_HN_HK,Công an Huyện Hoàn Kiếm - Hà Nội,BCA,cap_tinh,dvc_2018,2018-01-01,,v2.0.0,HIGH
711,BCA_CA_HN_CG,Công an Huyện Cầu Giấy - Hà Nội,BCA,cap_tinh,dvc_2018,2018-01-01,,v2.0.0,HIGH
712,BCA_CA_HN_DD,Công an Huyện Đống Đa - Hà Nội,BCA,cap_tinh,dvc_2018,2018-01-01,,v2.0.0,HIGH
713,BCA_CA_HN_TX,Công an Huyện Thanh Xuân - Hà Nội,BCA,cap_tinh,dvc_2018,2018-01-01,,v2.0.0,HIGH
714,BCA_CA_HN_GL,Công an Huyện Gia Lâm - Hà Nội,BCA,cap_tinh,dvc_2018,2018-01-01,,v2.0.0,HIGH
715,BCA_CA_HN_SOC,Công an Huyện Sóc Sơn - Hà Nội,BCA,cap_tinh,dvc_2018,2018-01-01,,v2.0.0,HIGH
716,BCA_CA_HN_DDA,Công an Huyện Đông Anh - Hà Nội,BCA,cap_tinh,dvc_2018,2018-01-01,,v2.0.0,HIGH
717,BCA_CA_HTAY_HDO,Công an Huyện Hà Đông - Hà Tây,BCA,cap_quan_huyen,legacy_record_dvc,2018-01-01,2008-08-01,v2.0.0,MEDIUM
718,BCA_CA_HTAY_ST,Công an Huyện Sơn Tây - Hà Tây,BCA,cap_quan_huyen,legacy_record_dvc,2018-01-01,2008-08-01,v2.0.0,MEDIUM
719,BCA_CA_HTAY_BV,Công an Huyện Ba Vì - Hà Tây,BCA,cap_quan_huyen,legacy_record_dvc,2018-01-01,2008-08-01,v2.0.0,MEDIUM
720,BCA_CA_HTAY_CT,Công an Huyện Chương Mỹ - Hà Tây,BCA,cap_quan_huyen,legacy_record_dvc,2018-01-01,2008-08-01,v2.0.0,MEDIUM
721,BCA_CA_HCM_Q1,Công an Quận Quận 1 - Thành phố Hồ Chí Minh,BCA,cap_tinh,dvc_2018,2018-01-01,,v2.0.0,HIGH
722,BCA_CA_HCM_Q3,Công an Quận Quận 3 - Thành phố Hồ Chí Minh,BCA,cap_tinh,dvc_2018,2018-01-01,,v2.0.0,HIGH
723,BCA_CA_HCM_Q7,Công an Quận Quận 7 - Thành phố Hồ Chí Minh,BCA,cap_tinh,dvc_2018,2018-01-01,,v2.0.0,HIGH
724,BCA_CA_HCM_BT,Công an Huyện Bình Thạnh - Thành phố Hồ Chí Minh,BCA,cap_tinh,dvc_2018,2018-01-01,,v2.0.0,HIGH
725,BCA_CA_HCM_TB,Công an Huyện Tân Bình - Thành phố Hồ Chí Minh,BCA,cap_tinh,dvc_2018,2018-01-01,,v2.0.0,HIGH
726,BCA_CA_HCM_GV,Công an Huyện Gò Vấp - Thành phố Hồ Chí Minh,BCA,cap_tinh,dvc_2018,2018-01-01,,v2.0.0,HIGH
727,BCA_CA_HCM_BC,Công an Huyện Bình Chánh - Thành phố Hồ Chí Minh,BCA,cap_tinh,dvc_2018,2018-01-01,,v2.0.0,HIGH
728,BCA_CA_HCM_HM,Công an Huyện Hóc Môn - Thành phố Hồ Chí Minh,BCA,cap_tinh,dvc_2018,2018-01-01,,v2.0.0,HIGH
729,BCA_CA_DN_HC,Công an Huyện Hải Châu - Đà Nẵng,BCA,cap_tinh,dvc_2018,2018-01-01,,v2.0.0,HIGH
730,BCA_CA_DN_TK,Công an Huyện Thanh Khê - Đà Nẵng,BCA,cap_tinh,dvc_2018,2018-01-01,,v2.0.0,HIGH
731,BCA_CA_DN_NHS,Công an Huyện Ngũ Hành Sơn - Đà Nẵng,BCA,cap_tinh,dvc_2018,2018-01-01,,v2.0.0,HIGH
732,BCA_CA_DN_CL,Công an Huyện Cẩm Lệ - Đà Nẵng,BCA,cap_tinh,dvc_2018,2018-01-01,,v2.0.0,HIGH
733,BCA_CA_HP_HB,Công an Huyện Hồng Bàng - Hải Phòng,BCA,cap_tinh,dvc_2018,2018-01-01,,v2.0.0,HIGH
734,BCA_CA_HP_NG,Công an Huyện Ngô Quyền - Hải Phòng,BCA,cap_tinh,dvc_2018,2018-01-01,,v2.0.0,HIGH
735,BCA_CA_HP_LC,Công an Huyện Lê Chân - Hải Phòng,BCA,cap_tinh,dvc_2018,2018-01-01,,v2.0.0,HIGH
736,BCA_CA_HP_AD,Công an Huyện An Dương - Hải Phòng,BCA,cap_tinh,dvc_2018,2018-01-01,,v2.0.0,HIGH
737,BCA_CA_DNAI_BH,Công an Huyện Biên Hòa - Đồng Nai,BCA,cap_tinh,dvc_2018,2018-01-01,,v2.0.0,HIGH
738,BCA_CA_DNAI_LK,Công an Huyện Long Khánh - Đồng Nai,BCA,cap_tinh,dvc_2018,2018-01-01,,v2.0.0,HIGH
739,BCA_CA_DNAI_LT,Công an Huyện Long Thành - Đồng Nai,BCA,cap_tinh,dvc_2018,2018-01-01,,v2.0.0,HIGH
740,BCA_CA_DNAI_TRB,Công an Huyện Trảng Bom - Đồng Nai,BCA,cap_tinh,dvc_2018,2018-01-01,,v2.0.0,HIGH
741,BCA_CA_BD_TDM,Công an Huyện Thủ Dầu Một - Bình Dương,BCA,cap_tinh,dvc_2018,2018-01-01,,v2.0.0,HIGH
742,BCA_CA_BD_DA,Công an Huyện Dĩ An - Bình Dương,BCA,cap_tinh,dvc_2018,2018-01-01,,v2.0.0,HIGH
743,BCA_CA_BD_TA,Công an Huyện Thuận An - Bình Dương,BCA,cap_tinh,dvc_2018,2018-01-01,,v2.0.0,HIGH
744,BCA_CA_BD_BCT,Công an Huyện Bến Cát - Bình Dương,BCA,cap_tinh,dvc_2018,2018-01-01,,v2.0.0,HIGH
745,BQP_BTTM,Bộ Tổng Tham mưu Quân đội nhân dân Việt Nam,BQP,cap_qk_btl,catalog_2018,2018-01-01,,v2.0.0,HIGH
746,BQP_TCCT,Tổng cục Chính trị Quân đội nhân dân Việt Nam,BQP,cap_qk_btl,catalog_2018,2018-01-01,,v2.0.0,HIGH
747,BQP_TCHQ,Tổng cục Hậu cần,BQP,cap_qk_btl,catalog_2018,2018-01-01,,v2.0.0,HIGH
748,BQP_TCKT,Tổng cục Kỹ thuật,BQP,cap_qk_btl,catalog_2018,2018-01-01,,v2.0.0,HIGH
749,BQP_TCCNQP,Tổng cục Công nghiệp Quốc phòng,BQP,cap_qk_btl,catalog_2018,2018-01-01,,v2.0.0,HIGH
750,BQP_BTL_QK1,Bộ Tư lệnh Quân khu 1,BQP,cap_qk_btl,catalog_2018,2018-01-01,,v2.0.0,HIGH
751,BQP_BTL_QK2,Bộ Tư lệnh Quân khu 2,BQP,cap_qk_btl,catalog_2018,2018-01-01,,v2.0.0,HIGH
752,BQP_BTL_QK3,Bộ Tư lệnh Quân khu 3,BQP,cap_qk_btl,catalog_2018,2018-01-01,,v2.0.0,HIGH
753,BQP_BTL_QK4,Bộ Tư lệnh Quân khu 4,BQP,cap_qk_btl,catalog_2018,2018-01-01,,v2.0.0,HIGH
754,BQP_BTL_QK5,Bộ Tư lệnh Quân khu 5,BQP,cap_qk_btl,catalog_2018,2018-01-01,,v2.0.0,HIGH
755,BQP_BTL_QK7,Bộ Tư lệnh Quân khu 7,BQP,cap_qk_btl,catalog_2018,2018-01-01,,v2.0.0,HIGH
756,BQP_BTL_QK9,Bộ Tư lệnh Quân khu 9,BQP,cap_qk_btl,catalog_2018,2018-01-01,,v2.0.0,HIGH
757,BQP_BTL_TDHN,Bộ Tư lệnh Thủ đô Hà Nội,BQP,cap_qk_btl,catalog_2018,2018-01-01,,v2.0.0,HIGH
758,BQP_BTL_BDBP,Bộ Tư lệnh Bộ đội Biên phòng,BQP,cap_qk_btl,catalog_2018,2018-01-01,,v2.0.0,HIGH
759,BQP_BTL_CSB,Bộ Tư lệnh Cảnh sát biển Việt Nam,BQP,cap_qk_btl,catalog_2018,2018-01-01,,v2.0.0,HIGH
760,BQP_QD1,Quân đoàn 1 (Binh đoàn Quyết Thắng),BQP,quan_doan,catalog_2018,2018-01-01,2023-12-31,v2.0.0,HIGH
761,BQP_QD2,Quân đoàn 2 (Binh đoàn Hương Giang),BQP,quan_doan,catalog_2018,2018-01-01,2023-12-31,v2.0.0,HIGH
762,BQP_QD3,Quân đoàn 3 (Binh đoàn Tây Nguyên),BQP,quan_doan,catalog_2018,2018-01-01,,v2.0.0,HIGH
763,BQP_QD4,Quân đoàn 4 (Binh đoàn Cửu Long),BQP,quan_doan,catalog_2018,2018-01-01,,v2.0.0,HIGH
764,BQP_F308,Sư đoàn 308 Quân đoàn 1,BQP,quan_doan,catalog_2018,2018-01-01,2023-12-31,v2.0.0,HIGH
765,BQP_F312,Sư đoàn 312 Quân đoàn 1,BQP,quan_doan,catalog_2018,2018-01-01,2023-12-31,v2.0.0,HIGH
766,BQP_E141,Trung đoàn 141 Sư đoàn 312,BQP,cap_su_doan_tinh,catalog_2018,2018-01-01,,v2.0.0,HIGH
767,BQP_HVQP,Học viện Quốc phòng,BQP,hoc_vien_truong,catalog_2018,2018-01-01,,v2.0.0,MEDIUM
768,BQP_HVKTHS,Học viện Kỹ thuật Quân sự,BQP,hoc_vien_truong,catalog_2018,2018-01-01,,v2.0.0,MEDIUM
769,BQP_HVQY,Học viện Quân y,BQP,hoc_vien_truong,catalog_2018,2018-01-01,,v2.0.0,MEDIUM
770,BQP_BV108,Bệnh viện Trung ương Quân đội 108,BQP,benh_vien,catalog_2018,2018-01-01,,v2.0.0,MEDIUM
771,BQP_BV103,Bệnh viện Quân y 103,BQP,benh_vien,catalog_2018,2018-01-01,,v2.0.0,MEDIUM
772,BQP_BV175,Bệnh viện Quân y 175,BQP,benh_vien,catalog_2018,2018-01-01,,v2.0.0,MEDIUM
773,BQP_BCH_HN,Bộ Chỉ huy Quân sự Hà Nội,BQP,cap_su_doan_tinh,dvc_2018,2018-01-01,,v2.0.0,HIGH
774,BQP_BDBP_HN,Bộ Chỉ huy Bộ đội Biên phòng Hà Nội,BQP,cap_tinh_bien_phong,dvc_2018,2018-01-01,,v2.0.0,HIGH
775,BQP_BCH_HTAY,Bộ Chỉ huy Quân sự Hà Tây,BQP,cap_su_doan_tinh,legacy_record_dvc,2018-01-01,2008-08-01,v2.0.0,MEDIUM
776,BQP_BCH_HCM,Bộ Chỉ huy Quân sự Thành phố Hồ Chí Minh,BQP,cap_su_doan_tinh,dvc_2018,2018-01-01,,v2.0.0,HIGH
777,BQP_BDBP_HCM,Bộ Chỉ huy Bộ đội Biên phòng Thành phố Hồ Chí Minh,BQP,cap_tinh_bien_phong,dvc_2018,2018-01-01,,v2.0.0,HIGH
778,BQP_BCH_DN,Bộ Chỉ huy Quân sự Đà Nẵng,BQP,cap_su_doan_tinh,dvc_2018,2018-01-01,,v2.0.0,HIGH
779,BQP_BDBP_DN,Bộ Chỉ huy Bộ đội Biên phòng Đà Nẵng,BQP,cap_tinh_bien_phong,dvc_2018,2018-01-01,,v2.0.0,HIGH
780,BQP_BCH_HP,Bộ Chỉ huy Quân sự Hải Phòng,BQP,cap_su_doan_tinh,dvc_2018,2018-01-01,,v2.0.0,HIGH
781,BQP_BDBP_HP,Bộ Chỉ huy Bộ đội Biên phòng Hải Phòng,BQP,cap_tinh_bien_phong,dvc_2018,2018-01-01,,v2.0.0,HIGH
782,BQP_BCH_CT,Bộ Chỉ huy Quân sự Cần Thơ,BQP,cap_su_doan_tinh,dvc_2018,2018-01-01,,v2.0.0,HIGH
783,BQP_BDBP_CT,Bộ Chỉ huy Bộ đội Biên phòng Cần Thơ,BQP,cap_tinh_bien_phong,dvc_2018,2018-01-01,,v2.0.0,HIGH
784,BQP_BCH_DNAI,Bộ Chỉ huy Quân sự Đồng Nai,BQP,cap_su_doan_tinh,dvc_2018,2018-01-01,,v2.0.0,HIGH
785,BQP_BDBP_DNAI,Bộ Chỉ huy Bộ đội Biên phòng Đồng Nai,BQP,cap_tinh_bien_phong,dvc_2018,2018-01-01,,v2.0.0,HIGH
786,BQP_BCH_BD,Bộ Chỉ huy Quân sự Bình Dương,BQP,cap_su_doan_tinh,dvc_2018,2018-01-01,,v2.0.0,HIGH
787,BQP_BDBP_BD,Bộ Chỉ huy Bộ đội Biên phòng Bình Dương,BQP,cap_tinh_bien_phong,dvc_2018,2018-01-01,,v2.0.0,HIGH
788,BQP_BCH_VT,Bộ Chỉ huy Quân sự Bà Rịa - Vũng Tàu,BQP,cap_su_doan_tinh,dvc_2018,2018-01-01,,v2.0.0,HIGH
789,BQP_BDBP_VT,Bộ Chỉ huy Bộ đội Biên phòng Bà Rịa - Vũng Tàu,BQP,cap_tinh_bien_phong,dvc_2018,2018-01-01,,v2.0.0,HIGH
790,BQP_BCH_TNI,Bộ Chỉ huy Quân sự Tây Ninh,BQP,cap_su_doan_tinh,dvc_2018,2018-01-01,,v2.0.0,HIGH
791,BQP_BDBP_TNI,Bộ Chỉ huy Bộ đội Biên phòng Tây Ninh,BQP,cap_tinh_bien_phong,dvc_2018,2018-01-01,,v2.0.0,HIGH
792,BQP_BCH_BPC,Bộ Chỉ huy Quân sự Bình Phước,BQP,cap_su_doan_tinh,dvc_2018,2018-01-01,,v2.0.0,HIGH
793,BQP_BCH_AGI,Bộ Chỉ huy Quân sự An Giang,BQP,cap_su_doan_tinh,dvc_2018,2018-01-01,,v2.0.0,HIGH
794,BQP_BDBP_AGI,Bộ Chỉ huy Bộ đội Biên phòng An Giang,BQP,cap_tinh_bien_phong,dvc_2018,2018-01-01,,v2.0.0,HIGH
795,BQP_BCH_KGI,Bộ Chỉ huy Quân sự Kiên Giang,BQP,cap_su_doan_tinh,dvc_2018,2018-01-01,,v2.0.0,HIGH
796,BQP_BDBP_KGI,Bộ Chỉ huy Bộ đội Biên phòng Kiên Giang,BQP,cap_tinh_bien_phong,dvc_2018,2018-01-01,,v2.0.0,HIGH
797,BQP_BCH_CM,Bộ Chỉ huy Quân sự Cà Mau,BQP,cap_su_doan_tinh,dvc_2018,2018-01-01,,v2.0.0,HIGH
798,BQP_BDBP_CM,Bộ Chỉ huy Bộ đội Biên phòng Cà Mau,BQP,cap_tinh_bien_phong,dvc_2018,2018-01-01,,v2.0.0,HIGH
799,BQP_BCH_HAG,Bộ Chỉ huy Quân sự Hậu Giang,BQP,cap_su_doan_tinh,dvc_2018,2018-01-01,,v2.0.0,HIGH
800,BQP_BDBP_HAG,Bộ Chỉ huy Bộ đội Biên phòng Hậu Giang,BQP,cap_tinh_bien_phong,dvc_2018,2018-01-01,,v2.0.0,HIGH
801,BQP_BCH_ST,Bộ Chỉ huy Quân sự Sóc Trăng,BQP,cap_su_doan_tinh,dvc_2018,2018-01-01,,v2.0.0,HIGH
802,BQP_BDBP_ST,Bộ Chỉ huy Bộ đội Biên phòng Sóc Trăng,BQP,cap_tinh_bien_phong,dvc_2018,2018-01-01,,v2.0.0,HIGH
803,BQP_BCH_BL,Bộ Chỉ huy Quân sự Bạc Liêu,BQP,cap_su_doan_tinh,dvc_2018,2018-01-01,,v2.0.0,HIGH
804,BQP_BDBP_BL,Bộ Chỉ huy Bộ đội Biên phòng Bạc Liêu,BQP,cap_tinh_bien_phong,dvc_2018,2018-01-01,,v2.0.0,HIGH
805,BQP_BCH_TV,Bộ Chỉ huy Quân sự Trà Vinh,BQP,cap_su_doan_tinh,dvc_2018,2018-01-01,,v2.0.0,HIGH
806,BQP_BDBP_TV,Bộ Chỉ huy Bộ đội Biên phòng Trà Vinh,BQP,cap_tinh_bien_phong,dvc_2018,2018-01-01,,v2.0.0,HIGH
807,BQP_BCH_VL,Bộ Chỉ huy Quân sự Vĩnh Long,BQP,cap_su_doan_tinh,dvc_2018,2018-01-01,,v2.0.0,HIGH
808,BQP_BDBP_VL,Bộ Chỉ huy Bộ đội Biên phòng Vĩnh Long,BQP,cap_tinh_bien_phong,dvc_2018,2018-01-01,,v2.0.0,HIGH
809,BQP_BCH_BT,Bộ Chỉ huy Quân sự Bến Tre,BQP,cap_su_doan_tinh,dvc_2018,2018-01-01,,v2.0.0,HIGH
810,BQP_BDBP_BT,Bộ Chỉ huy Bộ đội Biên phòng Bến Tre,BQP,cap_tinh_bien_phong,dvc_2018,2018-01-01,,v2.0.0,HIGH
811,BQP_BCH_TG,Bộ Chỉ huy Quân sự Tiền Giang,BQP,cap_su_doan_tinh,dvc_2018,2018-01-01,,v2.0.0,HIGH
812,BQP_BDBP_TG,Bộ Chỉ huy Bộ đội Biên phòng Tiền Giang,BQP,cap_tinh_bien_phong,dvc_2018,2018-01-01,,v2.0.0,HIGH
813,BQP_BCH_DT,Bộ Chỉ huy Quân sự Đồng Tháp,BQP,cap_su_doan_tinh,dvc_2018,2018-01-01,,v2.0.0,HIGH
814,BQP_BDBP_DT,Bộ Chỉ huy Bộ đội Biên phòng Đồng Tháp,BQP,cap_tinh_bien_phong,dvc_2018,2018-01-01,,v2.0.0,HIGH
815,BQP_BCH_LA,Bộ Chỉ huy Quân sự Long An,BQP,cap_su_doan_tinh,dvc_2018,2018-01-01,,v2.0.0,HIGH
816,BQP_BDBP_LA,Bộ Chỉ huy Bộ đội Biên phòng Long An,BQP,cap_tinh_bien_phong,dvc_2018,2018-01-01,,v2.0.0,HIGH
817,BQP_BCH_DLA,Bộ Chỉ huy Quân sự Đắk Lắk,BQP,cap_su_doan_tinh,dvc_2018,2018-01-01,,v2.0.0,HIGH
818,BQP_BCH_GLA,Bộ Chỉ huy Quân sự Gia Lai,BQP,cap_su_doan_tinh,dvc_2018,2018-01-01,,v2.0.0,HIGH
819,BQP_BCH_LD,Bộ Chỉ huy Quân sự Lâm Đồng,BQP,cap_su_doan_tinh,dvc_2018,2018-01-01,,v2.0.0,HIGH
820,BQP_BCH_KT,Bộ Chỉ huy Quân sự Kon Tum,BQP,cap_su_doan_tinh,dvc_2018,2018-01-01,,v2.0.0,HIGH
821,BQP_BCH_DNO,Bộ Chỉ huy Quân sự Đắk Nông,BQP,cap_su_doan_tinh,dvc_2018,2018-01-01,,v2.0.0,HIGH
822,BQP_BCH_KHA,Bộ Chỉ huy Quân sự Khánh Hòa,BQP,cap_su_doan_tinh,dvc_2018,2018-01-01,,v2.0.0,HIGH
823,BQP_BDBP_KHA,Bộ Chỉ huy Bộ đội Biên phòng Khánh Hòa,BQP,cap_tinh_bien_phong,dvc_2018,2018-01-01,,v2.0.0,HIGH
824,BQP_BCH_BTN,Bộ Chỉ huy Quân sự Bình Thuận,BQP,cap_su_doan_tinh,dvc_2018,2018-01-01,,v2.0.0,HIGH
825,BQP_BDBP_BTN,Bộ Chỉ huy Bộ đội Biên phòng Bình Thuận,BQP,cap_tinh_bien_phong,dvc_2018,2018-01-01,,v2.0.0,HIGH
826,BQP_BCH_NTN,Bộ Chỉ huy Quân sự Ninh Thuận,BQP,cap_su_doan_tinh,dvc_2018,2018-01-01,,v2.0.0,HIGH
827,BQP_BDBP_NTN,Bộ Chỉ huy Bộ đội Biên phòng Ninh Thuận,BQP,cap_tinh_bien_phong,dvc_2018,2018-01-01,,v2.0.0,HIGH
828,BQP_BCH_PY,Bộ Chỉ huy Quân sự Phú Yên,BQP,cap_su_doan_tinh,dvc_2018,2018-01-01,,v2.0.0,HIGH
829,BQP_BDBP_PY,Bộ Chỉ huy Bộ đội Biên phòng Phú Yên,BQP,cap_tinh_bien_phong,dvc_2018,2018-01-01,,v2.0.0,HIGH
830,BQP_BCH_BDH,Bộ Chỉ huy Quân sự Bình Định,BQP,cap_su_doan_tinh,dvc_2018,2018-01-01,,v2.0.0,HIGH
831,BQP_BDBP_BDH,Bộ Chỉ huy Bộ đội Biên phòng Bình Định,BQP,cap_tinh_bien_phong,dvc_2018,2018-01-01,,v2.0.0,HIGH
832,BQP_BCH_QNG,Bộ Chỉ huy Quân sự Quảng Ngãi,BQP,cap_su_doan_tinh,dvc_2018,2018-01-01,,v2.0.0,HIGH
833,BQP_BDBP_QNG,Bộ Chỉ huy Bộ đội Biên phòng Quảng Ngãi,BQP,cap_tinh_bien_phong,dvc_2018,2018-01-01,,v2.0.0,HIGH
834,BQP_BCH_QNA,Bộ Chỉ huy Quân sự Quảng Nam,BQP,cap_su_doan_tinh,dvc_2018,2018-01-01,,v2.0.0,HIGH
835,BQP_BDBP_QNA,Bộ Chỉ huy Bộ đội Biên phòng Quảng Nam,BQP,cap_tinh_bien_phong,dvc_2018,2018-01-01,,v2.0.0,HIGH
836,BQP_BCH_TTH,Bộ Chỉ huy Quân sự Thừa Thiên Huế,BQP,cap_su_doan_tinh,dvc_2018,2018-01-01,,v2.0.0,HIGH
837,BQP_BDBP_TTH,Bộ Chỉ huy Bộ đội Biên phòng Thừa Thiên Huế,BQP,cap_tinh_bien_phong,dvc_2018,2018-01-01,,v2.0.0,HIGH
838,BQP_BCH_QTR,Bộ Chỉ huy Quân sự Quảng Trị,BQP,cap_su_doan_tinh,dvc_2018,2018-01-01,,v2.0.0,HIGH
839,BQP_BDBP_QTR,Bộ Chỉ huy Bộ đội Biên phòng Quảng Trị,BQP,cap_tinh_bien_phong,dvc_2018,2018-01-01,,v2.0.0,HIGH
840,BQP_BCH_QBI,Bộ Chỉ huy Quân sự Quảng Bình,BQP,cap_su_doan_tinh,dvc_2018,2018-01-01,,v2.0.0,HIGH
841,BQP_BDBP_QBI,Bộ Chỉ huy Bộ đội Biên phòng Quảng Bình,BQP,cap_tinh_bien_phong,dvc_2018,2018-01-01,,v2.0.0,HIGH
842,BQP_BCH_HT,Bộ Chỉ huy Quân sự Hà Tĩnh,BQP,cap_su_doan_tinh,dvc_2018,2018-01-01,,v2.0.0,HIGH
843,BQP_BDBP_HT,Bộ Chỉ huy Bộ đội Biên phòng Hà Tĩnh,BQP,cap_tinh_bien_phong,dvc_2018,2018-01-01,,v2.0.0,HIGH
844,BQP_BCH_NA,Bộ Chỉ huy Quân sự Nghệ An,BQP,cap_su_doan_tinh,dvc_2018,2018-01-01,,v2.0.0,HIGH
845,BQP_BDBP_NA,Bộ Chỉ huy Bộ đội Biên phòng Nghệ An,BQP,cap_tinh_bien_phong,dvc_2018,2018-01-01,,v2.0.0,HIGH
846,BQP_BCH_TH,Bộ Chỉ huy Quân sự Thanh Hóa,BQP,cap_su_doan_tinh,dvc_2018,2018-01-01,,v2.0.0,HIGH
847,BQP_BDBP_TH,Bộ Chỉ huy Bộ đội Biên phòng Thanh Hóa,BQP,cap_tinh_bien_phong,dvc_2018,2018-01-01,,v2.0.0,HIGH
848,BQP_BCH_QNH,Bộ Chỉ huy Quân sự Quảng Ninh,BQP,cap_su_doan_tinh,dvc_2018,2018-01-01,,v2.0.0,HIGH
849,BQP_BDBP_QNH,Bộ Chỉ huy Bộ đội Biên phòng Quảng Ninh,BQP,cap_tinh_bien_phong,dvc_2018,2018-01-01,,v2.0.0,HIGH
850,BQP_BCH_HD,Bộ Chỉ huy Quân sự Hải Dương,BQP,cap_su_doan_tinh,dvc_2018,2018-01-01,,v2.0.0,HIGH
851,BQP_BCH_HY,Bộ Chỉ huy Quân sự Hưng Yên,BQP,cap_su_doan_tinh,dvc_2018,2018-01-01,,v2.0.0,HIGH
852,BQP_BCH_TBI,Bộ Chỉ huy Quân sự Thái Bình,BQP,cap_su_doan_tinh,dvc_2018,2018-01-01,,v2.0.0,HIGH
853,BQP_BCH_NDI,Bộ Chỉ huy Quân sự Nam Định,BQP,cap_su_doan_tinh,dvc_2018,2018-01-01,,v2.0.0,HIGH
854,BQP_BCH_HNA,Bộ Chỉ huy Quân sự Hà Nam,BQP,cap_su_doan_tinh,dvc_2018,2018-01-01,,v2.0.0,HIGH
855,BQP_BCH_NB,Bộ Chỉ huy Quân sự Ninh Bình,BQP,cap_su_doan_tinh,dvc_2018,2018-01-01,,v2.0.0,HIGH
856,BQP_BCH_VP,Bộ Chỉ huy Quân sự Vĩnh Phúc,BQP,cap_su_doan_tinh,dvc_2018,2018-01-01,,v2.0.0,HIGH
857,BQP_BCH_BNI,Bộ Chỉ huy Quân sự Bắc Ninh,BQP,cap_su_doan_tinh,dvc_2018,2018-01-01,,v2.0.0,HIGH
858,BQP_BCH_BGI,Bộ Chỉ huy Quân sự Bắc Giang,BQP,cap_su_doan_tinh,dvc_2018,2018-01-01,,v2.0.0,HIGH
859,BQP_BCH_PTH,Bộ Chỉ huy Quân sự Phú Thọ,BQP,cap_su_doan_tinh,dvc_2018,2018-01-01,,v2.0.0,HIGH
860,BQP_BCH_TNG,Bộ Chỉ huy Quân sự Thái Nguyên,BQP,cap_su_doan_tinh,dvc_2018,2018-01-01,,v2.0.0,HIGH
861,BQP_BCH_YBI,Bộ Chỉ huy Quân sự Yên Bái,BQP,cap_su_doan_tinh,dvc_2018,2018-01-01,,v2.0.0,HIGH
862,BQP_BCH_TQ,Bộ Chỉ huy Quân sự Tuyên Quang,BQP,cap_su_doan_tinh,dvc_2018,2018-01-01,,v2.0.0,HIGH
863,BQP_BCH_HGI,Bộ Chỉ huy Quân sự Hà Giang,BQP,cap_su_doan_tinh,dvc_2018,2018-01-01,,v2.0.0,HIGH
864,BQP_BDBP_HGI,Bộ Chỉ huy Bộ đội Biên phòng Hà Giang,BQP,cap_tinh_bien_phong,dvc_2018,2018-01-01,,v2.0.0,HIGH
865,BQP_BCH_CBG,Bộ Chỉ huy Quân sự Cao Bằng,BQP,cap_su_doan_tinh,dvc_2018,2018-01-01,,v2.0.0,HIGH
866,BQP_BDBP_CBG,Bộ Chỉ huy Bộ đội Biên phòng Cao Bằng,BQP,cap_tinh_bien_phong,dvc_2018,2018-01-01,,v2.0.0,HIGH
867,BQP_BCH_LSO,Bộ Chỉ huy Quân sự Lạng Sơn,BQP,cap_su_doan_tinh,dvc_2018,2018-01-01,,v2.0.0,HIGH
868,BQP_BDBP_LSO,Bộ Chỉ huy Bộ đội Biên phòng Lạng Sơn,BQP,cap_tinh_bien_phong,dvc_2018,2018-01-01,,v2.0.0,HIGH
869,BQP_BCH_BKN,Bộ Chỉ huy Quân sự Bắc Kạn,BQP,cap_su_doan_tinh,dvc_2018,2018-01-01,,v2.0.0,HIGH
870,BQP_BCH_SLA,Bộ Chỉ huy Quân sự Sơn La,BQP,cap_su_doan_tinh,dvc_2018,2018-01-01,,v2.0.0,HIGH
871,BQP_BCH_DB,Bộ Chỉ huy Quân sự Điện Biên,BQP,cap_su_doan_tinh,dvc_2018,2018-01-01,,v2.0.0,HIGH
872,BQP_BDBP_DB,Bộ Chỉ huy Bộ đội Biên phòng Điện Biên,BQP,cap_tinh_bien_phong,dvc_2018,2018-01-01,,v2.0.0,HIGH
873,BQP_BCH_LCH,Bộ Chỉ huy Quân sự Lai Châu,BQP,cap_su_doan_tinh,dvc_2018,2018-01-01,,v2.0.0,HIGH
874,BQP_BDBP_LCH,Bộ Chỉ huy Bộ đội Biên phòng Lai Châu,BQP,cap_tinh_bien_phong,dvc_2018,2018-01-01,,v2.0.0,HIGH
875,BQP_BCH_LCA,Bộ Chỉ huy Quân sự Lào Cai,BQP,cap_su_doan_tinh,dvc_2018,2018-01-01,,v2.0.0,HIGH
876,BQP_BDBP_LCA,Bộ Chỉ huy Bộ đội Biên phòng Lào Cai,BQP,cap_tinh_bien_phong,dvc_2018,2018-01-01,,v2.0.0,HIGH
877,BQP_BCH_HN_BDG,Ban Chỉ huy Quân sự Ba Đình - Hà Nội,BQP,cap_trung_tieu_doan,dvc_2018,2018-01-01,,v2.0.0,HIGH
878,BQP_BCH_HN_HK,Ban Chỉ huy Quân sự Hoàn Kiếm - Hà Nội,BQP,cap_trung_tieu_doan,dvc_2018,2018-01-01,,v2.0.0,HIGH
879,BQP_BCH_HN_CG,Ban Chỉ huy Quân sự Cầu Giấy - Hà Nội,BQP,cap_trung_tieu_doan,dvc_2018,2018-01-01,,v2.0.0,HIGH
880,BQP_BCH_HN_DD,Ban Chỉ huy Quân sự Đống Đa - Hà Nội,BQP,cap_trung_tieu_doan,dvc_2018,2018-01-01,,v2.0.0,HIGH
881,BQP_BCH_HN_TX,Ban Chỉ huy Quân sự Thanh Xuân - Hà Nội,BQP,cap_trung_tieu_doan,dvc_2018,2018-01-01,,v2.0.0,HIGH
882,BQP_BCH_HN_GL,Ban Chỉ huy Quân sự Gia Lâm - Hà Nội,BQP,cap_trung_tieu_doan,dvc_2018,2018-01-01,,v2.0.0,HIGH
883,BQP_BCH_HN_SOC,Ban Chỉ huy Quân sự Sóc Sơn - Hà Nội,BQP,cap_trung_tieu_doan,dvc_2018,2018-01-01,,v2.0.0,HIGH
884,BQP_BCH_HN_DDA,Ban Chỉ huy Quân sự Đông Anh - Hà Nội,BQP,cap_trung_tieu_doan,dvc_2018,2018-01-01,,v2.0.0,HIGH
885,BQP_BCH_HTAY_HDO,Ban Chỉ huy Quân sự Hà Đông - Hà Tây,BQP,cap_trung_tieu_doan,legacy_record_dvc,2018-01-01,2008-08-01,v2.0.0,MEDIUM
886,BQP_BCH_HTAY_ST,Ban Chỉ huy Quân sự Sơn Tây - Hà Tây,BQP,cap_trung_tieu_doan,legacy_record_dvc,2018-01-01,2008-08-01,v2.0.0,MEDIUM
887,BQP_BCH_HTAY_BV,Ban Chỉ huy Quân sự Ba Vì - Hà Tây,BQP,cap_trung_tieu_doan,legacy_record_dvc,2018-01-01,2008-08-01,v2.0.0,MEDIUM
888,BQP_BCH_HTAY_CT,Ban Chỉ huy Quân sự Chương Mỹ - Hà Tây,BQP,cap_trung_tieu_doan,legacy_record_dvc,2018-01-01,2008-08-01,v2.0.0,MEDIUM
889,BQP_BCH_HCM_Q1,Ban Chỉ huy Quân sự Quận 1 - Thành phố Hồ Chí Minh,BQP,cap_trung_tieu_doan,dvc_2018,2018-01-01,,v2.0.0,HIGH
890,BQP_BCH_HCM_Q3,Ban Chỉ huy Quân sự Quận 3 - Thành phố Hồ Chí Minh,BQP,cap_trung_tieu_doan,dvc_2018,2018-01-01,,v2.0.0,HIGH
891,BQP_BCH_HCM_Q7,Ban Chỉ huy Quân sự Quận 7 - Thành phố Hồ Chí Minh,BQP,cap_trung_tieu_doan,dvc_2018,2018-01-01,,v2.0.0,HIGH
892,BQP_BCH_HCM_BT,Ban Chỉ huy Quân sự Bình Thạnh - Thành phố Hồ Chí Minh,BQP,cap_trung_tieu_doan,dvc_2018,2018-01-01,,v2.0.0,HIGH
893,BQP_BCH_HCM_TB,Ban Chỉ huy Quân sự Tân Bình - Thành phố Hồ Chí Minh,BQP,cap_trung_tieu_doan,dvc_2018,2018-01-01,,v2.0.0,HIGH
894,BQP_BCH_HCM_GV,Ban Chỉ huy Quân sự Gò Vấp - Thành phố Hồ Chí Minh,BQP,cap_trung_tieu_doan,dvc_2018,2018-01-01,,v2.0.0,HIGH
895,BQP_BCH_HCM_BC,Ban Chỉ huy Quân sự Bình Chánh - Thành phố Hồ Chí Minh,BQP,cap_trung_tieu_doan,dvc_2018,2018-01-01,,v2.0.0,HIGH
896,BQP_BCH_HCM_HM,Ban Chỉ huy Quân sự Hóc Môn - Thành phố Hồ Chí Minh,BQP,cap_trung_tieu_doan,dvc_2018,2018-01-01,,v2.0.0,HIGH
897,BQP_BCH_DN_HC,Ban Chỉ huy Quân sự Hải Châu - Đà Nẵng,BQP,cap_trung_tieu_doan,dvc_2018,2018-01-01,,v2.0.0,HIGH
898,BQP_BCH_DN_TK,Ban Chỉ huy Quân sự Thanh Khê - Đà Nẵng,BQP,cap_trung_tieu_doan,dvc_2018,2018-01-01,,v2.0.0,HIGH
899,BQP_BCH_DN_NHS,Ban Chỉ huy Quân sự Ngũ Hành Sơn - Đà Nẵng,BQP,cap_trung_tieu_doan,dvc_2018,2018-01-01,,v2.0.0,HIGH
900,BQP_BCH_DN_CL,Ban Chỉ huy Quân sự Cẩm Lệ - Đà Nẵng,BQP,cap_trung_tieu_doan,dvc_2018,2018-01-01,,v2.0.0,HIGH
901,BQP_BCH_HP_HB,Ban Chỉ huy Quân sự Hồng Bàng - Hải Phòng,BQP,cap_trung_tieu_doan,dvc_2018,2018-01-01,,v2.0.0,HIGH
902,BQP_BCH_HP_NG,Ban Chỉ huy Quân sự Ngô Quyền - Hải Phòng,BQP,cap_trung_tieu_doan,dvc_2018,2018-01-01,,v2.0.0,HIGH
903,BQP_BCH_HP_LC,Ban Chỉ huy Quân sự Lê Chân - Hải Phòng,BQP,cap_trung_tieu_doan,dvc_2018,2018-01-01,,v2.0.0,HIGH
904,BQP_BCH_HP_AD,Ban Chỉ huy Quân sự An Dương - Hải Phòng,BQP,cap_trung_tieu_doan,dvc_2018,2018-01-01,,v2.0.0,HIGH
905,BQP_BCH_DNAI_BH,Ban Chỉ huy Quân sự Biên Hòa - Đồng Nai,BQP,cap_trung_tieu_doan,dvc_2018,2018-01-01,,v2.0.0,HIGH
906,BQP_BCH_DNAI_LK,Ban Chỉ huy Quân sự Long Khánh - Đồng Nai,BQP,cap_trung_tieu_doan,dvc_2018,2018-01-01,,v2.0.0,HIGH
907,BQP_BCH_DNAI_LT,Ban Chỉ huy Quân sự Long Thành - Đồng Nai,BQP,cap_trung_tieu_doan,dvc_2018,2018-01-01,,v2.0.0,HIGH
908,BQP_BCH_DNAI_TRB,Ban Chỉ huy Quân sự Trảng Bom - Đồng Nai,BQP,cap_trung_tieu_doan,dvc_2018,2018-01-01,,v2.0.0,HIGH
909,BQP_BCH_BD_TDM,Ban Chỉ huy Quân sự Thủ Dầu Một - Bình Dương,BQP,cap_trung_tieu_doan,dvc_2018,2018-01-01,,v2.0.0,HIGH
910,BQP_BCH_BD_DA,Ban Chỉ huy Quân sự Dĩ An - Bình Dương,BQP,cap_trung_tieu_doan,dvc_2018,2018-01-01,,v2.0.0,HIGH
911,BQP_BCH_BD_TA,Ban Chỉ huy Quân sự Thuận An - Bình Dương,BQP,cap_trung_tieu_doan,dvc_2018,2018-01-01,,v2.0.0,HIGH
912,BQP_BCH_BD_BCT,Ban Chỉ huy Quân sự Bến Cát - Bình Dương,BQP,cap_trung_tieu_doan,dvc_2018,2018-01-01,,v2.0.0,HIGH
913,OTH_BHXH_VN,Bảo hiểm Xã hội Việt Nam,OTHER,tinh_dan_su,catalog_2018,2018-01-01,,v2.0.0,HIGH
914,OTH_TCHQ_VN,Tổng cục Hải quan,OTHER,trung_uong_dan_su,catalog_2018,2018-01-01,,v2.0.0,HIGH
915,OTH_TCT_VN,Tổng cục Thuế,OTHER,trung_uong_dan_su,catalog_2018,2018-01-01,,v2.0.0,HIGH
916,OTH_KBNN_VN,Kho bạc Nhà nước,OTHER,trung_uong_dan_su,catalog_2018,2018-01-01,,v2.0.0,HIGH
917,OTH_TANDTC,Tòa án nhân dân tối cao,OTHER,trung_uong_dan_su,catalog_2018,2018-01-01,,v2.0.0,HIGH
918,OTH_VKSNDTC,Viện kiểm sát nhân dân tối cao,OTHER,trung_uong_dan_su,catalog_2018,2018-01-01,,v2.0.0,MEDIUM
919,OTH_BV_BM,Bệnh viện Bạch Mai,OTHER,benh_vien_dan_su,catalog_2018,2018-01-01,,v2.0.0,MEDIUM
920,OTH_BV_CR,Bệnh viện Chợ Rẫy,OTHER,benh_vien_dan_su,catalog_2018,2018-01-01,,v2.0.0,MEDIUM
921,OTH_BV_K,Bệnh viện K,OTHER,benh_vien_dan_su,catalog_2018,2018-01-01,,v2.0.0,MEDIUM
922,OTH_DH_BKHN,Đại học Bách khoa Hà Nội,OTHER,truong_dan_su,catalog_2018,2018-01-01,,v2.0.0,HIGH
923,OTH_DH_QGHN,Đại học Quốc gia Hà Nội,OTHER,truong_dan_su,catalog_2018,2018-01-01,,v2.0.0,HIGH
924,OTH_DH_QGHCM,Đại học Quốc gia Thành phố Hồ Chí Minh,OTHER,truong_dan_su,catalog_2018,2018-01-01,,v2.0.0,HIGH
925,OTH_UBND_HN,Ủy ban nhân dân Hà Nội,OTHER,tinh_dan_su,dvc_2018,2018-01-01,,v2.0.0,HIGH
926,OTH_BHXH_HN,Bảo hiểm Xã hội Hà Nội,OTHER,tinh_dan_su,dvc_2018,2018-01-01,,v2.0.0,HIGH
927,OTH_SYT_HN,Sở Y tế Hà Nội,OTHER,tinh_dan_su,dvc_2018,2018-01-01,,v2.0.0,HIGH
928,OTH_SGD_HN,Sở Giáo dục và Đào tạo Hà Nội,OTHER,tinh_dan_su,dvc_2018,2018-01-01,,v2.0.0,HIGH
929,OTH_STC_HN,Sở Tài chính Hà Nội,OTHER,tinh_dan_su,dvc_2018,2018-01-01,,v2.0.0,HIGH
930,OTH_STP_HN,Sở Tư pháp Hà Nội,OTHER,other_dan_su,dvc_2018,2018-01-01,,v2.0.0,HIGH
931,OTH_SKH_HN,Sở Kế hoạch và Đầu tư Hà Nội,OTHER,other_dan_su,dvc_2018,2018-01-01,,v2.0.0,HIGH
932,OTH_SXD_HN,Sở Xây dựng Hà Nội,OTHER,other_dan_su,dvc_2018,2018-01-01,,v2.0.0,HIGH
933,OTH_STNMT_HN,Sở Tài nguyên và Môi trường Hà Nội,OTHER,truong_dan_su,dvc_2018,2018-01-01,,v2.0.0,HIGH
934,OTH_SNV_HN,Sở Nội vụ Hà Nội,OTHER,other_dan_su,dvc_2018,2018-01-01,,v2.0.0,HIGH
935,OTH_UBND_HTAY,Ủy ban nhân dân Hà Tây,OTHER,tinh_dan_su,legacy_record_dvc,2018-01-01,2008-08-01,v2.0.0,MEDIUM
936,OTH_BHXH_HTAY,Bảo hiểm Xã hội Hà Tây,OTHER,tinh_dan_su,legacy_record_dvc,2018-01-01,2008-08-01,v2.0.0,MEDIUM
937,OTH_SYT_HTAY,Sở Y tế Hà Tây,OTHER,tinh_dan_su,legacy_record_dvc,2018-01-01,2008-08-01,v2.0.0,MEDIUM
938,OTH_SGD_HTAY,Sở Giáo dục và Đào tạo Hà Tây,OTHER,tinh_dan_su,legacy_record_dvc,2018-01-01,2008-08-01,v2.0.0,MEDIUM
939,OTH_STC_HTAY,Sở Tài chính Hà Tây,OTHER,tinh_dan_su,legacy_record_dvc,2018-01-01,2008-08-01,v2.0.0,MEDIUM
940,OTH_STP_HTAY,Sở Tư pháp Hà Tây,OTHER,other_dan_su,legacy_record_dvc,2018-01-01,2008-08-01,v2.0.0,MEDIUM
941,OTH_SKH_HTAY,Sở Kế hoạch và Đầu tư Hà Tây,OTHER,other_dan_su,legacy_record_dvc,2018-01-01,2008-08-01,v2.0.0,MEDIUM
942,OTH_SXD_HTAY,Sở Xây dựng Hà Tây,OTHER,other_dan_su,legacy_record_dvc,2018-01-01,2008-08-01,v2.0.0,MEDIUM
943,OTH_STNMT_HTAY,Sở Tài nguyên và Môi trường Hà Tây,OTHER,truong_dan_su,legacy_record_dvc,2018-01-01,2008-08-01,v2.0.0,MEDIUM
944,OTH_SNV_HTAY,Sở Nội vụ Hà Tây,OTHER,other_dan_su,legacy_record_dvc,2018-01-01,2008-08-01,v2.0.0,MEDIUM
945,OTH_UBND_HCM,Ủy ban nhân dân Thành phố Hồ Chí Minh,OTHER,tinh_dan_su,dvc_2018,2018-01-01,,v2.0.0,HIGH
946,OTH_BHXH_HCM,Bảo hiểm Xã hội Thành phố Hồ Chí Minh,OTHER,tinh_dan_su,dvc_2018,2018-01-01,,v2.0.0,HIGH
947,OTH_SYT_HCM,Sở Y tế Thành phố Hồ Chí Minh,OTHER,tinh_dan_su,dvc_2018,2018-01-01,,v2.0.0,HIGH
948,OTH_SGD_HCM,Sở Giáo dục và Đào tạo Thành phố Hồ Chí Minh,OTHER,tinh_dan_su,dvc_2018,2018-01-01,,v2.0.0,HIGH
949,OTH_STC_HCM,Sở Tài chính Thành phố Hồ Chí Minh,OTHER,tinh_dan_su,dvc_2018,2018-01-01,,v2.0.0,HIGH
950,OTH_STP_HCM,Sở Tư pháp Thành phố Hồ Chí Minh,OTHER,other_dan_su,dvc_2018,2018-01-01,,v2.0.0,HIGH
951,OTH_SKH_HCM,Sở Kế hoạch và Đầu tư Thành phố Hồ Chí Minh,OTHER,other_dan_su,dvc_2018,2018-01-01,,v2.0.0,HIGH
952,OTH_SXD_HCM,Sở Xây dựng Thành phố Hồ Chí Minh,OTHER,other_dan_su,dvc_2018,2018-01-01,,v2.0.0,HIGH
953,OTH_STNMT_HCM,Sở Tài nguyên và Môi trường Thành phố Hồ Chí Minh,OTHER,truong_dan_su,dvc_2018,2018-01-01,,v2.0.0,HIGH
954,OTH_SNV_HCM,Sở Nội vụ Thành phố Hồ Chí Minh,OTHER,other_dan_su,dvc_2018,2018-01-01,,v2.0.0,HIGH
955,OTH_UBND_DN,Ủy ban nhân dân Đà Nẵng,OTHER,tinh_dan_su,dvc_2018,2018-01-01,,v2.0.0,HIGH
956,OTH_BHXH_DN,Bảo hiểm Xã hội Đà Nẵng,OTHER,tinh_dan_su,dvc_2018,2018-01-01,,v2.0.0,HIGH
957,OTH_SYT_DN,Sở Y tế Đà Nẵng,OTHER,tinh_dan_su,dvc_2018,2018-01-01,,v2.0.0,HIGH
958,OTH_SGD_DN,Sở Giáo dục và Đào tạo Đà Nẵng,OTHER,tinh_dan_su,dvc_2018,2018-01-01,,v2.0.0,HIGH
959,OTH_STC_DN,Sở Tài chính Đà Nẵng,OTHER,tinh_dan_su,dvc_2018,2018-01-01,,v2.0.0,HIGH
960,OTH_STP_DN,Sở Tư pháp Đà Nẵng,OTHER,other_dan_su,dvc_2018,2018-01-01,,v2.0.0,HIGH
961,OTH_SKH_DN,Sở Kế hoạch và Đầu tư Đà Nẵng,OTHER,other_dan_su,dvc_2018,2018-01-01,,v2.0.0,HIGH
962,OTH_SXD_DN,Sở Xây dựng Đà Nẵng,OTHER,other_dan_su,dvc_2018,2018-01-01,,v2.0.0,HIGH
963,OTH_STNMT_DN,Sở Tài nguyên và Môi trường Đà Nẵng,OTHER,truong_dan_su,dvc_2018,2018-01-01,,v2.0.0,HIGH
964,OTH_SNV_DN,Sở Nội vụ Đà Nẵng,OTHER,other_dan_su,dvc_2018,2018-01-01,,v2.0.0,HIGH
965,OTH_UBND_HP,Ủy ban nhân dân Hải Phòng,OTHER,tinh_dan_su,dvc_2018,2018-01-01,,v2.0.0,HIGH
966,OTH_BHXH_HP,Bảo hiểm Xã hội Hải Phòng,OTHER,tinh_dan_su,dvc_2018,2018-01-01,,v2.0.0,HIGH
967,OTH_SYT_HP,Sở Y tế Hải Phòng,OTHER,tinh_dan_su,dvc_2018,2018-01-01,,v2.0.0,HIGH
968,OTH_SGD_HP,Sở Giáo dục và Đào tạo Hải Phòng,OTHER,tinh_dan_su,dvc_2018,2018-01-01,,v2.0.0,HIGH
969,OTH_STC_HP,Sở Tài chính Hải Phòng,OTHER,tinh_dan_su,dvc_2018,2018-01-01,,v2.0.0,HIGH
970,OTH_STP_HP,Sở Tư pháp Hải Phòng,OTHER,other_dan_su,dvc_2018,2018-01-01,,v2.0.0,HIGH
971,OTH_SKH_HP,Sở Kế hoạch và Đầu tư Hải Phòng,OTHER,other_dan_su,dvc_2018,2018-01-01,,v2.0.0,HIGH
972,OTH_SXD_HP,Sở Xây dựng Hải Phòng,OTHER,other_dan_su,dvc_2018,2018-01-01,,v2.0.0,HIGH
973,OTH_STNMT_HP,Sở Tài nguyên và Môi trường Hải Phòng,OTHER,truong_dan_su,dvc_2018,2018-01-01,,v2.0.0,HIGH
974,OTH_SNV_HP,Sở Nội vụ Hải Phòng,OTHER,other_dan_su,dvc_2018,2018-01-01,,v2.0.0,HIGH
975,OTH_UBND_CT,Ủy ban nhân dân Cần Thơ,OTHER,tinh_dan_su,dvc_2018,2018-01-01,,v2.0.0,HIGH
976,OTH_BHXH_CT,Bảo hiểm Xã hội Cần Thơ,OTHER,tinh_dan_su,dvc_2018,2018-01-01,,v2.0.0,HIGH
977,OTH_SYT_CT,Sở Y tế Cần Thơ,OTHER,tinh_dan_su,dvc_2018,2018-01-01,,v2.0.0,HIGH
978,OTH_SGD_CT,Sở Giáo dục và Đào tạo Cần Thơ,OTHER,tinh_dan_su,dvc_2018,2018-01-01,,v2.0.0,HIGH
979,OTH_STC_CT,Sở Tài chính Cần Thơ,OTHER,tinh_dan_su,dvc_2018,2018-01-01,,v2.0.0,HIGH
980,OTH_STP_CT,Sở Tư pháp Cần Thơ,OTHER,other_dan_su,dvc_2018,2018-01-01,,v2.0.0,HIGH
981,OTH_SKH_CT,Sở Kế hoạch và Đầu tư Cần Thơ,OTHER,other_dan_su,dvc_2018,2018-01-01,,v2.0.0,HIGH
982,OTH_SXD_CT,Sở Xây dựng Cần Thơ,OTHER,other_dan_su,dvc_2018,2018-01-01,,v2.0.0,HIGH
983,OTH_STNMT_CT,Sở Tài nguyên và Môi trường Cần Thơ,OTHER,truong_dan_su,dvc_2018,2018-01-01,,v2.0.0,HIGH
984,OTH_SNV_CT,Sở Nội vụ Cần Thơ,OTHER,other_dan_su,dvc_2018,2018-01-01,,v2.0.0,HIGH
985,OTH_UBND_DNAI,Ủy ban nhân dân Đồng Nai,OTHER,tinh_dan_su,dvc_2018,2018-01-01,,v2.0.0,HIGH
986,OTH_BHXH_DNAI,Bảo hiểm Xã hội Đồng Nai,OTHER,tinh_dan_su,dvc_2018,2018-01-01,,v2.0.0,HIGH
987,OTH_SYT_DNAI,Sở Y tế Đồng Nai,OTHER,tinh_dan_su,dvc_2018,2018-01-01,,v2.0.0,HIGH
988,OTH_SGD_DNAI,Sở Giáo dục và Đào tạo Đồng Nai,OTHER,tinh_dan_su,dvc_2018,2018-01-01,,v2.0.0,HIGH
989,OTH_STC_DNAI,Sở Tài chính Đồng Nai,OTHER,tinh_dan_su,dvc_2018,2018-01-01,,v2.0.0,HIGH
990,OTH_STP_DNAI,Sở Tư pháp Đồng Nai,OTHER,other_dan_su,dvc_2018,2018-01-01,,v2.0.0,HIGH
991,OTH_SKH_DNAI,Sở Kế hoạch và Đầu tư Đồng Nai,OTHER,other_dan_su,dvc_2018,2018-01-01,,v2.0.0,HIGH
992,OTH_SXD_DNAI,Sở Xây dựng Đồng Nai,OTHER,other_dan_su,dvc_2018,2018-01-01,,v2.0.0,HIGH
993,OTH_STNMT_DNAI,Sở Tài nguyên và Môi trường Đồng Nai,OTHER,truong_dan_su,dvc_2018,2018-01-01,,v2.0.0,HIGH
994,OTH_SNV_DNAI,Sở Nội vụ Đồng Nai,OTHER,other_dan_su,dvc_2018,2018-01-01,,v2.0.0,HIGH
995,OTH_UBND_BD,Ủy ban nhân dân Bình Dương,OTHER,tinh_dan_su,dvc_2018,2018-01-01,,v2.0.0,HIGH
996,OTH_BHXH_BD,Bảo hiểm Xã hội Bình Dương,OTHER,tinh_dan_su,dvc_2018,2018-01-01,,v2.0.0,HIGH
997,OTH_SYT_BD,Sở Y tế Bình Dương,OTHER,tinh_dan_su,dvc_2018,2018-01-01,,v2.0.0,HIGH
998,OTH_SGD_BD,Sở Giáo dục và Đào tạo Bình Dương,OTHER,tinh_dan_su,dvc_2018,2018-01-01,,v2.0.0,HIGH
999,OTH_STC_BD,Sở Tài chính Bình Dương,OTHER,tinh_dan_su,dvc_2018,2018-01-01,,v2.0.0,HIGH
1000,OTH_STP_BD,Sở Tư pháp Bình Dương,OTHER,other_dan_su,dvc_2018,2018-01-01,,v2.0.0,HIGH
1001,OTH_SKH_BD,Sở Kế hoạch và Đầu tư Bình Dương,OTHER,other_dan_su,dvc_2018,2018-01-01,,v2.0.0,HIGH
1002,OTH_SXD_BD,Sở Xây dựng Bình Dương,OTHER,other_dan_su,dvc_2018,2018-01-01,,v2.0.0,HIGH
1003,OTH_STNMT_BD,Sở Tài nguyên và Môi trường Bình Dương,OTHER,truong_dan_su,dvc_2018,2018-01-01,,v2.0.0,HIGH
1004,OTH_SNV_BD,Sở Nội vụ Bình Dương,OTHER,other_dan_su,dvc_2018,2018-01-01,,v2.0.0,HIGH
1005,OTH_UBND_VT,Ủy ban nhân dân Bà Rịa - Vũng Tàu,OTHER,tinh_dan_su,dvc_2018,2018-01-01,,v2.0.0,HIGH
1006,OTH_BHXH_VT,Bảo hiểm Xã hội Bà Rịa - Vũng Tàu,OTHER,tinh_dan_su,dvc_2018,2018-01-01,,v2.0.0,HIGH
1007,OTH_SYT_VT,Sở Y tế Bà Rịa - Vũng Tàu,OTHER,tinh_dan_su,dvc_2018,2018-01-01,,v2.0.0,HIGH
1008,OTH_SGD_VT,Sở Giáo dục và Đào tạo Bà Rịa - Vũng Tàu,OTHER,tinh_dan_su,dvc_2018,2018-01-01,,v2.0.0,HIGH
1009,OTH_STC_VT,Sở Tài chính Bà Rịa - Vũng Tàu,OTHER,tinh_dan_su,dvc_2018,2018-01-01,,v2.0.0,HIGH
1010,OTH_STP_VT,Sở Tư pháp Bà Rịa - Vũng Tàu,OTHER,other_dan_su,dvc_2018,2018-01-01,,v2.0.0,HIGH
1011,OTH_SKH_VT,Sở Kế hoạch và Đầu tư Bà Rịa - Vũng Tàu,OTHER,other_dan_su,dvc_2018,2018-01-01,,v2.0.0,HIGH
1012,OTH_SXD_VT,Sở Xây dựng Bà Rịa - Vũng Tàu,OTHER,other_dan_su,dvc_2018,2018-01-01,,v2.0.0,HIGH
1013,OTH_STNMT_VT,Sở Tài nguyên và Môi trường Bà Rịa - Vũng Tàu,OTHER,truong_dan_su,dvc_2018,2018-01-01,,v2.0.0,HIGH
1014,OTH_SNV_VT,Sở Nội vụ Bà Rịa - Vũng Tàu,OTHER,other_dan_su,dvc_2018,2018-01-01,,v2.0.0,HIGH
1015,OTH_UBND_TNI,Ủy ban nhân dân Tây Ninh,OTHER,tinh_dan_su,dvc_2018,2018-01-01,,v2.0.0,HIGH
1016,OTH_BHXH_TNI,Bảo hiểm Xã hội Tây Ninh,OTHER,tinh_dan_su,dvc_2018,2018-01-01,,v2.0.0,HIGH
1017,OTH_SYT_TNI,Sở Y tế Tây Ninh,OTHER,tinh_dan_su,dvc_2018,2018-01-01,,v2.0.0,HIGH
1018,OTH_SGD_TNI,Sở Giáo dục và Đào tạo Tây Ninh,OTHER,tinh_dan_su,dvc_2018,2018-01-01,,v2.0.0,HIGH
1019,OTH_STC_TNI,Sở Tài chính Tây Ninh,OTHER,tinh_dan_su,dvc_2018,2018-01-01,,v2.0.0,HIGH
1020,OTH_STP_TNI,Sở Tư pháp Tây Ninh,OTHER,other_dan_su,dvc_2018,2018-01-01,,v2.0.0,HIGH
1021,OTH_SKH_TNI,Sở Kế hoạch và Đầu tư Tây Ninh,OTHER,other_dan_su,dvc_2018,2018-01-01,,v2.0.0,HIGH
1022,OTH_SXD_TNI,Sở Xây dựng Tây Ninh,OTHER,other_dan_su,dvc_2018,2018-01-01,,v2.0.0,HIGH
1023,OTH_STNMT_TNI,Sở Tài nguyên và Môi trường Tây Ninh,OTHER,truong_dan_su,dvc_2018,2018-01-01,,v2.0.0,HIGH
1024,OTH_SNV_TNI,Sở Nội vụ Tây Ninh,OTHER,other_dan_su,dvc_2018,2018-01-01,,v2.0.0,HIGH
1025,OTH_UBND_BPC,Ủy ban nhân dân Bình Phước,OTHER,tinh_dan_su,dvc_2018,2018-01-01,,v2.0.0,HIGH
1026,OTH_BHXH_BPC,Bảo hiểm Xã hội Bình Phước,OTHER,tinh_dan_su,dvc_2018,2018-01-01,,v2.0.0,HIGH
1027,OTH_SYT_BPC,Sở Y tế Bình Phước,OTHER,tinh_dan_su,dvc_2018,2018-01-01,,v2.0.0,HIGH
1028,OTH_SGD_BPC,Sở Giáo dục và Đào tạo Bình Phước,OTHER,tinh_dan_su,dvc_2018,2018-01-01,,v2.0.0,HIGH
1029,OTH_STC_BPC,Sở Tài chính Bình Phước,OTHER,tinh_dan_su,dvc_2018,2018-01-01,,v2.0.0,HIGH
1030,OTH_STP_BPC,Sở Tư pháp Bình Phước,OTHER,other_dan_su,dvc_2018,2018-01-01,,v2.0.0,HIGH
1031,OTH_SKH_BPC,Sở Kế hoạch và Đầu tư Bình Phước,OTHER,other_dan_su,dvc_2018,2018-01-01,,v2.0.0,HIGH
1032,OTH_SXD_BPC,Sở Xây dựng Bình Phước,OTHER,other_dan_su,dvc_2018,2018-01-01,,v2.0.0,HIGH
1033,OTH_STNMT_BPC,Sở Tài nguyên và Môi trường Bình Phước,OTHER,truong_dan_su,dvc_2018,2018-01-01,,v2.0.0,HIGH
1034,OTH_SNV_BPC,Sở Nội vụ Bình Phước,OTHER,other_dan_su,dvc_2018,2018-01-01,,v2.0.0,HIGH
1035,OTH_UBND_AGI,Ủy ban nhân dân An Giang,OTHER,tinh_dan_su,dvc_2018,2018-01-01,,v2.0.0,HIGH
1036,OTH_BHXH_AGI,Bảo hiểm Xã hội An Giang,OTHER,tinh_dan_su,dvc_2018,2018-01-01,,v2.0.0,HIGH
1037,OTH_SYT_AGI,Sở Y tế An Giang,OTHER,tinh_dan_su,dvc_2018,2018-01-01,,v2.0.0,HIGH
1038,OTH_SGD_AGI,Sở Giáo dục và Đào tạo An Giang,OTHER,tinh_dan_su,dvc_2018,2018-01-01,,v2.0.0,HIGH
1039,OTH_STC_AGI,Sở Tài chính An Giang,OTHER,tinh_dan_su,dvc_2018,2018-01-01,,v2.0.0,HIGH
1040,OTH_STP_AGI,Sở Tư pháp An Giang,OTHER,other_dan_su,dvc_2018,2018-01-01,,v2.0.0,HIGH
1041,OTH_SKH_AGI,Sở Kế hoạch và Đầu tư An Giang,OTHER,other_dan_su,dvc_2018,2018-01-01,,v2.0.0,HIGH
1042,OTH_SXD_AGI,Sở Xây dựng An Giang,OTHER,other_dan_su,dvc_2018,2018-01-01,,v2.0.0,HIGH
1043,OTH_STNMT_AGI,Sở Tài nguyên và Môi trường An Giang,OTHER,truong_dan_su,dvc_2018,2018-01-01,,v2.0.0,HIGH
1044,OTH_SNV_AGI,Sở Nội vụ An Giang,OTHER,other_dan_su,dvc_2018,2018-01-01,,v2.0.0,HIGH
1045,OTH_UBND_KGI,Ủy ban nhân dân Kiên Giang,OTHER,tinh_dan_su,dvc_2018,2018-01-01,,v2.0.0,HIGH
1046,OTH_BHXH_KGI,Bảo hiểm Xã hội Kiên Giang,OTHER,tinh_dan_su,dvc_2018,2018-01-01,,v2.0.0,HIGH
1047,OTH_SYT_KGI,Sở Y tế Kiên Giang,OTHER,tinh_dan_su,dvc_2018,2018-01-01,,v2.0.0,HIGH
1048,OTH_SGD_KGI,Sở Giáo dục và Đào tạo Kiên Giang,OTHER,tinh_dan_su,dvc_2018,2018-01-01,,v2.0.0,HIGH
1049,OTH_STC_KGI,Sở Tài chính Kiên Giang,OTHER,tinh_dan_su,dvc_2018,2018-01-01,,v2.0.0,HIGH
1050,OTH_STP_KGI,Sở Tư pháp Kiên Giang,OTHER,other_dan_su,dvc_2018,2018-01-01,,v2.0.0,HIGH
1051,OTH_SKH_KGI,Sở Kế hoạch và Đầu tư Kiên Giang,OTHER,other_dan_su,dvc_2018,2018-01-01,,v2.0.0,HIGH
1052,OTH_SXD_KGI,Sở Xây dựng Kiên Giang,OTHER,other_dan_su,dvc_2018,2018-01-01,,v2.0.0,HIGH
1053,OTH_STNMT_KGI,Sở Tài nguyên và Môi trường Kiên Giang,OTHER,truong_dan_su,dvc_2018,2018-01-01,,v2.0.0,HIGH
1054,OTH_SNV_KGI,Sở Nội vụ Kiên Giang,OTHER,other_dan_su,dvc_2018,2018-01-01,,v2.0.0,HIGH
1055,OTH_UBND_CM,Ủy ban nhân dân Cà Mau,OTHER,tinh_dan_su,dvc_2018,2018-01-01,,v2.0.0,HIGH
1056,OTH_BHXH_CM,Bảo hiểm Xã hội Cà Mau,OTHER,tinh_dan_su,dvc_2018,2018-01-01,,v2.0.0,HIGH
1057,OTH_SYT_CM,Sở Y tế Cà Mau,OTHER,tinh_dan_su,dvc_2018,2018-01-01,,v2.0.0,HIGH
1058,OTH_SGD_CM,Sở Giáo dục và Đào tạo Cà Mau,OTHER,tinh_dan_su,dvc_2018,2018-01-01,,v2.0.0,HIGH
1059,OTH_STC_CM,Sở Tài chính Cà Mau,OTHER,tinh_dan_su,dvc_2018,2018-01-01,,v2.0.0,HIGH
1060,OTH_STP_CM,Sở Tư pháp Cà Mau,OTHER,other_dan_su,dvc_2018,2018-01-01,,v2.0.0,HIGH
1061,OTH_SKH_CM,Sở Kế hoạch và Đầu tư Cà Mau,OTHER,other_dan_su,dvc_2018,2018-01-01,,v2.0.0,HIGH
1062,OTH_SXD_CM,Sở Xây dựng Cà Mau,OTHER,other_dan_su,dvc_2018,2018-01-01,,v2.0.0,HIGH
1063,OTH_STNMT_CM,Sở Tài nguyên và Môi trường Cà Mau,OTHER,truong_dan_su,dvc_2018,2018-01-01,,v2.0.0,HIGH
1064,OTH_SNV_CM,Sở Nội vụ Cà Mau,OTHER,other_dan_su,dvc_2018,2018-01-01,,v2.0.0,HIGH
1065,OTH_UBND_HAG,Ủy ban nhân dân Hậu Giang,OTHER,tinh_dan_su,dvc_2018,2018-01-01,,v2.0.0,HIGH
1066,OTH_BHXH_HAG,Bảo hiểm Xã hội Hậu Giang,OTHER,tinh_dan_su,dvc_2018,2018-01-01,,v2.0.0,HIGH
1067,OTH_SYT_HAG,Sở Y tế Hậu Giang,OTHER,tinh_dan_su,dvc_2018,2018-01-01,,v2.0.0,HIGH
1068,OTH_SGD_HAG,Sở Giáo dục và Đào tạo Hậu Giang,OTHER,tinh_dan_su,dvc_2018,2018-01-01,,v2.0.0,HIGH
1069,OTH_STC_HAG,Sở Tài chính Hậu Giang,OTHER,tinh_dan_su,dvc_2018,2018-01-01,,v2.0.0,HIGH
1070,OTH_STP_HAG,Sở Tư pháp Hậu Giang,OTHER,other_dan_su,dvc_2018,2018-01-01,,v2.0.0,HIGH
1071,OTH_SKH_HAG,Sở Kế hoạch và Đầu tư Hậu Giang,OTHER,other_dan_su,dvc_2018,2018-01-01,,v2.0.0,HIGH
1072,OTH_SXD_HAG,Sở Xây dựng Hậu Giang,OTHER,other_dan_su,dvc_2018,2018-01-01,,v2.0.0,HIGH
1073,OTH_STNMT_HAG,Sở Tài nguyên và Môi trường Hậu Giang,OTHER,truong_dan_su,dvc_2018,2018-01-01,,v2.0.0,HIGH
1074,OTH_SNV_HAG,Sở Nội vụ Hậu Giang,OTHER,other_dan_su,dvc_2018,2018-01-01,,v2.0.0,HIGH
1075,OTH_UBND_ST,Ủy ban nhân dân Sóc Trăng,OTHER,tinh_dan_su,dvc_2018,2018-01-01,,v2.0.0,HIGH
1076,OTH_BHXH_ST,Bảo hiểm Xã hội Sóc Trăng,OTHER,tinh_dan_su,dvc_2018,2018-01-01,,v2.0.0,HIGH
1077,OTH_SYT_ST,Sở Y tế Sóc Trăng,OTHER,tinh_dan_su,dvc_2018,2018-01-01,,v2.0.0,HIGH
1078,OTH_SGD_ST,Sở Giáo dục và Đào tạo Sóc Trăng,OTHER,tinh_dan_su,dvc_2018,2018-01-01,,v2.0.0,HIGH
1079,OTH_STC_ST,Sở Tài chính Sóc Trăng,OTHER,tinh_dan_su,dvc_2018,2018-01-01,,v2.0.0,HIGH
1080,OTH_STP_ST,Sở Tư pháp Sóc Trăng,OTHER,other_dan_su,dvc_2018,2018-01-01,,v2.0.0,HIGH
1081,OTH_SKH_ST,Sở Kế hoạch và Đầu tư Sóc Trăng,OTHER,other_dan_su,dvc_2018,2018-01-01,,v2.0.0,HIGH
1082,OTH_SXD_ST,Sở Xây dựng Sóc Trăng,OTHER,other_dan_su,dvc_2018,2018-01-01,,v2.0.0,HIGH
1083,OTH_STNMT_ST,Sở Tài nguyên và Môi trường Sóc Trăng,OTHER,truong_dan_su,dvc_2018,2018-01-01,,v2.0.0,HIGH
1084,OTH_SNV_ST,Sở Nội vụ Sóc Trăng,OTHER,other_dan_su,dvc_2018,2018-01-01,,v2.0.0,HIGH
1085,OTH_UBND_BL,Ủy ban nhân dân Bạc Liêu,OTHER,tinh_dan_su,dvc_2018,2018-01-01,,v2.0.0,HIGH
1086,OTH_BHXH_BL,Bảo hiểm Xã hội Bạc Liêu,OTHER,tinh_dan_su,dvc_2018,2018-01-01,,v2.0.0,HIGH
1087,OTH_SYT_BL,Sở Y tế Bạc Liêu,OTHER,tinh_dan_su,dvc_2018,2018-01-01,,v2.0.0,HIGH
1088,OTH_SGD_BL,Sở Giáo dục và Đào tạo Bạc Liêu,OTHER,tinh_dan_su,dvc_2018,2018-01-01,,v2.0.0,HIGH
1089,OTH_STC_BL,Sở Tài chính Bạc Liêu,OTHER,tinh_dan_su,dvc_2018,2018-01-01,,v2.0.0,HIGH
1090,OTH_STP_BL,Sở Tư pháp Bạc Liêu,OTHER,other_dan_su,dvc_2018,2018-01-01,,v2.0.0,HIGH
1091,OTH_SKH_BL,Sở Kế hoạch và Đầu tư Bạc Liêu,OTHER,other_dan_su,dvc_2018,2018-01-01,,v2.0.0,HIGH
1092,OTH_SXD_BL,Sở Xây dựng Bạc Liêu,OTHER,other_dan_su,dvc_2018,2018-01-01,,v2.0.0,HIGH
1093,OTH_STNMT_BL,Sở Tài nguyên và Môi trường Bạc Liêu,OTHER,truong_dan_su,dvc_2018,2018-01-01,,v2.0.0,HIGH
1094,OTH_SNV_BL,Sở Nội vụ Bạc Liêu,OTHER,other_dan_su,dvc_2018,2018-01-01,,v2.0.0,HIGH
1095,OTH_UBND_TV,Ủy ban nhân dân Trà Vinh,OTHER,tinh_dan_su,dvc_2018,2018-01-01,,v2.0.0,HIGH
1096,OTH_BHXH_TV,Bảo hiểm Xã hội Trà Vinh,OTHER,tinh_dan_su,dvc_2018,2018-01-01,,v2.0.0,HIGH
1097,OTH_SYT_TV,Sở Y tế Trà Vinh,OTHER,tinh_dan_su,dvc_2018,2018-01-01,,v2.0.0,HIGH
1098,OTH_SGD_TV,Sở Giáo dục và Đào tạo Trà Vinh,OTHER,tinh_dan_su,dvc_2018,2018-01-01,,v2.0.0,HIGH
1099,OTH_STC_TV,Sở Tài chính Trà Vinh,OTHER,tinh_dan_su,dvc_2018,2018-01-01,,v2.0.0,HIGH
1100,OTH_STP_TV,Sở Tư pháp Trà Vinh,OTHER,other_dan_su,dvc_2018,2018-01-01,,v2.0.0,HIGH
1101,OTH_SKH_TV,Sở Kế hoạch và Đầu tư Trà Vinh,OTHER,other_dan_su,dvc_2018,2018-01-01,,v2.0.0,HIGH
1102,OTH_SXD_TV,Sở Xây dựng Trà Vinh,OTHER,other_dan_su,dvc_2018,2018-01-01,,v2.0.0,HIGH
1103,OTH_STNMT_TV,Sở Tài nguyên và Môi trường Trà Vinh,OTHER,truong_dan_su,dvc_2018,2018-01-01,,v2.0.0,HIGH
1104,OTH_SNV_TV,Sở Nội vụ Trà Vinh,OTHER,other_dan_su,dvc_2018,2018-01-01,,v2.0.0,HIGH
1105,OTH_UBND_VL,Ủy ban nhân dân Vĩnh Long,OTHER,tinh_dan_su,dvc_2018,2018-01-01,,v2.0.0,HIGH
1106,OTH_BHXH_VL,Bảo hiểm Xã hội Vĩnh Long,OTHER,tinh_dan_su,dvc_2018,2018-01-01,,v2.0.0,HIGH
1107,OTH_SYT_VL,Sở Y tế Vĩnh Long,OTHER,tinh_dan_su,dvc_2018,2018-01-01,,v2.0.0,HIGH
1108,OTH_SGD_VL,Sở Giáo dục và Đào tạo Vĩnh Long,OTHER,tinh_dan_su,dvc_2018,2018-01-01,,v2.0.0,HIGH
1109,OTH_STC_VL,Sở Tài chính Vĩnh Long,OTHER,tinh_dan_su,dvc_2018,2018-01-01,,v2.0.0,HIGH
1110,OTH_STP_VL,Sở Tư pháp Vĩnh Long,OTHER,other_dan_su,dvc_2018,2018-01-01,,v2.0.0,HIGH
1111,OTH_SKH_VL,Sở Kế hoạch và Đầu tư Vĩnh Long,OTHER,other_dan_su,dvc_2018,2018-01-01,,v2.0.0,HIGH
1112,OTH_SXD_VL,Sở Xây dựng Vĩnh Long,OTHER,other_dan_su,dvc_2018,2018-01-01,,v2.0.0,HIGH
1113,OTH_STNMT_VL,Sở Tài nguyên và Môi trường Vĩnh Long,OTHER,truong_dan_su,dvc_2018,2018-01-01,,v2.0.0,HIGH
1114,OTH_SNV_VL,Sở Nội vụ Vĩnh Long,OTHER,other_dan_su,dvc_2018,2018-01-01,,v2.0.0,HIGH
1115,OTH_UBND_BT,Ủy ban nhân dân Bến Tre,OTHER,tinh_dan_su,dvc_2018,2018-01-01,,v2.0.0,HIGH
1116,OTH_BHXH_BT,Bảo hiểm Xã hội Bến Tre,OTHER,tinh_dan_su,dvc_2018,2018-01-01,,v2.0.0,HIGH
1117,OTH_SYT_BT,Sở Y tế Bến Tre,OTHER,tinh_dan_su,dvc_2018,2018-01-01,,v2.0.0,HIGH
1118,OTH_SGD_BT,Sở Giáo dục và Đào tạo Bến Tre,OTHER,tinh_dan_su,dvc_2018,2018-01-01,,v2.0.0,HIGH
1119,OTH_STC_BT,Sở Tài chính Bến Tre,OTHER,tinh_dan_su,dvc_2018,2018-01-01,,v2.0.0,HIGH
1120,OTH_STP_BT,Sở Tư pháp Bến Tre,OTHER,other_dan_su,dvc_2018,2018-01-01,,v2.0.0,HIGH
1121,OTH_SKH_BT,Sở Kế hoạch và Đầu tư Bến Tre,OTHER,other_dan_su,dvc_2018,2018-01-01,,v2.0.0,HIGH
1122,OTH_SXD_BT,Sở Xây dựng Bến Tre,OTHER,other_dan_su,dvc_2018,2018-01-01,,v2.0.0,HIGH
1123,OTH_STNMT_BT,Sở Tài nguyên và Môi trường Bến Tre,OTHER,truong_dan_su,dvc_2018,2018-01-01,,v2.0.0,HIGH
1124,OTH_SNV_BT,Sở Nội vụ Bến Tre,OTHER,other_dan_su,dvc_2018,2018-01-01,,v2.0.0,HIGH
1125,OTH_UBND_TG,Ủy ban nhân dân Tiền Giang,OTHER,tinh_dan_su,dvc_2018,2018-01-01,,v2.0.0,HIGH
1126,OTH_BHXH_TG,Bảo hiểm Xã hội Tiền Giang,OTHER,tinh_dan_su,dvc_2018,2018-01-01,,v2.0.0,HIGH
1127,OTH_SYT_TG,Sở Y tế Tiền Giang,OTHER,tinh_dan_su,dvc_2018,2018-01-01,,v2.0.0,HIGH
1128,OTH_SGD_TG,Sở Giáo dục và Đào tạo Tiền Giang,OTHER,tinh_dan_su,dvc_2018,2018-01-01,,v2.0.0,HIGH
1129,OTH_STC_TG,Sở Tài chính Tiền Giang,OTHER,tinh_dan_su,dvc_2018,2018-01-01,,v2.0.0,HIGH
1130,OTH_STP_TG,Sở Tư pháp Tiền Giang,OTHER,other_dan_su,dvc_2018,2018-01-01,,v2.0.0,HIGH
1131,OTH_SKH_TG,Sở Kế hoạch và Đầu tư Tiền Giang,OTHER,other_dan_su,dvc_2018,2018-01-01,,v2.0.0,HIGH
1132,OTH_SXD_TG,Sở Xây dựng Tiền Giang,OTHER,other_dan_su,dvc_2018,2018-01-01,,v2.0.0,HIGH
1133,OTH_STNMT_TG,Sở Tài nguyên và Môi trường Tiền Giang,OTHER,truong_dan_su,dvc_2018,2018-01-01,,v2.0.0,HIGH
1134,OTH_SNV_TG,Sở Nội vụ Tiền Giang,OTHER,other_dan_su,dvc_2018,2018-01-01,,v2.0.0,HIGH
1135,OTH_UBND_DT,Ủy ban nhân dân Đồng Tháp,OTHER,tinh_dan_su,dvc_2018,2018-01-01,,v2.0.0,HIGH
1136,OTH_BHXH_DT,Bảo hiểm Xã hội Đồng Tháp,OTHER,tinh_dan_su,dvc_2018,2018-01-01,,v2.0.0,HIGH
1137,OTH_SYT_DT,Sở Y tế Đồng Tháp,OTHER,tinh_dan_su,dvc_2018,2018-01-01,,v2.0.0,HIGH
1138,OTH_SGD_DT,Sở Giáo dục và Đào tạo Đồng Tháp,OTHER,tinh_dan_su,dvc_2018,2018-01-01,,v2.0.0,HIGH
1139,OTH_STC_DT,Sở Tài chính Đồng Tháp,OTHER,tinh_dan_su,dvc_2018,2018-01-01,,v2.0.0,HIGH
1140,OTH_STP_DT,Sở Tư pháp Đồng Tháp,OTHER,other_dan_su,dvc_2018,2018-01-01,,v2.0.0,HIGH
1141,OTH_SKH_DT,Sở Kế hoạch và Đầu tư Đồng Tháp,OTHER,other_dan_su,dvc_2018,2018-01-01,,v2.0.0,HIGH
1142,OTH_SXD_DT,Sở Xây dựng Đồng Tháp,OTHER,other_dan_su,dvc_2018,2018-01-01,,v2.0.0,HIGH
1143,OTH_STNMT_DT,Sở Tài nguyên và Môi trường Đồng Tháp,OTHER,truong_dan_su,dvc_2018,2018-01-01,,v2.0.0,HIGH
1144,OTH_SNV_DT,Sở Nội vụ Đồng Tháp,OTHER,other_dan_su,dvc_2018,2018-01-01,,v2.0.0,HIGH
1145,OTH_UBND_LA,Ủy ban nhân dân Long An,OTHER,tinh_dan_su,dvc_2018,2018-01-01,,v2.0.0,HIGH
1146,OTH_BHXH_LA,Bảo hiểm Xã hội Long An,OTHER,tinh_dan_su,dvc_2018,2018-01-01,,v2.0.0,HIGH
1147,OTH_SYT_LA,Sở Y tế Long An,OTHER,tinh_dan_su,dvc_2018,2018-01-01,,v2.0.0,HIGH
1148,OTH_SGD_LA,Sở Giáo dục và Đào tạo Long An,OTHER,tinh_dan_su,dvc_2018,2018-01-01,,v2.0.0,HIGH
1149,OTH_STC_LA,Sở Tài chính Long An,OTHER,tinh_dan_su,dvc_2018,2018-01-01,,v2.0.0,HIGH
1150,OTH_STP_LA,Sở Tư pháp Long An,OTHER,other_dan_su,dvc_2018,2018-01-01,,v2.0.0,HIGH
1151,OTH_SKH_LA,Sở Kế hoạch và Đầu tư Long An,OTHER,other_dan_su,dvc_2018,2018-01-01,,v2.0.0,HIGH
1152,OTH_SXD_LA,Sở Xây dựng Long An,OTHER,other_dan_su,dvc_2018,2018-01-01,,v2.0.0,HIGH
1153,OTH_STNMT_LA,Sở Tài nguyên và Môi trường Long An,OTHER,truong_dan_su,dvc_2018,2018-01-01,,v2.0.0,HIGH
1154,OTH_SNV_LA,Sở Nội vụ Long An,OTHER,other_dan_su,dvc_2018,2018-01-01,,v2.0.0,HIGH
1155,OTH_UBND_DLA,Ủy ban nhân dân Đắk Lắk,OTHER,tinh_dan_su,dvc_2018,2018-01-01,,v2.0.0,HIGH
1156,OTH_BHXH_DLA,Bảo hiểm Xã hội Đắk Lắk,OTHER,tinh_dan_su,dvc_2018,2018-01-01,,v2.0.0,HIGH
1157,OTH_SYT_DLA,Sở Y tế Đắk Lắk,OTHER,tinh_dan_su,dvc_2018,2018-01-01,,v2.0.0,HIGH
1158,OTH_SGD_DLA,Sở Giáo dục và Đào tạo Đắk Lắk,OTHER,tinh_dan_su,dvc_2018,2018-01-01,,v2.0.0,HIGH
1159,OTH_STC_DLA,Sở Tài chính Đắk Lắk,OTHER,tinh_dan_su,dvc_2018,2018-01-01,,v2.0.0,HIGH
1160,OTH_STP_DLA,Sở Tư pháp Đắk Lắk,OTHER,other_dan_su,dvc_2018,2018-01-01,,v2.0.0,HIGH
1161,OTH_SKH_DLA,Sở Kế hoạch và Đầu tư Đắk Lắk,OTHER,other_dan_su,dvc_2018,2018-01-01,,v2.0.0,HIGH
1162,OTH_SXD_DLA,Sở Xây dựng Đắk Lắk,OTHER,other_dan_su,dvc_2018,2018-01-01,,v2.0.0,HIGH
1163,OTH_STNMT_DLA,Sở Tài nguyên và Môi trường Đắk Lắk,OTHER,truong_dan_su,dvc_2018,2018-01-01,,v2.0.0,HIGH
1164,OTH_SNV_DLA,Sở Nội vụ Đắk Lắk,OTHER,other_dan_su,dvc_2018,2018-01-01,,v2.0.0,HIGH
1165,OTH_UBND_GLA,Ủy ban nhân dân Gia Lai,OTHER,tinh_dan_su,dvc_2018,2018-01-01,,v2.0.0,HIGH
1166,OTH_BHXH_GLA,Bảo hiểm Xã hội Gia Lai,OTHER,tinh_dan_su,dvc_2018,2018-01-01,,v2.0.0,HIGH
1167,OTH_SYT_GLA,Sở Y tế Gia Lai,OTHER,tinh_dan_su,dvc_2018,2018-01-01,,v2.0.0,HIGH
1168,OTH_SGD_GLA,Sở Giáo dục và Đào tạo Gia Lai,OTHER,tinh_dan_su,dvc_2018,2018-01-01,,v2.0.0,HIGH
1169,OTH_STC_GLA,Sở Tài chính Gia Lai,OTHER,tinh_dan_su,dvc_2018,2018-01-01,,v2.0.0,HIGH
1170,OTH_STP_GLA,Sở Tư pháp Gia Lai,OTHER,other_dan_su,dvc_2018,2018-01-01,,v2.0.0,HIGH
1171,OTH_SKH_GLA,Sở Kế hoạch và Đầu tư Gia Lai,OTHER,other_dan_su,dvc_2018,2018-01-01,,v2.0.0,HIGH
1172,OTH_SXD_GLA,Sở Xây dựng Gia Lai,OTHER,other_dan_su,dvc_2018,2018-01-01,,v2.0.0,HIGH
1173,OTH_STNMT_GLA,Sở Tài nguyên và Môi trường Gia Lai,OTHER,truong_dan_su,dvc_2018,2018-01-01,,v2.0.0,HIGH
1174,OTH_SNV_GLA,Sở Nội vụ Gia Lai,OTHER,other_dan_su,dvc_2018,2018-01-01,,v2.0.0,HIGH
1175,OTH_UBND_LD,Ủy ban nhân dân Lâm Đồng,OTHER,tinh_dan_su,dvc_2018,2018-01-01,,v2.0.0,HIGH
1176,OTH_BHXH_LD,Bảo hiểm Xã hội Lâm Đồng,OTHER,tinh_dan_su,dvc_2018,2018-01-01,,v2.0.0,HIGH
1177,OTH_SYT_LD,Sở Y tế Lâm Đồng,OTHER,tinh_dan_su,dvc_2018,2018-01-01,,v2.0.0,HIGH
1178,OTH_SGD_LD,Sở Giáo dục và Đào tạo Lâm Đồng,OTHER,tinh_dan_su,dvc_2018,2018-01-01,,v2.0.0,HIGH
1179,OTH_STC_LD,Sở Tài chính Lâm Đồng,OTHER,tinh_dan_su,dvc_2018,2018-01-01,,v2.0.0,HIGH
1180,OTH_STP_LD,Sở Tư pháp Lâm Đồng,OTHER,other_dan_su,dvc_2018,2018-01-01,,v2.0.0,HIGH
1181,OTH_SKH_LD,Sở Kế hoạch và Đầu tư Lâm Đồng,OTHER,other_dan_su,dvc_2018,2018-01-01,,v2.0.0,HIGH
1182,OTH_SXD_LD,Sở Xây dựng Lâm Đồng,OTHER,other_dan_su,dvc_2018,2018-01-01,,v2.0.0,HIGH
1183,OTH_STNMT_LD,Sở Tài nguyên và Môi trường Lâm Đồng,OTHER,truong_dan_su,dvc_2018,2018-01-01,,v2.0.0,HIGH
1184,OTH_SNV_LD,Sở Nội vụ Lâm Đồng,OTHER,other_dan_su,dvc_2018,2018-01-01,,v2.0.0,HIGH
1185,OTH_UBND_KT,Ủy ban nhân dân Kon Tum,OTHER,tinh_dan_su,dvc_2018,2018-01-01,,v2.0.0,HIGH
1186,OTH_BHXH_KT,Bảo hiểm Xã hội Kon Tum,OTHER,tinh_dan_su,dvc_2018,2018-01-01,,v2.0.0,HIGH
1187,OTH_SYT_KT,Sở Y tế Kon Tum,OTHER,tinh_dan_su,dvc_2018,2018-01-01,,v2.0.0,HIGH
1188,OTH_SGD_KT,Sở Giáo dục và Đào tạo Kon Tum,OTHER,tinh_dan_su,dvc_2018,2018-01-01,,v2.0.0,HIGH
1189,OTH_STC_KT,Sở Tài chính Kon Tum,OTHER,tinh_dan_su,dvc_2018,2018-01-01,,v2.0.0,HIGH
1190,OTH_STP_KT,Sở Tư pháp Kon Tum,OTHER,other_dan_su,dvc_2018,2018-01-01,,v2.0.0,HIGH
1191,OTH_SKH_KT,Sở Kế hoạch và Đầu tư Kon Tum,OTHER,other_dan_su,dvc_2018,2018-01-01,,v2.0.0,HIGH
1192,OTH_SXD_KT,Sở Xây dựng Kon Tum,OTHER,other_dan_su,dvc_2018,2018-01-01,,v2.0.0,HIGH
1193,OTH_STNMT_KT,Sở Tài nguyên và Môi trường Kon Tum,OTHER,truong_dan_su,dvc_2018,2018-01-01,,v2.0.0,HIGH
1194,OTH_SNV_KT,Sở Nội vụ Kon Tum,OTHER,other_dan_su,dvc_2018,2018-01-01,,v2.0.0,HIGH
1195,OTH_UBND_DNO,Ủy ban nhân dân Đắk Nông,OTHER,tinh_dan_su,dvc_2018,2018-01-01,,v2.0.0,HIGH
1196,OTH_BHXH_DNO,Bảo hiểm Xã hội Đắk Nông,OTHER,tinh_dan_su,dvc_2018,2018-01-01,,v2.0.0,HIGH
1197,OTH_SYT_DNO,Sở Y tế Đắk Nông,OTHER,tinh_dan_su,dvc_2018,2018-01-01,,v2.0.0,HIGH
1198,OTH_SGD_DNO,Sở Giáo dục và Đào tạo Đắk Nông,OTHER,tinh_dan_su,dvc_2018,2018-01-01,,v2.0.0,HIGH
1199,OTH_STC_DNO,Sở Tài chính Đắk Nông,OTHER,tinh_dan_su,dvc_2018,2018-01-01,,v2.0.0,HIGH
1200,OTH_STP_DNO,Sở Tư pháp Đắk Nông,OTHER,other_dan_su,dvc_2018,2018-01-01,,v2.0.0,HIGH
1201,OTH_SKH_DNO,Sở Kế hoạch và Đầu tư Đắk Nông,OTHER,other_dan_su,dvc_2018,2018-01-01,,v2.0.0,HIGH
1202,OTH_SXD_DNO,Sở Xây dựng Đắk Nông,OTHER,other_dan_su,dvc_2018,2018-01-01,,v2.0.0,HIGH
1203,OTH_STNMT_DNO,Sở Tài nguyên và Môi trường Đắk Nông,OTHER,truong_dan_su,dvc_2018,2018-01-01,,v2.0.0,HIGH
1204,OTH_SNV_DNO,Sở Nội vụ Đắk Nông,OTHER,other_dan_su,dvc_2018,2018-01-01,,v2.0.0,HIGH
1205,OTH_UBND_KHA,Ủy ban nhân dân Khánh Hòa,OTHER,tinh_dan_su,dvc_2018,2018-01-01,,v2.0.0,HIGH
1206,OTH_BHXH_KHA,Bảo hiểm Xã hội Khánh Hòa,OTHER,tinh_dan_su,dvc_2018,2018-01-01,,v2.0.0,HIGH
1207,OTH_SYT_KHA,Sở Y tế Khánh Hòa,OTHER,tinh_dan_su,dvc_2018,2018-01-01,,v2.0.0,HIGH
1208,OTH_SGD_KHA,Sở Giáo dục và Đào tạo Khánh Hòa,OTHER,tinh_dan_su,dvc_2018,2018-01-01,,v2.0.0,HIGH
1209,OTH_STC_KHA,Sở Tài chính Khánh Hòa,OTHER,tinh_dan_su,dvc_2018,2018-01-01,,v2.0.0,HIGH
1210,OTH_STP_KHA,Sở Tư pháp Khánh Hòa,OTHER,other_dan_su,dvc_2018,2018-01-01,,v2.0.0,HIGH
1211,OTH_SKH_KHA,Sở Kế hoạch và Đầu tư Khánh Hòa,OTHER,other_dan_su,dvc_2018,2018-01-01,,v2.0.0,HIGH
1212,OTH_SXD_KHA,Sở Xây dựng Khánh Hòa,OTHER,other_dan_su,dvc_2018,2018-01-01,,v2.0.0,HIGH
1213,OTH_STNMT_KHA,Sở Tài nguyên và Môi trường Khánh Hòa,OTHER,truong_dan_su,dvc_2018,2018-01-01,,v2.0.0,HIGH
1214,OTH_SNV_KHA,Sở Nội vụ Khánh Hòa,OTHER,other_dan_su,dvc_2018,2018-01-01,,v2.0.0,HIGH
1215,OTH_UBND_BTN,Ủy ban nhân dân Bình Thuận,OTHER,tinh_dan_su,dvc_2018,2018-01-01,,v2.0.0,HIGH
1216,OTH_BHXH_BTN,Bảo hiểm Xã hội Bình Thuận,OTHER,tinh_dan_su,dvc_2018,2018-01-01,,v2.0.0,HIGH
1217,OTH_SYT_BTN,Sở Y tế Bình Thuận,OTHER,tinh_dan_su,dvc_2018,2018-01-01,,v2.0.0,HIGH
1218,OTH_SGD_BTN,Sở Giáo dục và Đào tạo Bình Thuận,OTHER,tinh_dan_su,dvc_2018,2018-01-01,,v2.0.0,HIGH
1219,OTH_STC_BTN,Sở Tài chính Bình Thuận,OTHER,tinh_dan_su,dvc_2018,2018-01-01,,v2.0.0,HIGH
1220,OTH_STP_BTN,Sở Tư pháp Bình Thuận,OTHER,other_dan_su,dvc_2018,2018-01-01,,v2.0.0,HIGH
1221,OTH_SKH_BTN,Sở Kế hoạch và Đầu tư Bình Thuận,OTHER,other_dan_su,dvc_2018,2018-01-01,,v2.0.0,HIGH
1222,OTH_SXD_BTN,Sở Xây dựng Bình Thuận,OTHER,other_dan_su,dvc_2018,2018-01-01,,v2.0.0,HIGH
1223,OTH_STNMT_BTN,Sở Tài nguyên và Môi trường Bình Thuận,OTHER,truong_dan_su,dvc_2018,2018-01-01,,v2.0.0,HIGH
1224,OTH_SNV_BTN,Sở Nội vụ Bình Thuận,OTHER,other_dan_su,dvc_2018,2018-01-01,,v2.0.0,HIGH
1225,OTH_UBND_NTN,Ủy ban nhân dân Ninh Thuận,OTHER,tinh_dan_su,dvc_2018,2018-01-01,,v2.0.0,HIGH
1226,OTH_BHXH_NTN,Bảo hiểm Xã hội Ninh Thuận,OTHER,tinh_dan_su,dvc_2018,2018-01-01,,v2.0.0,HIGH
1227,OTH_SYT_NTN,Sở Y tế Ninh Thuận,OTHER,tinh_dan_su,dvc_2018,2018-01-01,,v2.0.0,HIGH
1228,OTH_SGD_NTN,Sở Giáo dục và Đào tạo Ninh Thuận,OTHER,tinh_dan_su,dvc_2018,2018-01-01,,v2.0.0,HIGH
1229,OTH_STC_NTN,Sở Tài chính Ninh Thuận,OTHER,tinh_dan_su,dvc_2018,2018-01-01,,v2.0.0,HIGH
1230,OTH_STP_NTN,Sở Tư pháp Ninh Thuận,OTHER,other_dan_su,dvc_2018,2018-01-01,,v2.0.0,HIGH
1231,OTH_SKH_NTN,Sở Kế hoạch và Đầu tư Ninh Thuận,OTHER,other_dan_su,dvc_2018,2018-01-01,,v2.0.0,HIGH
1232,OTH_SXD_NTN,Sở Xây dựng Ninh Thuận,OTHER,other_dan_su,dvc_2018,2018-01-01,,v2.0.0,HIGH
1233,OTH_STNMT_NTN,Sở Tài nguyên và Môi trường Ninh Thuận,OTHER,truong_dan_su,dvc_2018,2018-01-01,,v2.0.0,HIGH
1234,OTH_SNV_NTN,Sở Nội vụ Ninh Thuận,OTHER,other_dan_su,dvc_2018,2018-01-01,,v2.0.0,HIGH
1235,OTH_UBND_PY,Ủy ban nhân dân Phú Yên,OTHER,tinh_dan_su,dvc_2018,2018-01-01,,v2.0.0,HIGH
1236,OTH_BHXH_PY,Bảo hiểm Xã hội Phú Yên,OTHER,tinh_dan_su,dvc_2018,2018-01-01,,v2.0.0,HIGH
1237,OTH_SYT_PY,Sở Y tế Phú Yên,OTHER,tinh_dan_su,dvc_2018,2018-01-01,,v2.0.0,HIGH
1238,OTH_SGD_PY,Sở Giáo dục và Đào tạo Phú Yên,OTHER,tinh_dan_su,dvc_2018,2018-01-01,,v2.0.0,HIGH
1239,OTH_STC_PY,Sở Tài chính Phú Yên,OTHER,tinh_dan_su,dvc_2018,2018-01-01,,v2.0.0,HIGH
1240,OTH_STP_PY,Sở Tư pháp Phú Yên,OTHER,other_dan_su,dvc_2018,2018-01-01,,v2.0.0,HIGH
1241,OTH_SKH_PY,Sở Kế hoạch và Đầu tư Phú Yên,OTHER,other_dan_su,dvc_2018,2018-01-01,,v2.0.0,HIGH
1242,OTH_SXD_PY,Sở Xây dựng Phú Yên,OTHER,other_dan_su,dvc_2018,2018-01-01,,v2.0.0,HIGH
1243,OTH_STNMT_PY,Sở Tài nguyên và Môi trường Phú Yên,OTHER,truong_dan_su,dvc_2018,2018-01-01,,v2.0.0,HIGH
1244,OTH_SNV_PY,Sở Nội vụ Phú Yên,OTHER,other_dan_su,dvc_2018,2018-01-01,,v2.0.0,HIGH
1245,OTH_UBND_BDH,Ủy ban nhân dân Bình Định,OTHER,tinh_dan_su,dvc_2018,2018-01-01,,v2.0.0,HIGH
1246,OTH_BHXH_BDH,Bảo hiểm Xã hội Bình Định,OTHER,tinh_dan_su,dvc_2018,2018-01-01,,v2.0.0,HIGH
1247,OTH_SYT_BDH,Sở Y tế Bình Định,OTHER,tinh_dan_su,dvc_2018,2018-01-01,,v2.0.0,HIGH
1248,OTH_SGD_BDH,Sở Giáo dục và Đào tạo Bình Định,OTHER,tinh_dan_su,dvc_2018,2018-01-01,,v2.0.0,HIGH
1249,OTH_STC_BDH,Sở Tài chính Bình Định,OTHER,tinh_dan_su,dvc_2018,2018-01-01,,v2.0.0,HIGH
1250,OTH_STP_BDH,Sở Tư pháp Bình Định,OTHER,other_dan_su,dvc_2018,2018-01-01,,v2.0.0,HIGH
1251,OTH_SKH_BDH,Sở Kế hoạch và Đầu tư Bình Định,OTHER,other_dan_su,dvc_2018,2018-01-01,,v2.0.0,HIGH
1252,OTH_SXD_BDH,Sở Xây dựng Bình Định,OTHER,other_dan_su,dvc_2018,2018-01-01,,v2.0.0,HIGH
1253,OTH_STNMT_BDH,Sở Tài nguyên và Môi trường Bình Định,OTHER,truong_dan_su,dvc_2018,2018-01-01,,v2.0.0,HIGH
1254,OTH_SNV_BDH,Sở Nội vụ Bình Định,OTHER,other_dan_su,dvc_2018,2018-01-01,,v2.0.0,HIGH
1255,OTH_UBND_QNG,Ủy ban nhân dân Quảng Ngãi,OTHER,tinh_dan_su,dvc_2018,2018-01-01,,v2.0.0,HIGH
1256,OTH_BHXH_QNG,Bảo hiểm Xã hội Quảng Ngãi,OTHER,tinh_dan_su,dvc_2018,2018-01-01,,v2.0.0,HIGH
1257,OTH_SYT_QNG,Sở Y tế Quảng Ngãi,OTHER,tinh_dan_su,dvc_2018,2018-01-01,,v2.0.0,HIGH
1258,OTH_SGD_QNG,Sở Giáo dục và Đào tạo Quảng Ngãi,OTHER,tinh_dan_su,dvc_2018,2018-01-01,,v2.0.0,HIGH
1259,OTH_STC_QNG,Sở Tài chính Quảng Ngãi,OTHER,tinh_dan_su,dvc_2018,2018-01-01,,v2.0.0,HIGH
1260,OTH_STP_QNG,Sở Tư pháp Quảng Ngãi,OTHER,other_dan_su,dvc_2018,2018-01-01,,v2.0.0,HIGH
1261,OTH_SKH_QNG,Sở Kế hoạch và Đầu tư Quảng Ngãi,OTHER,other_dan_su,dvc_2018,2018-01-01,,v2.0.0,HIGH
1262,OTH_SXD_QNG,Sở Xây dựng Quảng Ngãi,OTHER,other_dan_su,dvc_2018,2018-01-01,,v2.0.0,HIGH
1263,OTH_STNMT_QNG,Sở Tài nguyên và Môi trường Quảng Ngãi,OTHER,truong_dan_su,dvc_2018,2018-01-01,,v2.0.0,HIGH
1264,OTH_SNV_QNG,Sở Nội vụ Quảng Ngãi,OTHER,other_dan_su,dvc_2018,2018-01-01,,v2.0.0,HIGH
1265,OTH_UBND_QNA,Ủy ban nhân dân Quảng Nam,OTHER,tinh_dan_su,dvc_2018,2018-01-01,,v2.0.0,HIGH
1266,OTH_BHXH_QNA,Bảo hiểm Xã hội Quảng Nam,OTHER,tinh_dan_su,dvc_2018,2018-01-01,,v2.0.0,HIGH
1267,OTH_SYT_QNA,Sở Y tế Quảng Nam,OTHER,tinh_dan_su,dvc_2018,2018-01-01,,v2.0.0,HIGH
1268,OTH_SGD_QNA,Sở Giáo dục và Đào tạo Quảng Nam,OTHER,tinh_dan_su,dvc_2018,2018-01-01,,v2.0.0,HIGH
1269,OTH_STC_QNA,Sở Tài chính Quảng Nam,OTHER,tinh_dan_su,dvc_2018,2018-01-01,,v2.0.0,HIGH
1270,OTH_STP_QNA,Sở Tư pháp Quảng Nam,OTHER,other_dan_su,dvc_2018,2018-01-01,,v2.0.0,HIGH
1271,OTH_SKH_QNA,Sở Kế hoạch và Đầu tư Quảng Nam,OTHER,other_dan_su,dvc_2018,2018-01-01,,v2.0.0,HIGH
1272,OTH_SXD_QNA,Sở Xây dựng Quảng Nam,OTHER,other_dan_su,dvc_2018,2018-01-01,,v2.0.0,HIGH
1273,OTH_STNMT_QNA,Sở Tài nguyên và Môi trường Quảng Nam,OTHER,truong_dan_su,dvc_2018,2018-01-01,,v2.0.0,HIGH
1274,OTH_SNV_QNA,Sở Nội vụ Quảng Nam,OTHER,other_dan_su,dvc_2018,2018-01-01,,v2.0.0,HIGH
1275,OTH_UBND_TTH,Ủy ban nhân dân Thừa Thiên Huế,OTHER,tinh_dan_su,dvc_2018,2018-01-01,,v2.0.0,HIGH
1276,OTH_BHXH_TTH,Bảo hiểm Xã hội Thừa Thiên Huế,OTHER,tinh_dan_su,dvc_2018,2018-01-01,,v2.0.0,HIGH
1277,OTH_SYT_TTH,Sở Y tế Thừa Thiên Huế,OTHER,tinh_dan_su,dvc_2018,2018-01-01,,v2.0.0,HIGH
1278,OTH_SGD_TTH,Sở Giáo dục và Đào tạo Thừa Thiên Huế,OTHER,tinh_dan_su,dvc_2018,2018-01-01,,v2.0.0,HIGH
1279,OTH_STC_TTH,Sở Tài chính Thừa Thiên Huế,OTHER,tinh_dan_su,dvc_2018,2018-01-01,,v2.0.0,HIGH
1280,OTH_STP_TTH,Sở Tư pháp Thừa Thiên Huế,OTHER,other_dan_su,dvc_2018,2018-01-01,,v2.0.0,HIGH
1281,OTH_SKH_TTH,Sở Kế hoạch và Đầu tư Thừa Thiên Huế,OTHER,other_dan_su,dvc_2018,2018-01-01,,v2.0.0,HIGH
1282,OTH_SXD_TTH,Sở Xây dựng Thừa Thiên Huế,OTHER,other_dan_su,dvc_2018,2018-01-01,,v2.0.0,HIGH
1283,OTH_STNMT_TTH,Sở Tài nguyên và Môi trường Thừa Thiên Huế,OTHER,truong_dan_su,dvc_2018,2018-01-01,,v2.0.0,HIGH
1284,OTH_SNV_TTH,Sở Nội vụ Thừa Thiên Huế,OTHER,other_dan_su,dvc_2018,2018-01-01,,v2.0.0,HIGH
1285,OTH_UBND_QTR,Ủy ban nhân dân Quảng Trị,OTHER,tinh_dan_su,dvc_2018,2018-01-01,,v2.0.0,HIGH
1286,OTH_BHXH_QTR,Bảo hiểm Xã hội Quảng Trị,OTHER,tinh_dan_su,dvc_2018,2018-01-01,,v2.0.0,HIGH
1287,OTH_SYT_QTR,Sở Y tế Quảng Trị,OTHER,tinh_dan_su,dvc_2018,2018-01-01,,v2.0.0,HIGH
1288,OTH_SGD_QTR,Sở Giáo dục và Đào tạo Quảng Trị,OTHER,tinh_dan_su,dvc_2018,2018-01-01,,v2.0.0,HIGH
1289,OTH_STC_QTR,Sở Tài chính Quảng Trị,OTHER,tinh_dan_su,dvc_2018,2018-01-01,,v2.0.0,HIGH
1290,OTH_STP_QTR,Sở Tư pháp Quảng Trị,OTHER,other_dan_su,dvc_2018,2018-01-01,,v2.0.0,HIGH
1291,OTH_SKH_QTR,Sở Kế hoạch và Đầu tư Quảng Trị,OTHER,other_dan_su,dvc_2018,2018-01-01,,v2.0.0,HIGH
1292,OTH_SXD_QTR,Sở Xây dựng Quảng Trị,OTHER,other_dan_su,dvc_2018,2018-01-01,,v2.0.0,HIGH
1293,OTH_STNMT_QTR,Sở Tài nguyên và Môi trường Quảng Trị,OTHER,truong_dan_su,dvc_2018,2018-01-01,,v2.0.0,HIGH
1294,OTH_SNV_QTR,Sở Nội vụ Quảng Trị,OTHER,other_dan_su,dvc_2018,2018-01-01,,v2.0.0,HIGH
1295,OTH_UBND_QBI,Ủy ban nhân dân Quảng Bình,OTHER,tinh_dan_su,dvc_2018,2018-01-01,,v2.0.0,HIGH
1296,OTH_BHXH_QBI,Bảo hiểm Xã hội Quảng Bình,OTHER,tinh_dan_su,dvc_2018,2018-01-01,,v2.0.0,HIGH
1297,OTH_SYT_QBI,Sở Y tế Quảng Bình,OTHER,tinh_dan_su,dvc_2018,2018-01-01,,v2.0.0,HIGH
1298,OTH_SGD_QBI,Sở Giáo dục và Đào tạo Quảng Bình,OTHER,tinh_dan_su,dvc_2018,2018-01-01,,v2.0.0,HIGH
1299,OTH_STC_QBI,Sở Tài chính Quảng Bình,OTHER,tinh_dan_su,dvc_2018,2018-01-01,,v2.0.0,HIGH
1300,OTH_STP_QBI,Sở Tư pháp Quảng Bình,OTHER,other_dan_su,dvc_2018,2018-01-01,,v2.0.0,HIGH
1301,OTH_SKH_QBI,Sở Kế hoạch và Đầu tư Quảng Bình,OTHER,other_dan_su,dvc_2018,2018-01-01,,v2.0.0,HIGH
1302,OTH_SXD_QBI,Sở Xây dựng Quảng Bình,OTHER,other_dan_su,dvc_2018,2018-01-01,,v2.0.0,HIGH
1303,OTH_STNMT_QBI,Sở Tài nguyên và Môi trường Quảng Bình,OTHER,truong_dan_su,dvc_2018,2018-01-01,,v2.0.0,HIGH
1304,OTH_SNV_QBI,Sở Nội vụ Quảng Bình,OTHER,other_dan_su,dvc_2018,2018-01-01,,v2.0.0,HIGH
1305,OTH_UBND_HT,Ủy ban nhân dân Hà Tĩnh,OTHER,tinh_dan_su,dvc_2018,2018-01-01,,v2.0.0,HIGH
1306,OTH_BHXH_HT,Bảo hiểm Xã hội Hà Tĩnh,OTHER,tinh_dan_su,dvc_2018,2018-01-01,,v2.0.0,HIGH
1307,OTH_SYT_HT,Sở Y tế Hà Tĩnh,OTHER,tinh_dan_su,dvc_2018,2018-01-01,,v2.0.0,HIGH
1308,OTH_SGD_HT,Sở Giáo dục và Đào tạo Hà Tĩnh,OTHER,tinh_dan_su,dvc_2018,2018-01-01,,v2.0.0,HIGH
1309,OTH_STC_HT,Sở Tài chính Hà Tĩnh,OTHER,tinh_dan_su,dvc_2018,2018-01-01,,v2.0.0,HIGH
1310,OTH_STP_HT,Sở Tư pháp Hà Tĩnh,OTHER,other_dan_su,dvc_2018,2018-01-01,,v2.0.0,HIGH
1311,OTH_SKH_HT,Sở Kế hoạch và Đầu tư Hà Tĩnh,OTHER,other_dan_su,dvc_2018,2018-01-01,,v2.0.0,HIGH
1312,OTH_SXD_HT,Sở Xây dựng Hà Tĩnh,OTHER,other_dan_su,dvc_2018,2018-01-01,,v2.0.0,HIGH
1313,OTH_STNMT_HT,Sở Tài nguyên và Môi trường Hà Tĩnh,OTHER,truong_dan_su,dvc_2018,2018-01-01,,v2.0.0,HIGH
1314,OTH_SNV_HT,Sở Nội vụ Hà Tĩnh,OTHER,other_dan_su,dvc_2018,2018-01-01,,v2.0.0,HIGH
1315,OTH_UBND_NA,Ủy ban nhân dân Nghệ An,OTHER,tinh_dan_su,dvc_2018,2018-01-01,,v2.0.0,HIGH
1316,OTH_BHXH_NA,Bảo hiểm Xã hội Nghệ An,OTHER,tinh_dan_su,dvc_2018,2018-01-01,,v2.0.0,HIGH
1317,OTH_SYT_NA,Sở Y tế Nghệ An,OTHER,tinh_dan_su,dvc_2018,2018-01-01,,v2.0.0,HIGH
1318,OTH_SGD_NA,Sở Giáo dục và Đào tạo Nghệ An,OTHER,tinh_dan_su,dvc_2018,2018-01-01,,v2.0.0,HIGH
1319,OTH_STC_NA,Sở Tài chính Nghệ An,OTHER,tinh_dan_su,dvc_2018,2018-01-01,,v2.0.0,HIGH
1320,OTH_STP_NA,Sở Tư pháp Nghệ An,OTHER,other_dan_su,dvc_2018,2018-01-01,,v2.0.0,HIGH
1321,OTH_SKH_NA,Sở Kế hoạch và Đầu tư Nghệ An,OTHER,other_dan_su,dvc_2018,2018-01-01,,v2.0.0,HIGH
1322,OTH_SXD_NA,Sở Xây dựng Nghệ An,OTHER,other_dan_su,dvc_2018,2018-01-01,,v2.0.0,HIGH
1323,OTH_STNMT_NA,Sở Tài nguyên và Môi trường Nghệ An,OTHER,truong_dan_su,dvc_2018,2018-01-01,,v2.0.0,HIGH
1324,OTH_SNV_NA,Sở Nội vụ Nghệ An,OTHER,other_dan_su,dvc_2018,2018-01-01,,v2.0.0,HIGH
1325,OTH_UBND_TH,Ủy ban nhân dân Thanh Hóa,OTHER,tinh_dan_su,dvc_2018,2018-01-01,,v2.0.0,HIGH
1326,OTH_BHXH_TH,Bảo hiểm Xã hội Thanh Hóa,OTHER,tinh_dan_su,dvc_2018,2018-01-01,,v2.0.0,HIGH
1327,OTH_SYT_TH,Sở Y tế Thanh Hóa,OTHER,tinh_dan_su,dvc_2018,2018-01-01,,v2.0.0,HIGH
1328,OTH_SGD_TH,Sở Giáo dục và Đào tạo Thanh Hóa,OTHER,tinh_dan_su,dvc_2018,2018-01-01,,v2.0.0,HIGH
1329,OTH_STC_TH,Sở Tài chính Thanh Hóa,OTHER,tinh_dan_su,dvc_2018,2018-01-01,,v2.0.0,HIGH
1330,OTH_STP_TH,Sở Tư pháp Thanh Hóa,OTHER,other_dan_su,dvc_2018,2018-01-01,,v2.0.0,HIGH
1331,OTH_SKH_TH,Sở Kế hoạch và Đầu tư Thanh Hóa,OTHER,other_dan_su,dvc_2018,2018-01-01,,v2.0.0,HIGH
1332,OTH_SXD_TH,Sở Xây dựng Thanh Hóa,OTHER,other_dan_su,dvc_2018,2018-01-01,,v2.0.0,HIGH
1333,OTH_STNMT_TH,Sở Tài nguyên và Môi trường Thanh Hóa,OTHER,truong_dan_su,dvc_2018,2018-01-01,,v2.0.0,HIGH
1334,OTH_SNV_TH,Sở Nội vụ Thanh Hóa,OTHER,other_dan_su,dvc_2018,2018-01-01,,v2.0.0,HIGH
1335,OTH_UBND_QNH,Ủy ban nhân dân Quảng Ninh,OTHER,tinh_dan_su,dvc_2018,2018-01-01,,v2.0.0,HIGH
1336,OTH_BHXH_QNH,Bảo hiểm Xã hội Quảng Ninh,OTHER,tinh_dan_su,dvc_2018,2018-01-01,,v2.0.0,HIGH
1337,OTH_SYT_QNH,Sở Y tế Quảng Ninh,OTHER,tinh_dan_su,dvc_2018,2018-01-01,,v2.0.0,HIGH
1338,OTH_SGD_QNH,Sở Giáo dục và Đào tạo Quảng Ninh,OTHER,tinh_dan_su,dvc_2018,2018-01-01,,v2.0.0,HIGH
1339,OTH_STC_QNH,Sở Tài chính Quảng Ninh,OTHER,tinh_dan_su,dvc_2018,2018-01-01,,v2.0.0,HIGH
1340,OTH_STP_QNH,Sở Tư pháp Quảng Ninh,OTHER,other_dan_su,dvc_2018,2018-01-01,,v2.0.0,HIGH
1341,OTH_SKH_QNH,Sở Kế hoạch và Đầu tư Quảng Ninh,OTHER,other_dan_su,dvc_2018,2018-01-01,,v2.0.0,HIGH
1342,OTH_SXD_QNH,Sở Xây dựng Quảng Ninh,OTHER,other_dan_su,dvc_2018,2018-01-01,,v2.0.0,HIGH
1343,OTH_STNMT_QNH,Sở Tài nguyên và Môi trường Quảng Ninh,OTHER,truong_dan_su,dvc_2018,2018-01-01,,v2.0.0,HIGH
1344,OTH_SNV_QNH,Sở Nội vụ Quảng Ninh,OTHER,other_dan_su,dvc_2018,2018-01-01,,v2.0.0,HIGH
1345,OTH_UBND_HD,Ủy ban nhân dân Hải Dương,OTHER,tinh_dan_su,dvc_2018,2018-01-01,,v2.0.0,HIGH
1346,OTH_BHXH_HD,Bảo hiểm Xã hội Hải Dương,OTHER,tinh_dan_su,dvc_2018,2018-01-01,,v2.0.0,HIGH
1347,OTH_SYT_HD,Sở Y tế Hải Dương,OTHER,tinh_dan_su,dvc_2018,2018-01-01,,v2.0.0,HIGH
1348,OTH_SGD_HD,Sở Giáo dục và Đào tạo Hải Dương,OTHER,tinh_dan_su,dvc_2018,2018-01-01,,v2.0.0,HIGH
1349,OTH_STC_HD,Sở Tài chính Hải Dương,OTHER,tinh_dan_su,dvc_2018,2018-01-01,,v2.0.0,HIGH
1350,OTH_STP_HD,Sở Tư pháp Hải Dương,OTHER,other_dan_su,dvc_2018,2018-01-01,,v2.0.0,HIGH
1351,OTH_SKH_HD,Sở Kế hoạch và Đầu tư Hải Dương,OTHER,other_dan_su,dvc_2018,2018-01-01,,v2.0.0,HIGH
1352,OTH_SXD_HD,Sở Xây dựng Hải Dương,OTHER,other_dan_su,dvc_2018,2018-01-01,,v2.0.0,HIGH
1353,OTH_STNMT_HD,Sở Tài nguyên và Môi trường Hải Dương,OTHER,truong_dan_su,dvc_2018,2018-01-01,,v2.0.0,HIGH
1354,OTH_SNV_HD,Sở Nội vụ Hải Dương,OTHER,other_dan_su,dvc_2018,2018-01-01,,v2.0.0,HIGH
1355,OTH_UBND_HY,Ủy ban nhân dân Hưng Yên,OTHER,tinh_dan_su,dvc_2018,2018-01-01,,v2.0.0,HIGH
1356,OTH_BHXH_HY,Bảo hiểm Xã hội Hưng Yên,OTHER,tinh_dan_su,dvc_2018,2018-01-01,,v2.0.0,HIGH
1357,OTH_SYT_HY,Sở Y tế Hưng Yên,OTHER,tinh_dan_su,dvc_2018,2018-01-01,,v2.0.0,HIGH
1358,OTH_SGD_HY,Sở Giáo dục và Đào tạo Hưng Yên,OTHER,tinh_dan_su,dvc_2018,2018-01-01,,v2.0.0,HIGH
1359,OTH_STC_HY,Sở Tài chính Hưng Yên,OTHER,tinh_dan_su,dvc_2018,2018-01-01,,v2.0.0,HIGH
1360,OTH_STP_HY,Sở Tư pháp Hưng Yên,OTHER,other_dan_su,dvc_2018,2018-01-01,,v2.0.0,HIGH
1361,OTH_SKH_HY,Sở Kế hoạch và Đầu tư Hưng Yên,OTHER,other_dan_su,dvc_2018,2018-01-01,,v2.0.0,HIGH
1362,OTH_SXD_HY,Sở Xây dựng Hưng Yên,OTHER,other_dan_su,dvc_2018,2018-01-01,,v2.0.0,HIGH
1363,OTH_STNMT_HY,Sở Tài nguyên và Môi trường Hưng Yên,OTHER,truong_dan_su,dvc_2018,2018-01-01,,v2.0.0,HIGH
1364,OTH_SNV_HY,Sở Nội vụ Hưng Yên,OTHER,other_dan_su,dvc_2018,2018-01-01,,v2.0.0,HIGH
1365,OTH_UBND_TBI,Ủy ban nhân dân Thái Bình,OTHER,tinh_dan_su,dvc_2018,2018-01-01,,v2.0.0,HIGH
1366,OTH_BHXH_TBI,Bảo hiểm Xã hội Thái Bình,OTHER,tinh_dan_su,dvc_2018,2018-01-01,,v2.0.0,HIGH
1367,OTH_SYT_TBI,Sở Y tế Thái Bình,OTHER,tinh_dan_su,dvc_2018,2018-01-01,,v2.0.0,HIGH
1368,OTH_SGD_TBI,Sở Giáo dục và Đào tạo Thái Bình,OTHER,tinh_dan_su,dvc_2018,2018-01-01,,v2.0.0,HIGH
1369,OTH_STC_TBI,Sở Tài chính Thái Bình,OTHER,tinh_dan_su,dvc_2018,2018-01-01,,v2.0.0,HIGH
1370,OTH_STP_TBI,Sở Tư pháp Thái Bình,OTHER,other_dan_su,dvc_2018,2018-01-01,,v2.0.0,HIGH
1371,OTH_SKH_TBI,Sở Kế hoạch và Đầu tư Thái Bình,OTHER,other_dan_su,dvc_2018,2018-01-01,,v2.0.0,HIGH
1372,OTH_SXD_TBI,Sở Xây dựng Thái Bình,OTHER,other_dan_su,dvc_2018,2018-01-01,,v2.0.0,HIGH
1373,OTH_STNMT_TBI,Sở Tài nguyên và Môi trường Thái Bình,OTHER,truong_dan_su,dvc_2018,2018-01-01,,v2.0.0,HIGH
1374,OTH_SNV_TBI,Sở Nội vụ Thái Bình,OTHER,other_dan_su,dvc_2018,2018-01-01,,v2.0.0,HIGH
1375,OTH_UBND_NDI,Ủy ban nhân dân Nam Định,OTHER,tinh_dan_su,dvc_2018,2018-01-01,,v2.0.0,HIGH
1376,OTH_BHXH_NDI,Bảo hiểm Xã hội Nam Định,OTHER,tinh_dan_su,dvc_2018,2018-01-01,,v2.0.0,HIGH
1377,OTH_SYT_NDI,Sở Y tế Nam Định,OTHER,tinh_dan_su,dvc_2018,2018-01-01,,v2.0.0,HIGH
1378,OTH_SGD_NDI,Sở Giáo dục và Đào tạo Nam Định,OTHER,tinh_dan_su,dvc_2018,2018-01-01,,v2.0.0,HIGH
1379,OTH_STC_NDI,Sở Tài chính Nam Định,OTHER,tinh_dan_su,dvc_2018,2018-01-01,,v2.0.0,HIGH
1380,OTH_STP_NDI,Sở Tư pháp Nam Định,OTHER,other_dan_su,dvc_2018,2018-01-01,,v2.0.0,HIGH
1381,OTH_SKH_NDI,Sở Kế hoạch và Đầu tư Nam Định,OTHER,other_dan_su,dvc_2018,2018-01-01,,v2.0.0,HIGH
1382,OTH_SXD_NDI,Sở Xây dựng Nam Định,OTHER,other_dan_su,dvc_2018,2018-01-01,,v2.0.0,HIGH
1383,OTH_STNMT_NDI,Sở Tài nguyên và Môi trường Nam Định,OTHER,truong_dan_su,dvc_2018,2018-01-01,,v2.0.0,HIGH
1384,OTH_SNV_NDI,Sở Nội vụ Nam Định,OTHER,other_dan_su,dvc_2018,2018-01-01,,v2.0.0,HIGH
1385,OTH_UBND_HNA,Ủy ban nhân dân Hà Nam,OTHER,tinh_dan_su,dvc_2018,2018-01-01,,v2.0.0,HIGH
1386,OTH_BHXH_HNA,Bảo hiểm Xã hội Hà Nam,OTHER,tinh_dan_su,dvc_2018,2018-01-01,,v2.0.0,HIGH
1387,OTH_SYT_HNA,Sở Y tế Hà Nam,OTHER,tinh_dan_su,dvc_2018,2018-01-01,,v2.0.0,HIGH
1388,OTH_SGD_HNA,Sở Giáo dục và Đào tạo Hà Nam,OTHER,tinh_dan_su,dvc_2018,2018-01-01,,v2.0.0,HIGH
1389,OTH_STC_HNA,Sở Tài chính Hà Nam,OTHER,tinh_dan_su,dvc_2018,2018-01-01,,v2.0.0,HIGH
1390,OTH_STP_HNA,Sở Tư pháp Hà Nam,OTHER,other_dan_su,dvc_2018,2018-01-01,,v2.0.0,HIGH
1391,OTH_SKH_HNA,Sở Kế hoạch và Đầu tư Hà Nam,OTHER,other_dan_su,dvc_2018,2018-01-01,,v2.0.0,HIGH
1392,OTH_SXD_HNA,Sở Xây dựng Hà Nam,OTHER,other_dan_su,dvc_2018,2018-01-01,,v2.0.0,HIGH
1393,OTH_STNMT_HNA,Sở Tài nguyên và Môi trường Hà Nam,OTHER,truong_dan_su,dvc_2018,2018-01-01,,v2.0.0,HIGH
1394,OTH_SNV_HNA,Sở Nội vụ Hà Nam,OTHER,other_dan_su,dvc_2018,2018-01-01,,v2.0.0,HIGH
1395,OTH_UBND_NB,Ủy ban nhân dân Ninh Bình,OTHER,tinh_dan_su,dvc_2018,2018-01-01,,v2.0.0,HIGH
1396,OTH_BHXH_NB,Bảo hiểm Xã hội Ninh Bình,OTHER,tinh_dan_su,dvc_2018,2018-01-01,,v2.0.0,HIGH
1397,OTH_SYT_NB,Sở Y tế Ninh Bình,OTHER,tinh_dan_su,dvc_2018,2018-01-01,,v2.0.0,HIGH
1398,OTH_SGD_NB,Sở Giáo dục và Đào tạo Ninh Bình,OTHER,tinh_dan_su,dvc_2018,2018-01-01,,v2.0.0,HIGH
1399,OTH_STC_NB,Sở Tài chính Ninh Bình,OTHER,tinh_dan_su,dvc_2018,2018-01-01,,v2.0.0,HIGH
1400,OTH_STP_NB,Sở Tư pháp Ninh Bình,OTHER,other_dan_su,dvc_2018,2018-01-01,,v2.0.0,HIGH
1401,OTH_SKH_NB,Sở Kế hoạch và Đầu tư Ninh Bình,OTHER,other_dan_su,dvc_2018,2018-01-01,,v2.0.0,HIGH
1402,OTH_SXD_NB,Sở Xây dựng Ninh Bình,OTHER,other_dan_su,dvc_2018,2018-01-01,,v2.0.0,HIGH
1403,OTH_STNMT_NB,Sở Tài nguyên và Môi trường Ninh Bình,OTHER,truong_dan_su,dvc_2018,2018-01-01,,v2.0.0,HIGH
1404,OTH_SNV_NB,Sở Nội vụ Ninh Bình,OTHER,other_dan_su,dvc_2018,2018-01-01,,v2.0.0,HIGH
1405,OTH_UBND_VP,Ủy ban nhân dân Vĩnh Phúc,OTHER,tinh_dan_su,dvc_2018,2018-01-01,,v2.0.0,HIGH
1406,OTH_BHXH_VP,Bảo hiểm Xã hội Vĩnh Phúc,OTHER,tinh_dan_su,dvc_2018,2018-01-01,,v2.0.0,HIGH
1407,OTH_SYT_VP,Sở Y tế Vĩnh Phúc,OTHER,tinh_dan_su,dvc_2018,2018-01-01,,v2.0.0,HIGH
1408,OTH_SGD_VP,Sở Giáo dục và Đào tạo Vĩnh Phúc,OTHER,tinh_dan_su,dvc_2018,2018-01-01,,v2.0.0,HIGH
1409,OTH_STC_VP,Sở Tài chính Vĩnh Phúc,OTHER,tinh_dan_su,dvc_2018,2018-01-01,,v2.0.0,HIGH
1410,OTH_STP_VP,Sở Tư pháp Vĩnh Phúc,OTHER,other_dan_su,dvc_2018,2018-01-01,,v2.0.0,HIGH
1411,OTH_SKH_VP,Sở Kế hoạch và Đầu tư Vĩnh Phúc,OTHER,other_dan_su,dvc_2018,2018-01-01,,v2.0.0,HIGH
1412,OTH_SXD_VP,Sở Xây dựng Vĩnh Phúc,OTHER,other_dan_su,dvc_2018,2018-01-01,,v2.0.0,HIGH
1413,OTH_STNMT_VP,Sở Tài nguyên và Môi trường Vĩnh Phúc,OTHER,truong_dan_su,dvc_2018,2018-01-01,,v2.0.0,HIGH
1414,OTH_SNV_VP,Sở Nội vụ Vĩnh Phúc,OTHER,other_dan_su,dvc_2018,2018-01-01,,v2.0.0,HIGH
1415,OTH_UBND_BNI,Ủy ban nhân dân Bắc Ninh,OTHER,tinh_dan_su,dvc_2018,2018-01-01,,v2.0.0,HIGH
1416,OTH_BHXH_BNI,Bảo hiểm Xã hội Bắc Ninh,OTHER,tinh_dan_su,dvc_2018,2018-01-01,,v2.0.0,HIGH
1417,OTH_SYT_BNI,Sở Y tế Bắc Ninh,OTHER,tinh_dan_su,dvc_2018,2018-01-01,,v2.0.0,HIGH
1418,OTH_SGD_BNI,Sở Giáo dục và Đào tạo Bắc Ninh,OTHER,tinh_dan_su,dvc_2018,2018-01-01,,v2.0.0,HIGH
1419,OTH_STC_BNI,Sở Tài chính Bắc Ninh,OTHER,tinh_dan_su,dvc_2018,2018-01-01,,v2.0.0,HIGH
1420,OTH_STP_BNI,Sở Tư pháp Bắc Ninh,OTHER,other_dan_su,dvc_2018,2018-01-01,,v2.0.0,HIGH
1421,OTH_SKH_BNI,Sở Kế hoạch và Đầu tư Bắc Ninh,OTHER,other_dan_su,dvc_2018,2018-01-01,,v2.0.0,HIGH
1422,OTH_SXD_BNI,Sở Xây dựng Bắc Ninh,OTHER,other_dan_su,dvc_2018,2018-01-01,,v2.0.0,HIGH
1423,OTH_STNMT_BNI,Sở Tài nguyên và Môi trường Bắc Ninh,OTHER,truong_dan_su,dvc_2018,2018-01-01,,v2.0.0,HIGH
1424,OTH_SNV_BNI,Sở Nội vụ Bắc Ninh,OTHER,other_dan_su,dvc_2018,2018-01-01,,v2.0.0,HIGH
1425,OTH_UBND_BGI,Ủy ban nhân dân Bắc Giang,OTHER,tinh_dan_su,dvc_2018,2018-01-01,,v2.0.0,HIGH
1426,OTH_BHXH_BGI,Bảo hiểm Xã hội Bắc Giang,OTHER,tinh_dan_su,dvc_2018,2018-01-01,,v2.0.0,HIGH
1427,OTH_SYT_BGI,Sở Y tế Bắc Giang,OTHER,tinh_dan_su,dvc_2018,2018-01-01,,v2.0.0,HIGH
1428,OTH_SGD_BGI,Sở Giáo dục và Đào tạo Bắc Giang,OTHER,tinh_dan_su,dvc_2018,2018-01-01,,v2.0.0,HIGH
1429,OTH_STC_BGI,Sở Tài chính Bắc Giang,OTHER,tinh_dan_su,dvc_2018,2018-01-01,,v2.0.0,HIGH
1430,OTH_STP_BGI,Sở Tư pháp Bắc Giang,OTHER,other_dan_su,dvc_2018,2018-01-01,,v2.0.0,HIGH
1431,OTH_SKH_BGI,Sở Kế hoạch và Đầu tư Bắc Giang,OTHER,other_dan_su,dvc_2018,2018-01-01,,v2.0.0,HIGH
1432,OTH_SXD_BGI,Sở Xây dựng Bắc Giang,OTHER,other_dan_su,dvc_2018,2018-01-01,,v2.0.0,HIGH
1433,OTH_STNMT_BGI,Sở Tài nguyên và Môi trường Bắc Giang,OTHER,truong_dan_su,dvc_2018,2018-01-01,,v2.0.0,HIGH
1434,OTH_SNV_BGI,Sở Nội vụ Bắc Giang,OTHER,other_dan_su,dvc_2018,2018-01-01,,v2.0.0,HIGH
1435,OTH_UBND_PTH,Ủy ban nhân dân Phú Thọ,OTHER,tinh_dan_su,dvc_2018,2018-01-01,,v2.0.0,HIGH
1436,OTH_BHXH_PTH,Bảo hiểm Xã hội Phú Thọ,OTHER,tinh_dan_su,dvc_2018,2018-01-01,,v2.0.0,HIGH
1437,OTH_SYT_PTH,Sở Y tế Phú Thọ,OTHER,tinh_dan_su,dvc_2018,2018-01-01,,v2.0.0,HIGH
1438,OTH_SGD_PTH,Sở Giáo dục và Đào tạo Phú Thọ,OTHER,tinh_dan_su,dvc_2018,2018-01-01,,v2.0.0,HIGH
1439,OTH_STC_PTH,Sở Tài chính Phú Thọ,OTHER,tinh_dan_su,dvc_2018,2018-01-01,,v2.0.0,HIGH
1440,OTH_STP_PTH,Sở Tư pháp Phú Thọ,OTHER,other_dan_su,dvc_2018,2018-01-01,,v2.0.0,HIGH
1441,OTH_SKH_PTH,Sở Kế hoạch và Đầu tư Phú Thọ,OTHER,other_dan_su,dvc_2018,2018-01-01,,v2.0.0,HIGH
1442,OTH_SXD_PTH,Sở Xây dựng Phú Thọ,OTHER,other_dan_su,dvc_2018,2018-01-01,,v2.0.0,HIGH
1443,OTH_STNMT_PTH,Sở Tài nguyên và Môi trường Phú Thọ,OTHER,truong_dan_su,dvc_2018,2018-01-01,,v2.0.0,HIGH
1444,OTH_SNV_PTH,Sở Nội vụ Phú Thọ,OTHER,other_dan_su,dvc_2018,2018-01-01,,v2.0.0,HIGH
1445,OTH_UBND_TNG,Ủy ban nhân dân Thái Nguyên,OTHER,tinh_dan_su,dvc_2018,2018-01-01,,v2.0.0,HIGH
1446,OTH_BHXH_TNG,Bảo hiểm Xã hội Thái Nguyên,OTHER,tinh_dan_su,dvc_2018,2018-01-01,,v2.0.0,HIGH
1447,OTH_SYT_TNG,Sở Y tế Thái Nguyên,OTHER,tinh_dan_su,dvc_2018,2018-01-01,,v2.0.0,HIGH
1448,OTH_SGD_TNG,Sở Giáo dục và Đào tạo Thái Nguyên,OTHER,tinh_dan_su,dvc_2018,2018-01-01,,v2.0.0,HIGH
1449,OTH_STC_TNG,Sở Tài chính Thái Nguyên,OTHER,tinh_dan_su,dvc_2018,2018-01-01,,v2.0.0,HIGH
1450,OTH_STP_TNG,Sở Tư pháp Thái Nguyên,OTHER,other_dan_su,dvc_2018,2018-01-01,,v2.0.0,HIGH
1451,OTH_SKH_TNG,Sở Kế hoạch và Đầu tư Thái Nguyên,OTHER,other_dan_su,dvc_2018,2018-01-01,,v2.0.0,HIGH
1452,OTH_SXD_TNG,Sở Xây dựng Thái Nguyên,OTHER,other_dan_su,dvc_2018,2018-01-01,,v2.0.0,HIGH
1453,OTH_STNMT_TNG,Sở Tài nguyên và Môi trường Thái Nguyên,OTHER,truong_dan_su,dvc_2018,2018-01-01,,v2.0.0,HIGH
1454,OTH_SNV_TNG,Sở Nội vụ Thái Nguyên,OTHER,other_dan_su,dvc_2018,2018-01-01,,v2.0.0,HIGH
1455,OTH_UBND_YBI,Ủy ban nhân dân Yên Bái,OTHER,tinh_dan_su,dvc_2018,2018-01-01,,v2.0.0,HIGH
1456,OTH_BHXH_YBI,Bảo hiểm Xã hội Yên Bái,OTHER,tinh_dan_su,dvc_2018,2018-01-01,,v2.0.0,HIGH
1457,OTH_SYT_YBI,Sở Y tế Yên Bái,OTHER,tinh_dan_su,dvc_2018,2018-01-01,,v2.0.0,HIGH
1458,OTH_SGD_YBI,Sở Giáo dục và Đào tạo Yên Bái,OTHER,tinh_dan_su,dvc_2018,2018-01-01,,v2.0.0,HIGH
1459,OTH_STC_YBI,Sở Tài chính Yên Bái,OTHER,tinh_dan_su,dvc_2018,2018-01-01,,v2.0.0,HIGH
1460,OTH_STP_YBI,Sở Tư pháp Yên Bái,OTHER,other_dan_su,dvc_2018,2018-01-01,,v2.0.0,HIGH
1461,OTH_SKH_YBI,Sở Kế hoạch và Đầu tư Yên Bái,OTHER,other_dan_su,dvc_2018,2018-01-01,,v2.0.0,HIGH
1462,OTH_SXD_YBI,Sở Xây dựng Yên Bái,OTHER,other_dan_su,dvc_2018,2018-01-01,,v2.0.0,HIGH
1463,OTH_STNMT_YBI,Sở Tài nguyên và Môi trường Yên Bái,OTHER,truong_dan_su,dvc_2018,2018-01-01,,v2.0.0,HIGH
1464,OTH_SNV_YBI,Sở Nội vụ Yên Bái,OTHER,other_dan_su,dvc_2018,2018-01-01,,v2.0.0,HIGH
1465,OTH_UBND_TQ,Ủy ban nhân dân Tuyên Quang,OTHER,tinh_dan_su,dvc_2018,2018-01-01,,v2.0.0,HIGH
1466,OTH_BHXH_TQ,Bảo hiểm Xã hội Tuyên Quang,OTHER,tinh_dan_su,dvc_2018,2018-01-01,,v2.0.0,HIGH
1467,OTH_SYT_TQ,Sở Y tế Tuyên Quang,OTHER,tinh_dan_su,dvc_2018,2018-01-01,,v2.0.0,HIGH
1468,OTH_SGD_TQ,Sở Giáo dục và Đào tạo Tuyên Quang,OTHER,tinh_dan_su,dvc_2018,2018-01-01,,v2.0.0,HIGH
1469,OTH_STC_TQ,Sở Tài chính Tuyên Quang,OTHER,tinh_dan_su,dvc_2018,2018-01-01,,v2.0.0,HIGH
1470,OTH_STP_TQ,Sở Tư pháp Tuyên Quang,OTHER,other_dan_su,dvc_2018,2018-01-01,,v2.0.0,HIGH
1471,OTH_SKH_TQ,Sở Kế hoạch và Đầu tư Tuyên Quang,OTHER,other_dan_su,dvc_2018,2018-01-01,,v2.0.0,HIGH
1472,OTH_SXD_TQ,Sở Xây dựng Tuyên Quang,OTHER,other_dan_su,dvc_2018,2018-01-01,,v2.0.0,HIGH
1473,OTH_STNMT_TQ,Sở Tài nguyên và Môi trường Tuyên Quang,OTHER,truong_dan_su,dvc_2018,2018-01-01,,v2.0.0,HIGH
1474,OTH_SNV_TQ,Sở Nội vụ Tuyên Quang,OTHER,other_dan_su,dvc_2018,2018-01-01,,v2.0.0,HIGH
1475,OTH_UBND_HGI,Ủy ban nhân dân Hà Giang,OTHER,tinh_dan_su,dvc_2018,2018-01-01,,v2.0.0,HIGH
1476,OTH_BHXH_HGI,Bảo hiểm Xã hội Hà Giang,OTHER,tinh_dan_su,dvc_2018,2018-01-01,,v2.0.0,HIGH
1477,OTH_SYT_HGI,Sở Y tế Hà Giang,OTHER,tinh_dan_su,dvc_2018,2018-01-01,,v2.0.0,HIGH
1478,OTH_SGD_HGI,Sở Giáo dục và Đào tạo Hà Giang,OTHER,tinh_dan_su,dvc_2018,2018-01-01,,v2.0.0,HIGH
1479,OTH_STC_HGI,Sở Tài chính Hà Giang,OTHER,tinh_dan_su,dvc_2018,2018-01-01,,v2.0.0,HIGH
1480,OTH_STP_HGI,Sở Tư pháp Hà Giang,OTHER,other_dan_su,dvc_2018,2018-01-01,,v2.0.0,HIGH
1481,OTH_SKH_HGI,Sở Kế hoạch và Đầu tư Hà Giang,OTHER,other_dan_su,dvc_2018,2018-01-01,,v2.0.0,HIGH
1482,OTH_SXD_HGI,Sở Xây dựng Hà Giang,OTHER,other_dan_su,dvc_2018,2018-01-01,,v2.0.0,HIGH
1483,OTH_STNMT_HGI,Sở Tài nguyên và Môi trường Hà Giang,OTHER,truong_dan_su,dvc_2018,2018-01-01,,v2.0.0,HIGH
1484,OTH_SNV_HGI,Sở Nội vụ Hà Giang,OTHER,other_dan_su,dvc_2018,2018-01-01,,v2.0.0,HIGH
1485,OTH_UBND_CBG,Ủy ban nhân dân Cao Bằng,OTHER,tinh_dan_su,dvc_2018,2018-01-01,,v2.0.0,HIGH
1486,OTH_BHXH_CBG,Bảo hiểm Xã hội Cao Bằng,OTHER,tinh_dan_su,dvc_2018,2018-01-01,,v2.0.0,HIGH
1487,OTH_SYT_CBG,Sở Y tế Cao Bằng,OTHER,tinh_dan_su,dvc_2018,2018-01-01,,v2.0.0,HIGH
1488,OTH_SGD_CBG,Sở Giáo dục và Đào tạo Cao Bằng,OTHER,tinh_dan_su,dvc_2018,2018-01-01,,v2.0.0,HIGH
1489,OTH_STC_CBG,Sở Tài chính Cao Bằng,OTHER,tinh_dan_su,dvc_2018,2018-01-01,,v2.0.0,HIGH
1490,OTH_STP_CBG,Sở Tư pháp Cao Bằng,OTHER,other_dan_su,dvc_2018,2018-01-01,,v2.0.0,HIGH
1491,OTH_SKH_CBG,Sở Kế hoạch và Đầu tư Cao Bằng,OTHER,other_dan_su,dvc_2018,2018-01-01,,v2.0.0,HIGH
1492,OTH_SXD_CBG,Sở Xây dựng Cao Bằng,OTHER,other_dan_su,dvc_2018,2018-01-01,,v2.0.0,HIGH
1493,OTH_STNMT_CBG,Sở Tài nguyên và Môi trường Cao Bằng,OTHER,truong_dan_su,dvc_2018,2018-01-01,,v2.0.0,HIGH
1494,OTH_SNV_CBG,Sở Nội vụ Cao Bằng,OTHER,other_dan_su,dvc_2018,2018-01-01,,v2.0.0,HIGH
1495,OTH_UBND_LSO,Ủy ban nhân dân Lạng Sơn,OTHER,tinh_dan_su,dvc_2018,2018-01-01,,v2.0.0,HIGH
1496,OTH_BHXH_LSO,Bảo hiểm Xã hội Lạng Sơn,OTHER,tinh_dan_su,dvc_2018,2018-01-01,,v2.0.0,HIGH
1497,OTH_SYT_LSO,Sở Y tế Lạng Sơn,OTHER,tinh_dan_su,dvc_2018,2018-01-01,,v2.0.0,HIGH
1498,OTH_SGD_LSO,Sở Giáo dục và Đào tạo Lạng Sơn,OTHER,tinh_dan_su,dvc_2018,2018-01-01,,v2.0.0,HIGH
1499,OTH_STC_LSO,Sở Tài chính Lạng Sơn,OTHER,tinh_dan_su,dvc_2018,2018-01-01,,v2.0.0,HIGH
1500,OTH_STP_LSO,Sở Tư pháp Lạng Sơn,OTHER,other_dan_su,dvc_2018,2018-01-01,,v2.0.0,HIGH
1501,OTH_SKH_LSO,Sở Kế hoạch và Đầu tư Lạng Sơn,OTHER,other_dan_su,dvc_2018,2018-01-01,,v2.0.0,HIGH
1502,OTH_SXD_LSO,Sở Xây dựng Lạng Sơn,OTHER,other_dan_su,dvc_2018,2018-01-01,,v2.0.0,HIGH
1503,OTH_STNMT_LSO,Sở Tài nguyên và Môi trường Lạng Sơn,OTHER,truong_dan_su,dvc_2018,2018-01-01,,v2.0.0,HIGH
1504,OTH_SNV_LSO,Sở Nội vụ Lạng Sơn,OTHER,other_dan_su,dvc_2018,2018-01-01,,v2.0.0,HIGH
1505,OTH_UBND_BKN,Ủy ban nhân dân Bắc Kạn,OTHER,tinh_dan_su,dvc_2018,2018-01-01,,v2.0.0,HIGH
1506,OTH_BHXH_BKN,Bảo hiểm Xã hội Bắc Kạn,OTHER,tinh_dan_su,dvc_2018,2018-01-01,,v2.0.0,HIGH
1507,OTH_SYT_BKN,Sở Y tế Bắc Kạn,OTHER,tinh_dan_su,dvc_2018,2018-01-01,,v2.0.0,HIGH
1508,OTH_SGD_BKN,Sở Giáo dục và Đào tạo Bắc Kạn,OTHER,tinh_dan_su,dvc_2018,2018-01-01,,v2.0.0,HIGH
1509,OTH_STC_BKN,Sở Tài chính Bắc Kạn,OTHER,tinh_dan_su,dvc_2018,2018-01-01,,v2.0.0,HIGH
1510,OTH_STP_BKN,Sở Tư pháp Bắc Kạn,OTHER,other_dan_su,dvc_2018,2018-01-01,,v2.0.0,HIGH
1511,OTH_SKH_BKN,Sở Kế hoạch và Đầu tư Bắc Kạn,OTHER,other_dan_su,dvc_2018,2018-01-01,,v2.0.0,HIGH
1512,OTH_SXD_BKN,Sở Xây dựng Bắc Kạn,OTHER,other_dan_su,dvc_2018,2018-01-01,,v2.0.0,HIGH
1513,OTH_STNMT_BKN,Sở Tài nguyên và Môi trường Bắc Kạn,OTHER,truong_dan_su,dvc_2018,2018-01-01,,v2.0.0,HIGH
1514,OTH_SNV_BKN,Sở Nội vụ Bắc Kạn,OTHER,other_dan_su,dvc_2018,2018-01-01,,v2.0.0,HIGH
1515,OTH_UBND_SLA,Ủy ban nhân dân Sơn La,OTHER,tinh_dan_su,dvc_2018,2018-01-01,,v2.0.0,HIGH
1516,OTH_BHXH_SLA,Bảo hiểm Xã hội Sơn La,OTHER,tinh_dan_su,dvc_2018,2018-01-01,,v2.0.0,HIGH
1517,OTH_SYT_SLA,Sở Y tế Sơn La,OTHER,tinh_dan_su,dvc_2018,2018-01-01,,v2.0.0,HIGH
1518,OTH_SGD_SLA,Sở Giáo dục và Đào tạo Sơn La,OTHER,tinh_dan_su,dvc_2018,2018-01-01,,v2.0.0,HIGH
1519,OTH_STC_SLA,Sở Tài chính Sơn La,OTHER,tinh_dan_su,dvc_2018,2018-01-01,,v2.0.0,HIGH
1520,OTH_STP_SLA,Sở Tư pháp Sơn La,OTHER,other_dan_su,dvc_2018,2018-01-01,,v2.0.0,HIGH
1521,OTH_SKH_SLA,Sở Kế hoạch và Đầu tư Sơn La,OTHER,other_dan_su,dvc_2018,2018-01-01,,v2.0.0,HIGH
1522,OTH_SXD_SLA,Sở Xây dựng Sơn La,OTHER,other_dan_su,dvc_2018,2018-01-01,,v2.0.0,HIGH
1523,OTH_STNMT_SLA,Sở Tài nguyên và Môi trường Sơn La,OTHER,truong_dan_su,dvc_2018,2018-01-01,,v2.0.0,HIGH
1524,OTH_SNV_SLA,Sở Nội vụ Sơn La,OTHER,other_dan_su,dvc_2018,2018-01-01,,v2.0.0,HIGH
1525,OTH_UBND_DB,Ủy ban nhân dân Điện Biên,OTHER,tinh_dan_su,dvc_2018,2018-01-01,,v2.0.0,HIGH
1526,OTH_BHXH_DB,Bảo hiểm Xã hội Điện Biên,OTHER,tinh_dan_su,dvc_2018,2018-01-01,,v2.0.0,HIGH
1527,OTH_SYT_DB,Sở Y tế Điện Biên,OTHER,tinh_dan_su,dvc_2018,2018-01-01,,v2.0.0,HIGH
1528,OTH_SGD_DB,Sở Giáo dục và Đào tạo Điện Biên,OTHER,tinh_dan_su,dvc_2018,2018-01-01,,v2.0.0,HIGH
1529,OTH_STC_DB,Sở Tài chính Điện Biên,OTHER,tinh_dan_su,dvc_2018,2018-01-01,,v2.0.0,HIGH
1530,OTH_STP_DB,Sở Tư pháp Điện Biên,OTHER,other_dan_su,dvc_2018,2018-01-01,,v2.0.0,HIGH
1531,OTH_SKH_DB,Sở Kế hoạch và Đầu tư Điện Biên,OTHER,other_dan_su,dvc_2018,2018-01-01,,v2.0.0,HIGH
1532,OTH_SXD_DB,Sở Xây dựng Điện Biên,OTHER,other_dan_su,dvc_2018,2018-01-01,,v2.0.0,HIGH
1533,OTH_STNMT_DB,Sở Tài nguyên và Môi trường Điện Biên,OTHER,truong_dan_su,dvc_2018,2018-01-01,,v2.0.0,HIGH
1534,OTH_SNV_DB,Sở Nội vụ Điện Biên,OTHER,other_dan_su,dvc_2018,2018-01-01,,v2.0.0,HIGH
1535,OTH_UBND_LCH,Ủy ban nhân dân Lai Châu,OTHER,tinh_dan_su,dvc_2018,2018-01-01,,v2.0.0,HIGH
1536,OTH_BHXH_LCH,Bảo hiểm Xã hội Lai Châu,OTHER,tinh_dan_su,dvc_2018,2018-01-01,,v2.0.0,HIGH
1537,OTH_SYT_LCH,Sở Y tế Lai Châu,OTHER,tinh_dan_su,dvc_2018,2018-01-01,,v2.0.0,HIGH
1538,OTH_SGD_LCH,Sở Giáo dục và Đào tạo Lai Châu,OTHER,tinh_dan_su,dvc_2018,2018-01-01,,v2.0.0,HIGH
1539,OTH_STC_LCH,Sở Tài chính Lai Châu,OTHER,tinh_dan_su,dvc_2018,2018-01-01,,v2.0.0,HIGH
1540,OTH_STP_LCH,Sở Tư pháp Lai Châu,OTHER,other_dan_su,dvc_2018,2018-01-01,,v2.0.0,HIGH
1541,OTH_SKH_LCH,Sở Kế hoạch và Đầu tư Lai Châu,OTHER,other_dan_su,dvc_2018,2018-01-01,,v2.0.0,HIGH
1542,OTH_SXD_LCH,Sở Xây dựng Lai Châu,OTHER,other_dan_su,dvc_2018,2018-01-01,,v2.0.0,HIGH
1543,OTH_STNMT_LCH,Sở Tài nguyên và Môi trường Lai Châu,OTHER,truong_dan_su,dvc_2018,2018-01-01,,v2.0.0,HIGH
1544,OTH_SNV_LCH,Sở Nội vụ Lai Châu,OTHER,other_dan_su,dvc_2018,2018-01-01,,v2.0.0,HIGH
1545,OTH_UBND_LCA,Ủy ban nhân dân Lào Cai,OTHER,tinh_dan_su,dvc_2018,2018-01-01,,v2.0.0,HIGH
1546,OTH_BHXH_LCA,Bảo hiểm Xã hội Lào Cai,OTHER,tinh_dan_su,dvc_2018,2018-01-01,,v2.0.0,HIGH
1547,OTH_SYT_LCA,Sở Y tế Lào Cai,OTHER,tinh_dan_su,dvc_2018,2018-01-01,,v2.0.0,HIGH
1548,OTH_SGD_LCA,Sở Giáo dục và Đào tạo Lào Cai,OTHER,tinh_dan_su,dvc_2018,2018-01-01,,v2.0.0,HIGH
1549,OTH_STC_LCA,Sở Tài chính Lào Cai,OTHER,tinh_dan_su,dvc_2018,2018-01-01,,v2.0.0,HIGH
1550,OTH_STP_LCA,Sở Tư pháp Lào Cai,OTHER,other_dan_su,dvc_2018,2018-01-01,,v2.0.0,HIGH
1551,OTH_SKH_LCA,Sở Kế hoạch và Đầu tư Lào Cai,OTHER,other_dan_su,dvc_2018,2018-01-01,,v2.0.0,HIGH
1552,OTH_SXD_LCA,Sở Xây dựng Lào Cai,OTHER,other_dan_su,dvc_2018,2018-01-01,,v2.0.0,HIGH
1553,OTH_STNMT_LCA,Sở Tài nguyên và Môi trường Lào Cai,OTHER,truong_dan_su,dvc_2018,2018-01-01,,v2.0.0,HIGH
1554,OTH_SNV_LCA,Sở Nội vụ Lào Cai,OTHER,other_dan_su,dvc_2018,2018-01-01,,v2.0.0,HIGH
1555,OTH_UBND_HN_BDG,Ủy ban nhân dân Ba Đình - Hà Nội,OTHER,tinh_dan_su,dvc_2018,2018-01-01,,v2.0.0,HIGH
1556,OTH_BHXH_HN_BDG,Bảo hiểm Xã hội Ba Đình - Hà Nội,OTHER,tinh_dan_su,dvc_2018,2018-01-01,,v2.0.0,HIGH
1557,OTH_UBND_HN_HK,Ủy ban nhân dân Hoàn Kiếm - Hà Nội,OTHER,tinh_dan_su,dvc_2018,2018-01-01,,v2.0.0,HIGH
1558,OTH_BHXH_HN_HK,Bảo hiểm Xã hội Hoàn Kiếm - Hà Nội,OTHER,tinh_dan_su,dvc_2018,2018-01-01,,v2.0.0,HIGH
1559,OTH_UBND_HN_CG,Ủy ban nhân dân Cầu Giấy - Hà Nội,OTHER,tinh_dan_su,dvc_2018,2018-01-01,,v2.0.0,HIGH
1560,OTH_BHXH_HN_CG,Bảo hiểm Xã hội Cầu Giấy - Hà Nội,OTHER,tinh_dan_su,dvc_2018,2018-01-01,,v2.0.0,HIGH
1561,OTH_UBND_HN_DD,Ủy ban nhân dân Đống Đa - Hà Nội,OTHER,tinh_dan_su,dvc_2018,2018-01-01,,v2.0.0,HIGH
1562,OTH_BHXH_HN_DD,Bảo hiểm Xã hội Đống Đa - Hà Nội,OTHER,tinh_dan_su,dvc_2018,2018-01-01,,v2.0.0,HIGH
1563,OTH_UBND_HN_TX,Ủy ban nhân dân Thanh Xuân - Hà Nội,OTHER,tinh_dan_su,dvc_2018,2018-01-01,,v2.0.0,HIGH
1564,OTH_BHXH_HN_TX,Bảo hiểm Xã hội Thanh Xuân - Hà Nội,OTHER,tinh_dan_su,dvc_2018,2018-01-01,,v2.0.0,HIGH
1565,OTH_UBND_HN_GL,Ủy ban nhân dân Gia Lâm - Hà Nội,OTHER,tinh_dan_su,dvc_2018,2018-01-01,,v2.0.0,HIGH
1566,OTH_BHXH_HN_GL,Bảo hiểm Xã hội Gia Lâm - Hà Nội,OTHER,tinh_dan_su,dvc_2018,2018-01-01,,v2.0.0,HIGH
1567,OTH_UBND_HN_SOC,Ủy ban nhân dân Sóc Sơn - Hà Nội,OTHER,tinh_dan_su,dvc_2018,2018-01-01,,v2.0.0,HIGH
1568,OTH_BHXH_HN_SOC,Bảo hiểm Xã hội Sóc Sơn - Hà Nội,OTHER,tinh_dan_su,dvc_2018,2018-01-01,,v2.0.0,HIGH
1569,OTH_UBND_HN_DDA,Ủy ban nhân dân Đông Anh - Hà Nội,OTHER,tinh_dan_su,dvc_2018,2018-01-01,,v2.0.0,HIGH
1570,OTH_BHXH_HN_DDA,Bảo hiểm Xã hội Đông Anh - Hà Nội,OTHER,tinh_dan_su,dvc_2018,2018-01-01,,v2.0.0,HIGH
1571,OTH_UBND_HTAY_HDO,Ủy ban nhân dân Hà Đông - Hà Tây,OTHER,tinh_dan_su,legacy_record_dvc,2018-01-01,2008-08-01,v2.0.0,MEDIUM
1572,OTH_BHXH_HTAY_HDO,Bảo hiểm Xã hội Hà Đông - Hà Tây,OTHER,tinh_dan_su,legacy_record_dvc,2018-01-01,2008-08-01,v2.0.0,MEDIUM
1573,OTH_UBND_HTAY_ST,Ủy ban nhân dân Sơn Tây - Hà Tây,OTHER,tinh_dan_su,legacy_record_dvc,2018-01-01,2008-08-01,v2.0.0,MEDIUM
1574,OTH_BHXH_HTAY_ST,Bảo hiểm Xã hội Sơn Tây - Hà Tây,OTHER,tinh_dan_su,legacy_record_dvc,2018-01-01,2008-08-01,v2.0.0,MEDIUM
1575,OTH_UBND_HTAY_BV,Ủy ban nhân dân Ba Vì - Hà Tây,OTHER,tinh_dan_su,legacy_record_dvc,2018-01-01,2008-08-01,v2.0.0,MEDIUM
1576,OTH_BHXH_HTAY_BV,Bảo hiểm Xã hội Ba Vì - Hà Tây,OTHER,tinh_dan_su,legacy_record_dvc,2018-01-01,2008-08-01,v2.0.0,MEDIUM
1577,OTH_UBND_HTAY_CT,Ủy ban nhân dân Chương Mỹ - Hà Tây,OTHER,tinh_dan_su,legacy_record_dvc,2018-01-01,2008-08-01,v2.0.0,MEDIUM
1578,OTH_BHXH_HTAY_CT,Bảo hiểm Xã hội Chương Mỹ - Hà Tây,OTHER,tinh_dan_su,legacy_record_dvc,2018-01-01,2008-08-01,v2.0.0,MEDIUM
1579,OTH_UBND_HCM_Q1,Ủy ban nhân dân Quận 1 - Thành phố Hồ Chí Minh,OTHER,tinh_dan_su,dvc_2018,2018-01-01,,v2.0.0,HIGH
1580,OTH_BHXH_HCM_Q1,Bảo hiểm Xã hội Quận 1 - Thành phố Hồ Chí Minh,OTHER,tinh_dan_su,dvc_2018,2018-01-01,,v2.0.0,HIGH
1581,OTH_UBND_HCM_Q3,Ủy ban nhân dân Quận 3 - Thành phố Hồ Chí Minh,OTHER,tinh_dan_su,dvc_2018,2018-01-01,,v2.0.0,HIGH
1582,OTH_BHXH_HCM_Q3,Bảo hiểm Xã hội Quận 3 - Thành phố Hồ Chí Minh,OTHER,tinh_dan_su,dvc_2018,2018-01-01,,v2.0.0,HIGH
1583,OTH_UBND_HCM_Q7,Ủy ban nhân dân Quận 7 - Thành phố Hồ Chí Minh,OTHER,tinh_dan_su,dvc_2018,2018-01-01,,v2.0.0,HIGH
1584,OTH_BHXH_HCM_Q7,Bảo hiểm Xã hội Quận 7 - Thành phố Hồ Chí Minh,OTHER,tinh_dan_su,dvc_2018,2018-01-01,,v2.0.0,HIGH
1585,OTH_UBND_HCM_BT,Ủy ban nhân dân Bình Thạnh - Thành phố Hồ Chí Minh,OTHER,tinh_dan_su,dvc_2018,2018-01-01,,v2.0.0,HIGH
1586,OTH_BHXH_HCM_BT,Bảo hiểm Xã hội Bình Thạnh - Thành phố Hồ Chí Minh,OTHER,tinh_dan_su,dvc_2018,2018-01-01,,v2.0.0,HIGH
1587,OTH_UBND_HCM_TB,Ủy ban nhân dân Tân Bình - Thành phố Hồ Chí Minh,OTHER,tinh_dan_su,dvc_2018,2018-01-01,,v2.0.0,HIGH
1588,OTH_BHXH_HCM_TB,Bảo hiểm Xã hội Tân Bình - Thành phố Hồ Chí Minh,OTHER,tinh_dan_su,dvc_2018,2018-01-01,,v2.0.0,HIGH
1589,OTH_UBND_HCM_GV,Ủy ban nhân dân Gò Vấp - Thành phố Hồ Chí Minh,OTHER,tinh_dan_su,dvc_2018,2018-01-01,,v2.0.0,HIGH
1590,OTH_BHXH_HCM_GV,Bảo hiểm Xã hội Gò Vấp - Thành phố Hồ Chí Minh,OTHER,tinh_dan_su,dvc_2018,2018-01-01,,v2.0.0,HIGH
1591,OTH_UBND_HCM_BC,Ủy ban nhân dân Bình Chánh - Thành phố Hồ Chí Minh,OTHER,tinh_dan_su,dvc_2018,2018-01-01,,v2.0.0,HIGH
1592,OTH_BHXH_HCM_BC,Bảo hiểm Xã hội Bình Chánh - Thành phố Hồ Chí Minh,OTHER,tinh_dan_su,dvc_2018,2018-01-01,,v2.0.0,HIGH
1593,OTH_UBND_HCM_HM,Ủy ban nhân dân Hóc Môn - Thành phố Hồ Chí Minh,OTHER,tinh_dan_su,dvc_2018,2018-01-01,,v2.0.0,HIGH
1594,OTH_BHXH_HCM_HM,Bảo hiểm Xã hội Hóc Môn - Thành phố Hồ Chí Minh,OTHER,tinh_dan_su,dvc_2018,2018-01-01,,v2.0.0,HIGH
1595,OTH_UBND_DN_HC,Ủy ban nhân dân Hải Châu - Đà Nẵng,OTHER,tinh_dan_su,dvc_2018,2018-01-01,,v2.0.0,HIGH
1596,OTH_BHXH_DN_HC,Bảo hiểm Xã hội Hải Châu - Đà Nẵng,OTHER,tinh_dan_su,dvc_2018,2018-01-01,,v2.0.0,HIGH
1597,OTH_UBND_DN_TK,Ủy ban nhân dân Thanh Khê - Đà Nẵng,OTHER,tinh_dan_su,dvc_2018,2018-01-01,,v2.0.0,HIGH
1598,OTH_BHXH_DN_TK,Bảo hiểm Xã hội Thanh Khê - Đà Nẵng,OTHER,tinh_dan_su,dvc_2018,2018-01-01,,v2.0.0,HIGH
1599,OTH_UBND_DN_NHS,Ủy ban nhân dân Ngũ Hành Sơn - Đà Nẵng,OTHER,tinh_dan_su,dvc_2018,2018-01-01,,v2.0.0,HIGH
1600,OTH_BHXH_DN_NHS,Bảo hiểm Xã hội Ngũ Hành Sơn - Đà Nẵng,OTHER,tinh_dan_su,dvc_2018,2018-01-01,,v2.0.0,HIGH
1601,OTH_UBND_DN_CL,Ủy ban nhân dân Cẩm Lệ - Đà Nẵng,OTHER,tinh_dan_su,dvc_2018,2018-01-01,,v2.0.0,HIGH
1602,OTH_BHXH_DN_CL,Bảo hiểm Xã hội Cẩm Lệ - Đà Nẵng,OTHER,tinh_dan_su,dvc_2018,2018-01-01,,v2.0.0,HIGH
1603,OTH_UBND_HP_HB,Ủy ban nhân dân Hồng Bàng - Hải Phòng,OTHER,tinh_dan_su,dvc_2018,2018-01-01,,v2.0.0,HIGH
1604,OTH_BHXH_HP_HB,Bảo hiểm Xã hội Hồng Bàng - Hải Phòng,OTHER,tinh_dan_su,dvc_2018,2018-01-01,,v2.0.0,HIGH
1605,OTH_UBND_HP_NG,Ủy ban nhân dân Ngô Quyền - Hải Phòng,OTHER,tinh_dan_su,dvc_2018,2018-01-01,,v2.0.0,HIGH
1606,OTH_BHXH_HP_NG,Bảo hiểm Xã hội Ngô Quyền - Hải Phòng,OTHER,tinh_dan_su,dvc_2018,2018-01-01,,v2.0.0,HIGH
1607,OTH_UBND_HP_LC,Ủy ban nhân dân Lê Chân - Hải Phòng,OTHER,tinh_dan_su,dvc_2018,2018-01-01,,v2.0.0,HIGH
1608,OTH_BHXH_HP_LC,Bảo hiểm Xã hội Lê Chân - Hải Phòng,OTHER,tinh_dan_su,dvc_2018,2018-01-01,,v2.0.0,HIGH
1609,OTH_UBND_HP_AD,Ủy ban nhân dân An Dương - Hải Phòng,OTHER,tinh_dan_su,dvc_2018,2018-01-01,,v2.0.0,HIGH
1610,OTH_BHXH_HP_AD,Bảo hiểm Xã hội An Dương - Hải Phòng,OTHER,tinh_dan_su,dvc_2018,2018-01-01,,v2.0.0,HIGH
1611,OTH_UBND_DNAI_BH,Ủy ban nhân dân Biên Hòa - Đồng Nai,OTHER,tinh_dan_su,dvc_2018,2018-01-01,,v2.0.0,HIGH
1612,OTH_BHXH_DNAI_BH,Bảo hiểm Xã hội Biên Hòa - Đồng Nai,OTHER,tinh_dan_su,dvc_2018,2018-01-01,,v2.0.0,HIGH
1613,OTH_UBND_DNAI_LK,Ủy ban nhân dân Long Khánh - Đồng Nai,OTHER,tinh_dan_su,dvc_2018,2018-01-01,,v2.0.0,HIGH
1614,OTH_BHXH_DNAI_LK,Bảo hiểm Xã hội Long Khánh - Đồng Nai,OTHER,tinh_dan_su,dvc_2018,2018-01-01,,v2.0.0,HIGH
1615,OTH_UBND_DNAI_LT,Ủy ban nhân dân Long Thành - Đồng Nai,OTHER,tinh_dan_su,dvc_2018,2018-01-01,,v2.0.0,HIGH
1616,OTH_BHXH_DNAI_LT,Bảo hiểm Xã hội Long Thành - Đồng Nai,OTHER,tinh_dan_su,dvc_2018,2018-01-01,,v2.0.0,HIGH
1617,OTH_UBND_DNAI_TRB,Ủy ban nhân dân Trảng Bom - Đồng Nai,OTHER,tinh_dan_su,dvc_2018,2018-01-01,,v2.0.0,HIGH
1618,OTH_BHXH_DNAI_TRB,Bảo hiểm Xã hội Trảng Bom - Đồng Nai,OTHER,tinh_dan_su,dvc_2018,2018-01-01,,v2.0.0,HIGH
1619,OTH_UBND_BD_TDM,Ủy ban nhân dân Thủ Dầu Một - Bình Dương,OTHER,tinh_dan_su,dvc_2018,2018-01-01,,v2.0.0,HIGH
1620,OTH_BHXH_BD_TDM,Bảo hiểm Xã hội Thủ Dầu Một - Bình Dương,OTHER,tinh_dan_su,dvc_2018,2018-01-01,,v2.0.0,HIGH
1621,OTH_UBND_BD_DA,Ủy ban nhân dân Dĩ An - Bình Dương,OTHER,tinh_dan_su,dvc_2018,2018-01-01,,v2.0.0,HIGH
1622,OTH_BHXH_BD_DA,Bảo hiểm Xã hội Dĩ An - Bình Dương,OTHER,tinh_dan_su,dvc_2018,2018-01-01,,v2.0.0,HIGH
1623,OTH_UBND_BD_TA,Ủy ban nhân dân Thuận An - Bình Dương,OTHER,tinh_dan_su,dvc_2018,2018-01-01,,v2.0.0,HIGH
1624,OTH_BHXH_BD_TA,Bảo hiểm Xã hội Thuận An - Bình Dương,OTHER,tinh_dan_su,dvc_2018,2018-01-01,,v2.0.0,HIGH
1625,OTH_UBND_BD_BCT,Ủy ban nhân dân Bến Cát - Bình Dương,OTHER,tinh_dan_su,dvc_2018,2018-01-01,,v2.0.0,HIGH
1626,OTH_BHXH_BD_BCT,Bảo hiểm Xã hội Bến Cát - Bình Dương,OTHER,tinh_dan_su,dvc_2018,2018-01-01,,v2.0.0,HIGH
1627,BCA_CA_HCM_THUDUC,Công an Thành phố Thủ Đức - Thành phố Hồ Chí Minh,BCA,cap_tinh,nq_1111_2021,2021-01-01,,v2.0.0,HIGH
1628,BQP_BCH_HCM_THUDUC,Ban Chỉ huy Quân sự Thành phố Thủ Đức - Thành phố Hồ Chí Minh,BQP,cap_trung_tieu_doan,nq_1111_2021,2021-01-01,,v2.0.0,HIGH
1629,OTH_UBND_HCM_THUDUC,Ủy ban nhân dân Thành phố Thủ Đức - Thành phố Hồ Chí Minh,OTHER,tinh_dan_su,nq_1111_2021,2021-01-01,,v2.0.0,HIGH
1630,BQP_QD12,Quân đoàn 12,BQP,quan_doan,catalog_2024,2024-01-01,,v2.0.0,HIGH
1631,BQP_F308,Sư đoàn 308 Quân đoàn 12,BQP,quan_doan,catalog_2024,2024-01-01,,v2.0.0,HIGH
1632,BQP_F312,Sư đoàn 312 Quân đoàn 12,BQP,quan_doan,catalog_2024,2024-01-01,,v2.0.0,HIGH
1633,BCA_C11,Cục Cảnh sát phòng chống tội phạm công nghệ cao,BCA,cap_bo,nd_bca_2026_2026,2026-01-01,,v2.0.0,HIGH
