alias_id,unit_id,unit_code,alias_name,alias_type,generator_source
1,1,BCA_C01,Văn phòng Cơ quan Cảnh sát điều tra Bộ Công an,canonical,manual_registry
2,1,BCA_C01,C01,abbreviation,manual_domain
3,1,BCA_C01,C01 BCA,abbreviation,manual_domain
4,1,BCA_C01,VP CSĐT,abbreviation,manual_domain
5,1,BCA_C01,Văn phòng CSĐT,alias,manual_domain
6,1,BCA_C01,PC01 Bộ Công an,abbreviation,domain_rules
7,1,BCA_C01,Van phong Co quan Canh sat đieu tra Bo Cong an,no_accent,auto_rule
8,1,BCA_C01,VPCSĐTBCA,abbreviation,auto_rule
9,1,BCA_C01,Văn phòngCơ quan Cảnh sát điều tra Bộ Công an,typo_ocr,noise_injector
10,2,BCA_C02,Cục Cảnh sát hình sự,canonical,manual_registry
11,2,BCA_C02,C02,abbreviation,manual_domain
12,2,BCA_C02,Cục CSHS,abbreviation,manual_domain
13,2,BCA_C02,Cuc Canh sat hinh su,no_accent,auto_rule
14,2,BCA_C02,CCSHS,abbreviation,auto_rule
15,3,BCA_C03,"Cục Cảnh sát điều tra tội phạm về tham nhũng, kinh tế, buôn lậu",canonical,manual_registry
16,3,BCA_C03,C03,abbreviation,manual_domain
17,3,BCA_C03,Cục CSKT,abbreviation,manual_domain
18,3,BCA_C03,Cục Cảnh sát kinh tế,alias,manual_domain
19,3,BCA_C03,"Cuc Canh sat đieu tra toi pham ve tham nhung, kinh te, buon lau",no_accent,auto_rule
20,3,BCA_C03,CCSĐTTPTNKTBL,abbreviation,auto_rule
21,3,BCA_C03,"Cụ Cảnh sát điề tra tội phạm về tham nhũng, kinh tế, buôn lậu",typo_ocr,noise_injector
22,3,BCA_C03,"Cục Cảnh sát điều ra tội phạm về tham nhũng,kinh tế, buôn lậu",typo_ocr,noise_injector
23,4,BCA_C04,Cục Cảnh sát điều tra tội phạm về ma túy,canonical,manual_registry
24,4,BCA_C04,C04,abbreviation,manual_domain
25,4,BCA_C04,C04 BCA,abbreviation,manual_domain
26,4,BCA_C04,Cục ma túy,alias,manual_domain
27,4,BCA_C04,Cục CSĐT tội phạm về ma túy,alias,manual_domain
28,4,BCA_C04,Cuc Canh sat đieu tra toi pham ve ma tuy,no_accent,auto_rule
29,4,BCA_C04,CCSĐTTPMT,abbreviation,auto_rule
30,4,BCA_C04,Cục Cảnh sát điều tr tội phạm về ma túy,typo_ocr,noise_injector
31,5,BCA_C06,Cục Cảnh sát quản lý hành chính về trật tự xã hội,canonical,manual_registry
32,5,BCA_C06,C06,abbreviation,manual_domain
33,5,BCA_C06,Cục QLHC về TTXH,abbreviation,manual_domain
34,5,BCA_C06,Cục CSQLHC,abbreviation,manual_domain
35,5,BCA_C06,Cuc Canh sat quan ly hanh chinh ve trat tu xa hoi,no_accent,auto_rule
36,5,BCA_C06,CCSQLHCTTXH,abbreviation,auto_rule
37,6,BCA_C08,Cục Cảnh sát giao thông,canonical,manual_registry
38,6,BCA_C08,C08,abbreviation,manual_domain
39,6,BCA_C08,Cục CSGT,abbreviation,manual_domain
40,6,BCA_C08,Cục Cảnh sát GT,alias,manual_domain
41,6,BCA_C08,Cuc Canh sat giao thong,no_accent,auto_rule
42,6,BCA_C08,CCSGT,abbreviation,auto_rule
43,7,BCA_C10,"Cục Cảnh sát quản lý trại giam, cơ sở giáo dục bắt buộc",canonical,manual_registry
44,7,BCA_C10,C10,abbreviation,manual_domain
45,7,BCA_C10,Cục Cảnh sát trại giam,alias,manual_domain
46,7,BCA_C10,"Cuc Canh sat quan ly trai giam, co so giao duc bat buoc",no_accent,auto_rule
47,7,BCA_C10,CCSQLTGSGDBB,abbreviation,auto_rule
48,7,BCA_C10,"Cục Cảnh sát quản lý trại gia, cơ sở giáo dục bắt buộc",typo_ocr,noise_injector
49,8,BCA_A05,Cục An ninh mạng và phòng chống tội phạm công nghệ cao,canonical,manual_registry
50,8,BCA_A05,A05,abbreviation,manual_domain
51,8,BCA_A05,Cục An ninh mạng,alias,manual_domain
52,8,BCA_A05,ANM BCA,abbreviation,manual_domain
53,8,BCA_A05,Cuc An ninh mang va phong chong toi pham cong nghe cao,no_accent,auto_rule
54,8,BCA_A05,CANMPCTPCNC,abbreviation,auto_rule
55,8,BCA_A05,ục An ninh mạng và phòng chống tội phạm công nghệ cao,typo_ocr,noise_injector
56,8,BCA_A05,Cục An ninh mạng và phòng chống tội phạm công ngh cao,typo_ocr,noise_injector
57,9,BCA_K01,Bộ Tư lệnh Cảnh vệ,canonical,manual_registry
58,9,BCA_K01,K01,abbreviation,manual_domain
59,9,BCA_K01,BTL Cảnh vệ,abbreviation,manual_domain
60,9,BCA_K01,Bo Tu lenh Canh ve,no_accent,auto_rule
61,9,BCA_K01,BTLCV,abbreviation,auto_rule
62,9,BCA_K01,Bộ Tư lệnh Cản vệ,typo_ocr,noise_injector
63,10,BCA_K02,Bộ Tư lệnh Cảnh sát cơ động,canonical,manual_registry
64,10,BCA_K02,K02,abbreviation,manual_domain
65,10,BCA_K02,BTL CSCĐ,abbreviation,manual_domain
66,10,BCA_K02,CSCĐ,abbreviation,manual_domain
67,10,BCA_K02,Cảnh sát cơ động,alias,manual_domain
68,10,BCA_K02,Bo Tu lenh Canh sat co đong,no_accent,auto_rule
69,10,BCA_K02,BTLCSĐ,abbreviation,auto_rule
70,11,BCA_T01,Học viện An ninh nhân dân,canonical,manual_registry
71,11,BCA_T01,ANND,abbreviation,manual_domain
72,11,BCA_T01,Học viện ANND,abbreviation,manual_domain
73,11,BCA_T01,HV An ninh,alias,manual_domain
74,11,BCA_T01,T01,short_code,manual_domain
75,11,BCA_T01,Hoc vien An ninh nhan dan,no_accent,auto_rule
76,11,BCA_T01,HVAN,abbreviation,auto_rule
77,12,BCA_T02,Học viện Cảnh sát nhân dân,canonical,manual_registry
78,12,BCA_T02,CSND,abbreviation,manual_domain
79,12,BCA_T02,Học viện CSND,abbreviation,manual_domain
80,12,BCA_T02,HV Cảnh sát,alias,manual_domain
81,12,BCA_T02,T02,short_code,manual_domain
82,12,BCA_T02,Hoc vien Canh sat nhan dan,no_accent,auto_rule
83,12,BCA_T02,HVCS,abbreviation,auto_rule
84,13,BCA_T03,Học viện Chính trị Công an nhân dân,canonical,manual_registry
85,13,BCA_T03,Hoc vien Chinh tri Cong an nhan dan,no_accent,auto_rule
86,13,BCA_T03,HVCTCA,abbreviation,auto_rule
87,13,BCA_T03,Học viện Chnh trị Công an nhân dân,typo_ocr,noise_injector
88,14,BCA_BV198,Bệnh viện 19 - 8 Bộ Công an,canonical,manual_registry
89,14,BCA_BV198,Benh vien 19 - 8 Bo Cong an,no_accent,auto_rule
90,14,BCA_BV198,BV1BCA,abbreviation,auto_rule
91,14,BCA_BV198,Bệnh viện 19 - 8 B Công an,typo_ocr,noise_injector
92,15,BCA_BV304,Bệnh viện 30 - 4 Bộ Công an,canonical,manual_registry
93,15,BCA_BV304,Benh vien 30 - 4 Bo Cong an,no_accent,auto_rule
94,15,BCA_BV304,BV3BCA,abbreviation,auto_rule
95,16,BCA_CA_HN,Công an Thành phố Hà Nội,canonical,manual_registry
96,16,BCA_CA_HN,CATP Hà Nội,abbreviation,manual_domain
97,16,BCA_CA_HN,CA TP Hà Nội,alias,manual_domain
98,16,BCA_CA_HN,CA Hà Nội,abbreviation,manual_domain
99,16,BCA_CA_HN,Cong an Ha Noi,no_accent,manual_domain
100,16,BCA_CA_HN,Công an TP HN,alias,manual_domain
101,16,BCA_CA_HN,Cong an Thanh pho Ha Noi,no_accent,auto_rule
102,16,BCA_CA_HN,CATPHN,abbreviation,auto_rule
103,16,BCA_CA_HN,Công a Thành phố Hà Nội,typo_ocr,noise_injector
104,16,BCA_CA_HN,Công an Thành ph Hà Nội,typo_ocr,noise_injector
105,17,BCA_CA_HN_PC01,Văn phòng Cơ quan Cảnh sát điều tra - Công an Thành phố Hà Nội,canonical,manual_registry
106,17,BCA_CA_HN_PC01,PC01 HN,short_code,manual_domain
107,17,BCA_CA_HN_PC01,PC01 CATP Hà Nội,abbreviation,manual_domain
108,17,BCA_CA_HN_PC01,Văn phòng Cơ quan Cảnh sát điều tra - CATP Hà Nội,abbreviation,domain_rules
109,17,BCA_CA_HN_PC01,Văn phòng Cơ quan Cảnh sát điều tra - CA TP Hà Nội,alias,domain_rules
110,17,BCA_CA_HN_PC01,Văn phòng Cơ quan Cảnh sát điều tra - CA Hà Nội,abbreviation,domain_rules
111,17,BCA_CA_HN_PC01,PC01 - Công an Thành phố Hà Nội,abbreviation,domain_rules
112,17,BCA_CA_HN_PC01,Van phong Co quan Canh sat đieu tra - Cong an Thanh pho Ha Noi,no_accent,auto_rule
113,17,BCA_CA_HN_PC01,VPCSĐTCATPHN,abbreviation,auto_rule
114,18,BCA_CA_HN_PC02,Phòng Cảnh sát hình sự - Công an Thành phố Hà Nội,canonical,manual_registry
115,18,BCA_CA_HN_PC02,Phòng Cảnh sát hình sự - CATP Hà Nội,abbreviation,domain_rules
116,18,BCA_CA_HN_PC02,Phòng Cảnh sát hình sự - CA TP Hà Nội,alias,domain_rules
117,18,BCA_CA_HN_PC02,Phòng Cảnh sát hình sự - CA Hà Nội,abbreviation,domain_rules
118,18,BCA_CA_HN_PC02,PC02 - Công an Thành phố Hà Nội,abbreviation,domain_rules
119,18,BCA_CA_HN_PC02,Phòng CSHS - Công an Thành phố Hà Nội,alias,domain_rules
120,18,BCA_CA_HN_PC02,Phong Canh sat hinh su - Cong an Thanh pho Ha Noi,no_accent,auto_rule
121,18,BCA_CA_HN_PC02,PCSHSCATPHN,abbreviation,auto_rule
122,18,BCA_CA_HN_PC02,Phòng Cảnh sát hình sự - Côngan Thành hố Hà Nội,typo_ocr,noise_injector
123,18,BCA_CA_HN_PC02,Phng Cảnh sát hình sự - Côg an Thành phố Hà Nội,typo_ocr,noise_injector
124,19,BCA_CA_HN_PC03,Phòng Cảnh sát kinh tế - Công an Thành phố Hà Nội,canonical,manual_registry
125,19,BCA_CA_HN_PC03,Phòng Cảnh sát kinh tế - CATP Hà Nội,abbreviation,domain_rules
126,19,BCA_CA_HN_PC03,Phòng Cảnh sát kinh tế - CA TP Hà Nội,alias,domain_rules
127,19,BCA_CA_HN_PC03,Phòng Cảnh sát kinh tế - CA Hà Nội,abbreviation,domain_rules
128,19,BCA_CA_HN_PC03,Phong Canh sat kinh te - Cong an Thanh pho Ha Noi,no_accent,auto_rule
129,19,BCA_CA_HN_PC03,PCSKTCATPHN,abbreviation,auto_rule
130,19,BCA_CA_HN_PC03,Phòng Cảnh sát kinh tế - Côg an Thàn phố Hà Nội,typo_ocr,noise_injector
131,19,BCA_CA_HN_PC03,Phòng Cảnh sát kinh tế  Công an Thành phố Hà Nội,typo_ocr,noise_injector
132,20,BCA_CA_HN_PC04,Phòng Cảnh sát điều tra tội phạm về ma túy - Công an Thành phố Hà Nội,canonical,manual_registry
133,20,BCA_CA_HN_PC04,Phòng Cảnh sát điều tra tội phạm về ma túy - CATP Hà Nội,abbreviation,domain_rules
134,20,BCA_CA_HN_PC04,Phòng Cảnh sát điều tra tội phạm về ma túy - CA TP Hà Nội,alias,domain_rules
135,20,BCA_CA_HN_PC04,Phòng Cảnh sát điều tra tội phạm về ma túy - CA Hà Nội,abbreviation,domain_rules
136,20,BCA_CA_HN_PC04,PC04 - Công an Thành phố Hà Nội,abbreviation,domain_rules
137,20,BCA_CA_HN_PC04,Phòng CS ma túy - Công an Thành phố Hà Nội,alias,domain_rules
138,20,BCA_CA_HN_PC04,Phong Canh sat đieu tra toi pham ve ma tuy - Cong an Thanh pho Ha Noi,no_accent,auto_rule
139,20,BCA_CA_HN_PC04,PCSĐTTPMTCATPHN,abbreviation,auto_rule
140,21,BCA_CA_HN_PC06,Phòng Cảnh sát quản lý hành chính về trật tự xã hội - Công an Thành phố Hà Nội,canonical,manual_registry
141,21,BCA_CA_HN_PC06,Phòng Cảnh sát quản lý hành chính về trật tự xã hội - CATP Hà Nội,abbreviation,domain_rules
142,21,BCA_CA_HN_PC06,Phòng Cảnh sát quản lý hành chính về trật tự xã hội - CA TP Hà Nội,alias,domain_rules
143,21,BCA_CA_HN_PC06,Phòng Cảnh sát quản lý hành chính về trật tự xã hội - CA Hà Nội,abbreviation,domain_rules
144,21,BCA_CA_HN_PC06,PC06 - Công an Thành phố Hà Nội,abbreviation,domain_rules
145,21,BCA_CA_HN_PC06,Phòng CSQLHC - Công an Thành phố Hà Nội,alias,domain_rules
146,21,BCA_CA_HN_PC06,Phong Canh sat quan ly hanh chinh ve trat tu xa hoi - Cong an Thanh pho Ha Noi,no_accent,auto_rule
147,21,BCA_CA_HN_PC06,PCSQLHCTTXHCATPHN,abbreviation,auto_rule
148,21,BCA_CA_HN_PC06,Phòng Cảnh sát quản lý hànhcính về trật tự xã hội - Công an Thành phố Hà Nội,typo_ocr,noise_injector
149,21,BCA_CA_HN_PC06,Phng Cảnhsát quản lý hành chín về trật tự xã hội - Công an Thành phố Hà Nội,typo_ocr,noise_injector
150,22,BCA_CA_HN_PC08,Phòng Cảnh sát giao thông - Công an Thành phố Hà Nội,canonical,manual_registry
151,22,BCA_CA_HN_PC08,Phòng Cảnh sát giao thông - CATP Hà Nội,abbreviation,domain_rules
152,22,BCA_CA_HN_PC08,Phòng Cảnh sát giao thông - CA TP Hà Nội,alias,domain_rules
153,22,BCA_CA_HN_PC08,Phòng Cảnh sát giao thông - CA Hà Nội,abbreviation,domain_rules
154,22,BCA_CA_HN_PC08,PC08 - Công an Thành phố Hà Nội,abbreviation,domain_rules
155,22,BCA_CA_HN_PC08,Phòng CSGT - Công an Thành phố Hà Nội,alias,domain_rules
156,22,BCA_CA_HN_PC08,Phong Canh sat giao thong - Cong an Thanh pho Ha Noi,no_accent,auto_rule
157,22,BCA_CA_HN_PC08,PCSGTCATPHN,abbreviation,auto_rule
158,22,BCA_CA_HN_PC08,Phòng Cảnh sát giao thông  Công an Thành phố Hà Nội,typo_ocr,noise_injector
159,22,BCA_CA_HN_PC08,Phòng Cảnh sát giao thông - Công an Thành pố Hà Nội,typo_ocr,noise_injector
160,23,BCA_CA_HN_PA01,Phòng An ninh đối ngoại - Công an Thành phố Hà Nội,canonical,manual_registry
161,23,BCA_CA_HN_PA01,Phòng An ninh đối ngoại - CATP Hà Nội,abbreviation,domain_rules
162,23,BCA_CA_HN_PA01,Phòng An ninh đối ngoại - CA TP Hà Nội,alias,domain_rules
163,23,BCA_CA_HN_PA01,Phòng An ninh đối ngoại - CA Hà Nội,abbreviation,domain_rules
164,23,BCA_CA_HN_PA01,Phong An ninh đoi ngoai - Cong an Thanh pho Ha Noi,no_accent,auto_rule
165,23,BCA_CA_HN_PA01,PANĐNCATPHN,abbreviation,auto_rule
166,23,BCA_CA_HN_PA01,Phòng An ninh đối ngoại - Công anThành phố Hà Nội,typo_ocr,noise_injector
167,23,BCA_CA_HN_PA01,Phòng An ninh ối ngoại - Công an Thành phố Hà ội,typo_ocr,noise_injector
168,24,BCA_CA_HN_PA02,Phòng An ninh nội địa - Công an Thành phố Hà Nội,canonical,manual_registry
169,24,BCA_CA_HN_PA02,Phòng An ninh nội địa - CATP Hà Nội,abbreviation,domain_rules
170,24,BCA_CA_HN_PA02,Phòng An ninh nội địa - CA TP Hà Nội,alias,domain_rules
171,24,BCA_CA_HN_PA02,Phòng An ninh nội địa - CA Hà Nội,abbreviation,domain_rules
172,24,BCA_CA_HN_PA02,Phong An ninh noi đia - Cong an Thanh pho Ha Noi,no_accent,auto_rule
173,24,BCA_CA_HN_PA02,PANNĐCATPHN,abbreviation,auto_rule
174,24,BCA_CA_HN_PA02,Phòng An ninh nội địa - Công an hành phố Hà Nội,typo_ocr,noise_injector
175,25,BCA_CA_HN_PA03,Phòng An ninh chính trị nội bộ - Công an Thành phố Hà Nội,canonical,manual_registry
176,25,BCA_CA_HN_PA03,Phòng An ninh chính trị nội bộ - CATP Hà Nội,abbreviation,domain_rules
177,25,BCA_CA_HN_PA03,Phòng An ninh chính trị nội bộ - CA TP Hà Nội,alias,domain_rules
178,25,BCA_CA_HN_PA03,Phòng An ninh chính trị nội bộ - CA Hà Nội,abbreviation,domain_rules
179,25,BCA_CA_HN_PA03,Phong An ninh chinh tri noi bo - Cong an Thanh pho Ha Noi,no_accent,auto_rule
180,25,BCA_CA_HN_PA03,PANCTNBCATPHN,abbreviation,auto_rule
181,25,BCA_CA_HN_PA03,Phòg An ninh chín trị nội bộ - Công an Thành phố Hà Nội,typo_ocr,noise_injector
182,26,BCA_CA_HN_PA05,Phòng An ninh mạng và phòng chống tội phạm công nghệ cao - Công an Thành phố Hà Nội,canonical,manual_registry
183,26,BCA_CA_HN_PA05,Phòng An ninh mạng và phòng chống tội phạm công nghệ cao - CATP Hà Nội,abbreviation,domain_rules
184,26,BCA_CA_HN_PA05,Phòng An ninh mạng và phòng chống tội phạm công nghệ cao - CA TP Hà Nội,alias,domain_rules
185,26,BCA_CA_HN_PA05,Phòng An ninh mạng và phòng chống tội phạm công nghệ cao - CA Hà Nội,abbreviation,domain_rules
186,26,BCA_CA_HN_PA05,Phong An ninh mang va phong chong toi pham cong nghe cao - Cong an Thanh pho Ha Noi,no_accent,auto_rule
187,26,BCA_CA_HN_PA05,PANMPCTPCNCCATPHN,abbreviation,auto_rule
188,26,BCA_CA_HN_PA05,Phòng An ninh mạng và phòng chốgti phạm công nhệ cao - Công an Thành phố HàNội,typo_ocr,noise_injector
189,26,BCA_CA_HN_PA05,Phòng An ninh mạng àphòng chống tội phạm công nghệ cao - Công an Thành phố Hà Nội,typo_ocr,noise_injector
190,27,BCA_CA_HTAY,Công an Tỉnh Hà Tây,canonical,manual_registry
191,27,BCA_CA_HTAY,CA Hà Tây,abbreviation,manual_domain
192,27,BCA_CA_HTAY,CATP Hà Tây,abbreviation,manual_domain
193,27,BCA_CA_HTAY,CA Tỉnh Hà Tây,alias,domain_rules
194,27,BCA_CA_HTAY,Cong an Tinh Ha Tay,no_accent,auto_rule
195,27,BCA_CA_HTAY,CATHT,abbreviation,auto_rule
196,28,BCA_CA_HTAY_PC01,Văn phòng Cơ quan Cảnh sát điều tra - Công an Tỉnh Hà Tây,canonical,manual_registry
197,28,BCA_CA_HTAY_PC01,Văn phòng Cơ quan Cảnh sát điều tra - CA Tỉnh Hà Tây,alias,domain_rules
198,28,BCA_CA_HTAY_PC01,Văn phòng Cơ quan Cảnh sát điều tra - CA Hà Tây,abbreviation,domain_rules
199,28,BCA_CA_HTAY_PC01,PC01 - Công an Tỉnh Hà Tây,abbreviation,domain_rules
200,28,BCA_CA_HTAY_PC01,Van phong Co quan Canh sat đieu tra - Cong an Tinh Ha Tay,no_accent,auto_rule
201,28,BCA_CA_HTAY_PC01,VPCSĐTCATHT,abbreviation,auto_rule
202,29,BCA_CA_HTAY_PC02,Phòng Cảnh sát hình sự - Công an Tỉnh Hà Tây,canonical,manual_registry
203,29,BCA_CA_HTAY_PC02,Phòng Cảnh sát hình sự - CA Tỉnh Hà Tây,alias,domain_rules
204,29,BCA_CA_HTAY_PC02,Phòng Cảnh sát hình sự - CA Hà Tây,abbreviation,domain_rules
205,29,BCA_CA_HTAY_PC02,PC02 - Công an Tỉnh Hà Tây,abbreviation,domain_rules
206,29,BCA_CA_HTAY_PC02,Phòng CSHS - Công an Tỉnh Hà Tây,alias,domain_rules
207,29,BCA_CA_HTAY_PC02,Phong Canh sat hinh su - Cong an Tinh Ha Tay,no_accent,auto_rule
208,29,BCA_CA_HTAY_PC02,PCSHSCATHT,abbreviation,auto_rule
209,29,BCA_CA_HTAY_PC02,Phòn Cảnh sát hình sự - Công an Tỉnh HàTây,typo_ocr,noise_injector
210,29,BCA_CA_HTAY_PC02,PhòngCảnh sát hình sự - Công an Tỉnh Hà Tây,typo_ocr,noise_injector
211,30,BCA_CA_HTAY_PC03,Phòng Cảnh sát kinh tế - Công an Tỉnh Hà Tây,canonical,manual_registry
212,30,BCA_CA_HTAY_PC03,Phòng Cảnh sát kinh tế - CA Tỉnh Hà Tây,alias,domain_rules
213,30,BCA_CA_HTAY_PC03,Phòng Cảnh sát kinh tế - CA Hà Tây,abbreviation,domain_rules
214,30,BCA_CA_HTAY_PC03,Phong Canh sat kinh te - Cong an Tinh Ha Tay,no_accent,auto_rule
215,30,BCA_CA_HTAY_PC03,PCSKTCATHT,abbreviation,auto_rule
216,30,BCA_CA_HTAY_PC03,Phòng Cản sát kinh tế - Công an Tỉnh Hà Tây,typo_ocr,noise_injector
217,30,BCA_CA_HTAY_PC03,Phòng Cảnh sát kinh tế - Cng an Tỉnh Hà Tây,typo_ocr,noise_injector
218,31,BCA_CA_HTAY_PC04,Phòng Cảnh sát điều tra tội phạm về ma túy - Công an Tỉnh Hà Tây,canonical,manual_registry
219,31,BCA_CA_HTAY_PC04,Phòng Cảnh sát điều tra tội phạm về ma túy - CA Tỉnh Hà Tây,alias,domain_rules
220,31,BCA_CA_HTAY_PC04,Phòng Cảnh sát điều tra tội phạm về ma túy - CA Hà Tây,abbreviation,domain_rules
221,31,BCA_CA_HTAY_PC04,PC04 - Công an Tỉnh Hà Tây,abbreviation,domain_rules
222,31,BCA_CA_HTAY_PC04,Phòng CS ma túy - Công an Tỉnh Hà Tây,alias,domain_rules
223,31,BCA_CA_HTAY_PC04,Phong Canh sat đieu tra toi pham ve ma tuy - Cong an Tinh Ha Tay,no_accent,auto_rule
224,31,BCA_CA_HTAY_PC04,PCSĐTTPMTCATHT,abbreviation,auto_rule
225,31,BCA_CA_HTAY_PC04,Phòng Cảnh sát điều tra tội phạm về m túy - Công an TỉnhHà Tây,typo_ocr,noise_injector
226,32,BCA_CA_HTAY_PC06,Phòng Cảnh sát quản lý hành chính về trật tự xã hội - Công an Tỉnh Hà Tây,canonical,manual_registry
227,32,BCA_CA_HTAY_PC06,Phòng Cảnh sát quản lý hành chính về trật tự xã hội - CA Tỉnh Hà Tây,alias,domain_rules
228,32,BCA_CA_HTAY_PC06,Phòng Cảnh sát quản lý hành chính về trật tự xã hội - CA Hà Tây,abbreviation,domain_rules
229,32,BCA_CA_HTAY_PC06,PC06 - Công an Tỉnh Hà Tây,abbreviation,domain_rules
230,32,BCA_CA_HTAY_PC06,Phòng CSQLHC - Công an Tỉnh Hà Tây,alias,domain_rules
231,32,BCA_CA_HTAY_PC06,Phong Canh sat quan ly hanh chinh ve trat tu xa hoi - Cong an Tinh Ha Tay,no_accent,auto_rule
232,32,BCA_CA_HTAY_PC06,PCSQLHCTTXHCATHT,abbreviation,auto_rule
233,32,BCA_CA_HTAY_PC06,Phòng Cảnh sát qản lý hành chính về trật tự xã hội - Công an Tỉnh Hà Tây,typo_ocr,noise_injector
234,33,BCA_CA_HTAY_PC08,Phòng Cảnh sát giao thông - Công an Tỉnh Hà Tây,canonical,manual_registry
235,33,BCA_CA_HTAY_PC08,Phòng Cảnh sát giao thông - CA Tỉnh Hà Tây,alias,domain_rules
236,33,BCA_CA_HTAY_PC08,Phòng Cảnh sát giao thông - CA Hà Tây,abbreviation,domain_rules
237,33,BCA_CA_HTAY_PC08,PC08 - Công an Tỉnh Hà Tây,abbreviation,domain_rules
238,33,BCA_CA_HTAY_PC08,Phòng CSGT - Công an Tỉnh Hà Tây,alias,domain_rules
239,33,BCA_CA_HTAY_PC08,Phong Canh sat giao thong - Cong an Tinh Ha Tay,no_accent,auto_rule
240,33,BCA_CA_HTAY_PC08,PCSGTCATHT,abbreviation,auto_rule
241,33,BCA_CA_HTAY_PC08,Phòng Cảnh sát giao thông- Công an Tỉnh Hà Tây,typo_ocr,noise_injector
242,33,BCA_CA_HTAY_PC08,Phòng Cảnh sát giao thng - Công an Tỉnh Hà Tây,typo_ocr,noise_injector
243,34,BCA_CA_HTAY_PA01,Phòng An ninh đối ngoại - Công an Tỉnh Hà Tây,canonical,manual_registry
244,34,BCA_CA_HTAY_PA01,Phòng An ninh đối ngoại - CA Tỉnh Hà Tây,alias,domain_rules
245,34,BCA_CA_HTAY_PA01,Phòng An ninh đối ngoại - CA Hà Tây,abbreviation,domain_rules
246,34,BCA_CA_HTAY_PA01,Phong An ninh đoi ngoai - Cong an Tinh Ha Tay,no_accent,auto_rule
247,34,BCA_CA_HTAY_PA01,PANĐNCATHT,abbreviation,auto_rule
248,34,BCA_CA_HTAY_PA01,Phng An ninh đối ngoại - Công an Tỉnh Hà Tây,typo_ocr,noise_injector
249,35,BCA_CA_HTAY_PA02,Phòng An ninh nội địa - Công an Tỉnh Hà Tây,canonical,manual_registry
250,35,BCA_CA_HTAY_PA02,Phòng An ninh nội địa - CA Tỉnh Hà Tây,alias,domain_rules
251,35,BCA_CA_HTAY_PA02,Phòng An ninh nội địa - CA Hà Tây,abbreviation,domain_rules
252,35,BCA_CA_HTAY_PA02,Phong An ninh noi đia - Cong an Tinh Ha Tay,no_accent,auto_rule
253,35,BCA_CA_HTAY_PA02,PANNĐCATHT,abbreviation,auto_rule
254,36,BCA_CA_HTAY_PA03,Phòng An ninh chính trị nội bộ - Công an Tỉnh Hà Tây,canonical,manual_registry
255,36,BCA_CA_HTAY_PA03,Phòng An ninh chính trị nội bộ - CA Tỉnh Hà Tây,alias,domain_rules
256,36,BCA_CA_HTAY_PA03,Phòng An ninh chính trị nội bộ - CA Hà Tây,abbreviation,domain_rules
257,36,BCA_CA_HTAY_PA03,Phong An ninh chinh tri noi bo - Cong an Tinh Ha Tay,no_accent,auto_rule
258,36,BCA_CA_HTAY_PA03,PANCTNBCATHT,abbreviation,auto_rule
259,36,BCA_CA_HTAY_PA03,Phòng An ninh chính trị nội ộ - Công an Tỉnh Hà Tây,typo_ocr,noise_injector
260,37,BCA_CA_HTAY_PA05,Phòng An ninh mạng và phòng chống tội phạm công nghệ cao - Công an Tỉnh Hà Tây,canonical,manual_registry
261,37,BCA_CA_HTAY_PA05,Phòng An ninh mạng và phòng chống tội phạm công nghệ cao - CA Tỉnh Hà Tây,alias,domain_rules
262,37,BCA_CA_HTAY_PA05,Phòng An ninh mạng và phòng chống tội phạm công nghệ cao - CA Hà Tây,abbreviation,domain_rules
263,37,BCA_CA_HTAY_PA05,Phong An ninh mang va phong chong toi pham cong nghe cao - Cong an Tinh Ha Tay,no_accent,auto_rule
264,37,BCA_CA_HTAY_PA05,PANMPCTPCNCCATHT,abbreviation,auto_rule
265,37,BCA_CA_HTAY_PA05,Pòng An ninh mạng và pòng chống tội phạm công nghệ co - Công an Tỉnh Hà Tây,typo_ocr,noise_injector
266,38,BCA_CA_HCM,Công an Thành phố Thành phố Hồ Chí Minh,canonical,manual_registry
267,38,BCA_CA_HCM,CATP Hồ Chí Minh,abbreviation,manual_domain
268,38,BCA_CA_HCM,Công an TP.HCM,abbreviation,manual_domain
269,38,BCA_CA_HCM,CATP.HCM,abbreviation,manual_domain
270,38,BCA_CA_HCM,CA TP HCM,alias,manual_domain
271,38,BCA_CA_HCM,Cong an TP Ho Chi Minh,no_accent,manual_domain
272,38,BCA_CA_HCM,CATP Thành phố Hồ Chí Minh,abbreviation,domain_rules
273,38,BCA_CA_HCM,CA TP Thành phố Hồ Chí Minh,alias,domain_rules
274,38,BCA_CA_HCM,CA Thành phố Hồ Chí Minh,abbreviation,domain_rules
275,38,BCA_CA_HCM,Cong an Thanh pho Thanh pho Ho Chi Minh,no_accent,auto_rule
276,38,BCA_CA_HCM,CATPTPHCM,abbreviation,auto_rule
277,39,BCA_CA_HCM_PC01,Văn phòng Cơ quan Cảnh sát điều tra - Công an Thành phố Thành phố Hồ Chí Minh,canonical,manual_registry
278,39,BCA_CA_HCM_PC01,Văn phòng Cơ quan Cảnh sát điều tra - CATP Thành phố Hồ Chí Minh,abbreviation,domain_rules
279,39,BCA_CA_HCM_PC01,Văn phòng Cơ quan Cảnh sát điều tra - CA TP Thành phố Hồ Chí Minh,alias,domain_rules
280,39,BCA_CA_HCM_PC01,Văn phòng Cơ quan Cảnh sát điều tra - CA Thành phố Hồ Chí Minh,abbreviation,domain_rules
281,39,BCA_CA_HCM_PC01,PC01 - Công an Thành phố Thành phố Hồ Chí Minh,abbreviation,domain_rules
282,39,BCA_CA_HCM_PC01,Van phong Co quan Canh sat đieu tra - Cong an Thanh pho Thanh pho Ho Chi Minh,no_accent,auto_rule
283,39,BCA_CA_HCM_PC01,VPCSĐTCATPTPHCM,abbreviation,auto_rule
284,39,BCA_CA_HCM_PC01,Văn phòng Cơ quan Cảnh sát điều tra - Công an Thành phố Thành phố H Chí Minh,typo_ocr,noise_injector
285,39,BCA_CA_HCM_PC01,Văn phòn Cơ quan Cảnhsát điều tra - Công an Thành phố Thành phố Hồ Chí Minh,typo_ocr,noise_injector
286,40,BCA_CA_HCM_PC02,Phòng Cảnh sát hình sự - Công an Thành phố Thành phố Hồ Chí Minh,canonical,manual_registry
287,40,BCA_CA_HCM_PC02,Phòng Cảnh sát hình sự - CATP Thành phố Hồ Chí Minh,abbreviation,domain_rules
288,40,BCA_CA_HCM_PC02,Phòng Cảnh sát hình sự - CA TP Thành phố Hồ Chí Minh,alias,domain_rules
289,40,BCA_CA_HCM_PC02,Phòng Cảnh sát hình sự - CA Thành phố Hồ Chí Minh,abbreviation,domain_rules
290,40,BCA_CA_HCM_PC02,PC02 - Công an Thành phố Thành phố Hồ Chí Minh,abbreviation,domain_rules
291,40,BCA_CA_HCM_PC02,Phòng CSHS - Công an Thành phố Thành phố Hồ Chí Minh,alias,domain_rules
292,40,BCA_CA_HCM_PC02,Phong Canh sat hinh su - Cong an Thanh pho Thanh pho Ho Chi Minh,no_accent,auto_rule
293,40,BCA_CA_HCM_PC02,PCSHSCATPTPHCM,abbreviation,auto_rule
294,40,BCA_CA_HCM_PC02,Pòng Cảnh sát hìnhsự - Công an Thành phố Thành phố Hồ Chí Minh,typo_ocr,noise_injector
295,40,BCA_CA_HCM_PC02,Phòng Cảnh sát hình sự - Công an Thànhphố Thành phố Hồ Chí Minh,typo_ocr,noise_injector
296,41,BCA_CA_HCM_PC03,Phòng Cảnh sát kinh tế - Công an Thành phố Thành phố Hồ Chí Minh,canonical,manual_registry
297,41,BCA_CA_HCM_PC03,Phòng Cảnh sát kinh tế - CATP Thành phố Hồ Chí Minh,abbreviation,domain_rules
298,41,BCA_CA_HCM_PC03,Phòng Cảnh sát kinh tế - CA TP Thành phố Hồ Chí Minh,alias,domain_rules
299,41,BCA_CA_HCM_PC03,Phòng Cảnh sát kinh tế - CA Thành phố Hồ Chí Minh,abbreviation,domain_rules
300,41,BCA_CA_HCM_PC03,Phong Canh sat kinh te - Cong an Thanh pho Thanh pho Ho Chi Minh,no_accent,auto_rule
301,41,BCA_CA_HCM_PC03,PCSKTCATPTPHCM,abbreviation,auto_rule
302,41,BCA_CA_HCM_PC03,Phòng Cảnh sát kinh tế  Công an Thành phố Thành phố Hồ Chí Minh,typo_ocr,noise_injector
303,41,BCA_CA_HCM_PC03,Phòng ảnh sát kinh tế - Công an Thành phố Thành phố Hồ Chí inh,typo_ocr,noise_injector
304,42,BCA_CA_HCM_PC04,Phòng Cảnh sát điều tra tội phạm về ma túy - Công an Thành phố Thành phố Hồ Chí Minh,canonical,manual_registry
305,42,BCA_CA_HCM_PC04,Phòng Cảnh sát điều tra tội phạm về ma túy - CATP Thành phố Hồ Chí Minh,abbreviation,domain_rules
306,42,BCA_CA_HCM_PC04,Phòng Cảnh sát điều tra tội phạm về ma túy - CA TP Thành phố Hồ Chí Minh,alias,domain_rules
307,42,BCA_CA_HCM_PC04,Phòng Cảnh sát điều tra tội phạm về ma túy - CA Thành phố Hồ Chí Minh,abbreviation,domain_rules
308,42,BCA_CA_HCM_PC04,PC04 - Công an Thành phố Thành phố Hồ Chí Minh,abbreviation,domain_rules
309,42,BCA_CA_HCM_PC04,Phòng CS ma túy - Công an Thành phố Thành phố Hồ Chí Minh,alias,domain_rules
310,42,BCA_CA_HCM_PC04,Phong Canh sat đieu tra toi pham ve ma tuy - Cong an Thanh pho Thanh pho Ho Chi Minh,no_accent,auto_rule
311,42,BCA_CA_HCM_PC04,PCSĐTTPMTCATPTPHCM,abbreviation,auto_rule
312,42,BCA_CA_HCM_PC04,Phòng Cảnh sá điều tr tội phạm về ma túy  Công an Thành phố Thành phố Hồ hí Minh,typo_ocr,noise_injector
313,43,BCA_CA_HCM_PC06,Phòng Cảnh sát quản lý hành chính về trật tự xã hội - Công an Thành phố Thành phố Hồ Chí Minh,canonical,manual_registry
314,43,BCA_CA_HCM_PC06,Phòng Cảnh sát quản lý hành chính về trật tự xã hội - CATP Thành phố Hồ Chí Minh,abbreviation,domain_rules
315,43,BCA_CA_HCM_PC06,Phòng Cảnh sát quản lý hành chính về trật tự xã hội - CA TP Thành phố Hồ Chí Minh,alias,domain_rules
316,43,BCA_CA_HCM_PC06,Phòng Cảnh sát quản lý hành chính về trật tự xã hội - CA Thành phố Hồ Chí Minh,abbreviation,domain_rules
317,43,BCA_CA_HCM_PC06,PC06 - Công an Thành phố Thành phố Hồ Chí Minh,abbreviation,domain_rules
318,43,BCA_CA_HCM_PC06,Phòng CSQLHC - Công an Thành phố Thành phố Hồ Chí Minh,alias,domain_rules
319,43,BCA_CA_HCM_PC06,Phong Canh sat quan ly hanh chinh ve trat tu xa hoi - Cong an Thanh pho Thanh pho Ho Chi Minh,no_accent,auto_rule
320,43,BCA_CA_HCM_PC06,PCSQLHCTTXHCATPTPHCM,abbreviation,auto_rule
321,43,BCA_CA_HCM_PC06,Phòng Cản sát quản lý hành chính về tật tự xã hội - Công an Thành phố Thành phố Hồ Chí Minh,typo_ocr,noise_injector
322,43,BCA_CA_HCM_PC06,Phòng Cảnh sát quản lý hành chính về trật tự xã hội - ông an Thành phố Thành phố Hồ Chí Minh,typo_ocr,noise_injector
323,44,BCA_CA_HCM_PC08,Phòng Cảnh sát giao thông - Công an Thành phố Thành phố Hồ Chí Minh,canonical,manual_registry
324,44,BCA_CA_HCM_PC08,Phòng Cảnh sát giao thông - CATP Thành phố Hồ Chí Minh,abbreviation,domain_rules
325,44,BCA_CA_HCM_PC08,Phòng Cảnh sát giao thông - CA TP Thành phố Hồ Chí Minh,alias,domain_rules
326,44,BCA_CA_HCM_PC08,Phòng Cảnh sát giao thông - CA Thành phố Hồ Chí Minh,abbreviation,domain_rules
327,44,BCA_CA_HCM_PC08,PC08 - Công an Thành phố Thành phố Hồ Chí Minh,abbreviation,domain_rules
328,44,BCA_CA_HCM_PC08,Phòng CSGT - Công an Thành phố Thành phố Hồ Chí Minh,alias,domain_rules
329,44,BCA_CA_HCM_PC08,Phong Canh sat giao thong - Cong an Thanh pho Thanh pho Ho Chi Minh,no_accent,auto_rule
330,44,BCA_CA_HCM_PC08,PCSGTCATPTPHCM,abbreviation,auto_rule
331,44,BCA_CA_HCM_PC08,Phòng Cảnh sát giao hông - Công an Thành phố Thành phố Hồ Chí Mih,typo_ocr,noise_injector
332,45,BCA_CA_HCM_PA01,Phòng An ninh đối ngoại - Công an Thành phố Thành phố Hồ Chí Minh,canonical,manual_registry
333,45,BCA_CA_HCM_PA01,Phòng An ninh đối ngoại - CATP Thành phố Hồ Chí Minh,abbreviation,domain_rules
334,45,BCA_CA_HCM_PA01,Phòng An ninh đối ngoại - CA TP Thành phố Hồ Chí Minh,alias,domain_rules
335,45,BCA_CA_HCM_PA01,Phòng An ninh đối ngoại - CA Thành phố Hồ Chí Minh,abbreviation,domain_rules
336,45,BCA_CA_HCM_PA01,Phong An ninh đoi ngoai - Cong an Thanh pho Thanh pho Ho Chi Minh,no_accent,auto_rule
337,45,BCA_CA_HCM_PA01,PANĐNCATPTPHCM,abbreviation,auto_rule
338,45,BCA_CA_HCM_PA01,Phòng An ninh đối oại - Công an Thành phố Thành phố Hồ Chí Minh,typo_ocr,noise_injector
339,45,BCA_CA_HCM_PA01,Phòng n ninh đối ngoại - Công an Thành phố Thành phốHồ Chí Minh,typo_ocr,noise_injector
340,46,BCA_CA_HCM_PA02,Phòng An ninh nội địa - Công an Thành phố Thành phố Hồ Chí Minh,canonical,manual_registry
341,46,BCA_CA_HCM_PA02,Phòng An ninh nội địa - CATP Thành phố Hồ Chí Minh,abbreviation,domain_rules
342,46,BCA_CA_HCM_PA02,Phòng An ninh nội địa - CA TP Thành phố Hồ Chí Minh,alias,domain_rules
343,46,BCA_CA_HCM_PA02,Phòng An ninh nội địa - CA Thành phố Hồ Chí Minh,abbreviation,domain_rules
344,46,BCA_CA_HCM_PA02,Phong An ninh noi đia - Cong an Thanh pho Thanh pho Ho Chi Minh,no_accent,auto_rule
345,46,BCA_CA_HCM_PA02,PANNĐCATPTPHCM,abbreviation,auto_rule
346,46,BCA_CA_HCM_PA02,Phòng An ninh nội địa  Công an hành phố Thành phố Hồ Chí Minh,typo_ocr,noise_injector
347,46,BCA_CA_HCM_PA02,PhòngAn nih nội địa - Công an Thành phố Thành phố H Chí Minh,typo_ocr,noise_injector
348,47,BCA_CA_HCM_PA03,Phòng An ninh chính trị nội bộ - Công an Thành phố Thành phố Hồ Chí Minh,canonical,manual_registry
349,47,BCA_CA_HCM_PA03,Phòng An ninh chính trị nội bộ - CATP Thành phố Hồ Chí Minh,abbreviation,domain_rules
350,47,BCA_CA_HCM_PA03,Phòng An ninh chính trị nội bộ - CA TP Thành phố Hồ Chí Minh,alias,domain_rules
351,47,BCA_CA_HCM_PA03,Phòng An ninh chính trị nội bộ - CA Thành phố Hồ Chí Minh,abbreviation,domain_rules
352,47,BCA_CA_HCM_PA03,Phong An ninh chinh tri noi bo - Cong an Thanh pho Thanh pho Ho Chi Minh,no_accent,auto_rule
353,47,BCA_CA_HCM_PA03,PANCTNBCATPTPHCM,abbreviation,auto_rule
354,47,BCA_CA_HCM_PA03,Phòng An ninh chính trị nội b - Công an Thành phố Thành phốHồ Chí Minh,typo_ocr,noise_injector
355,48,BCA_CA_HCM_PA05,Phòng An ninh mạng và phòng chống tội phạm công nghệ cao - Công an Thành phố Thành phố Hồ Chí Minh,canonical,manual_registry
356,48,BCA_CA_HCM_PA05,Phòng An ninh mạng và phòng chống tội phạm công nghệ cao - CATP Thành phố Hồ Chí Minh,abbreviation,domain_rules
357,48,BCA_CA_HCM_PA05,Phòng An ninh mạng và phòng chống tội phạm công nghệ cao - CA TP Thành phố Hồ Chí Minh,alias,domain_rules
358,48,BCA_CA_HCM_PA05,Phòng An ninh mạng và phòng chống tội phạm công nghệ cao - CA Thành phố Hồ Chí Minh,abbreviation,domain_rules
359,48,BCA_CA_HCM_PA05,Phong An ninh mang va phong chong toi pham cong nghe cao - Cong an Thanh pho Thanh pho Ho Chi Minh,no_accent,auto_rule
360,48,BCA_CA_HCM_PA05,PANMPCTPCNCCATPTPHCM,abbreviation,auto_rule
361,48,BCA_CA_HCM_PA05,Phòng An ninh mạng và phòng chốg ti phạm công nghệ cao - Công an Tành phố Thànhpố Hồ Chí Minh,typo_ocr,noise_injector
362,49,BCA_CA_DN,Công an Thành phố Đà Nẵng,canonical,manual_registry
363,49,BCA_CA_DN,CATP Đà Nẵng,abbreviation,manual_domain
364,49,BCA_CA_DN,CA TP Đà Nẵng,alias,manual_domain
365,49,BCA_CA_DN,CA Đà Nẵng,abbreviation,manual_domain
366,49,BCA_CA_DN,Cong an Thanh pho Đa Nang,no_accent,auto_rule
367,49,BCA_CA_DN,CATPĐN,abbreviation,auto_rule
368,49,BCA_CA_DN,Công an Tành phố Đà Nẵng,typo_ocr,noise_injector
369,50,BCA_CA_DN_PC01,Văn phòng Cơ quan Cảnh sát điều tra - Công an Thành phố Đà Nẵng,canonical,manual_registry
370,50,BCA_CA_DN_PC01,Văn phòng Cơ quan Cảnh sát điều tra - CATP Đà Nẵng,abbreviation,domain_rules
371,50,BCA_CA_DN_PC01,Văn phòng Cơ quan Cảnh sát điều tra - CA TP Đà Nẵng,alias,domain_rules
372,50,BCA_CA_DN_PC01,Văn phòng Cơ quan Cảnh sát điều tra - CA Đà Nẵng,abbreviation,domain_rules
373,50,BCA_CA_DN_PC01,PC01 - Công an Thành phố Đà Nẵng,abbreviation,domain_rules
374,50,BCA_CA_DN_PC01,Van phong Co quan Canh sat đieu tra - Cong an Thanh pho Đa Nang,no_accent,auto_rule
375,50,BCA_CA_DN_PC01,VPCSĐTCATPĐN,abbreviation,auto_rule
376,51,BCA_CA_DN_PC02,Phòng Cảnh sát hình sự - Công an Thành phố Đà Nẵng,canonical,manual_registry
377,51,BCA_CA_DN_PC02,Phòng Cảnh sát hình sự - CATP Đà Nẵng,abbreviation,domain_rules
378,51,BCA_CA_DN_PC02,Phòng Cảnh sát hình sự - CA TP Đà Nẵng,alias,domain_rules
379,51,BCA_CA_DN_PC02,Phòng Cảnh sát hình sự - CA Đà Nẵng,abbreviation,domain_rules
380,51,BCA_CA_DN_PC02,PC02 - Công an Thành phố Đà Nẵng,abbreviation,domain_rules
381,51,BCA_CA_DN_PC02,Phòng CSHS - Công an Thành phố Đà Nẵng,alias,domain_rules
382,51,BCA_CA_DN_PC02,Phong Canh sat hinh su - Cong an Thanh pho Đa Nang,no_accent,auto_rule
383,51,BCA_CA_DN_PC02,PCSHSCATPĐN,abbreviation,auto_rule
384,51,BCA_CA_DN_PC02,Phng Cảnh sát hình sự  Công an Thành phố Đà Nẵng,typo_ocr,noise_injector
385,51,BCA_CA_DN_PC02,Phòng Cảnh sáthình sự - Công an Thành phố Đà Nẵn,typo_ocr,noise_injector
386,52,BCA_CA_DN_PC03,Phòng Cảnh sát kinh tế - Công an Thành phố Đà Nẵng,canonical,manual_registry
387,52,BCA_CA_DN_PC03,Phòng Cảnh sát kinh tế - CATP Đà Nẵng,abbreviation,domain_rules
388,52,BCA_CA_DN_PC03,Phòng Cảnh sát kinh tế - CA TP Đà Nẵng,alias,domain_rules
389,52,BCA_CA_DN_PC03,Phòng Cảnh sát kinh tế - CA Đà Nẵng,abbreviation,domain_rules
390,52,BCA_CA_DN_PC03,Phong Canh sat kinh te - Cong an Thanh pho Đa Nang,no_accent,auto_rule
391,52,BCA_CA_DN_PC03,PCSKTCATPĐN,abbreviation,auto_rule
392,52,BCA_CA_DN_PC03,Phòng Cảnh sát kinh tế - Công an Thành ph Đà Nẵng,typo_ocr,noise_injector
393,53,BCA_CA_DN_PC04,Phòng Cảnh sát điều tra tội phạm về ma túy - Công an Thành phố Đà Nẵng,canonical,manual_registry
394,53,BCA_CA_DN_PC04,Phòng Cảnh sát điều tra tội phạm về ma túy - CATP Đà Nẵng,abbreviation,domain_rules
395,53,BCA_CA_DN_PC04,Phòng Cảnh sát điều tra tội phạm về ma túy - CA TP Đà Nẵng,alias,domain_rules
396,53,BCA_CA_DN_PC04,Phòng Cảnh sát điều tra tội phạm về ma túy - CA Đà Nẵng,abbreviation,domain_rules
397,53,BCA_CA_DN_PC04,PC04 - Công an Thành phố Đà Nẵng,abbreviation,domain_rules
398,53,BCA_CA_DN_PC04,Phòng CS ma túy - Công an Thành phố Đà Nẵng,alias,domain_rules
399,53,BCA_CA_DN_PC04,Phong Canh sat đieu tra toi pham ve ma tuy - Cong an Thanh pho Đa Nang,no_accent,auto_rule
400,53,BCA_CA_DN_PC04,PCSĐTTPMTCATPĐN,abbreviation,auto_rule
401,53,BCA_CA_DN_PC04,Phòng Cảnh sát điều tra tộ phạm về ma túy - Công an Thành phố Đà Nẵng,typo_ocr,noise_injector
402,54,BCA_CA_DN_PC06,Phòng Cảnh sát quản lý hành chính về trật tự xã hội - Công an Thành phố Đà Nẵng,canonical,manual_registry
403,54,BCA_CA_DN_PC06,Phòng Cảnh sát quản lý hành chính về trật tự xã hội - CATP Đà Nẵng,abbreviation,domain_rules
404,54,BCA_CA_DN_PC06,Phòng Cảnh sát quản lý hành chính về trật tự xã hội - CA TP Đà Nẵng,alias,domain_rules
405,54,BCA_CA_DN_PC06,Phòng Cảnh sát quản lý hành chính về trật tự xã hội - CA Đà Nẵng,abbreviation,domain_rules
406,54,BCA_CA_DN_PC06,PC06 - Công an Thành phố Đà Nẵng,abbreviation,domain_rules
407,54,BCA_CA_DN_PC06,Phòng CSQLHC - Công an Thành phố Đà Nẵng,alias,domain_rules
408,54,BCA_CA_DN_PC06,Phong Canh sat quan ly hanh chinh ve trat tu xa hoi - Cong an Thanh pho Đa Nang,no_accent,auto_rule
409,54,BCA_CA_DN_PC06,PCSQLHCTTXHCATPĐN,abbreviation,auto_rule
410,54,BCA_CA_DN_PC06,Phòng ảnh sát quản lý hành chính về rậttự xã hội - Công an Thành phố Đà Nẵng,typo_ocr,noise_injector
411,55,BCA_CA_DN_PC08,Phòng Cảnh sát giao thông - Công an Thành phố Đà Nẵng,canonical,manual_registry
412,55,BCA_CA_DN_PC08,Phòng Cảnh sát giao thông - CATP Đà Nẵng,abbreviation,domain_rules
413,55,BCA_CA_DN_PC08,Phòng Cảnh sát giao thông - CA TP Đà Nẵng,alias,domain_rules
414,55,BCA_CA_DN_PC08,Phòng Cảnh sát giao thông - CA Đà Nẵng,abbreviation,domain_rules
415,55,BCA_CA_DN_PC08,PC08 - Công an Thành phố Đà Nẵng,abbreviation,domain_rules
416,55,BCA_CA_DN_PC08,Phòng CSGT - Công an Thành phố Đà Nẵng,alias,domain_rules
417,55,BCA_CA_DN_PC08,Phong Canh sat giao thong - Cong an Thanh pho Đa Nang,no_accent,auto_rule
418,55,BCA_CA_DN_PC08,PCSGTCATPĐN,abbreviation,auto_rule
419,56,BCA_CA_DN_PA01,Phòng An ninh đối ngoại - Công an Thành phố Đà Nẵng,canonical,manual_registry
420,56,BCA_CA_DN_PA01,Phòng An ninh đối ngoại - CATP Đà Nẵng,abbreviation,domain_rules
421,56,BCA_CA_DN_PA01,Phòng An ninh đối ngoại - CA TP Đà Nẵng,alias,domain_rules
422,56,BCA_CA_DN_PA01,Phòng An ninh đối ngoại - CA Đà Nẵng,abbreviation,domain_rules
423,56,BCA_CA_DN_PA01,Phong An ninh đoi ngoai - Cong an Thanh pho Đa Nang,no_accent,auto_rule
424,56,BCA_CA_DN_PA01,PANĐNCATPĐN,abbreviation,auto_rule
425,56,BCA_CA_DN_PA01,Phòng An ninh đối nại - Công an Thành phố Đà Nẵng,typo_ocr,noise_injector
426,56,BCA_CA_DN_PA01,Phng An ninh đối ngoại - Công an Thành phố Đà Nẵng,typo_ocr,noise_injector
427,57,BCA_CA_DN_PA02,Phòng An ninh nội địa - Công an Thành phố Đà Nẵng,canonical,manual_registry
428,57,BCA_CA_DN_PA02,Phòng An ninh nội địa - CATP Đà Nẵng,abbreviation,domain_rules
429,57,BCA_CA_DN_PA02,Phòng An ninh nội địa - CA TP Đà Nẵng,alias,domain_rules
430,57,BCA_CA_DN_PA02,Phòng An ninh nội địa - CA Đà Nẵng,abbreviation,domain_rules
431,57,BCA_CA_DN_PA02,Phong An ninh noi đia - Cong an Thanh pho Đa Nang,no_accent,auto_rule
432,57,BCA_CA_DN_PA02,PANNĐCATPĐN,abbreviation,auto_rule
433,57,BCA_CA_DN_PA02,Pòng An ninh nội địa - Công an Thành phố Đà Nẵng,typo_ocr,noise_injector
434,58,BCA_CA_DN_PA03,Phòng An ninh chính trị nội bộ - Công an Thành phố Đà Nẵng,canonical,manual_registry
435,58,BCA_CA_DN_PA03,Phòng An ninh chính trị nội bộ - CATP Đà Nẵng,abbreviation,domain_rules
436,58,BCA_CA_DN_PA03,Phòng An ninh chính trị nội bộ - CA TP Đà Nẵng,alias,domain_rules
437,58,BCA_CA_DN_PA03,Phòng An ninh chính trị nội bộ - CA Đà Nẵng,abbreviation,domain_rules
438,58,BCA_CA_DN_PA03,Phong An ninh chinh tri noi bo - Cong an Thanh pho Đa Nang,no_accent,auto_rule
439,58,BCA_CA_DN_PA03,PANCTNBCATPĐN,abbreviation,auto_rule
440,58,BCA_CA_DN_PA03,Phòng An ninh chính trị nội bộ - Công an Thành phố Đà Nng,typo_ocr,noise_injector
441,58,BCA_CA_DN_PA03,Phòng An ninh chính trị nội bộ - Côngan Thành phố Đà Nẵng,typo_ocr,noise_injector
442,59,BCA_CA_DN_PA05,Phòng An ninh mạng và phòng chống tội phạm công nghệ cao - Công an Thành phố Đà Nẵng,canonical,manual_registry
443,59,BCA_CA_DN_PA05,Phòng An ninh mạng và phòng chống tội phạm công nghệ cao - CATP Đà Nẵng,abbreviation,domain_rules
444,59,BCA_CA_DN_PA05,Phòng An ninh mạng và phòng chống tội phạm công nghệ cao - CA TP Đà Nẵng,alias,domain_rules
445,59,BCA_CA_DN_PA05,Phòng An ninh mạng và phòng chống tội phạm công nghệ cao - CA Đà Nẵng,abbreviation,domain_rules
446,59,BCA_CA_DN_PA05,Phong An ninh mang va phong chong toi pham cong nghe cao - Cong an Thanh pho Đa Nang,no_accent,auto_rule
447,59,BCA_CA_DN_PA05,PANMPCTPCNCCATPĐN,abbreviation,auto_rule
448,59,BCA_CA_DN_PA05,Phòg An ninh mạng và phòng chống tội phạm công nghệ cao - Côngan Thành phố Đà Nẵng,typo_ocr,noise_injector
449,60,BCA_CA_HP,Công an Thành phố Hải Phòng,canonical,manual_registry
450,60,BCA_CA_HP,CATP Hải Phòng,abbreviation,manual_domain
451,60,BCA_CA_HP,CA HP,abbreviation,manual_domain
452,60,BCA_CA_HP,CA Hải Phòng,alias,manual_domain
453,60,BCA_CA_HP,CA TP Hải Phòng,alias,domain_rules
454,60,BCA_CA_HP,Cong an Thanh pho Hai Phong,no_accent,auto_rule
455,60,BCA_CA_HP,CATPHP,abbreviation,auto_rule
456,60,BCA_CA_HP,Công an Thành phố Hải hòng,typo_ocr,noise_injector
457,60,BCA_CA_HP,Công an Tành phố Hải hòng,typo_ocr,noise_injector
458,61,BCA_CA_HP_PC01,Văn phòng Cơ quan Cảnh sát điều tra - Công an Thành phố Hải Phòng,canonical,manual_registry
459,61,BCA_CA_HP_PC01,Văn phòng Cơ quan Cảnh sát điều tra - CATP Hải Phòng,abbreviation,domain_rules
460,61,BCA_CA_HP_PC01,Văn phòng Cơ quan Cảnh sát điều tra - CA TP Hải Phòng,alias,domain_rules
461,61,BCA_CA_HP_PC01,Văn phòng Cơ quan Cảnh sát điều tra - CA Hải Phòng,abbreviation,domain_rules
462,61,BCA_CA_HP_PC01,PC01 - Công an Thành phố Hải Phòng,abbreviation,domain_rules
463,61,BCA_CA_HP_PC01,Van phong Co quan Canh sat đieu tra - Cong an Thanh pho Hai Phong,no_accent,auto_rule
464,61,BCA_CA_HP_PC01,VPCSĐTCATPHP,abbreviation,auto_rule
465,61,BCA_CA_HP_PC01,Văn phòng Cơquan Cảnh sát điề tra - Công an Thành phố Hải Phòng,typo_ocr,noise_injector
466,61,BCA_CA_HP_PC01,Vă phòng Cơ quan ảnh sát điều tra - Công an Thành phố Hải Phòng,typo_ocr,noise_injector
467,62,BCA_CA_HP_PC02,Phòng Cảnh sát hình sự - Công an Thành phố Hải Phòng,canonical,manual_registry
468,62,BCA_CA_HP_PC02,Phòng Cảnh sát hình sự - CATP Hải Phòng,abbreviation,domain_rules
469,62,BCA_CA_HP_PC02,Phòng Cảnh sát hình sự - CA TP Hải Phòng,alias,domain_rules
470,62,BCA_CA_HP_PC02,Phòng Cảnh sát hình sự - CA Hải Phòng,abbreviation,domain_rules
471,62,BCA_CA_HP_PC02,PC02 - Công an Thành phố Hải Phòng,abbreviation,domain_rules
472,62,BCA_CA_HP_PC02,Phòng CSHS - Công an Thành phố Hải Phòng,alias,domain_rules
473,62,BCA_CA_HP_PC02,Phong Canh sat hinh su - Cong an Thanh pho Hai Phong,no_accent,auto_rule
474,62,BCA_CA_HP_PC02,PCSHSCATPHP,abbreviation,auto_rule
475,62,BCA_CA_HP_PC02,Phòng Cảnh sát hìn sự - Công an Thành phố Hải Phòng,typo_ocr,noise_injector
476,63,BCA_CA_HP_PC03,Phòng Cảnh sát kinh tế - Công an Thành phố Hải Phòng,canonical,manual_registry
477,63,BCA_CA_HP_PC03,Phòng Cảnh sát kinh tế - CATP Hải Phòng,abbreviation,domain_rules
478,63,BCA_CA_HP_PC03,Phòng Cảnh sát kinh tế - CA TP Hải Phòng,alias,domain_rules
479,63,BCA_CA_HP_PC03,Phòng Cảnh sát kinh tế - CA Hải Phòng,abbreviation,domain_rules
480,63,BCA_CA_HP_PC03,Phong Canh sat kinh te - Cong an Thanh pho Hai Phong,no_accent,auto_rule
481,63,BCA_CA_HP_PC03,PCSKTCATPHP,abbreviation,auto_rule
482,63,BCA_CA_HP_PC03,Phòng Cảnh sát kinh ế - Công an hành phố Hải Phòng,typo_ocr,noise_injector
483,64,BCA_CA_HP_PC04,Phòng Cảnh sát điều tra tội phạm về ma túy - Công an Thành phố Hải Phòng,canonical,manual_registry
484,64,BCA_CA_HP_PC04,Phòng Cảnh sát điều tra tội phạm về ma túy - CATP Hải Phòng,abbreviation,domain_rules
485,64,BCA_CA_HP_PC04,Phòng Cảnh sát điều tra tội phạm về ma túy - CA TP Hải Phòng,alias,domain_rules
486,64,BCA_CA_HP_PC04,Phòng Cảnh sát điều tra tội phạm về ma túy - CA Hải Phòng,abbreviation,domain_rules
487,64,BCA_CA_HP_PC04,PC04 - Công an Thành phố Hải Phòng,abbreviation,domain_rules
488,64,BCA_CA_HP_PC04,Phòng CS ma túy - Công an Thành phố Hải Phòng,alias,domain_rules
489,64,BCA_CA_HP_PC04,Phong Canh sat đieu tra toi pham ve ma tuy - Cong an Thanh pho Hai Phong,no_accent,auto_rule
490,64,BCA_CA_HP_PC04,PCSĐTTPMTCATPHP,abbreviation,auto_rule
491,64,BCA_CA_HP_PC04,Phòng Cản st điều tra tội phạm về ma túy - Công an Thành phố Hải Phòng,typo_ocr,noise_injector
492,64,BCA_CA_HP_PC04,PhòngCảnh sát điều tra tội phạm về ma túy - Công an Thành phố Hải Phòng,typo_ocr,noise_injector
493,65,BCA_CA_HP_PC06,Phòng Cảnh sát quản lý hành chính về trật tự xã hội - Công an Thành phố Hải Phòng,canonical,manual_registry
494,65,BCA_CA_HP_PC06,Phòng Cảnh sát quản lý hành chính về trật tự xã hội - CATP Hải Phòng,abbreviation,domain_rules
495,65,BCA_CA_HP_PC06,Phòng Cảnh sát quản lý hành chính về trật tự xã hội - CA TP Hải Phòng,alias,domain_rules
496,65,BCA_CA_HP_PC06,Phòng Cảnh sát quản lý hành chính về trật tự xã hội - CA Hải Phòng,abbreviation,domain_rules
497,65,BCA_CA_HP_PC06,PC06 - Công an Thành phố Hải Phòng,abbreviation,domain_rules
498,65,BCA_CA_HP_PC06,Phòng CSQLHC - Công an Thành phố Hải Phòng,alias,domain_rules
499,65,BCA_CA_HP_PC06,Phong Canh sat quan ly hanh chinh ve trat tu xa hoi - Cong an Thanh pho Hai Phong,no_accent,auto_rule
500,65,BCA_CA_HP_PC06,PCSQLHCTTXHCATPHP,abbreviation,auto_rule
501,65,BCA_CA_HP_PC06,Phòng Cảnh sát quản lý hành chnh về trật tự ã hộ - Công an Thành phố Hải Phòng,typo_ocr,noise_injector
502,65,BCA_CA_HP_PC06,Phòng Cảnh sát quản lý hành chính về trật tự xã hộ - ông an Thành phố Hải Phòng,typo_ocr,noise_injector
503,66,BCA_CA_HP_PC08,Phòng Cảnh sát giao thông - Công an Thành phố Hải Phòng,canonical,manual_registry
504,66,BCA_CA_HP_PC08,Phòng Cảnh sát giao thông - CATP Hải Phòng,abbreviation,domain_rules
505,66,BCA_CA_HP_PC08,Phòng Cảnh sát giao thông - CA TP Hải Phòng,alias,domain_rules
506,66,BCA_CA_HP_PC08,Phòng Cảnh sát giao thông - CA Hải Phòng,abbreviation,domain_rules
507,66,BCA_CA_HP_PC08,PC08 - Công an Thành phố Hải Phòng,abbreviation,domain_rules
508,66,BCA_CA_HP_PC08,Phòng CSGT - Công an Thành phố Hải Phòng,alias,domain_rules
509,66,BCA_CA_HP_PC08,Phong Canh sat giao thong - Cong an Thanh pho Hai Phong,no_accent,auto_rule
510,66,BCA_CA_HP_PC08,PCSGTCATPHP,abbreviation,auto_rule
511,66,BCA_CA_HP_PC08,Phòng Cảnh sát giao hông - Công an Thành phố Hải Phòng,typo_ocr,noise_injector
512,67,BCA_CA_HP_PA01,Phòng An ninh đối ngoại - Công an Thành phố Hải Phòng,canonical,manual_registry
513,67,BCA_CA_HP_PA01,Phòng An ninh đối ngoại - CATP Hải Phòng,abbreviation,domain_rules
514,67,BCA_CA_HP_PA01,Phòng An ninh đối ngoại - CA TP Hải Phòng,alias,domain_rules
515,67,BCA_CA_HP_PA01,Phòng An ninh đối ngoại - CA Hải Phòng,abbreviation,domain_rules
516,67,BCA_CA_HP_PA01,Phong An ninh đoi ngoai - Cong an Thanh pho Hai Phong,no_accent,auto_rule
517,67,BCA_CA_HP_PA01,PANĐNCATPHP,abbreviation,auto_rule
518,67,BCA_CA_HP_PA01,Phòng An ninh đối goại - Công an Thành phố Hải Phòng,typo_ocr,noise_injector
519,68,BCA_CA_HP_PA02,Phòng An ninh nội địa - Công an Thành phố Hải Phòng,canonical,manual_registry
520,68,BCA_CA_HP_PA02,Phòng An ninh nội địa - CATP Hải Phòng,abbreviation,domain_rules
521,68,BCA_CA_HP_PA02,Phòng An ninh nội địa - CA TP Hải Phòng,alias,domain_rules
522,68,BCA_CA_HP_PA02,Phòng An ninh nội địa - CA Hải Phòng,abbreviation,domain_rules
523,68,BCA_CA_HP_PA02,Phong An ninh noi đia - Cong an Thanh pho Hai Phong,no_accent,auto_rule
524,68,BCA_CA_HP_PA02,PANNĐCATPHP,abbreviation,auto_rule
525,68,BCA_CA_HP_PA02,Phòn A ninh nội địa - Công an Thành phố ải Phòng,typo_ocr,noise_injector
526,69,BCA_CA_HP_PA03,Phòng An ninh chính trị nội bộ - Công an Thành phố Hải Phòng,canonical,manual_registry
527,69,BCA_CA_HP_PA03,Phòng An ninh chính trị nội bộ - CATP Hải Phòng,abbreviation,domain_rules
528,69,BCA_CA_HP_PA03,Phòng An ninh chính trị nội bộ - CA TP Hải Phòng,alias,domain_rules
529,69,BCA_CA_HP_PA03,Phòng An ninh chính trị nội bộ - CA Hải Phòng,abbreviation,domain_rules
530,69,BCA_CA_HP_PA03,Phong An ninh chinh tri noi bo - Cong an Thanh pho Hai Phong,no_accent,auto_rule
531,69,BCA_CA_HP_PA03,PANCTNBCATPHP,abbreviation,auto_rule
532,69,BCA_CA_HP_PA03,Phòng An ninh chính trị nội bộ - Công an Thàn phố Hải Phòng,typo_ocr,noise_injector
533,69,BCA_CA_HP_PA03,Phòng An ninh chính trị nội bộ - Công an Thành hố Hải Phòng,typo_ocr,noise_injector
534,70,BCA_CA_HP_PA05,Phòng An ninh mạng và phòng chống tội phạm công nghệ cao - Công an Thành phố Hải Phòng,canonical,manual_registry
535,70,BCA_CA_HP_PA05,Phòng An ninh mạng và phòng chống tội phạm công nghệ cao - CATP Hải Phòng,abbreviation,domain_rules
536,70,BCA_CA_HP_PA05,Phòng An ninh mạng và phòng chống tội phạm công nghệ cao - CA TP Hải Phòng,alias,domain_rules
537,70,BCA_CA_HP_PA05,Phòng An ninh mạng và phòng chống tội phạm công nghệ cao - CA Hải Phòng,abbreviation,domain_rules
538,70,BCA_CA_HP_PA05,Phong An ninh mang va phong chong toi pham cong nghe cao - Cong an Thanh pho Hai Phong,no_accent,auto_rule
539,70,BCA_CA_HP_PA05,PANMPCTPCNCCATPHP,abbreviation,auto_rule
540,70,BCA_CA_HP_PA05,Phòng An ninh mạng và pòng chống tội phạm công ngệ cao - Công an Thành phố Hải Phòng,typo_ocr,noise_injector
541,70,BCA_CA_HP_PA05,PhòngAn ninh mạng và phòng chống tội phạm côngnghệ cao - Công an Thành phố Hải Phòng,typo_ocr,noise_injector
542,71,BCA_CA_CT,Công an Thành phố Cần Thơ,canonical,manual_registry
543,71,BCA_CA_CT,CATP Cần Thơ,abbreviation,domain_rules
544,71,BCA_CA_CT,CA TP Cần Thơ,alias,domain_rules
545,71,BCA_CA_CT,CA Cần Thơ,abbreviation,domain_rules
546,71,BCA_CA_CT,Cong an Thanh pho Can Tho,no_accent,auto_rule
547,71,BCA_CA_CT,CATPCT,abbreviation,auto_rule
548,71,BCA_CA_CT,Công an Tành phố CầnThơ,typo_ocr,noise_injector
549,72,BCA_CA_CT_PC01,Văn phòng Cơ quan Cảnh sát điều tra - Công an Thành phố Cần Thơ,canonical,manual_registry
550,72,BCA_CA_CT_PC01,Văn phòng Cơ quan Cảnh sát điều tra - CATP Cần Thơ,abbreviation,domain_rules
551,72,BCA_CA_CT_PC01,Văn phòng Cơ quan Cảnh sát điều tra - CA TP Cần Thơ,alias,domain_rules
552,72,BCA_CA_CT_PC01,Văn phòng Cơ quan Cảnh sát điều tra - CA Cần Thơ,abbreviation,domain_rules
553,72,BCA_CA_CT_PC01,PC01 - Công an Thành phố Cần Thơ,abbreviation,domain_rules
554,72,BCA_CA_CT_PC01,Van phong Co quan Canh sat đieu tra - Cong an Thanh pho Can Tho,no_accent,auto_rule
555,72,BCA_CA_CT_PC01,VPCSĐTCATPCT,abbreviation,auto_rule
556,73,BCA_CA_CT_PC02,Phòng Cảnh sát hình sự - Công an Thành phố Cần Thơ,canonical,manual_registry
557,73,BCA_CA_CT_PC02,Phòng Cảnh sát hình sự - CATP Cần Thơ,abbreviation,domain_rules
558,73,BCA_CA_CT_PC02,Phòng Cảnh sát hình sự - CA TP Cần Thơ,alias,domain_rules
559,73,BCA_CA_CT_PC02,Phòng Cảnh sát hình sự - CA Cần Thơ,abbreviation,domain_rules
560,73,BCA_CA_CT_PC02,PC02 - Công an Thành phố Cần Thơ,abbreviation,domain_rules
561,73,BCA_CA_CT_PC02,Phòng CSHS - Công an Thành phố Cần Thơ,alias,domain_rules
562,73,BCA_CA_CT_PC02,Phong Canh sat hinh su - Cong an Thanh pho Can Tho,no_accent,auto_rule
563,73,BCA_CA_CT_PC02,PCSHSCATPCT,abbreviation,auto_rule
564,73,BCA_CA_CT_PC02,Phòng Cảnh át hình sự - Công an Thành phố Cần Thơ,typo_ocr,noise_injector
565,74,BCA_CA_CT_PC03,Phòng Cảnh sát kinh tế - Công an Thành phố Cần Thơ,canonical,manual_registry
566,74,BCA_CA_CT_PC03,Phòng Cảnh sát kinh tế - CATP Cần Thơ,abbreviation,domain_rules
567,74,BCA_CA_CT_PC03,Phòng Cảnh sát kinh tế - CA TP Cần Thơ,alias,domain_rules
568,74,BCA_CA_CT_PC03,Phòng Cảnh sát kinh tế - CA Cần Thơ,abbreviation,domain_rules
569,74,BCA_CA_CT_PC03,Phong Canh sat kinh te - Cong an Thanh pho Can Tho,no_accent,auto_rule
570,74,BCA_CA_CT_PC03,PCSKTCATPCT,abbreviation,auto_rule
571,74,BCA_CA_CT_PC03,Phòng Cảnh sát kinh tế - Công an Thành hố Cần Thơ,typo_ocr,noise_injector
572,75,BCA_CA_CT_PC04,Phòng Cảnh sát điều tra tội phạm về ma túy - Công an Thành phố Cần Thơ,canonical,manual_registry
573,75,BCA_CA_CT_PC04,Phòng Cảnh sát điều tra tội phạm về ma túy - CATP Cần Thơ,abbreviation,domain_rules
574,75,BCA_CA_CT_PC04,Phòng Cảnh sát điều tra tội phạm về ma túy - CA TP Cần Thơ,alias,domain_rules
575,75,BCA_CA_CT_PC04,Phòng Cảnh sát điều tra tội phạm về ma túy - CA Cần Thơ,abbreviation,domain_rules
576,75,BCA_CA_CT_PC04,PC04 - Công an Thành phố Cần Thơ,abbreviation,domain_rules
577,75,BCA_CA_CT_PC04,Phòng CS ma túy - Công an Thành phố Cần Thơ,alias,domain_rules
578,75,BCA_CA_CT_PC04,Phong Canh sat đieu tra toi pham ve ma tuy - Cong an Thanh pho Can Tho,no_accent,auto_rule
579,75,BCA_CA_CT_PC04,PCSĐTTPMTCATPCT,abbreviation,auto_rule
580,75,BCA_CA_CT_PC04,Phòng Cảnh sát điều tra tội pạm về ma túy - Công an Thàn phố Cần Thơ,typo_ocr,noise_injector
581,75,BCA_CA_CT_PC04,Phòng Cảnh sát điu tra tội phạm về ma túy - Công an Thành phố Cần Thơ,typo_ocr,noise_injector
582,76,BCA_CA_CT_PC06,Phòng Cảnh sát quản lý hành chính về trật tự xã hội - Công an Thành phố Cần Thơ,canonical,manual_registry
583,76,BCA_CA_CT_PC06,Phòng Cảnh sát quản lý hành chính về trật tự xã hội - CATP Cần Thơ,abbreviation,domain_rules
584,76,BCA_CA_CT_PC06,Phòng Cảnh sát quản lý hành chính về trật tự xã hội - CA TP Cần Thơ,alias,domain_rules
585,76,BCA_CA_CT_PC06,Phòng Cảnh sát quản lý hành chính về trật tự xã hội - CA Cần Thơ,abbreviation,domain_rules
586,76,BCA_CA_CT_PC06,PC06 - Công an Thành phố Cần Thơ,abbreviation,domain_rules
587,76,BCA_CA_CT_PC06,Phòng CSQLHC - Công an Thành phố Cần Thơ,alias,domain_rules
588,76,BCA_CA_CT_PC06,Phong Canh sat quan ly hanh chinh ve trat tu xa hoi - Cong an Thanh pho Can Tho,no_accent,auto_rule
589,76,BCA_CA_CT_PC06,PCSQLHCTTXHCATPCT,abbreviation,auto_rule
590,76,BCA_CA_CT_PC06,Phòng Cảnh sát quản lý hnh chính về trật tự xã hội - Công an Thành phố ần Thơ,typo_ocr,noise_injector
591,77,BCA_CA_CT_PC08,Phòng Cảnh sát giao thông - Công an Thành phố Cần Thơ,canonical,manual_registry
592,77,BCA_CA_CT_PC08,Phòng Cảnh sát giao thông - CATP Cần Thơ,abbreviation,domain_rules
593,77,BCA_CA_CT_PC08,Phòng Cảnh sát giao thông - CA TP Cần Thơ,alias,domain_rules
594,77,BCA_CA_CT_PC08,Phòng Cảnh sát giao thông - CA Cần Thơ,abbreviation,domain_rules
595,77,BCA_CA_CT_PC08,PC08 - Công an Thành phố Cần Thơ,abbreviation,domain_rules
596,77,BCA_CA_CT_PC08,Phòng CSGT - Công an Thành phố Cần Thơ,alias,domain_rules
597,77,BCA_CA_CT_PC08,Phong Canh sat giao thong - Cong an Thanh pho Can Tho,no_accent,auto_rule
598,77,BCA_CA_CT_PC08,PCSGTCATPCT,abbreviation,auto_rule
599,77,BCA_CA_CT_PC08,Phòng Cnh sát giao thông - Công an Thàh phố Cn Thơ,typo_ocr,noise_injector
600,77,BCA_CA_CT_PC08,Phòng Cảnh sátgiao thông -Công an Thành phố CầnThơ,typo_ocr,noise_injector
601,78,BCA_CA_CT_PA01,Phòng An ninh đối ngoại - Công an Thành phố Cần Thơ,canonical,manual_registry
602,78,BCA_CA_CT_PA01,Phòng An ninh đối ngoại - CATP Cần Thơ,abbreviation,domain_rules
603,78,BCA_CA_CT_PA01,Phòng An ninh đối ngoại - CA TP Cần Thơ,alias,domain_rules
604,78,BCA_CA_CT_PA01,Phòng An ninh đối ngoại - CA Cần Thơ,abbreviation,domain_rules
605,78,BCA_CA_CT_PA01,Phong An ninh đoi ngoai - Cong an Thanh pho Can Tho,no_accent,auto_rule
606,78,BCA_CA_CT_PA01,PANĐNCATPCT,abbreviation,auto_rule
607,78,BCA_CA_CT_PA01,Phòng An ninh đối ngoại - Công an hành phố Cần Thơ,typo_ocr,noise_injector
608,79,BCA_CA_CT_PA02,Phòng An ninh nội địa - Công an Thành phố Cần Thơ,canonical,manual_registry
609,79,BCA_CA_CT_PA02,Phòng An ninh nội địa - CATP Cần Thơ,abbreviation,domain_rules
610,79,BCA_CA_CT_PA02,Phòng An ninh nội địa - CA TP Cần Thơ,alias,domain_rules
611,79,BCA_CA_CT_PA02,Phòng An ninh nội địa - CA Cần Thơ,abbreviation,domain_rules
612,79,BCA_CA_CT_PA02,Phong An ninh noi đia - Cong an Thanh pho Can Tho,no_accent,auto_rule
613,79,BCA_CA_CT_PA02,PANNĐCATPCT,abbreviation,auto_rule
614,79,BCA_CA_CT_PA02,Phòng An inh nội địa - Công an Thành phố Cn Thơ,typo_ocr,noise_injector
615,79,BCA_CA_CT_PA02,Phòng An ninh nội địa- Công an Thành hố Cần Thơ,typo_ocr,noise_injector
616,80,BCA_CA_CT_PA03,Phòng An ninh chính trị nội bộ - Công an Thành phố Cần Thơ,canonical,manual_registry
617,80,BCA_CA_CT_PA03,Phòng An ninh chính trị nội bộ - CATP Cần Thơ,abbreviation,domain_rules
618,80,BCA_CA_CT_PA03,Phòng An ninh chính trị nội bộ - CA TP Cần Thơ,alias,domain_rules
619,80,BCA_CA_CT_PA03,Phòng An ninh chính trị nội bộ - CA Cần Thơ,abbreviation,domain_rules
620,80,BCA_CA_CT_PA03,Phong An ninh chinh tri noi bo - Cong an Thanh pho Can Tho,no_accent,auto_rule
621,80,BCA_CA_CT_PA03,PANCTNBCATPCT,abbreviation,auto_rule
622,80,BCA_CA_CT_PA03,Phòng An ninh chính trị nội bộ - Công an Thành phố CầnThơ,typo_ocr,noise_injector
623,81,BCA_CA_CT_PA05,Phòng An ninh mạng và phòng chống tội phạm công nghệ cao - Công an Thành phố Cần Thơ,canonical,manual_registry
624,81,BCA_CA_CT_PA05,Phòng An ninh mạng và phòng chống tội phạm công nghệ cao - CATP Cần Thơ,abbreviation,domain_rules
625,81,BCA_CA_CT_PA05,Phòng An ninh mạng và phòng chống tội phạm công nghệ cao - CA TP Cần Thơ,alias,domain_rules
626,81,BCA_CA_CT_PA05,Phòng An ninh mạng và phòng chống tội phạm công nghệ cao - CA Cần Thơ,abbreviation,domain_rules
627,81,BCA_CA_CT_PA05,Phong An ninh mang va phong chong toi pham cong nghe cao - Cong an Thanh pho Can Tho,no_accent,auto_rule
628,81,BCA_CA_CT_PA05,PANMPCTPCNCCATPCT,abbreviation,auto_rule
629,81,BCA_CA_CT_PA05,Phòng An ninh mạng và phòng chng tội phạm công nghệ cao - Công an Thành phố CầnThơ,typo_ocr,noise_injector
630,82,BCA_CA_DNAI,Công an Tỉnh Đồng Nai,canonical,manual_registry
631,82,BCA_CA_DNAI,CA Tỉnh Đồng Nai,alias,domain_rules
632,82,BCA_CA_DNAI,CA Đồng Nai,abbreviation,domain_rules
633,82,BCA_CA_DNAI,Cong an Tinh Đong Nai,no_accent,auto_rule
634,82,BCA_CA_DNAI,CATĐN,abbreviation,auto_rule
635,82,BCA_CA_DNAI,Công an Tỉnh Đồn Nai,typo_ocr,noise_injector
636,83,BCA_CA_DNAI_PC01,Văn phòng Cơ quan Cảnh sát điều tra - Công an Tỉnh Đồng Nai,canonical,manual_registry
637,83,BCA_CA_DNAI_PC01,Văn phòng Cơ quan Cảnh sát điều tra - CA Tỉnh Đồng Nai,alias,domain_rules
638,83,BCA_CA_DNAI_PC01,Văn phòng Cơ quan Cảnh sát điều tra - CA Đồng Nai,abbreviation,domain_rules
639,83,BCA_CA_DNAI_PC01,PC01 - Công an Tỉnh Đồng Nai,abbreviation,domain_rules
640,83,BCA_CA_DNAI_PC01,Van phong Co quan Canh sat đieu tra - Cong an Tinh Đong Nai,no_accent,auto_rule
641,83,BCA_CA_DNAI_PC01,VPCSĐTCATĐN,abbreviation,auto_rule
642,83,BCA_CA_DNAI_PC01,Văn phòng ơ quan Cảnh sát điều tra - Công an Tỉnh Đồng Nai,typo_ocr,noise_injector
643,83,BCA_CA_DNAI_PC01,Vănphòng Cơ quan Cảnh sát điều tra - Côg an Tỉnh Đồng Nai,typo_ocr,noise_injector
644,84,BCA_CA_DNAI_PC02,Phòng Cảnh sát hình sự - Công an Tỉnh Đồng Nai,canonical,manual_registry
645,84,BCA_CA_DNAI_PC02,Phòng Cảnh sát hình sự - CA Tỉnh Đồng Nai,alias,domain_rules
646,84,BCA_CA_DNAI_PC02,Phòng Cảnh sát hình sự - CA Đồng Nai,abbreviation,domain_rules
647,84,BCA_CA_DNAI_PC02,PC02 - Công an Tỉnh Đồng Nai,abbreviation,domain_rules
648,84,BCA_CA_DNAI_PC02,Phòng CSHS - Công an Tỉnh Đồng Nai,alias,domain_rules
649,84,BCA_CA_DNAI_PC02,Phong Canh sat hinh su - Cong an Tinh Đong Nai,no_accent,auto_rule
650,84,BCA_CA_DNAI_PC02,PCSHSCATĐN,abbreviation,auto_rule
651,84,BCA_CA_DNAI_PC02,Phòng Cảnh sát hình sự - Công n Tỉnh Đồng Nai,typo_ocr,noise_injector
652,84,BCA_CA_DNAI_PC02,Phòng Cảnh sát hình sự - Công an Tỉnh Đồn Nai,typo_ocr,noise_injector
653,85,BCA_CA_DNAI_PC03,Phòng Cảnh sát kinh tế - Công an Tỉnh Đồng Nai,canonical,manual_registry
654,85,BCA_CA_DNAI_PC03,Phòng Cảnh sát kinh tế - CA Tỉnh Đồng Nai,alias,domain_rules
655,85,BCA_CA_DNAI_PC03,Phòng Cảnh sát kinh tế - CA Đồng Nai,abbreviation,domain_rules
656,85,BCA_CA_DNAI_PC03,Phong Canh sat kinh te - Cong an Tinh Đong Nai,no_accent,auto_rule
657,85,BCA_CA_DNAI_PC03,PCSKTCATĐN,abbreviation,auto_rule
658,85,BCA_CA_DNAI_PC03,Phòng Cảnh sát kinh tế - Công an Tỉnh Đồng Na,typo_ocr,noise_injector
659,85,BCA_CA_DNAI_PC03,Phòn Cảnh sát kinh tế - Công an Tỉh Đồng Nai,typo_ocr,noise_injector
660,86,BCA_CA_DNAI_PC04,Phòng Cảnh sát điều tra tội phạm về ma túy - Công an Tỉnh Đồng Nai,canonical,manual_registry
661,86,BCA_CA_DNAI_PC04,Phòng Cảnh sát điều tra tội phạm về ma túy - CA Tỉnh Đồng Nai,alias,domain_rules
662,86,BCA_CA_DNAI_PC04,Phòng Cảnh sát điều tra tội phạm về ma túy - CA Đồng Nai,abbreviation,domain_rules
663,86,BCA_CA_DNAI_PC04,PC04 - Công an Tỉnh Đồng Nai,abbreviation,domain_rules
664,86,BCA_CA_DNAI_PC04,Phòng CS ma túy - Công an Tỉnh Đồng Nai,alias,domain_rules
665,86,BCA_CA_DNAI_PC04,Phong Canh sat đieu tra toi pham ve ma tuy - Cong an Tinh Đong Nai,no_accent,auto_rule
666,86,BCA_CA_DNAI_PC04,PCSĐTTPMTCATĐN,abbreviation,auto_rule
667,86,BCA_CA_DNAI_PC04,Phòng Cảnh sát điều tra tộiphạm về ma túy - Công an Tnh Đồng Nai,typo_ocr,noise_injector
668,86,BCA_CA_DNAI_PC04,Phòng Cảnh sát điều tr tội phạm về matúy - Cng an Tỉnh Đồng Nai,typo_ocr,noise_injector
669,87,BCA_CA_DNAI_PC06,Phòng Cảnh sát quản lý hành chính về trật tự xã hội - Công an Tỉnh Đồng Nai,canonical,manual_registry
670,87,BCA_CA_DNAI_PC06,Phòng Cảnh sát quản lý hành chính về trật tự xã hội - CA Tỉnh Đồng Nai,alias,domain_rules
671,87,BCA_CA_DNAI_PC06,Phòng Cảnh sát quản lý hành chính về trật tự xã hội - CA Đồng Nai,abbreviation,domain_rules
672,87,BCA_CA_DNAI_PC06,PC06 - Công an Tỉnh Đồng Nai,abbreviation,domain_rules
673,87,BCA_CA_DNAI_PC06,Phòng CSQLHC - Công an Tỉnh Đồng Nai,alias,domain_rules
674,87,BCA_CA_DNAI_PC06,Phong Canh sat quan ly hanh chinh ve trat tu xa hoi - Cong an Tinh Đong Nai,no_accent,auto_rule
675,87,BCA_CA_DNAI_PC06,PCSQLHCTTXHCATĐN,abbreviation,auto_rule
676,87,BCA_CA_DNAI_PC06,Phòng Cảnh sát quản lý hành chính về trật tự xã hội - Côn an Tỉnh Đồng Nai,typo_ocr,noise_injector
677,87,BCA_CA_DNAI_PC06,Phòng Cảnh sát quản lý hành chíh về trật tự xã hội - Công an Tỉh Đồng Nai,typo_ocr,noise_injector
678,88,BCA_CA_DNAI_PC08,Phòng Cảnh sát giao thông - Công an Tỉnh Đồng Nai,canonical,manual_registry
679,88,BCA_CA_DNAI_PC08,Phòng Cảnh sát giao thông - CA Tỉnh Đồng Nai,alias,domain_rules
680,88,BCA_CA_DNAI_PC08,Phòng Cảnh sát giao thông - CA Đồng Nai,abbreviation,domain_rules
681,88,BCA_CA_DNAI_PC08,PC08 - Công an Tỉnh Đồng Nai,abbreviation,domain_rules
682,88,BCA_CA_DNAI_PC08,Phòng CSGT - Công an Tỉnh Đồng Nai,alias,domain_rules
683,88,BCA_CA_DNAI_PC08,Phong Canh sat giao thong - Cong an Tinh Đong Nai,no_accent,auto_rule
684,88,BCA_CA_DNAI_PC08,PCSGTCATĐN,abbreviation,auto_rule
685,88,BCA_CA_DNAI_PC08,Phòg Cảnh sát giao thông - Công an Tỉnh Đồng Nai,typo_ocr,noise_injector
686,89,BCA_CA_DNAI_PA01,Phòng An ninh đối ngoại - Công an Tỉnh Đồng Nai,canonical,manual_registry
687,89,BCA_CA_DNAI_PA01,Phòng An ninh đối ngoại - CA Tỉnh Đồng Nai,alias,domain_rules
688,89,BCA_CA_DNAI_PA01,Phòng An ninh đối ngoại - CA Đồng Nai,abbreviation,domain_rules
689,89,BCA_CA_DNAI_PA01,Phong An ninh đoi ngoai - Cong an Tinh Đong Nai,no_accent,auto_rule
690,89,BCA_CA_DNAI_PA01,PANĐNCATĐN,abbreviation,auto_rule
691,89,BCA_CA_DNAI_PA01,Phòng An ninh đối ngoại - Công an Tỉnh Đồng ai,typo_ocr,noise_injector
692,90,BCA_CA_DNAI_PA02,Phòng An ninh nội địa - Công an Tỉnh Đồng Nai,canonical,manual_registry
693,90,BCA_CA_DNAI_PA02,Phòng An ninh nội địa - CA Tỉnh Đồng Nai,alias,domain_rules
694,90,BCA_CA_DNAI_PA02,Phòng An ninh nội địa - CA Đồng Nai,abbreviation,domain_rules
695,90,BCA_CA_DNAI_PA02,Phong An ninh noi đia - Cong an Tinh Đong Nai,no_accent,auto_rule
696,90,BCA_CA_DNAI_PA02,PANNĐCATĐN,abbreviation,auto_rule
697,90,BCA_CA_DNAI_PA02,Phòng A ninh nội địa - Công an Tỉnh Đồng Nai,typo_ocr,noise_injector
698,90,BCA_CA_DNAI_PA02,Phòng An ninh nội địa - Công an TỉnhĐồng Nai,typo_ocr,noise_injector
699,91,BCA_CA_DNAI_PA03,Phòng An ninh chính trị nội bộ - Công an Tỉnh Đồng Nai,canonical,manual_registry
700,91,BCA_CA_DNAI_PA03,Phòng An ninh chính trị nội bộ - CA Tỉnh Đồng Nai,alias,domain_rules
701,91,BCA_CA_DNAI_PA03,Phòng An ninh chính trị nội bộ - CA Đồng Nai,abbreviation,domain_rules
702,91,BCA_CA_DNAI_PA03,Phong An ninh chinh tri noi bo - Cong an Tinh Đong Nai,no_accent,auto_rule
703,91,BCA_CA_DNAI_PA03,PANCTNBCATĐN,abbreviation,auto_rule
704,91,BCA_CA_DNAI_PA03,Phòng n ninh chính trị nội bộ - Công an Tỉnh Đồng Nai,typo_ocr,noise_injector
705,92,BCA_CA_DNAI_PA05,Phòng An ninh mạng và phòng chống tội phạm công nghệ cao - Công an Tỉnh Đồng Nai,canonical,manual_registry
706,92,BCA_CA_DNAI_PA05,Phòng An ninh mạng và phòng chống tội phạm công nghệ cao - CA Tỉnh Đồng Nai,alias,domain_rules
707,92,BCA_CA_DNAI_PA05,Phòng An ninh mạng và phòng chống tội phạm công nghệ cao - CA Đồng Nai,abbreviation,domain_rules
708,92,BCA_CA_DNAI_PA05,Phong An ninh mang va phong chong toi pham cong nghe cao - Cong an Tinh Đong Nai,no_accent,auto_rule
709,92,BCA_CA_DNAI_PA05,PANMPCTPCNCCATĐN,abbreviation,auto_rule
710,92,BCA_CA_DNAI_PA05,Pòng An ninh mạng v phòng chống tội pạm công nhệ cao - Công an Tỉnh Đồng Nai,typo_ocr,noise_injector
711,92,BCA_CA_DNAI_PA05,Phòng An ninh mạng và phòg chống tội phạm công ghệ cao - Công an Tỉnh Đồng Nai,typo_ocr,noise_injector
712,93,BCA_CA_BD,Công an Tỉnh Bình Dương,canonical,manual_registry
713,93,BCA_CA_BD,CA Tỉnh Bình Dương,alias,domain_rules
714,93,BCA_CA_BD,CA Bình Dương,abbreviation,domain_rules
715,93,BCA_CA_BD,Cong an Tinh Binh Duong,no_accent,auto_rule
716,93,BCA_CA_BD,CATBD,abbreviation,auto_rule
717,93,BCA_CA_BD,Công an Tỉnh Bìn Dương,typo_ocr,noise_injector
718,93,BCA_CA_BD,Công an Tỉnh BìnhDương,typo_ocr,noise_injector
719,94,BCA_CA_BD_PC01,Văn phòng Cơ quan Cảnh sát điều tra - Công an Tỉnh Bình Dương,canonical,manual_registry
720,94,BCA_CA_BD_PC01,Văn phòng Cơ quan Cảnh sát điều tra - CA Tỉnh Bình Dương,alias,domain_rules
721,94,BCA_CA_BD_PC01,Văn phòng Cơ quan Cảnh sát điều tra - CA Bình Dương,abbreviation,domain_rules
722,94,BCA_CA_BD_PC01,PC01 - Công an Tỉnh Bình Dương,abbreviation,domain_rules
723,94,BCA_CA_BD_PC01,Van phong Co quan Canh sat đieu tra - Cong an Tinh Binh Duong,no_accent,auto_rule
724,94,BCA_CA_BD_PC01,VPCSĐTCATBD,abbreviation,auto_rule
725,94,BCA_CA_BD_PC01,Văn phòng Cơ quan Cảnh st điều tra - Công an Tỉnh Bình Dương,typo_ocr,noise_injector
726,95,BCA_CA_BD_PC02,Phòng Cảnh sát hình sự - Công an Tỉnh Bình Dương,canonical,manual_registry
727,95,BCA_CA_BD_PC02,Phòng Cảnh sát hình sự - CA Tỉnh Bình Dương,alias,domain_rules
728,95,BCA_CA_BD_PC02,Phòng Cảnh sát hình sự - CA Bình Dương,abbreviation,domain_rules
729,95,BCA_CA_BD_PC02,PC02 - Công an Tỉnh Bình Dương,abbreviation,domain_rules
730,95,BCA_CA_BD_PC02,Phòng CSHS - Công an Tỉnh Bình Dương,alias,domain_rules
731,95,BCA_CA_BD_PC02,Phong Canh sat hinh su - Cong an Tinh Binh Duong,no_accent,auto_rule
732,95,BCA_CA_BD_PC02,PCSHSCATBD,abbreviation,auto_rule
733,95,BCA_CA_BD_PC02,hòng Cảnh sát hìh sự -Công an Tỉnh Bình Dương,typo_ocr,noise_injector
734,95,BCA_CA_BD_PC02,Phòng Cảnh sá hìnhsự - Công an Tỉnh BìnhDương,typo_ocr,noise_injector
735,96,BCA_CA_BD_PC03,Phòng Cảnh sát kinh tế - Công an Tỉnh Bình Dương,canonical,manual_registry
736,96,BCA_CA_BD_PC03,Phòng Cảnh sát kinh tế - CA Tỉnh Bình Dương,alias,domain_rules
737,96,BCA_CA_BD_PC03,Phòng Cảnh sát kinh tế - CA Bình Dương,abbreviation,domain_rules
738,96,BCA_CA_BD_PC03,Phong Canh sat kinh te - Cong an Tinh Binh Duong,no_accent,auto_rule
739,96,BCA_CA_BD_PC03,PCSKTCATBD,abbreviation,auto_rule
740,96,BCA_CA_BD_PC03,Phòng Cnh sát kinh tế - Công an Tỉnh Bình Dươn,typo_ocr,noise_injector
741,97,BCA_CA_BD_PC04,Phòng Cảnh sát điều tra tội phạm về ma túy - Công an Tỉnh Bình Dương,canonical,manual_registry
742,97,BCA_CA_BD_PC04,Phòng Cảnh sát điều tra tội phạm về ma túy - CA Tỉnh Bình Dương,alias,domain_rules
743,97,BCA_CA_BD_PC04,Phòng Cảnh sát điều tra tội phạm về ma túy - CA Bình Dương,abbreviation,domain_rules
744,97,BCA_CA_BD_PC04,PC04 - Công an Tỉnh Bình Dương,abbreviation,domain_rules
745,97,BCA_CA_BD_PC04,Phòng CS ma túy - Công an Tỉnh Bình Dương,alias,domain_rules
746,97,BCA_CA_BD_PC04,Phong Canh sat đieu tra toi pham ve ma tuy - Cong an Tinh Binh Duong,no_accent,auto_rule
747,97,BCA_CA_BD_PC04,PCSĐTTPMTCATBD,abbreviation,auto_rule
748,97,BCA_CA_BD_PC04,Phòng Cản sát điều ra ti phạm về ma túy - Công an Tỉnh Bình Dương,typo_ocr,noise_injector
749,97,BCA_CA_BD_PC04,Phòng Cảnh sát điều tra tội phạm về ma túy - Công an Tỉn BìnhDương,typo_ocr,noise_injector
750,98,BCA_CA_BD_PC06,Phòng Cảnh sát quản lý hành chính về trật tự xã hội - Công an Tỉnh Bình Dương,canonical,manual_registry
751,98,BCA_CA_BD_PC06,Phòng Cảnh sát quản lý hành chính về trật tự xã hội - CA Tỉnh Bình Dương,alias,domain_rules
752,98,BCA_CA_BD_PC06,Phòng Cảnh sát quản lý hành chính về trật tự xã hội - CA Bình Dương,abbreviation,domain_rules
753,98,BCA_CA_BD_PC06,PC06 - Công an Tỉnh Bình Dương,abbreviation,domain_rules
754,98,BCA_CA_BD_PC06,Phòng CSQLHC - Công an Tỉnh Bình Dương,alias,domain_rules
755,98,BCA_CA_BD_PC06,Phong Canh sat quan ly hanh chinh ve trat tu xa hoi - Cong an Tinh Binh Duong,no_accent,auto_rule
756,98,BCA_CA_BD_PC06,PCSQLHCTTXHCATBD,abbreviation,auto_rule
757,98,BCA_CA_BD_PC06,Phòng Cảnh sát quản lý hàn chính v trt tự xã hội - Công an Tỉnh Bình Dương,typo_ocr,noise_injector
758,98,BCA_CA_BD_PC06,Phòng Cảnh sát quản lý hành chính ề trật tự xã hội - Công an Tỉnh Bình Dưng,typo_ocr,noise_injector
759,99,BCA_CA_BD_PC08,Phòng Cảnh sát giao thông - Công an Tỉnh Bình Dương,canonical,manual_registry
760,99,BCA_CA_BD_PC08,Phòng Cảnh sát giao thông - CA Tỉnh Bình Dương,alias,domain_rules
761,99,BCA_CA_BD_PC08,Phòng Cảnh sát giao thông - CA Bình Dương,abbreviation,domain_rules
762,99,BCA_CA_BD_PC08,PC08 - Công an Tỉnh Bình Dương,abbreviation,domain_rules
763,99,BCA_CA_BD_PC08,Phòng CSGT - Công an Tỉnh Bình Dương,alias,domain_rules
764,99,BCA_CA_BD_PC08,Phong Canh sat giao thong - Cong an Tinh Binh Duong,no_accent,auto_rule
765,99,BCA_CA_BD_PC08,PCSGTCATBD,abbreviation,auto_rule
766,99,BCA_CA_BD_PC08,Pòng Cảnh sát giao thông - Côngan Tỉnh Bình Dương,typo_ocr,noise_injector
767,99,BCA_CA_BD_PC08,Phòng Cảnh sát gio thông - Cng an Tỉnh Bình Dương,typo_ocr,noise_injector
768,100,BCA_CA_BD_PA01,Phòng An ninh đối ngoại - Công an Tỉnh Bình Dương,canonical,manual_registry
769,100,BCA_CA_BD_PA01,Phòng An ninh đối ngoại - CA Tỉnh Bình Dương,alias,domain_rules
770,100,BCA_CA_BD_PA01,Phòng An ninh đối ngoại - CA Bình Dương,abbreviation,domain_rules
771,100,BCA_CA_BD_PA01,Phong An ninh đoi ngoai - Cong an Tinh Binh Duong,no_accent,auto_rule
772,100,BCA_CA_BD_PA01,PANĐNCATBD,abbreviation,auto_rule
773,100,BCA_CA_BD_PA01,Phòg An ninh đối goại - Công an Tỉnh Bình Dương,typo_ocr,noise_injector
774,101,BCA_CA_BD_PA02,Phòng An ninh nội địa - Công an Tỉnh Bình Dương,canonical,manual_registry
775,101,BCA_CA_BD_PA02,Phòng An ninh nội địa - CA Tỉnh Bình Dương,alias,domain_rules
776,101,BCA_CA_BD_PA02,Phòng An ninh nội địa - CA Bình Dương,abbreviation,domain_rules
777,101,BCA_CA_BD_PA02,Phong An ninh noi đia - Cong an Tinh Binh Duong,no_accent,auto_rule
778,101,BCA_CA_BD_PA02,PANNĐCATBD,abbreviation,auto_rule
779,101,BCA_CA_BD_PA02,PhòngAn ninh nội địa -Công an Tnh Bình Dương,typo_ocr,noise_injector
780,102,BCA_CA_BD_PA03,Phòng An ninh chính trị nội bộ - Công an Tỉnh Bình Dương,canonical,manual_registry
781,102,BCA_CA_BD_PA03,Phòng An ninh chính trị nội bộ - CA Tỉnh Bình Dương,alias,domain_rules
782,102,BCA_CA_BD_PA03,Phòng An ninh chính trị nội bộ - CA Bình Dương,abbreviation,domain_rules
783,102,BCA_CA_BD_PA03,Phong An ninh chinh tri noi bo - Cong an Tinh Binh Duong,no_accent,auto_rule
784,102,BCA_CA_BD_PA03,PANCTNBCATBD,abbreviation,auto_rule
785,103,BCA_CA_BD_PA05,Phòng An ninh mạng và phòng chống tội phạm công nghệ cao - Công an Tỉnh Bình Dương,canonical,manual_registry
786,103,BCA_CA_BD_PA05,Phòng An ninh mạng và phòng chống tội phạm công nghệ cao - CA Tỉnh Bình Dương,alias,domain_rules
787,103,BCA_CA_BD_PA05,Phòng An ninh mạng và phòng chống tội phạm công nghệ cao - CA Bình Dương,abbreviation,domain_rules
788,103,BCA_CA_BD_PA05,Phong An ninh mang va phong chong toi pham cong nghe cao - Cong an Tinh Binh Duong,no_accent,auto_rule
789,103,BCA_CA_BD_PA05,PANMPCTPCNCCATBD,abbreviation,auto_rule
790,103,BCA_CA_BD_PA05,Phòn An ninh mạng và phòng chống tội phạm công nghệ cao -Công an Tỉn Bình ương,typo_ocr,noise_injector
791,103,BCA_CA_BD_PA05,hòngAn nin mạng và phòng chống tội phạm công nghệ cao - Công an Tỉnh Bình Dương,typo_ocr,noise_injector
792,104,BCA_CA_VT,Công an Tỉnh Bà Rịa - Vũng Tàu,canonical,manual_registry
793,104,BCA_CA_VT,CA Tỉnh Bà Rịa - Vũng Tàu,alias,domain_rules
794,104,BCA_CA_VT,CA Bà Rịa - Vũng Tàu,abbreviation,domain_rules
795,104,BCA_CA_VT,Cong an Tinh Ba Ria - Vung Tau,no_accent,auto_rule
796,104,BCA_CA_VT,CATBRVT,abbreviation,auto_rule
797,104,BCA_CA_VT,Công an TỉnhBà Rịa - Vũng Tàu,typo_ocr,noise_injector
798,104,BCA_CA_VT,Công an Tỉnh Bà Rịa - Vũng Tà,typo_ocr,noise_injector
799,105,BCA_CA_VT_PC01,Văn phòng Cơ quan Cảnh sát điều tra - Công an Tỉnh Bà Rịa - Vũng Tàu,canonical,manual_registry
800,105,BCA_CA_VT_PC01,Văn phòng Cơ quan Cảnh sát điều tra - CA Tỉnh Bà Rịa - Vũng Tàu,alias,domain_rules
801,105,BCA_CA_VT_PC01,Văn phòng Cơ quan Cảnh sát điều tra - CA Bà Rịa - Vũng Tàu,abbreviation,domain_rules
802,105,BCA_CA_VT_PC01,PC01 - Công an Tỉnh Bà Rịa - Vũng Tàu,abbreviation,domain_rules
803,105,BCA_CA_VT_PC01,Van phong Co quan Canh sat đieu tra - Cong an Tinh Ba Ria - Vung Tau,no_accent,auto_rule
804,105,BCA_CA_VT_PC01,VPCSĐTCATBRVT,abbreviation,auto_rule
805,105,BCA_CA_VT_PC01,Văn phòng Cơ quan Cảnh sát iu tra - Công an Tỉnh Bà Rịa - Vũng Tàu,typo_ocr,noise_injector
806,105,BCA_CA_VT_PC01,Văn phòng Cơquan Cảnh sát điều tra - Công a Tỉnh Bà Rịa - Vũng Tàu,typo_ocr,noise_injector
807,106,BCA_CA_VT_PC02,Phòng Cảnh sát hình sự - Công an Tỉnh Bà Rịa - Vũng Tàu,canonical,manual_registry
808,106,BCA_CA_VT_PC02,Phòng Cảnh sát hình sự - CA Tỉnh Bà Rịa - Vũng Tàu,alias,domain_rules
809,106,BCA_CA_VT_PC02,Phòng Cảnh sát hình sự - CA Bà Rịa - Vũng Tàu,abbreviation,domain_rules
810,106,BCA_CA_VT_PC02,PC02 - Công an Tỉnh Bà Rịa - Vũng Tàu,abbreviation,domain_rules
811,106,BCA_CA_VT_PC02,Phòng CSHS - Công an Tỉnh Bà Rịa - Vũng Tàu,alias,domain_rules
812,106,BCA_CA_VT_PC02,Phong Canh sat hinh su - Cong an Tinh Ba Ria - Vung Tau,no_accent,auto_rule
813,106,BCA_CA_VT_PC02,PCSHSCATBRVT,abbreviation,auto_rule
814,106,BCA_CA_VT_PC02,Phòng ảnh sát hìh sự - Công an Tnh Bà Rịa - Vũng Tàu,typo_ocr,noise_injector
815,107,BCA_CA_VT_PC03,Phòng Cảnh sát kinh tế - Công an Tỉnh Bà Rịa - Vũng Tàu,canonical,manual_registry
816,107,BCA_CA_VT_PC03,Phòng Cảnh sát kinh tế - CA Tỉnh Bà Rịa - Vũng Tàu,alias,domain_rules
817,107,BCA_CA_VT_PC03,Phòng Cảnh sát kinh tế - CA Bà Rịa - Vũng Tàu,abbreviation,domain_rules
818,107,BCA_CA_VT_PC03,Phong Canh sat kinh te - Cong an Tinh Ba Ria - Vung Tau,no_accent,auto_rule
819,107,BCA_CA_VT_PC03,PCSKTCATBRVT,abbreviation,auto_rule
820,107,BCA_CA_VT_PC03,Phòng Cảnh sát kinhtế - Công an Tỉh B Rịa - Vũng Tàu,typo_ocr,noise_injector
821,108,BCA_CA_VT_PC04,Phòng Cảnh sát điều tra tội phạm về ma túy - Công an Tỉnh Bà Rịa - Vũng Tàu,canonical,manual_registry
822,108,BCA_CA_VT_PC04,Phòng Cảnh sát điều tra tội phạm về ma túy - CA Tỉnh Bà Rịa - Vũng Tàu,alias,domain_rules
823,108,BCA_CA_VT_PC04,Phòng Cảnh sát điều tra tội phạm về ma túy - CA Bà Rịa - Vũng Tàu,abbreviation,domain_rules
824,108,BCA_CA_VT_PC04,PC04 - Công an Tỉnh Bà Rịa - Vũng Tàu,abbreviation,domain_rules
825,108,BCA_CA_VT_PC04,Phòng CS ma túy - Công an Tỉnh Bà Rịa - Vũng Tàu,alias,domain_rules
826,108,BCA_CA_VT_PC04,Phong Canh sat đieu tra toi pham ve ma tuy - Cong an Tinh Ba Ria - Vung Tau,no_accent,auto_rule
827,108,BCA_CA_VT_PC04,PCSĐTTPMTCATBRVT,abbreviation,auto_rule
828,108,BCA_CA_VT_PC04,Phòng Cảnh át điều tra tội phạm về ma túy - Công an Tỉnh Bà Rịa - ũng Tàu,typo_ocr,noise_injector
829,108,BCA_CA_VT_PC04,Phòng Cảnh sát điều tra tội phạm về ma túy - Cng an Tỉnh Bà Rịa - Vũng Tàu,typo_ocr,noise_injector
830,109,BCA_CA_VT_PC06,Phòng Cảnh sát quản lý hành chính về trật tự xã hội - Công an Tỉnh Bà Rịa - Vũng Tàu,canonical,manual_registry
831,109,BCA_CA_VT_PC06,Phòng Cảnh sát quản lý hành chính về trật tự xã hội - CA Tỉnh Bà Rịa - Vũng Tàu,alias,domain_rules
832,109,BCA_CA_VT_PC06,Phòng Cảnh sát quản lý hành chính về trật tự xã hội - CA Bà Rịa - Vũng Tàu,abbreviation,domain_rules
833,109,BCA_CA_VT_PC06,PC06 - Công an Tỉnh Bà Rịa - Vũng Tàu,abbreviation,domain_rules
834,109,BCA_CA_VT_PC06,Phòng CSQLHC - Công an Tỉnh Bà Rịa - Vũng Tàu,alias,domain_rules
835,109,BCA_CA_VT_PC06,Phong Canh sat quan ly hanh chinh ve trat tu xa hoi - Cong an Tinh Ba Ria - Vung Tau,no_accent,auto_rule
836,109,BCA_CA_VT_PC06,PCSQLHCTTXHCATBRVT,abbreviation,auto_rule
837,109,BCA_CA_VT_PC06,Phòng Cảnh sát quản lý hành chính về trật tự xã hội - Công an Tỉnh Bà Rịa - Vũng àu,typo_ocr,noise_injector
838,109,BCA_CA_VT_PC06,Phòng Cảnh sát quản lý hành chính về trậttự xã hội - Công an Tỉnh Bà Rịa - Vũng Tàu,typo_ocr,noise_injector
839,110,BCA_CA_VT_PC08,Phòng Cảnh sát giao thông - Công an Tỉnh Bà Rịa - Vũng Tàu,canonical,manual_registry
840,110,BCA_CA_VT_PC08,Phòng Cảnh sát giao thông - CA Tỉnh Bà Rịa - Vũng Tàu,alias,domain_rules
841,110,BCA_CA_VT_PC08,Phòng Cảnh sát giao thông - CA Bà Rịa - Vũng Tàu,abbreviation,domain_rules
842,110,BCA_CA_VT_PC08,PC08 - Công an Tỉnh Bà Rịa - Vũng Tàu,abbreviation,domain_rules
843,110,BCA_CA_VT_PC08,Phòng CSGT - Công an Tỉnh Bà Rịa - Vũng Tàu,alias,domain_rules
844,110,BCA_CA_VT_PC08,Phong Canh sat giao thong - Cong an Tinh Ba Ria - Vung Tau,no_accent,auto_rule
845,110,BCA_CA_VT_PC08,PCSGTCATBRVT,abbreviation,auto_rule
846,110,BCA_CA_VT_PC08,PhòngCảnh sát giao thông - Công an Tỉnh Bà Rịa - Vũng Tàu,typo_ocr,noise_injector
847,111,BCA_CA_VT_PA01,Phòng An ninh đối ngoại - Công an Tỉnh Bà Rịa - Vũng Tàu,canonical,manual_registry
848,111,BCA_CA_VT_PA01,Phòng An ninh đối ngoại - CA Tỉnh Bà Rịa - Vũng Tàu,alias,domain_rules
849,111,BCA_CA_VT_PA01,Phòng An ninh đối ngoại - CA Bà Rịa - Vũng Tàu,abbreviation,domain_rules
850,111,BCA_CA_VT_PA01,Phong An ninh đoi ngoai - Cong an Tinh Ba Ria - Vung Tau,no_accent,auto_rule
851,111,BCA_CA_VT_PA01,PANĐNCATBRVT,abbreviation,auto_rule
852,111,BCA_CA_VT_PA01,Phòg Aninh đối ngoại - Công an Tỉnh Bà Rịa - Vũng Tàu,typo_ocr,noise_injector
853,112,BCA_CA_VT_PA02,Phòng An ninh nội địa - Công an Tỉnh Bà Rịa - Vũng Tàu,canonical,manual_registry
854,112,BCA_CA_VT_PA02,Phòng An ninh nội địa - CA Tỉnh Bà Rịa - Vũng Tàu,alias,domain_rules
855,112,BCA_CA_VT_PA02,Phòng An ninh nội địa - CA Bà Rịa - Vũng Tàu,abbreviation,domain_rules
856,112,BCA_CA_VT_PA02,Phong An ninh noi đia - Cong an Tinh Ba Ria - Vung Tau,no_accent,auto_rule
857,112,BCA_CA_VT_PA02,PANNĐCATBRVT,abbreviation,auto_rule
858,113,BCA_CA_VT_PA03,Phòng An ninh chính trị nội bộ - Công an Tỉnh Bà Rịa - Vũng Tàu,canonical,manual_registry
859,113,BCA_CA_VT_PA03,Phòng An ninh chính trị nội bộ - CA Tỉnh Bà Rịa - Vũng Tàu,alias,domain_rules
860,113,BCA_CA_VT_PA03,Phòng An ninh chính trị nội bộ - CA Bà Rịa - Vũng Tàu,abbreviation,domain_rules
861,113,BCA_CA_VT_PA03,Phong An ninh chinh tri noi bo - Cong an Tinh Ba Ria - Vung Tau,no_accent,auto_rule
862,113,BCA_CA_VT_PA03,PANCTNBCATBRVT,abbreviation,auto_rule
863,113,BCA_CA_VT_PA03,Phòng An ninh chính trị nội bộ - Công anTỉnh Bà Rịa - Vũng Tàu,typo_ocr,noise_injector
864,114,BCA_CA_VT_PA05,Phòng An ninh mạng và phòng chống tội phạm công nghệ cao - Công an Tỉnh Bà Rịa - Vũng Tàu,canonical,manual_registry
865,114,BCA_CA_VT_PA05,Phòng An ninh mạng và phòng chống tội phạm công nghệ cao - CA Tỉnh Bà Rịa - Vũng Tàu,alias,domain_rules
866,114,BCA_CA_VT_PA05,Phòng An ninh mạng và phòng chống tội phạm công nghệ cao - CA Bà Rịa - Vũng Tàu,abbreviation,domain_rules
867,114,BCA_CA_VT_PA05,Phong An ninh mang va phong chong toi pham cong nghe cao - Cong an Tinh Ba Ria - Vung Tau,no_accent,auto_rule
868,114,BCA_CA_VT_PA05,PANMPCTPCNCCATBRVT,abbreviation,auto_rule
869,114,BCA_CA_VT_PA05,Phòng Anninh mạng và phòng chống tội phạm công nghệ cao - Công an Tnh Bà Rịa - Vũng Tàu,typo_ocr,noise_injector
870,114,BCA_CA_VT_PA05,PhngAnninh mạng và phòg chống tội phạm công nghệ cao - Công an Tỉnh Bà Rịa - Vũng Tàu,typo_ocr,noise_injector
871,115,BCA_CA_TNI,Công an Tỉnh Tây Ninh,canonical,manual_registry
872,115,BCA_CA_TNI,CA Tỉnh Tây Ninh,alias,domain_rules
873,115,BCA_CA_TNI,CA Tây Ninh,abbreviation,domain_rules
874,115,BCA_CA_TNI,Cong an Tinh Tay Ninh,no_accent,auto_rule
875,115,BCA_CA_TNI,CATTN,abbreviation,auto_rule
876,115,BCA_CA_TNI,Côngan Tỉnh Tây Ninh,typo_ocr,noise_injector
877,116,BCA_CA_TNI_PC01,Văn phòng Cơ quan Cảnh sát điều tra - Công an Tỉnh Tây Ninh,canonical,manual_registry
878,116,BCA_CA_TNI_PC01,Văn phòng Cơ quan Cảnh sát điều tra - CA Tỉnh Tây Ninh,alias,domain_rules
879,116,BCA_CA_TNI_PC01,Văn phòng Cơ quan Cảnh sát điều tra - CA Tây Ninh,abbreviation,domain_rules
880,116,BCA_CA_TNI_PC01,PC01 - Công an Tỉnh Tây Ninh,abbreviation,domain_rules
881,116,BCA_CA_TNI_PC01,Van phong Co quan Canh sat đieu tra - Cong an Tinh Tay Ninh,no_accent,auto_rule
882,116,BCA_CA_TNI_PC01,VPCSĐTCATTN,abbreviation,auto_rule
883,116,BCA_CA_TNI_PC01,Vă phòng Cơ quan Cảnh sát điều tr - Công an Tỉnh Tây Ninh,typo_ocr,noise_injector
884,116,BCA_CA_TNI_PC01,Văn phòng Cơ quan Cảnh sát điều tra - Công an Tỉnh Tâ Ninh,typo_ocr,noise_injector
885,117,BCA_CA_TNI_PC02,Phòng Cảnh sát hình sự - Công an Tỉnh Tây Ninh,canonical,manual_registry
886,117,BCA_CA_TNI_PC02,Phòng Cảnh sát hình sự - CA Tỉnh Tây Ninh,alias,domain_rules
887,117,BCA_CA_TNI_PC02,Phòng Cảnh sát hình sự - CA Tây Ninh,abbreviation,domain_rules
888,117,BCA_CA_TNI_PC02,PC02 - Công an Tỉnh Tây Ninh,abbreviation,domain_rules
889,117,BCA_CA_TNI_PC02,Phòng CSHS - Công an Tỉnh Tây Ninh,alias,domain_rules
890,117,BCA_CA_TNI_PC02,Phong Canh sat hinh su - Cong an Tinh Tay Ninh,no_accent,auto_rule
891,117,BCA_CA_TNI_PC02,PCSHSCATTN,abbreviation,auto_rule
892,117,BCA_CA_TNI_PC02,Phòng Cảnh sát hình sự - Công an Tnh Tây Ninh,typo_ocr,noise_injector
893,118,BCA_CA_TNI_PC03,Phòng Cảnh sát kinh tế - Công an Tỉnh Tây Ninh,canonical,manual_registry
894,118,BCA_CA_TNI_PC03,Phòng Cảnh sát kinh tế - CA Tỉnh Tây Ninh,alias,domain_rules
895,118,BCA_CA_TNI_PC03,Phòng Cảnh sát kinh tế - CA Tây Ninh,abbreviation,domain_rules
896,118,BCA_CA_TNI_PC03,Phong Canh sat kinh te - Cong an Tinh Tay Ninh,no_accent,auto_rule
897,118,BCA_CA_TNI_PC03,PCSKTCATTN,abbreviation,auto_rule
898,119,BCA_CA_TNI_PC04,Phòng Cảnh sát điều tra tội phạm về ma túy - Công an Tỉnh Tây Ninh,canonical,manual_registry
899,119,BCA_CA_TNI_PC04,Phòng Cảnh sát điều tra tội phạm về ma túy - CA Tỉnh Tây Ninh,alias,domain_rules
900,119,BCA_CA_TNI_PC04,Phòng Cảnh sát điều tra tội phạm về ma túy - CA Tây Ninh,abbreviation,domain_rules
901,119,BCA_CA_TNI_PC04,PC04 - Công an Tỉnh Tây Ninh,abbreviation,domain_rules
902,119,BCA_CA_TNI_PC04,Phòng CS ma túy - Công an Tỉnh Tây Ninh,alias,domain_rules
903,119,BCA_CA_TNI_PC04,Phong Canh sat đieu tra toi pham ve ma tuy - Cong an Tinh Tay Ninh,no_accent,auto_rule
904,119,BCA_CA_TNI_PC04,PCSĐTTPMTCATTN,abbreviation,auto_rule
905,119,BCA_CA_TNI_PC04,Phòng Cảnh sát điều tra tội phạm về ma túy - Công an Tỉn Tây Ninh,typo_ocr,noise_injector
906,120,BCA_CA_TNI_PC06,Phòng Cảnh sát quản lý hành chính về trật tự xã hội - Công an Tỉnh Tây Ninh,canonical,manual_registry
907,120,BCA_CA_TNI_PC06,Phòng Cảnh sát quản lý hành chính về trật tự xã hội - CA Tỉnh Tây Ninh,alias,domain_rules
908,120,BCA_CA_TNI_PC06,Phòng Cảnh sát quản lý hành chính về trật tự xã hội - CA Tây Ninh,abbreviation,domain_rules
909,120,BCA_CA_TNI_PC06,PC06 - Công an Tỉnh Tây Ninh,abbreviation,domain_rules
910,120,BCA_CA_TNI_PC06,Phòng CSQLHC - Công an Tỉnh Tây Ninh,alias,domain_rules
911,120,BCA_CA_TNI_PC06,Phong Canh sat quan ly hanh chinh ve trat tu xa hoi - Cong an Tinh Tay Ninh,no_accent,auto_rule
912,120,BCA_CA_TNI_PC06,PCSQLHCTTXHCATTN,abbreviation,auto_rule
913,120,BCA_CA_TNI_PC06,Phng Cảnh sát quản lý hnh chính về trật tự xã hội - Công an Tỉnh Tây Ninh,typo_ocr,noise_injector
914,121,BCA_CA_TNI_PC08,Phòng Cảnh sát giao thông - Công an Tỉnh Tây Ninh,canonical,manual_registry
915,121,BCA_CA_TNI_PC08,Phòng Cảnh sát giao thông - CA Tỉnh Tây Ninh,alias,domain_rules
916,121,BCA_CA_TNI_PC08,Phòng Cảnh sát giao thông - CA Tây Ninh,abbreviation,domain_rules
917,121,BCA_CA_TNI_PC08,PC08 - Công an Tỉnh Tây Ninh,abbreviation,domain_rules
918,121,BCA_CA_TNI_PC08,Phòng CSGT - Công an Tỉnh Tây Ninh,alias,domain_rules
919,121,BCA_CA_TNI_PC08,Phong Canh sat giao thong - Cong an Tinh Tay Ninh,no_accent,auto_rule
920,121,BCA_CA_TNI_PC08,PCSGTCATTN,abbreviation,auto_rule
921,121,BCA_CA_TNI_PC08,Phòng Cảnh sá giao thông - Công an Tỉnh Tây inh,typo_ocr,noise_injector
922,121,BCA_CA_TNI_PC08,hòng Cảnh sát giao thông -Công an Tỉnh Tây Ninh,typo_ocr,noise_injector
923,122,BCA_CA_TNI_PA01,Phòng An ninh đối ngoại - Công an Tỉnh Tây Ninh,canonical,manual_registry
924,122,BCA_CA_TNI_PA01,Phòng An ninh đối ngoại - CA Tỉnh Tây Ninh,alias,domain_rules
925,122,BCA_CA_TNI_PA01,Phòng An ninh đối ngoại - CA Tây Ninh,abbreviation,domain_rules
926,122,BCA_CA_TNI_PA01,Phong An ninh đoi ngoai - Cong an Tinh Tay Ninh,no_accent,auto_rule
927,122,BCA_CA_TNI_PA01,PANĐNCATTN,abbreviation,auto_rule
928,123,BCA_CA_TNI_PA02,Phòng An ninh nội địa - Công an Tỉnh Tây Ninh,canonical,manual_registry
929,123,BCA_CA_TNI_PA02,Phòng An ninh nội địa - CA Tỉnh Tây Ninh,alias,domain_rules
930,123,BCA_CA_TNI_PA02,Phòng An ninh nội địa - CA Tây Ninh,abbreviation,domain_rules
931,123,BCA_CA_TNI_PA02,Phong An ninh noi đia - Cong an Tinh Tay Ninh,no_accent,auto_rule
932,123,BCA_CA_TNI_PA02,PANNĐCATTN,abbreviation,auto_rule
933,124,BCA_CA_TNI_PA03,Phòng An ninh chính trị nội bộ - Công an Tỉnh Tây Ninh,canonical,manual_registry
934,124,BCA_CA_TNI_PA03,Phòng An ninh chính trị nội bộ - CA Tỉnh Tây Ninh,alias,domain_rules
935,124,BCA_CA_TNI_PA03,Phòng An ninh chính trị nội bộ - CA Tây Ninh,abbreviation,domain_rules
936,124,BCA_CA_TNI_PA03,Phong An ninh chinh tri noi bo - Cong an Tinh Tay Ninh,no_accent,auto_rule
937,124,BCA_CA_TNI_PA03,PANCTNBCATTN,abbreviation,auto_rule
938,124,BCA_CA_TNI_PA03,Phòng An ninh chính rị nội bộ - Công an Tỉnh Tây Ninh,typo_ocr,noise_injector
939,125,BCA_CA_TNI_PA05,Phòng An ninh mạng và phòng chống tội phạm công nghệ cao - Công an Tỉnh Tây Ninh,canonical,manual_registry
940,125,BCA_CA_TNI_PA05,Phòng An ninh mạng và phòng chống tội phạm công nghệ cao - CA Tỉnh Tây Ninh,alias,domain_rules
941,125,BCA_CA_TNI_PA05,Phòng An ninh mạng và phòng chống tội phạm công nghệ cao - CA Tây Ninh,abbreviation,domain_rules
942,125,BCA_CA_TNI_PA05,Phong An ninh mang va phong chong toi pham cong nghe cao - Cong an Tinh Tay Ninh,no_accent,auto_rule
943,125,BCA_CA_TNI_PA05,PANMPCTPCNCCATTN,abbreviation,auto_rule
944,125,BCA_CA_TNI_PA05,Phòng An ninh mạng và phòng chống tội phạm công nghệ co - Công an Tỉnh Tây Ninh,typo_ocr,noise_injector
945,125,BCA_CA_TNI_PA05,Phòng An ninh ạng và phòng chống tội phạm công nhệ cao - ông a Tỉh Tây Ninh,typo_ocr,noise_injector
946,126,BCA_CA_BPC,Công an Tỉnh Bình Phước,canonical,manual_registry
947,126,BCA_CA_BPC,CA Tỉnh Bình Phước,alias,domain_rules
948,126,BCA_CA_BPC,CA Bình Phước,abbreviation,domain_rules
949,126,BCA_CA_BPC,Cong an Tinh Binh Phuoc,no_accent,auto_rule
950,126,BCA_CA_BPC,CATBP,abbreviation,auto_rule
951,126,BCA_CA_BPC,Công an Tỉnh Bìn Phước,typo_ocr,noise_injector
952,126,BCA_CA_BPC,Công an Tỉnh Bình Phướ,typo_ocr,noise_injector
953,127,BCA_CA_BPC_PC01,Văn phòng Cơ quan Cảnh sát điều tra - Công an Tỉnh Bình Phước,canonical,manual_registry
954,127,BCA_CA_BPC_PC01,Văn phòng Cơ quan Cảnh sát điều tra - CA Tỉnh Bình Phước,alias,domain_rules
955,127,BCA_CA_BPC_PC01,Văn phòng Cơ quan Cảnh sát điều tra - CA Bình Phước,abbreviation,domain_rules
956,127,BCA_CA_BPC_PC01,PC01 - Công an Tỉnh Bình Phước,abbreviation,domain_rules
957,127,BCA_CA_BPC_PC01,Van phong Co quan Canh sat đieu tra - Cong an Tinh Binh Phuoc,no_accent,auto_rule
958,127,BCA_CA_BPC_PC01,VPCSĐTCATBP,abbreviation,auto_rule
959,127,BCA_CA_BPC_PC01,Văn phòng Cơ quan Cảnh sát điều tra - Công an Tỉnh BìnhPhước,typo_ocr,noise_injector
960,128,BCA_CA_BPC_PC02,Phòng Cảnh sát hình sự - Công an Tỉnh Bình Phước,canonical,manual_registry
961,128,BCA_CA_BPC_PC02,Phòng Cảnh sát hình sự - CA Tỉnh Bình Phước,alias,domain_rules
962,128,BCA_CA_BPC_PC02,Phòng Cảnh sát hình sự - CA Bình Phước,abbreviation,domain_rules
963,128,BCA_CA_BPC_PC02,PC02 - Công an Tỉnh Bình Phước,abbreviation,domain_rules
964,128,BCA_CA_BPC_PC02,Phòng CSHS - Công an Tỉnh Bình Phước,alias,domain_rules
965,128,BCA_CA_BPC_PC02,Phong Canh sat hinh su - Cong an Tinh Binh Phuoc,no_accent,auto_rule
966,128,BCA_CA_BPC_PC02,PCSHSCATBP,abbreviation,auto_rule
967,128,BCA_CA_BPC_PC02,Phòng Cảnh sáthình sự - Công an Tỉnh Bình Phước,typo_ocr,noise_injector
968,129,BCA_CA_BPC_PC03,Phòng Cảnh sát kinh tế - Công an Tỉnh Bình Phước,canonical,manual_registry
969,129,BCA_CA_BPC_PC03,Phòng Cảnh sát kinh tế - CA Tỉnh Bình Phước,alias,domain_rules
970,129,BCA_CA_BPC_PC03,Phòng Cảnh sát kinh tế - CA Bình Phước,abbreviation,domain_rules
971,129,BCA_CA_BPC_PC03,Phong Canh sat kinh te - Cong an Tinh Binh Phuoc,no_accent,auto_rule
972,129,BCA_CA_BPC_PC03,PCSKTCATBP,abbreviation,auto_rule
973,129,BCA_CA_BPC_PC03,Pòng Cảnh sát kinh ế- Công an Tỉn Bình Phước,typo_ocr,noise_injector
974,129,BCA_CA_BPC_PC03,Phòng Cảnh sát kinh tế -Công an Tỉnh Bình Phước,typo_ocr,noise_injector
975,130,BCA_CA_BPC_PC04,Phòng Cảnh sát điều tra tội phạm về ma túy - Công an Tỉnh Bình Phước,canonical,manual_registry
976,130,BCA_CA_BPC_PC04,Phòng Cảnh sát điều tra tội phạm về ma túy - CA Tỉnh Bình Phước,alias,domain_rules
977,130,BCA_CA_BPC_PC04,Phòng Cảnh sát điều tra tội phạm về ma túy - CA Bình Phước,abbreviation,domain_rules
978,130,BCA_CA_BPC_PC04,PC04 - Công an Tỉnh Bình Phước,abbreviation,domain_rules
979,130,BCA_CA_BPC_PC04,Phòng CS ma túy - Công an Tỉnh Bình Phước,alias,domain_rules
980,130,BCA_CA_BPC_PC04,Phong Canh sat đieu tra toi pham ve ma tuy - Cong an Tinh Binh Phuoc,no_accent,auto_rule
981,130,BCA_CA_BPC_PC04,PCSĐTTPMTCATBP,abbreviation,auto_rule
982,130,BCA_CA_BPC_PC04,Phòng Cnh st điều tr tội phạm về ma túy - Công an Tỉnh Bình Phước,typo_ocr,noise_injector
983,130,BCA_CA_BPC_PC04,Phòng Cảnh sát điều tra tội phạm về ma túy - Côn an Tỉnh Bình Phước,typo_ocr,noise_injector
984,131,BCA_CA_BPC_PC06,Phòng Cảnh sát quản lý hành chính về trật tự xã hội - Công an Tỉnh Bình Phước,canonical,manual_registry
985,131,BCA_CA_BPC_PC06,Phòng Cảnh sát quản lý hành chính về trật tự xã hội - CA Tỉnh Bình Phước,alias,domain_rules
986,131,BCA_CA_BPC_PC06,Phòng Cảnh sát quản lý hành chính về trật tự xã hội - CA Bình Phước,abbreviation,domain_rules
987,131,BCA_CA_BPC_PC06,PC06 - Công an Tỉnh Bình Phước,abbreviation,domain_rules
988,131,BCA_CA_BPC_PC06,Phòng CSQLHC - Công an Tỉnh Bình Phước,alias,domain_rules
989,131,BCA_CA_BPC_PC06,Phong Canh sat quan ly hanh chinh ve trat tu xa hoi - Cong an Tinh Binh Phuoc,no_accent,auto_rule
990,131,BCA_CA_BPC_PC06,PCSQLHCTTXHCATBP,abbreviation,auto_rule
991,132,BCA_CA_BPC_PC08,Phòng Cảnh sát giao thông - Công an Tỉnh Bình Phước,canonical,manual_registry
992,132,BCA_CA_BPC_PC08,Phòng Cảnh sát giao thông - CA Tỉnh Bình Phước,alias,domain_rules
993,132,BCA_CA_BPC_PC08,Phòng Cảnh sát giao thông - CA Bình Phước,abbreviation,domain_rules
994,132,BCA_CA_BPC_PC08,PC08 - Công an Tỉnh Bình Phước,abbreviation,domain_rules
995,132,BCA_CA_BPC_PC08,Phòng CSGT - Công an Tỉnh Bình Phước,alias,domain_rules
996,132,BCA_CA_BPC_PC08,Phong Canh sat giao thong - Cong an Tinh Binh Phuoc,no_accent,auto_rule
997,132,BCA_CA_BPC_PC08,PCSGTCATBP,abbreviation,auto_rule
998,132,BCA_CA_BPC_PC08,Phòng Cảnh sát giao thông- Công an Tỉnh Bình Phước,typo_ocr,noise_injector
999,133,BCA_CA_BPC_PA01,Phòng An ninh đối ngoại - Công an Tỉnh Bình Phước,canonical,manual_registry
1000,133,BCA_CA_BPC_PA01,Phòng An ninh đối ngoại - CA Tỉnh Bình Phước,alias,domain_rules
1001,133,BCA_CA_BPC_PA01,Phòng An ninh đối ngoại - CA Bình Phước,abbreviation,domain_rules
1002,133,BCA_CA_BPC_PA01,Phong An ninh đoi ngoai - Cong an Tinh Binh Phuoc,no_accent,auto_rule
1003,133,BCA_CA_BPC_PA01,PANĐNCATBP,abbreviation,auto_rule
1004,133,BCA_CA_BPC_PA01,Phòng An nin đối ngoại - Côn an Tỉnh Bình hước,typo_ocr,noise_injector
1005,134,BCA_CA_BPC_PA02,Phòng An ninh nội địa - Công an Tỉnh Bình Phước,canonical,manual_registry
1006,134,BCA_CA_BPC_PA02,Phòng An ninh nội địa - CA Tỉnh Bình Phước,alias,domain_rules
1007,134,BCA_CA_BPC_PA02,Phòng An ninh nội địa - CA Bình Phước,abbreviation,domain_rules
1008,134,BCA_CA_BPC_PA02,Phong An ninh noi đia - Cong an Tinh Binh Phuoc,no_accent,auto_rule
1009,134,BCA_CA_BPC_PA02,PANNĐCATBP,abbreviation,auto_rule
1010,135,BCA_CA_BPC_PA03,Phòng An ninh chính trị nội bộ - Công an Tỉnh Bình Phước,canonical,manual_registry
1011,135,BCA_CA_BPC_PA03,Phòng An ninh chính trị nội bộ - CA Tỉnh Bình Phước,alias,domain_rules
1012,135,BCA_CA_BPC_PA03,Phòng An ninh chính trị nội bộ - CA Bình Phước,abbreviation,domain_rules
1013,135,BCA_CA_BPC_PA03,Phong An ninh chinh tri noi bo - Cong an Tinh Binh Phuoc,no_accent,auto_rule
1014,135,BCA_CA_BPC_PA03,PANCTNBCATBP,abbreviation,auto_rule
1015,135,BCA_CA_BPC_PA03,Phòg An ninh chính trị nội bộ - Công anTỉnh Bình Phước,typo_ocr,noise_injector
1016,136,BCA_CA_BPC_PA05,Phòng An ninh mạng và phòng chống tội phạm công nghệ cao - Công an Tỉnh Bình Phước,canonical,manual_registry
1017,136,BCA_CA_BPC_PA05,Phòng An ninh mạng và phòng chống tội phạm công nghệ cao - CA Tỉnh Bình Phước,alias,domain_rules
1018,136,BCA_CA_BPC_PA05,Phòng An ninh mạng và phòng chống tội phạm công nghệ cao - CA Bình Phước,abbreviation,domain_rules
1019,136,BCA_CA_BPC_PA05,Phong An ninh mang va phong chong toi pham cong nghe cao - Cong an Tinh Binh Phuoc,no_accent,auto_rule
1020,136,BCA_CA_BPC_PA05,PANMPCTPCNCCATBP,abbreviation,auto_rule
1021,136,BCA_CA_BPC_PA05,Phòng An nin mạng và phòng chốgtội phạm công nghệ co - Công an Tỉnh Bình Phước,typo_ocr,noise_injector
1022,136,BCA_CA_BPC_PA05,Phòng An ninh mạng và phòng cống tội phạm công ngệ cao - Công an Tỉnh Bình Phước,typo_ocr,noise_injector
1023,137,BCA_CA_AGI,Công an Tỉnh An Giang,canonical,manual_registry
1024,137,BCA_CA_AGI,CA Tỉnh An Giang,alias,domain_rules
1025,137,BCA_CA_AGI,CA An Giang,abbreviation,domain_rules
1026,137,BCA_CA_AGI,Cong an Tinh An Giang,no_accent,auto_rule
1027,137,BCA_CA_AGI,CATAG,abbreviation,auto_rule
1028,137,BCA_CA_AGI,Công an Tỉh An Giag,typo_ocr,noise_injector
1029,138,BCA_CA_AGI_PC01,Văn phòng Cơ quan Cảnh sát điều tra - Công an Tỉnh An Giang,canonical,manual_registry
1030,138,BCA_CA_AGI_PC01,Văn phòng Cơ quan Cảnh sát điều tra - CA Tỉnh An Giang,alias,domain_rules
1031,138,BCA_CA_AGI_PC01,Văn phòng Cơ quan Cảnh sát điều tra - CA An Giang,abbreviation,domain_rules
1032,138,BCA_CA_AGI_PC01,PC01 - Công an Tỉnh An Giang,abbreviation,domain_rules
1033,138,BCA_CA_AGI_PC01,Van phong Co quan Canh sat đieu tra - Cong an Tinh An Giang,no_accent,auto_rule
1034,138,BCA_CA_AGI_PC01,VPCSĐTCATAG,abbreviation,auto_rule
1035,138,BCA_CA_AGI_PC01,Văn phòng Cơ quan Cảnhsá điều tra - ông an Tỉnh An Giag,typo_ocr,noise_injector
1036,139,BCA_CA_AGI_PC02,Phòng Cảnh sát hình sự - Công an Tỉnh An Giang,canonical,manual_registry
1037,139,BCA_CA_AGI_PC02,Phòng Cảnh sát hình sự - CA Tỉnh An Giang,alias,domain_rules
1038,139,BCA_CA_AGI_PC02,Phòng Cảnh sát hình sự - CA An Giang,abbreviation,domain_rules
1039,139,BCA_CA_AGI_PC02,PC02 - Công an Tỉnh An Giang,abbreviation,domain_rules
1040,139,BCA_CA_AGI_PC02,Phòng CSHS - Công an Tỉnh An Giang,alias,domain_rules
1041,139,BCA_CA_AGI_PC02,Phong Canh sat hinh su - Cong an Tinh An Giang,no_accent,auto_rule
1042,139,BCA_CA_AGI_PC02,PCSHSCATAG,abbreviation,auto_rule
1043,139,BCA_CA_AGI_PC02,Phòng Cảnh sát hình ự - Công an Tỉnh An Giang,typo_ocr,noise_injector
1044,140,BCA_CA_AGI_PC03,Phòng Cảnh sát kinh tế - Công an Tỉnh An Giang,canonical,manual_registry
1045,140,BCA_CA_AGI_PC03,Phòng Cảnh sát kinh tế - CA Tỉnh An Giang,alias,domain_rules
1046,140,BCA_CA_AGI_PC03,Phòng Cảnh sát kinh tế - CA An Giang,abbreviation,domain_rules
1047,140,BCA_CA_AGI_PC03,Phong Canh sat kinh te - Cong an Tinh An Giang,no_accent,auto_rule
1048,140,BCA_CA_AGI_PC03,PCSKTCATAG,abbreviation,auto_rule
1049,140,BCA_CA_AGI_PC03,PhòngCảnh sát kinh tế -Công an Tỉnh An Giang,typo_ocr,noise_injector
1050,140,BCA_CA_AGI_PC03,Phòng Cảnh sát kinh tế - Công anTỉnh An Giang,typo_ocr,noise_injector
1051,141,BCA_CA_AGI_PC04,Phòng Cảnh sát điều tra tội phạm về ma túy - Công an Tỉnh An Giang,canonical,manual_registry
1052,141,BCA_CA_AGI_PC04,Phòng Cảnh sát điều tra tội phạm về ma túy - CA Tỉnh An Giang,alias,domain_rules
1053,141,BCA_CA_AGI_PC04,Phòng Cảnh sát điều tra tội phạm về ma túy - CA An Giang,abbreviation,domain_rules
1054,141,BCA_CA_AGI_PC04,PC04 - Công an Tỉnh An Giang,abbreviation,domain_rules
1055,141,BCA_CA_AGI_PC04,Phòng CS ma túy - Công an Tỉnh An Giang,alias,domain_rules
1056,141,BCA_CA_AGI_PC04,Phong Canh sat đieu tra toi pham ve ma tuy - Cong an Tinh An Giang,no_accent,auto_rule
1057,141,BCA_CA_AGI_PC04,PCSĐTTPMTCATAG,abbreviation,auto_rule
1058,141,BCA_CA_AGI_PC04,Phòng Cảnh sát điều tra tội phạ về ma túy - Công an Tỉnh An Giang,typo_ocr,noise_injector
1059,141,BCA_CA_AGI_PC04,Phòng Cảnh sát điều tra tội phạm vềma túy - Công an Tỉnh An Giang,typo_ocr,noise_injector
1060,142,BCA_CA_AGI_PC06,Phòng Cảnh sát quản lý hành chính về trật tự xã hội - Công an Tỉnh An Giang,canonical,manual_registry
1061,142,BCA_CA_AGI_PC06,Phòng Cảnh sát quản lý hành chính về trật tự xã hội - CA Tỉnh An Giang,alias,domain_rules
1062,142,BCA_CA_AGI_PC06,Phòng Cảnh sát quản lý hành chính về trật tự xã hội - CA An Giang,abbreviation,domain_rules
1063,142,BCA_CA_AGI_PC06,PC06 - Công an Tỉnh An Giang,abbreviation,domain_rules
1064,142,BCA_CA_AGI_PC06,Phòng CSQLHC - Công an Tỉnh An Giang,alias,domain_rules
1065,142,BCA_CA_AGI_PC06,Phong Canh sat quan ly hanh chinh ve trat tu xa hoi - Cong an Tinh An Giang,no_accent,auto_rule
1066,142,BCA_CA_AGI_PC06,PCSQLHCTTXHCATAG,abbreviation,auto_rule
1067,142,BCA_CA_AGI_PC06,Phòng Cảnh sát quản lý hành chín về trật t xã hội - Công an Tỉnh An Giang,typo_ocr,noise_injector
1068,142,BCA_CA_AGI_PC06,Phòng Cảnh sát quản lý hành chính về trật tự xã hội -Công an Tỉh An Giang,typo_ocr,noise_injector
1069,143,BCA_CA_AGI_PC08,Phòng Cảnh sát giao thông - Công an Tỉnh An Giang,canonical,manual_registry
1070,143,BCA_CA_AGI_PC08,Phòng Cảnh sát giao thông - CA Tỉnh An Giang,alias,domain_rules
1071,143,BCA_CA_AGI_PC08,Phòng Cảnh sát giao thông - CA An Giang,abbreviation,domain_rules
1072,143,BCA_CA_AGI_PC08,PC08 - Công an Tỉnh An Giang,abbreviation,domain_rules
1073,143,BCA_CA_AGI_PC08,Phòng CSGT - Công an Tỉnh An Giang,alias,domain_rules
1074,143,BCA_CA_AGI_PC08,Phong Canh sat giao thong - Cong an Tinh An Giang,no_accent,auto_rule
1075,143,BCA_CA_AGI_PC08,PCSGTCATAG,abbreviation,auto_rule
1076,143,BCA_CA_AGI_PC08,Phòng Cảnh sát giao hông - Công an Tỉnh An Giang,typo_ocr,noise_injector
1077,143,BCA_CA_AGI_PC08,Phòng Cản sát giao thông - Công an Tỉnh An Giang,typo_ocr,noise_injector
1078,144,BCA_CA_AGI_PA01,Phòng An ninh đối ngoại - Công an Tỉnh An Giang,canonical,manual_registry
1079,144,BCA_CA_AGI_PA01,Phòng An ninh đối ngoại - CA Tỉnh An Giang,alias,domain_rules
1080,144,BCA_CA_AGI_PA01,Phòng An ninh đối ngoại - CA An Giang,abbreviation,domain_rules
1081,144,BCA_CA_AGI_PA01,Phong An ninh đoi ngoai - Cong an Tinh An Giang,no_accent,auto_rule
1082,144,BCA_CA_AGI_PA01,PANĐNCATAG,abbreviation,auto_rule
1083,144,BCA_CA_AGI_PA01,hòng An ninh đối ngoại - Công an Tỉnh An Giang,typo_ocr,noise_injector
1084,145,BCA_CA_AGI_PA02,Phòng An ninh nội địa - Công an Tỉnh An Giang,canonical,manual_registry
1085,145,BCA_CA_AGI_PA02,Phòng An ninh nội địa - CA Tỉnh An Giang,alias,domain_rules
1086,145,BCA_CA_AGI_PA02,Phòng An ninh nội địa - CA An Giang,abbreviation,domain_rules
1087,145,BCA_CA_AGI_PA02,Phong An ninh noi đia - Cong an Tinh An Giang,no_accent,auto_rule
1088,145,BCA_CA_AGI_PA02,PANNĐCATAG,abbreviation,auto_rule
1089,145,BCA_CA_AGI_PA02,Phòng A ninh nội địa - Công an Tỉnh An Giang,typo_ocr,noise_injector
1090,146,BCA_CA_AGI_PA03,Phòng An ninh chính trị nội bộ - Công an Tỉnh An Giang,canonical,manual_registry
1091,146,BCA_CA_AGI_PA03,Phòng An ninh chính trị nội bộ - CA Tỉnh An Giang,alias,domain_rules
1092,146,BCA_CA_AGI_PA03,Phòng An ninh chính trị nội bộ - CA An Giang,abbreviation,domain_rules
1093,146,BCA_CA_AGI_PA03,Phong An ninh chinh tri noi bo - Cong an Tinh An Giang,no_accent,auto_rule
1094,146,BCA_CA_AGI_PA03,PANCTNBCATAG,abbreviation,auto_rule
1095,146,BCA_CA_AGI_PA03,Phng An ninh chính trị nội bộ - Cng an Tỉnh An Giang,typo_ocr,noise_injector
1096,146,BCA_CA_AGI_PA03,Phòng An ninh chính trị nội bộ - Công anỉnh An Giang,typo_ocr,noise_injector
1097,147,BCA_CA_AGI_PA05,Phòng An ninh mạng và phòng chống tội phạm công nghệ cao - Công an Tỉnh An Giang,canonical,manual_registry
1098,147,BCA_CA_AGI_PA05,Phòng An ninh mạng và phòng chống tội phạm công nghệ cao - CA Tỉnh An Giang,alias,domain_rules
1099,147,BCA_CA_AGI_PA05,Phòng An ninh mạng và phòng chống tội phạm công nghệ cao - CA An Giang,abbreviation,domain_rules
1100,147,BCA_CA_AGI_PA05,Phong An ninh mang va phong chong toi pham cong nghe cao - Cong an Tinh An Giang,no_accent,auto_rule
1101,147,BCA_CA_AGI_PA05,PANMPCTPCNCCATAG,abbreviation,auto_rule
1102,147,BCA_CA_AGI_PA05,Phòng An ninh mạng và phòng chống tội phạm côngnghệ cao - Công an Tỉnh An Giang,typo_ocr,noise_injector
1103,148,BCA_CA_KGI,Công an Tỉnh Kiên Giang,canonical,manual_registry
1104,148,BCA_CA_KGI,CA Tỉnh Kiên Giang,alias,domain_rules
1105,148,BCA_CA_KGI,CA Kiên Giang,abbreviation,domain_rules
1106,148,BCA_CA_KGI,Cong an Tinh Kien Giang,no_accent,auto_rule
1107,148,BCA_CA_KGI,CATKG,abbreviation,auto_rule
1108,148,BCA_CA_KGI,Công an Tỉnh Kin Giang,typo_ocr,noise_injector
1109,149,BCA_CA_KGI_PC01,Văn phòng Cơ quan Cảnh sát điều tra - Công an Tỉnh Kiên Giang,canonical,manual_registry
1110,149,BCA_CA_KGI_PC01,Văn phòng Cơ quan Cảnh sát điều tra - CA Tỉnh Kiên Giang,alias,domain_rules
1111,149,BCA_CA_KGI_PC01,Văn phòng Cơ quan Cảnh sát điều tra - CA Kiên Giang,abbreviation,domain_rules
1112,149,BCA_CA_KGI_PC01,PC01 - Công an Tỉnh Kiên Giang,abbreviation,domain_rules
1113,149,BCA_CA_KGI_PC01,Van phong Co quan Canh sat đieu tra - Cong an Tinh Kien Giang,no_accent,auto_rule
1114,149,BCA_CA_KGI_PC01,VPCSĐTCATKG,abbreviation,auto_rule
1115,149,BCA_CA_KGI_PC01,Văn phòng Cơ quan Cảnh sát điều tra - Cng an Tỉnh Kiên Giang,typo_ocr,noise_injector
1116,149,BCA_CA_KGI_PC01,Văn phòng Cơ quan Cảnh sát điều tra - ông an Tỉnh Kiên Gang,typo_ocr,noise_injector
1117,150,BCA_CA_KGI_PC02,Phòng Cảnh sát hình sự - Công an Tỉnh Kiên Giang,canonical,manual_registry
1118,150,BCA_CA_KGI_PC02,Phòng Cảnh sát hình sự - CA Tỉnh Kiên Giang,alias,domain_rules
1119,150,BCA_CA_KGI_PC02,Phòng Cảnh sát hình sự - CA Kiên Giang,abbreviation,domain_rules
1120,150,BCA_CA_KGI_PC02,PC02 - Công an Tỉnh Kiên Giang,abbreviation,domain_rules
1121,150,BCA_CA_KGI_PC02,Phòng CSHS - Công an Tỉnh Kiên Giang,alias,domain_rules
1122,150,BCA_CA_KGI_PC02,Phong Canh sat hinh su - Cong an Tinh Kien Giang,no_accent,auto_rule
1123,150,BCA_CA_KGI_PC02,PCSHSCATKG,abbreviation,auto_rule
1124,150,BCA_CA_KGI_PC02,Phòng Cảnh sát hình sự -Công an Tỉnh KiênGang,typo_ocr,noise_injector
1125,151,BCA_CA_KGI_PC03,Phòng Cảnh sát kinh tế - Công an Tỉnh Kiên Giang,canonical,manual_registry
1126,151,BCA_CA_KGI_PC03,Phòng Cảnh sát kinh tế - CA Tỉnh Kiên Giang,alias,domain_rules
1127,151,BCA_CA_KGI_PC03,Phòng Cảnh sát kinh tế - CA Kiên Giang,abbreviation,domain_rules
1128,151,BCA_CA_KGI_PC03,Phong Canh sat kinh te - Cong an Tinh Kien Giang,no_accent,auto_rule
1129,151,BCA_CA_KGI_PC03,PCSKTCATKG,abbreviation,auto_rule
1130,151,BCA_CA_KGI_PC03,Phòng Cảnh sát kinh tế  Công an Tỉnh Kiên Giang,typo_ocr,noise_injector
1131,151,BCA_CA_KGI_PC03,Phòng Cảnh sát kinh tế - ông an Tỉnh Kiên Giang,typo_ocr,noise_injector
1132,152,BCA_CA_KGI_PC04,Phòng Cảnh sát điều tra tội phạm về ma túy - Công an Tỉnh Kiên Giang,canonical,manual_registry
1133,152,BCA_CA_KGI_PC04,Phòng Cảnh sát điều tra tội phạm về ma túy - CA Tỉnh Kiên Giang,alias,domain_rules
1134,152,BCA_CA_KGI_PC04,Phòng Cảnh sát điều tra tội phạm về ma túy - CA Kiên Giang,abbreviation,domain_rules
1135,152,BCA_CA_KGI_PC04,PC04 - Công an Tỉnh Kiên Giang,abbreviation,domain_rules
1136,152,BCA_CA_KGI_PC04,Phòng CS ma túy - Công an Tỉnh Kiên Giang,alias,domain_rules
1137,152,BCA_CA_KGI_PC04,Phong Canh sat đieu tra toi pham ve ma tuy - Cong an Tinh Kien Giang,no_accent,auto_rule
1138,152,BCA_CA_KGI_PC04,PCSĐTTPMTCATKG,abbreviation,auto_rule
1139,152,BCA_CA_KGI_PC04,Phòng Cảnh sát điều tra tộ phạm về ma túy - Công an Tỉnh Kiên Giang,typo_ocr,noise_injector
1140,153,BCA_CA_KGI_PC06,Phòng Cảnh sát quản lý hành chính về trật tự xã hội - Công an Tỉnh Kiên Giang,canonical,manual_registry
1141,153,BCA_CA_KGI_PC06,Phòng Cảnh sát quản lý hành chính về trật tự xã hội - CA Tỉnh Kiên Giang,alias,domain_rules
1142,153,BCA_CA_KGI_PC06,Phòng Cảnh sát quản lý hành chính về trật tự xã hội - CA Kiên Giang,abbreviation,domain_rules
1143,153,BCA_CA_KGI_PC06,PC06 - Công an Tỉnh Kiên Giang,abbreviation,domain_rules
1144,153,BCA_CA_KGI_PC06,Phòng CSQLHC - Công an Tỉnh Kiên Giang,alias,domain_rules
1145,153,BCA_CA_KGI_PC06,Phong Canh sat quan ly hanh chinh ve trat tu xa hoi - Cong an Tinh Kien Giang,no_accent,auto_rule
1146,153,BCA_CA_KGI_PC06,PCSQLHCTTXHCATKG,abbreviation,auto_rule
1147,153,BCA_CA_KGI_PC06,Phòng Cảnhsát quản lý hành cính về trật tự xã hội - Công an Tnh Kiên Giang,typo_ocr,noise_injector
1148,153,BCA_CA_KGI_PC06,Phòng Cảnh sát quản l hành chính về trật tự xã hội - Công an Tỉnh Kiên Gian,typo_ocr,noise_injector
1149,154,BCA_CA_KGI_PC08,Phòng Cảnh sát giao thông - Công an Tỉnh Kiên Giang,canonical,manual_registry
1150,154,BCA_CA_KGI_PC08,Phòng Cảnh sát giao thông - CA Tỉnh Kiên Giang,alias,domain_rules
1151,154,BCA_CA_KGI_PC08,Phòng Cảnh sát giao thông - CA Kiên Giang,abbreviation,domain_rules
1152,154,BCA_CA_KGI_PC08,PC08 - Công an Tỉnh Kiên Giang,abbreviation,domain_rules
1153,154,BCA_CA_KGI_PC08,Phòng CSGT - Công an Tỉnh Kiên Giang,alias,domain_rules
1154,154,BCA_CA_KGI_PC08,Phong Canh sat giao thong - Cong an Tinh Kien Giang,no_accent,auto_rule
1155,154,BCA_CA_KGI_PC08,PCSGTCATKG,abbreviation,auto_rule
1156,154,BCA_CA_KGI_PC08,PhòngCảnh át gao thông - Công an Tỉnh iên Giang,typo_ocr,noise_injector
1157,154,BCA_CA_KGI_PC08,Phòng Cản sá giao thông - Công an Tỉnh Kiên Giang,typo_ocr,noise_injector
1158,155,BCA_CA_KGI_PA01,Phòng An ninh đối ngoại - Công an Tỉnh Kiên Giang,canonical,manual_registry
1159,155,BCA_CA_KGI_PA01,Phòng An ninh đối ngoại - CA Tỉnh Kiên Giang,alias,domain_rules
1160,155,BCA_CA_KGI_PA01,Phòng An ninh đối ngoại - CA Kiên Giang,abbreviation,domain_rules
1161,155,BCA_CA_KGI_PA01,Phong An ninh đoi ngoai - Cong an Tinh Kien Giang,no_accent,auto_rule
1162,155,BCA_CA_KGI_PA01,PANĐNCATKG,abbreviation,auto_rule
1163,155,BCA_CA_KGI_PA01,Phòng An nin đối ngoại - Công an Tỉnh Kiên Giang,typo_ocr,noise_injector
1164,156,BCA_CA_KGI_PA02,Phòng An ninh nội địa - Công an Tỉnh Kiên Giang,canonical,manual_registry
1165,156,BCA_CA_KGI_PA02,Phòng An ninh nội địa - CA Tỉnh Kiên Giang,alias,domain_rules
1166,156,BCA_CA_KGI_PA02,Phòng An ninh nội địa - CA Kiên Giang,abbreviation,domain_rules
1167,156,BCA_CA_KGI_PA02,Phong An ninh noi đia - Cong an Tinh Kien Giang,no_accent,auto_rule
1168,156,BCA_CA_KGI_PA02,PANNĐCATKG,abbreviation,auto_rule
1169,156,BCA_CA_KGI_PA02,Phòng An ninh nội địa - Côngan Tỉnh Kiên Giang,typo_ocr,noise_injector
1170,157,BCA_CA_KGI_PA03,Phòng An ninh chính trị nội bộ - Công an Tỉnh Kiên Giang,canonical,manual_registry
1171,157,BCA_CA_KGI_PA03,Phòng An ninh chính trị nội bộ - CA Tỉnh Kiên Giang,alias,domain_rules
1172,157,BCA_CA_KGI_PA03,Phòng An ninh chính trị nội bộ - CA Kiên Giang,abbreviation,domain_rules
1173,157,BCA_CA_KGI_PA03,Phong An ninh chinh tri noi bo - Cong an Tinh Kien Giang,no_accent,auto_rule
1174,157,BCA_CA_KGI_PA03,PANCTNBCATKG,abbreviation,auto_rule
1175,157,BCA_CA_KGI_PA03,Phòng An ninh chính trị nội bộ - Công a Tỉnh Kiên Giang,typo_ocr,noise_injector
1176,158,BCA_CA_KGI_PA05,Phòng An ninh mạng và phòng chống tội phạm công nghệ cao - Công an Tỉnh Kiên Giang,canonical,manual_registry
1177,158,BCA_CA_KGI_PA05,Phòng An ninh mạng và phòng chống tội phạm công nghệ cao - CA Tỉnh Kiên Giang,alias,domain_rules
1178,158,BCA_CA_KGI_PA05,Phòng An ninh mạng và phòng chống tội phạm công nghệ cao - CA Kiên Giang,abbreviation,domain_rules
1179,158,BCA_CA_KGI_PA05,Phong An ninh mang va phong chong toi pham cong nghe cao - Cong an Tinh Kien Giang,no_accent,auto_rule
1180,158,BCA_CA_KGI_PA05,PANMPCTPCNCCATKG,abbreviation,auto_rule
1181,158,BCA_CA_KGI_PA05,Phòng A nin mạng và phòng chống ội phạm công nghệ cao - Công an Tỉnh Kiên Giang,typo_ocr,noise_injector
1182,159,BCA_CA_CM,Công an Tỉnh Cà Mau,canonical,manual_registry
1183,159,BCA_CA_CM,CA Tỉnh Cà Mau,alias,domain_rules
1184,159,BCA_CA_CM,CA Cà Mau,abbreviation,domain_rules
1185,159,BCA_CA_CM,Cong an Tinh Ca Mau,no_accent,auto_rule
1186,159,BCA_CA_CM,CATCM,abbreviation,auto_rule
1187,159,BCA_CA_CM,Công an Tỉh Cà Mau,typo_ocr,noise_injector
1188,160,BCA_CA_CM_PC01,Văn phòng Cơ quan Cảnh sát điều tra - Công an Tỉnh Cà Mau,canonical,manual_registry
1189,160,BCA_CA_CM_PC01,Văn phòng Cơ quan Cảnh sát điều tra - CA Tỉnh Cà Mau,alias,domain_rules
1190,160,BCA_CA_CM_PC01,Văn phòng Cơ quan Cảnh sát điều tra - CA Cà Mau,abbreviation,domain_rules
1191,160,BCA_CA_CM_PC01,PC01 - Công an Tỉnh Cà Mau,abbreviation,domain_rules
1192,160,BCA_CA_CM_PC01,Van phong Co quan Canh sat đieu tra - Cong an Tinh Ca Mau,no_accent,auto_rule
1193,160,BCA_CA_CM_PC01,VPCSĐTCATCM,abbreviation,auto_rule
1194,160,BCA_CA_CM_PC01,Văn phòg C quan Cảnh sát điều tra - Cng an Tỉnh Cà Mau,typo_ocr,noise_injector
1195,160,BCA_CA_CM_PC01,Văn phòng Cơ quan Cảnh sát điu tra - Công an Tỉnh Cà Mau,typo_ocr,noise_injector
1196,161,BCA_CA_CM_PC02,Phòng Cảnh sát hình sự - Công an Tỉnh Cà Mau,canonical,manual_registry
1197,161,BCA_CA_CM_PC02,Phòng Cảnh sát hình sự - CA Tỉnh Cà Mau,alias,domain_rules
1198,161,BCA_CA_CM_PC02,Phòng Cảnh sát hình sự - CA Cà Mau,abbreviation,domain_rules
1199,161,BCA_CA_CM_PC02,PC02 - Công an Tỉnh Cà Mau,abbreviation,domain_rules
1200,161,BCA_CA_CM_PC02,Phòng CSHS - Công an Tỉnh Cà Mau,alias,domain_rules
1201,161,BCA_CA_CM_PC02,Phong Canh sat hinh su - Cong an Tinh Ca Mau,no_accent,auto_rule
1202,161,BCA_CA_CM_PC02,PCSHSCATCM,abbreviation,auto_rule
1203,161,BCA_CA_CM_PC02,Phòng Cảnh sát hình sự - Công n Tỉnh Cà Mau,typo_ocr,noise_injector
1204,162,BCA_CA_CM_PC03,Phòng Cảnh sát kinh tế - Công an Tỉnh Cà Mau,canonical,manual_registry
1205,162,BCA_CA_CM_PC03,Phòng Cảnh sát kinh tế - CA Tỉnh Cà Mau,alias,domain_rules
1206,162,BCA_CA_CM_PC03,Phòng Cảnh sát kinh tế - CA Cà Mau,abbreviation,domain_rules
1207,162,BCA_CA_CM_PC03,Phong Canh sat kinh te - Cong an Tinh Ca Mau,no_accent,auto_rule
1208,162,BCA_CA_CM_PC03,PCSKTCATCM,abbreviation,auto_rule
1209,162,BCA_CA_CM_PC03,Phòng Cảnh sát kinh tế - Công an Tỉnh Cà Ma,typo_ocr,noise_injector
1210,162,BCA_CA_CM_PC03,hòng Cảnh sát kinh tế - Công an Tỉnh Cà Mau,typo_ocr,noise_injector
1211,163,BCA_CA_CM_PC04,Phòng Cảnh sát điều tra tội phạm về ma túy - Công an Tỉnh Cà Mau,canonical,manual_registry
1212,163,BCA_CA_CM_PC04,Phòng Cảnh sát điều tra tội phạm về ma túy - CA Tỉnh Cà Mau,alias,domain_rules
1213,163,BCA_CA_CM_PC04,Phòng Cảnh sát điều tra tội phạm về ma túy - CA Cà Mau,abbreviation,domain_rules
1214,163,BCA_CA_CM_PC04,PC04 - Công an Tỉnh Cà Mau,abbreviation,domain_rules
1215,163,BCA_CA_CM_PC04,Phòng CS ma túy - Công an Tỉnh Cà Mau,alias,domain_rules
1216,163,BCA_CA_CM_PC04,Phong Canh sat đieu tra toi pham ve ma tuy - Cong an Tinh Ca Mau,no_accent,auto_rule
1217,163,BCA_CA_CM_PC04,PCSĐTTPMTCATCM,abbreviation,auto_rule
1218,163,BCA_CA_CM_PC04,Phòng Cảnh sát điều tra tội phạm về m túy - ông an Tỉnh Cà Mau,typo_ocr,noise_injector
1219,164,BCA_CA_CM_PC06,Phòng Cảnh sát quản lý hành chính về trật tự xã hội - Công an Tỉnh Cà Mau,canonical,manual_registry
1220,164,BCA_CA_CM_PC06,Phòng Cảnh sát quản lý hành chính về trật tự xã hội - CA Tỉnh Cà Mau,alias,domain_rules
1221,164,BCA_CA_CM_PC06,Phòng Cảnh sát quản lý hành chính về trật tự xã hội - CA Cà Mau,abbreviation,domain_rules
1222,164,BCA_CA_CM_PC06,PC06 - Công an Tỉnh Cà Mau,abbreviation,domain_rules
1223,164,BCA_CA_CM_PC06,Phòng CSQLHC - Công an Tỉnh Cà Mau,alias,domain_rules
1224,164,BCA_CA_CM_PC06,Phong Canh sat quan ly hanh chinh ve trat tu xa hoi - Cong an Tinh Ca Mau,no_accent,auto_rule
1225,164,BCA_CA_CM_PC06,PCSQLHCTTXHCATCM,abbreviation,auto_rule
1226,164,BCA_CA_CM_PC06,Phòng Cảnh sátquản lý hành chính về trật tự xãhội - Công an Tỉnh Cà Mau,typo_ocr,noise_injector
1227,164,BCA_CA_CM_PC06,Phòng Cảnh sát quản lý hành chính về tậ tự xã hội - Công an Tỉh Cà Mau,typo_ocr,noise_injector
1228,165,BCA_CA_CM_PC08,Phòng Cảnh sát giao thông - Công an Tỉnh Cà Mau,canonical,manual_registry
1229,165,BCA_CA_CM_PC08,Phòng Cảnh sát giao thông - CA Tỉnh Cà Mau,alias,domain_rules
1230,165,BCA_CA_CM_PC08,Phòng Cảnh sát giao thông - CA Cà Mau,abbreviation,domain_rules
1231,165,BCA_CA_CM_PC08,PC08 - Công an Tỉnh Cà Mau,abbreviation,domain_rules
1232,165,BCA_CA_CM_PC08,Phòng CSGT - Công an Tỉnh Cà Mau,alias,domain_rules
1233,165,BCA_CA_CM_PC08,Phong Canh sat giao thong - Cong an Tinh Ca Mau,no_accent,auto_rule
1234,165,BCA_CA_CM_PC08,PCSGTCATCM,abbreviation,auto_rule
1235,165,BCA_CA_CM_PC08,Phòng Cảnh sát gio thông - Công an Tỉnh Cà Mau,typo_ocr,noise_injector
1236,166,BCA_CA_CM_PA01,Phòng An ninh đối ngoại - Công an Tỉnh Cà Mau,canonical,manual_registry
1237,166,BCA_CA_CM_PA01,Phòng An ninh đối ngoại - CA Tỉnh Cà Mau,alias,domain_rules
1238,166,BCA_CA_CM_PA01,Phòng An ninh đối ngoại - CA Cà Mau,abbreviation,domain_rules
1239,166,BCA_CA_CM_PA01,Phong An ninh đoi ngoai - Cong an Tinh Ca Mau,no_accent,auto_rule
1240,166,BCA_CA_CM_PA01,PANĐNCATCM,abbreviation,auto_rule
1241,166,BCA_CA_CM_PA01,Phòng An nnh ối ngoại - Công an Tỉnh Cà Mau,typo_ocr,noise_injector
1242,167,BCA_CA_CM_PA02,Phòng An ninh nội địa - Công an Tỉnh Cà Mau,canonical,manual_registry
1243,167,BCA_CA_CM_PA02,Phòng An ninh nội địa - CA Tỉnh Cà Mau,alias,domain_rules
1244,167,BCA_CA_CM_PA02,Phòng An ninh nội địa - CA Cà Mau,abbreviation,domain_rules
1245,167,BCA_CA_CM_PA02,Phong An ninh noi đia - Cong an Tinh Ca Mau,no_accent,auto_rule
1246,167,BCA_CA_CM_PA02,PANNĐCATCM,abbreviation,auto_rule
1247,167,BCA_CA_CM_PA02,Pòng An ninh nội địa - Công an Tỉnh Cà Mau,typo_ocr,noise_injector
1248,168,BCA_CA_CM_PA03,Phòng An ninh chính trị nội bộ - Công an Tỉnh Cà Mau,canonical,manual_registry
1249,168,BCA_CA_CM_PA03,Phòng An ninh chính trị nội bộ - CA Tỉnh Cà Mau,alias,domain_rules
1250,168,BCA_CA_CM_PA03,Phòng An ninh chính trị nội bộ - CA Cà Mau,abbreviation,domain_rules
1251,168,BCA_CA_CM_PA03,Phong An ninh chinh tri noi bo - Cong an Tinh Ca Mau,no_accent,auto_rule
1252,168,BCA_CA_CM_PA03,PANCTNBCATCM,abbreviation,auto_rule
1253,168,BCA_CA_CM_PA03,Phòg An ninh chính trị nội bộ - Công an Tỉnh Cà Mau,typo_ocr,noise_injector
1254,168,BCA_CA_CM_PA03,Pòng An ninh chính trị nộ bộ - Công an Tỉnh Cà M,typo_ocr,noise_injector
1255,169,BCA_CA_CM_PA05,Phòng An ninh mạng và phòng chống tội phạm công nghệ cao - Công an Tỉnh Cà Mau,canonical,manual_registry
1256,169,BCA_CA_CM_PA05,Phòng An ninh mạng và phòng chống tội phạm công nghệ cao - CA Tỉnh Cà Mau,alias,domain_rules
1257,169,BCA_CA_CM_PA05,Phòng An ninh mạng và phòng chống tội phạm công nghệ cao - CA Cà Mau,abbreviation,domain_rules
1258,169,BCA_CA_CM_PA05,Phong An ninh mang va phong chong toi pham cong nghe cao - Cong an Tinh Ca Mau,no_accent,auto_rule
1259,169,BCA_CA_CM_PA05,PANMPCTPCNCCATCM,abbreviation,auto_rule
1260,169,BCA_CA_CM_PA05,Phòng n ninh mạng và phòng chống tội hạm công nghệ cao - Công an Tỉnh Cà Mau,typo_ocr,noise_injector
1261,169,BCA_CA_CM_PA05,Phng A ninh mạng và phòng chống tội phạ công nghệ cao - Công an Tỉnh Cà Mu,typo_ocr,noise_injector
1262,170,BCA_CA_HAG,Công an Tỉnh Hậu Giang,canonical,manual_registry
1263,170,BCA_CA_HAG,CA Tỉnh Hậu Giang,alias,domain_rules
1264,170,BCA_CA_HAG,CA Hậu Giang,abbreviation,domain_rules
1265,170,BCA_CA_HAG,Cong an Tinh Hau Giang,no_accent,auto_rule
1266,170,BCA_CA_HAG,CATHG,abbreviation,auto_rule
1267,170,BCA_CA_HAG,Công an TỉnhHậu Giang,typo_ocr,noise_injector
1268,171,BCA_CA_HAG_PC01,Văn phòng Cơ quan Cảnh sát điều tra - Công an Tỉnh Hậu Giang,canonical,manual_registry
1269,171,BCA_CA_HAG_PC01,Văn phòng Cơ quan Cảnh sát điều tra - CA Tỉnh Hậu Giang,alias,domain_rules
1270,171,BCA_CA_HAG_PC01,Văn phòng Cơ quan Cảnh sát điều tra - CA Hậu Giang,abbreviation,domain_rules
1271,171,BCA_CA_HAG_PC01,PC01 - Công an Tỉnh Hậu Giang,abbreviation,domain_rules
1272,171,BCA_CA_HAG_PC01,Van phong Co quan Canh sat đieu tra - Cong an Tinh Hau Giang,no_accent,auto_rule
1273,171,BCA_CA_HAG_PC01,VPCSĐTCATHG,abbreviation,auto_rule
1274,171,BCA_CA_HAG_PC01,Văn phòng Cơ quan Cảnh sát điều tra - Công an Tỉn Hậu Giang,typo_ocr,noise_injector
1275,171,BCA_CA_HAG_PC01,Vă phng Cơ quan Cảnh sát điều tra - Công n Tỉn Hậu Giang,typo_ocr,noise_injector
1276,172,BCA_CA_HAG_PC02,Phòng Cảnh sát hình sự - Công an Tỉnh Hậu Giang,canonical,manual_registry
1277,172,BCA_CA_HAG_PC02,Phòng Cảnh sát hình sự - CA Tỉnh Hậu Giang,alias,domain_rules
1278,172,BCA_CA_HAG_PC02,Phòng Cảnh sát hình sự - CA Hậu Giang,abbreviation,domain_rules
1279,172,BCA_CA_HAG_PC02,PC02 - Công an Tỉnh Hậu Giang,abbreviation,domain_rules
1280,172,BCA_CA_HAG_PC02,Phòng CSHS - Công an Tỉnh Hậu Giang,alias,domain_rules
1281,172,BCA_CA_HAG_PC02,Phong Canh sat hinh su - Cong an Tinh Hau Giang,no_accent,auto_rule
1282,172,BCA_CA_HAG_PC02,PCSHSCATHG,abbreviation,auto_rule
1283,172,BCA_CA_HAG_PC02,Phòng Cảnh sát hình sự - Công an Tỉnh Hậu Gang,typo_ocr,noise_injector
1284,172,BCA_CA_HAG_PC02,Phòng Cảnh sát hình sự - Côg an Tỉnh Hậu Giang,typo_ocr,noise_injector
1285,173,BCA_CA_HAG_PC03,Phòng Cảnh sát kinh tế - Công an Tỉnh Hậu Giang,canonical,manual_registry
1286,173,BCA_CA_HAG_PC03,Phòng Cảnh sát kinh tế - CA Tỉnh Hậu Giang,alias,domain_rules
1287,173,BCA_CA_HAG_PC03,Phòng Cảnh sát kinh tế - CA Hậu Giang,abbreviation,domain_rules
1288,173,BCA_CA_HAG_PC03,Phong Canh sat kinh te - Cong an Tinh Hau Giang,no_accent,auto_rule
1289,173,BCA_CA_HAG_PC03,PCSKTCATHG,abbreviation,auto_rule
1290,173,BCA_CA_HAG_PC03,Phòng Cảh sá kinh tế - Công an Tỉnh Hậu Giang,typo_ocr,noise_injector
1291,174,BCA_CA_HAG_PC04,Phòng Cảnh sát điều tra tội phạm về ma túy - Công an Tỉnh Hậu Giang,canonical,manual_registry
1292,174,BCA_CA_HAG_PC04,Phòng Cảnh sát điều tra tội phạm về ma túy - CA Tỉnh Hậu Giang,alias,domain_rules
1293,174,BCA_CA_HAG_PC04,Phòng Cảnh sát điều tra tội phạm về ma túy - CA Hậu Giang,abbreviation,domain_rules
1294,174,BCA_CA_HAG_PC04,PC04 - Công an Tỉnh Hậu Giang,abbreviation,domain_rules
1295,174,BCA_CA_HAG_PC04,Phòng CS ma túy - Công an Tỉnh Hậu Giang,alias,domain_rules
1296,174,BCA_CA_HAG_PC04,Phong Canh sat đieu tra toi pham ve ma tuy - Cong an Tinh Hau Giang,no_accent,auto_rule
1297,174,BCA_CA_HAG_PC04,PCSĐTTPMTCATHG,abbreviation,auto_rule
1298,174,BCA_CA_HAG_PC04,Phòng Cảnh st điều tra tội phạm về ma túy - Công an Tỉnh Hậu Giang,typo_ocr,noise_injector
1299,175,BCA_CA_HAG_PC06,Phòng Cảnh sát quản lý hành chính về trật tự xã hội - Công an Tỉnh Hậu Giang,canonical,manual_registry
1300,175,BCA_CA_HAG_PC06,Phòng Cảnh sát quản lý hành chính về trật tự xã hội - CA Tỉnh Hậu Giang,alias,domain_rules
1301,175,BCA_CA_HAG_PC06,Phòng Cảnh sát quản lý hành chính về trật tự xã hội - CA Hậu Giang,abbreviation,domain_rules
1302,175,BCA_CA_HAG_PC06,PC06 - Công an Tỉnh Hậu Giang,abbreviation,domain_rules
1303,175,BCA_CA_HAG_PC06,Phòng CSQLHC - Công an Tỉnh Hậu Giang,alias,domain_rules
1304,175,BCA_CA_HAG_PC06,Phong Canh sat quan ly hanh chinh ve trat tu xa hoi - Cong an Tinh Hau Giang,no_accent,auto_rule
1305,175,BCA_CA_HAG_PC06,PCSQLHCTTXHCATHG,abbreviation,auto_rule
1306,175,BCA_CA_HAG_PC06,Phòng Cảnh sát quản l hành chính về trật tự xã hội - ông an Tỉnh Hậu Giang,typo_ocr,noise_injector
1307,175,BCA_CA_HAG_PC06,Phòng Cảnh sát quản lý hành chnh về trật tự xã hội - Công an Tỉnh Hậu Giang,typo_ocr,noise_injector
1308,176,BCA_CA_HAG_PC08,Phòng Cảnh sát giao thông - Công an Tỉnh Hậu Giang,canonical,manual_registry
1309,176,BCA_CA_HAG_PC08,Phòng Cảnh sát giao thông - CA Tỉnh Hậu Giang,alias,domain_rules
1310,176,BCA_CA_HAG_PC08,Phòng Cảnh sát giao thông - CA Hậu Giang,abbreviation,domain_rules
1311,176,BCA_CA_HAG_PC08,PC08 - Công an Tỉnh Hậu Giang,abbreviation,domain_rules
1312,176,BCA_CA_HAG_PC08,Phòng CSGT - Công an Tỉnh Hậu Giang,alias,domain_rules
1313,176,BCA_CA_HAG_PC08,Phong Canh sat giao thong - Cong an Tinh Hau Giang,no_accent,auto_rule
1314,176,BCA_CA_HAG_PC08,PCSGTCATHG,abbreviation,auto_rule
1315,176,BCA_CA_HAG_PC08,Phòng Cảnh sát giao tông - Công an Tỉnh Hu Giang,typo_ocr,noise_injector
1316,177,BCA_CA_HAG_PA01,Phòng An ninh đối ngoại - Công an Tỉnh Hậu Giang,canonical,manual_registry
1317,177,BCA_CA_HAG_PA01,Phòng An ninh đối ngoại - CA Tỉnh Hậu Giang,alias,domain_rules
1318,177,BCA_CA_HAG_PA01,Phòng An ninh đối ngoại - CA Hậu Giang,abbreviation,domain_rules
1319,177,BCA_CA_HAG_PA01,Phong An ninh đoi ngoai - Cong an Tinh Hau Giang,no_accent,auto_rule
1320,177,BCA_CA_HAG_PA01,PANĐNCATHG,abbreviation,auto_rule
1321,177,BCA_CA_HAG_PA01,Phòng An ninh đi ngoại - Công an Tỉnh Hậu Giang,typo_ocr,noise_injector
1322,177,BCA_CA_HAG_PA01,Phòng An ninh đối ngoại- Công an Tỉnh Hậu Giang,typo_ocr,noise_injector
1323,178,BCA_CA_HAG_PA02,Phòng An ninh nội địa - Công an Tỉnh Hậu Giang,canonical,manual_registry
1324,178,BCA_CA_HAG_PA02,Phòng An ninh nội địa - CA Tỉnh Hậu Giang,alias,domain_rules
1325,178,BCA_CA_HAG_PA02,Phòng An ninh nội địa - CA Hậu Giang,abbreviation,domain_rules
1326,178,BCA_CA_HAG_PA02,Phong An ninh noi đia - Cong an Tinh Hau Giang,no_accent,auto_rule
1327,178,BCA_CA_HAG_PA02,PANNĐCATHG,abbreviation,auto_rule
1328,178,BCA_CA_HAG_PA02,Phòng n ninh nội địa - Công an Tỉnh Hậu Giang,typo_ocr,noise_injector
1329,178,BCA_CA_HAG_PA02,Phòng An ninh nội địa - Cng an Tỉnh Hậu Giang,typo_ocr,noise_injector
1330,179,BCA_CA_HAG_PA03,Phòng An ninh chính trị nội bộ - Công an Tỉnh Hậu Giang,canonical,manual_registry
1331,179,BCA_CA_HAG_PA03,Phòng An ninh chính trị nội bộ - CA Tỉnh Hậu Giang,alias,domain_rules
1332,179,BCA_CA_HAG_PA03,Phòng An ninh chính trị nội bộ - CA Hậu Giang,abbreviation,domain_rules
1333,179,BCA_CA_HAG_PA03,Phong An ninh chinh tri noi bo - Cong an Tinh Hau Giang,no_accent,auto_rule
1334,179,BCA_CA_HAG_PA03,PANCTNBCATHG,abbreviation,auto_rule
1335,179,BCA_CA_HAG_PA03,Phòng An ninh chính trị nội bộ - Công an Tỉnh Hậu iang,typo_ocr,noise_injector
1336,180,BCA_CA_HAG_PA05,Phòng An ninh mạng và phòng chống tội phạm công nghệ cao - Công an Tỉnh Hậu Giang,canonical,manual_registry
1337,180,BCA_CA_HAG_PA05,Phòng An ninh mạng và phòng chống tội phạm công nghệ cao - CA Tỉnh Hậu Giang,alias,domain_rules
1338,180,BCA_CA_HAG_PA05,Phòng An ninh mạng và phòng chống tội phạm công nghệ cao - CA Hậu Giang,abbreviation,domain_rules
1339,180,BCA_CA_HAG_PA05,Phong An ninh mang va phong chong toi pham cong nghe cao - Cong an Tinh Hau Giang,no_accent,auto_rule
1340,180,BCA_CA_HAG_PA05,PANMPCTPCNCCATHG,abbreviation,auto_rule
1341,180,BCA_CA_HAG_PA05,Phòng An ninh mạng và phòng chống tội phạm công ngệ cao -Công an Tỉnh Hậu Giang,typo_ocr,noise_injector
1342,180,BCA_CA_HAG_PA05,Phòng An ninh mạng và phòng chống tội phạm công nghệ cao - Công n Tỉnh Hậu Giang,typo_ocr,noise_injector
1343,181,BCA_CA_ST,Công an Tỉnh Sóc Trăng,canonical,manual_registry
1344,181,BCA_CA_ST,CA Tỉnh Sóc Trăng,alias,domain_rules
1345,181,BCA_CA_ST,CA Sóc Trăng,abbreviation,domain_rules
1346,181,BCA_CA_ST,Cong an Tinh Soc Trang,no_accent,auto_rule
1347,181,BCA_CA_ST,CATST,abbreviation,auto_rule
1348,181,BCA_CA_ST,Công a Tỉnh Sóc Trăng,typo_ocr,noise_injector
1349,182,BCA_CA_ST_PC01,Văn phòng Cơ quan Cảnh sát điều tra - Công an Tỉnh Sóc Trăng,canonical,manual_registry
1350,182,BCA_CA_ST_PC01,Văn phòng Cơ quan Cảnh sát điều tra - CA Tỉnh Sóc Trăng,alias,domain_rules
1351,182,BCA_CA_ST_PC01,Văn phòng Cơ quan Cảnh sát điều tra - CA Sóc Trăng,abbreviation,domain_rules
1352,182,BCA_CA_ST_PC01,PC01 - Công an Tỉnh Sóc Trăng,abbreviation,domain_rules
1353,182,BCA_CA_ST_PC01,Van phong Co quan Canh sat đieu tra - Cong an Tinh Soc Trang,no_accent,auto_rule
1354,182,BCA_CA_ST_PC01,VPCSĐTCATST,abbreviation,auto_rule
1355,183,BCA_CA_ST_PC02,Phòng Cảnh sát hình sự - Công an Tỉnh Sóc Trăng,canonical,manual_registry
1356,183,BCA_CA_ST_PC02,Phòng Cảnh sát hình sự - CA Tỉnh Sóc Trăng,alias,domain_rules
1357,183,BCA_CA_ST_PC02,Phòng Cảnh sát hình sự - CA Sóc Trăng,abbreviation,domain_rules
1358,183,BCA_CA_ST_PC02,PC02 - Công an Tỉnh Sóc Trăng,abbreviation,domain_rules
1359,183,BCA_CA_ST_PC02,Phòng CSHS - Công an Tỉnh Sóc Trăng,alias,domain_rules
1360,183,BCA_CA_ST_PC02,Phong Canh sat hinh su - Cong an Tinh Soc Trang,no_accent,auto_rule
1361,183,BCA_CA_ST_PC02,PCSHSCATST,abbreviation,auto_rule
1362,183,BCA_CA_ST_PC02,Phòng Cảnh sáthình sự - Công an Tỉnh Sóc Trăng,typo_ocr,noise_injector
1363,184,BCA_CA_ST_PC03,Phòng Cảnh sát kinh tế - Công an Tỉnh Sóc Trăng,canonical,manual_registry
1364,184,BCA_CA_ST_PC03,Phòng Cảnh sát kinh tế - CA Tỉnh Sóc Trăng,alias,domain_rules
1365,184,BCA_CA_ST_PC03,Phòng Cảnh sát kinh tế - CA Sóc Trăng,abbreviation,domain_rules
1366,184,BCA_CA_ST_PC03,Phong Canh sat kinh te - Cong an Tinh Soc Trang,no_accent,auto_rule
1367,184,BCA_CA_ST_PC03,PCSKTCATST,abbreviation,auto_rule
1368,184,BCA_CA_ST_PC03,Phòng Cảnh sá kinh tế - Công an Tỉh Sóc Trăng,typo_ocr,noise_injector
1369,185,BCA_CA_ST_PC04,Phòng Cảnh sát điều tra tội phạm về ma túy - Công an Tỉnh Sóc Trăng,canonical,manual_registry
1370,185,BCA_CA_ST_PC04,Phòng Cảnh sát điều tra tội phạm về ma túy - CA Tỉnh Sóc Trăng,alias,domain_rules
1371,185,BCA_CA_ST_PC04,Phòng Cảnh sát điều tra tội phạm về ma túy - CA Sóc Trăng,abbreviation,domain_rules
1372,185,BCA_CA_ST_PC04,PC04 - Công an Tỉnh Sóc Trăng,abbreviation,domain_rules
1373,185,BCA_CA_ST_PC04,Phòng CS ma túy - Công an Tỉnh Sóc Trăng,alias,domain_rules
1374,185,BCA_CA_ST_PC04,Phong Canh sat đieu tra toi pham ve ma tuy - Cong an Tinh Soc Trang,no_accent,auto_rule
1375,185,BCA_CA_ST_PC04,PCSĐTTPMTCATST,abbreviation,auto_rule
1376,185,BCA_CA_ST_PC04,Phòng Cảnh sát điều tra tộ phạm về ma úy - Côn an Tỉnh Só Trăng,typo_ocr,noise_injector
1377,185,BCA_CA_ST_PC04,Phòng Cảh sát điều tra tội phạm về ma túy - Công an Tỉnh Sóc Trăng,typo_ocr,noise_injector
1378,186,BCA_CA_ST_PC06,Phòng Cảnh sát quản lý hành chính về trật tự xã hội - Công an Tỉnh Sóc Trăng,canonical,manual_registry
1379,186,BCA_CA_ST_PC06,Phòng Cảnh sát quản lý hành chính về trật tự xã hội - CA Tỉnh Sóc Trăng,alias,domain_rules
1380,186,BCA_CA_ST_PC06,Phòng Cảnh sát quản lý hành chính về trật tự xã hội - CA Sóc Trăng,abbreviation,domain_rules
1381,186,BCA_CA_ST_PC06,PC06 - Công an Tỉnh Sóc Trăng,abbreviation,domain_rules
1382,186,BCA_CA_ST_PC06,Phòng CSQLHC - Công an Tỉnh Sóc Trăng,alias,domain_rules
1383,186,BCA_CA_ST_PC06,Phong Canh sat quan ly hanh chinh ve trat tu xa hoi - Cong an Tinh Soc Trang,no_accent,auto_rule
1384,186,BCA_CA_ST_PC06,PCSQLHCTTXHCATST,abbreviation,auto_rule
1385,186,BCA_CA_ST_PC06,Phòng Cảnh sát quản lý hành chính về trậttự xã hội - Cng an Tỉnh Sóc Trăng,typo_ocr,noise_injector
1386,186,BCA_CA_ST_PC06,Phòng Cảnh sát quản lý hành chính về trật tự xãhội - Công an Tỉh Sóc Trăng,typo_ocr,noise_injector
1387,187,BCA_CA_ST_PC08,Phòng Cảnh sát giao thông - Công an Tỉnh Sóc Trăng,canonical,manual_registry
1388,187,BCA_CA_ST_PC08,Phòng Cảnh sát giao thông - CA Tỉnh Sóc Trăng,alias,domain_rules
1389,187,BCA_CA_ST_PC08,Phòng Cảnh sát giao thông - CA Sóc Trăng,abbreviation,domain_rules
1390,187,BCA_CA_ST_PC08,PC08 - Công an Tỉnh Sóc Trăng,abbreviation,domain_rules
1391,187,BCA_CA_ST_PC08,Phòng CSGT - Công an Tỉnh Sóc Trăng,alias,domain_rules
1392,187,BCA_CA_ST_PC08,Phong Canh sat giao thong - Cong an Tinh Soc Trang,no_accent,auto_rule
1393,187,BCA_CA_ST_PC08,PCSGTCATST,abbreviation,auto_rule
1394,187,BCA_CA_ST_PC08,Phòng Cảnh sát giao hông - Côg an Tỉnh Sóc Trăng,typo_ocr,noise_injector
1395,188,BCA_CA_ST_PA01,Phòng An ninh đối ngoại - Công an Tỉnh Sóc Trăng,canonical,manual_registry
1396,188,BCA_CA_ST_PA01,Phòng An ninh đối ngoại - CA Tỉnh Sóc Trăng,alias,domain_rules
1397,188,BCA_CA_ST_PA01,Phòng An ninh đối ngoại - CA Sóc Trăng,abbreviation,domain_rules
1398,188,BCA_CA_ST_PA01,Phong An ninh đoi ngoai - Cong an Tinh Soc Trang,no_accent,auto_rule
1399,188,BCA_CA_ST_PA01,PANĐNCATST,abbreviation,auto_rule
1400,188,BCA_CA_ST_PA01,Phòng An ninh đi ngoại - Công an Tỉnh Sc Trăn,typo_ocr,noise_injector
1401,188,BCA_CA_ST_PA01,Phòng An ninh đối goại - Công an Tỉnh Só Trăng,typo_ocr,noise_injector
1402,189,BCA_CA_ST_PA02,Phòng An ninh nội địa - Công an Tỉnh Sóc Trăng,canonical,manual_registry
1403,189,BCA_CA_ST_PA02,Phòng An ninh nội địa - CA Tỉnh Sóc Trăng,alias,domain_rules
1404,189,BCA_CA_ST_PA02,Phòng An ninh nội địa - CA Sóc Trăng,abbreviation,domain_rules
1405,189,BCA_CA_ST_PA02,Phong An ninh noi đia - Cong an Tinh Soc Trang,no_accent,auto_rule
1406,189,BCA_CA_ST_PA02,PANNĐCATST,abbreviation,auto_rule
1407,189,BCA_CA_ST_PA02,Phòng An ninh nội địa - ông an Tỉnh Sóc Trăng,typo_ocr,noise_injector
1408,190,BCA_CA_ST_PA03,Phòng An ninh chính trị nội bộ - Công an Tỉnh Sóc Trăng,canonical,manual_registry
1409,190,BCA_CA_ST_PA03,Phòng An ninh chính trị nội bộ - CA Tỉnh Sóc Trăng,alias,domain_rules
1410,190,BCA_CA_ST_PA03,Phòng An ninh chính trị nội bộ - CA Sóc Trăng,abbreviation,domain_rules
1411,190,BCA_CA_ST_PA03,Phong An ninh chinh tri noi bo - Cong an Tinh Soc Trang,no_accent,auto_rule
1412,190,BCA_CA_ST_PA03,PANCTNBCATST,abbreviation,auto_rule
1413,191,BCA_CA_ST_PA05,Phòng An ninh mạng và phòng chống tội phạm công nghệ cao - Công an Tỉnh Sóc Trăng,canonical,manual_registry
1414,191,BCA_CA_ST_PA05,Phòng An ninh mạng và phòng chống tội phạm công nghệ cao - CA Tỉnh Sóc Trăng,alias,domain_rules
1415,191,BCA_CA_ST_PA05,Phòng An ninh mạng và phòng chống tội phạm công nghệ cao - CA Sóc Trăng,abbreviation,domain_rules
1416,191,BCA_CA_ST_PA05,Phong An ninh mang va phong chong toi pham cong nghe cao - Cong an Tinh Soc Trang,no_accent,auto_rule
1417,191,BCA_CA_ST_PA05,PANMPCTPCNCCATST,abbreviation,auto_rule
1418,191,BCA_CA_ST_PA05,Phòn An ninh mạng và phòng chống tội phmcông ngệ cao - Công an Tỉnh Sóc Trăng,typo_ocr,noise_injector
1419,192,BCA_CA_BL,Công an Tỉnh Bạc Liêu,canonical,manual_registry
1420,192,BCA_CA_BL,CA Tỉnh Bạc Liêu,alias,domain_rules
1421,192,BCA_CA_BL,CA Bạc Liêu,abbreviation,domain_rules
1422,192,BCA_CA_BL,Cong an Tinh Bac Lieu,no_accent,auto_rule
1423,192,BCA_CA_BL,CATBL,abbreviation,auto_rule
1424,193,BCA_CA_BL_PC01,Văn phòng Cơ quan Cảnh sát điều tra - Công an Tỉnh Bạc Liêu,canonical,manual_registry
1425,193,BCA_CA_BL_PC01,Văn phòng Cơ quan Cảnh sát điều tra - CA Tỉnh Bạc Liêu,alias,domain_rules
1426,193,BCA_CA_BL_PC01,Văn phòng Cơ quan Cảnh sát điều tra - CA Bạc Liêu,abbreviation,domain_rules
1427,193,BCA_CA_BL_PC01,PC01 - Công an Tỉnh Bạc Liêu,abbreviation,domain_rules
1428,193,BCA_CA_BL_PC01,Van phong Co quan Canh sat đieu tra - Cong an Tinh Bac Lieu,no_accent,auto_rule
1429,193,BCA_CA_BL_PC01,VPCSĐTCATBL,abbreviation,auto_rule
1430,193,BCA_CA_BL_PC01,ăn phòng Cơ quan Cảnh sát điều tra - Công an ỉnh ạc Liêu,typo_ocr,noise_injector
1431,193,BCA_CA_BL_PC01,Văn phòng C quan Cảnh sát điề tra - Công an Tỉnh Bạc Liêu,typo_ocr,noise_injector
1432,194,BCA_CA_BL_PC02,Phòng Cảnh sát hình sự - Công an Tỉnh Bạc Liêu,canonical,manual_registry
1433,194,BCA_CA_BL_PC02,Phòng Cảnh sát hình sự - CA Tỉnh Bạc Liêu,alias,domain_rules
1434,194,BCA_CA_BL_PC02,Phòng Cảnh sát hình sự - CA Bạc Liêu,abbreviation,domain_rules
1435,194,BCA_CA_BL_PC02,PC02 - Công an Tỉnh Bạc Liêu,abbreviation,domain_rules
1436,194,BCA_CA_BL_PC02,Phòng CSHS - Công an Tỉnh Bạc Liêu,alias,domain_rules
1437,194,BCA_CA_BL_PC02,Phong Canh sat hinh su - Cong an Tinh Bac Lieu,no_accent,auto_rule
1438,194,BCA_CA_BL_PC02,PCSHSCATBL,abbreviation,auto_rule
1439,194,BCA_CA_BL_PC02,Phòng Cảnhsát hình sự - Công an Tỉnh Bạc Liêu,typo_ocr,noise_injector
1440,195,BCA_CA_BL_PC03,Phòng Cảnh sát kinh tế - Công an Tỉnh Bạc Liêu,canonical,manual_registry
1441,195,BCA_CA_BL_PC03,Phòng Cảnh sát kinh tế - CA Tỉnh Bạc Liêu,alias,domain_rules
1442,195,BCA_CA_BL_PC03,Phòng Cảnh sát kinh tế - CA Bạc Liêu,abbreviation,domain_rules
1443,195,BCA_CA_BL_PC03,Phong Canh sat kinh te - Cong an Tinh Bac Lieu,no_accent,auto_rule
1444,195,BCA_CA_BL_PC03,PCSKTCATBL,abbreviation,auto_rule
1445,195,BCA_CA_BL_PC03,Phòng Cảnh sát kinh tế - Côngn TỉnhBạc Liêu,typo_ocr,noise_injector
1446,195,BCA_CA_BL_PC03,Phòng Cảnh sát kinh tế - Cng an Tỉnh Bạc Liêu,typo_ocr,noise_injector
1447,196,BCA_CA_BL_PC04,Phòng Cảnh sát điều tra tội phạm về ma túy - Công an Tỉnh Bạc Liêu,canonical,manual_registry
1448,196,BCA_CA_BL_PC04,Phòng Cảnh sát điều tra tội phạm về ma túy - CA Tỉnh Bạc Liêu,alias,domain_rules
1449,196,BCA_CA_BL_PC04,Phòng Cảnh sát điều tra tội phạm về ma túy - CA Bạc Liêu,abbreviation,domain_rules
1450,196,BCA_CA_BL_PC04,PC04 - Công an Tỉnh Bạc Liêu,abbreviation,domain_rules
1451,196,BCA_CA_BL_PC04,Phòng CS ma túy - Công an Tỉnh Bạc Liêu,alias,domain_rules
1452,196,BCA_CA_BL_PC04,Phong Canh sat đieu tra toi pham ve ma tuy - Cong an Tinh Bac Lieu,no_accent,auto_rule
1453,196,BCA_CA_BL_PC04,PCSĐTTPMTCATBL,abbreviation,auto_rule
1454,196,BCA_CA_BL_PC04,Phòng Cảnh sát điề tra tội phạm về ma túy - Công an Tỉnh Bạc Liêu,typo_ocr,noise_injector
1455,197,BCA_CA_BL_PC06,Phòng Cảnh sát quản lý hành chính về trật tự xã hội - Công an Tỉnh Bạc Liêu,canonical,manual_registry
1456,197,BCA_CA_BL_PC06,Phòng Cảnh sát quản lý hành chính về trật tự xã hội - CA Tỉnh Bạc Liêu,alias,domain_rules
1457,197,BCA_CA_BL_PC06,Phòng Cảnh sát quản lý hành chính về trật tự xã hội - CA Bạc Liêu,abbreviation,domain_rules
1458,197,BCA_CA_BL_PC06,PC06 - Công an Tỉnh Bạc Liêu,abbreviation,domain_rules
1459,197,BCA_CA_BL_PC06,Phòng CSQLHC - Công an Tỉnh Bạc Liêu,alias,domain_rules
1460,197,BCA_CA_BL_PC06,Phong Canh sat quan ly hanh chinh ve trat tu xa hoi - Cong an Tinh Bac Lieu,no_accent,auto_rule
1461,197,BCA_CA_BL_PC06,PCSQLHCTTXHCATBL,abbreviation,auto_rule
1462,197,BCA_CA_BL_PC06,Phòng Cảnh sát quảnlý hành chính về trật tự x hội - Công an Tỉnh c iêu,typo_ocr,noise_injector
1463,197,BCA_CA_BL_PC06,Phòng ảnh sát quản lý hành chính về trật tự xãhội - Công an Tỉnh Bạc Liêu,typo_ocr,noise_injector
1464,198,BCA_CA_BL_PC08,Phòng Cảnh sát giao thông - Công an Tỉnh Bạc Liêu,canonical,manual_registry
1465,198,BCA_CA_BL_PC08,Phòng Cảnh sát giao thông - CA Tỉnh Bạc Liêu,alias,domain_rules
1466,198,BCA_CA_BL_PC08,Phòng Cảnh sát giao thông - CA Bạc Liêu,abbreviation,domain_rules
1467,198,BCA_CA_BL_PC08,PC08 - Công an Tỉnh Bạc Liêu,abbreviation,domain_rules
1468,198,BCA_CA_BL_PC08,Phòng CSGT - Công an Tỉnh Bạc Liêu,alias,domain_rules
1469,198,BCA_CA_BL_PC08,Phong Canh sat giao thong - Cong an Tinh Bac Lieu,no_accent,auto_rule
1470,198,BCA_CA_BL_PC08,PCSGTCATBL,abbreviation,auto_rule
1471,198,BCA_CA_BL_PC08,Phòng Cảnh sát giao thông - ông an Tỉnh Bc Liêu,typo_ocr,noise_injector
1472,198,BCA_CA_BL_PC08,Phòng Cảnh sát giao thông - Công an Tỉnh Bc Liêu,typo_ocr,noise_injector
1473,199,BCA_CA_BL_PA01,Phòng An ninh đối ngoại - Công an Tỉnh Bạc Liêu,canonical,manual_registry
1474,199,BCA_CA_BL_PA01,Phòng An ninh đối ngoại - CA Tỉnh Bạc Liêu,alias,domain_rules
1475,199,BCA_CA_BL_PA01,Phòng An ninh đối ngoại - CA Bạc Liêu,abbreviation,domain_rules
1476,199,BCA_CA_BL_PA01,Phong An ninh đoi ngoai - Cong an Tinh Bac Lieu,no_accent,auto_rule
1477,199,BCA_CA_BL_PA01,PANĐNCATBL,abbreviation,auto_rule
1478,199,BCA_CA_BL_PA01,Phòng An ninh đi ngoại - Công an Tỉnh Bạc Liêu,typo_ocr,noise_injector
1479,199,BCA_CA_BL_PA01,Phòng An ninh đối ngoại - Công an ỉnh Bạc Liêu,typo_ocr,noise_injector
1480,200,BCA_CA_BL_PA02,Phòng An ninh nội địa - Công an Tỉnh Bạc Liêu,canonical,manual_registry
1481,200,BCA_CA_BL_PA02,Phòng An ninh nội địa - CA Tỉnh Bạc Liêu,alias,domain_rules
1482,200,BCA_CA_BL_PA02,Phòng An ninh nội địa - CA Bạc Liêu,abbreviation,domain_rules
1483,200,BCA_CA_BL_PA02,Phong An ninh noi đia - Cong an Tinh Bac Lieu,no_accent,auto_rule
1484,200,BCA_CA_BL_PA02,PANNĐCATBL,abbreviation,auto_rule
1485,200,BCA_CA_BL_PA02,Phòng Anninh nội đa - Công an Tỉnh Bạc Liêu,typo_ocr,noise_injector
1486,200,BCA_CA_BL_PA02,Phòng An ninh nội địa -Công an ỉnh Bạc Liêu,typo_ocr,noise_injector
1487,201,BCA_CA_BL_PA03,Phòng An ninh chính trị nội bộ - Công an Tỉnh Bạc Liêu,canonical,manual_registry
1488,201,BCA_CA_BL_PA03,Phòng An ninh chính trị nội bộ - CA Tỉnh Bạc Liêu,alias,domain_rules
1489,201,BCA_CA_BL_PA03,Phòng An ninh chính trị nội bộ - CA Bạc Liêu,abbreviation,domain_rules
1490,201,BCA_CA_BL_PA03,Phong An ninh chinh tri noi bo - Cong an Tinh Bac Lieu,no_accent,auto_rule
1491,201,BCA_CA_BL_PA03,PANCTNBCATBL,abbreviation,auto_rule
1492,201,BCA_CA_BL_PA03,PhngAn ninh chính trị nội bộ - Công an Tỉnh Bạc Liêu,typo_ocr,noise_injector
1493,202,BCA_CA_BL_PA05,Phòng An ninh mạng và phòng chống tội phạm công nghệ cao - Công an Tỉnh Bạc Liêu,canonical,manual_registry
1494,202,BCA_CA_BL_PA05,Phòng An ninh mạng và phòng chống tội phạm công nghệ cao - CA Tỉnh Bạc Liêu,alias,domain_rules
1495,202,BCA_CA_BL_PA05,Phòng An ninh mạng và phòng chống tội phạm công nghệ cao - CA Bạc Liêu,abbreviation,domain_rules
1496,202,BCA_CA_BL_PA05,Phong An ninh mang va phong chong toi pham cong nghe cao - Cong an Tinh Bac Lieu,no_accent,auto_rule
1497,202,BCA_CA_BL_PA05,PANMPCTPCNCCATBL,abbreviation,auto_rule
1498,202,BCA_CA_BL_PA05,Phòng An ninh mạng và phòng chống tội phạm cng nghệ cao - Công an Tỉnh Bạc Liêu,typo_ocr,noise_injector
1499,203,BCA_CA_TV,Công an Tỉnh Trà Vinh,canonical,manual_registry
1500,203,BCA_CA_TV,CA Tỉnh Trà Vinh,alias,domain_rules
1501,203,BCA_CA_TV,CA Trà Vinh,abbreviation,domain_rules
1502,203,BCA_CA_TV,Cong an Tinh Tra Vinh,no_accent,auto_rule
1503,203,BCA_CA_TV,CATTV,abbreviation,auto_rule
1504,203,BCA_CA_TV,Công a Tỉnh Trà Vinh,typo_ocr,noise_injector
1505,204,BCA_CA_TV_PC01,Văn phòng Cơ quan Cảnh sát điều tra - Công an Tỉnh Trà Vinh,canonical,manual_registry
1506,204,BCA_CA_TV_PC01,Văn phòng Cơ quan Cảnh sát điều tra - CA Tỉnh Trà Vinh,alias,domain_rules
1507,204,BCA_CA_TV_PC01,Văn phòng Cơ quan Cảnh sát điều tra - CA Trà Vinh,abbreviation,domain_rules
1508,204,BCA_CA_TV_PC01,PC01 - Công an Tỉnh Trà Vinh,abbreviation,domain_rules
1509,204,BCA_CA_TV_PC01,Van phong Co quan Canh sat đieu tra - Cong an Tinh Tra Vinh,no_accent,auto_rule
1510,204,BCA_CA_TV_PC01,VPCSĐTCATTV,abbreviation,auto_rule
1511,204,BCA_CA_TV_PC01,Văn phòng Cơ uan ảnh sát điều tra - Côngan Tỉnh Trà Vinh,typo_ocr,noise_injector
1512,204,BCA_CA_TV_PC01,Văn phòng Cơ uanCảnh át điều tra - Công an Tỉnh Trà Vinh,typo_ocr,noise_injector
1513,205,BCA_CA_TV_PC02,Phòng Cảnh sát hình sự - Công an Tỉnh Trà Vinh,canonical,manual_registry
1514,205,BCA_CA_TV_PC02,Phòng Cảnh sát hình sự - CA Tỉnh Trà Vinh,alias,domain_rules
1515,205,BCA_CA_TV_PC02,Phòng Cảnh sát hình sự - CA Trà Vinh,abbreviation,domain_rules
1516,205,BCA_CA_TV_PC02,PC02 - Công an Tỉnh Trà Vinh,abbreviation,domain_rules
1517,205,BCA_CA_TV_PC02,Phòng CSHS - Công an Tỉnh Trà Vinh,alias,domain_rules
1518,205,BCA_CA_TV_PC02,Phong Canh sat hinh su - Cong an Tinh Tra Vinh,no_accent,auto_rule
1519,205,BCA_CA_TV_PC02,PCSHSCATTV,abbreviation,auto_rule
1520,205,BCA_CA_TV_PC02,Phòng Cảnh sát hình sự - Công an Tỉnh Trà Vih,typo_ocr,noise_injector
1521,205,BCA_CA_TV_PC02,Phòng Cảnh sát hnh sự - Công an Tỉnh Trà Vinh,typo_ocr,noise_injector
1522,206,BCA_CA_TV_PC03,Phòng Cảnh sát kinh tế - Công an Tỉnh Trà Vinh,canonical,manual_registry
1523,206,BCA_CA_TV_PC03,Phòng Cảnh sát kinh tế - CA Tỉnh Trà Vinh,alias,domain_rules
1524,206,BCA_CA_TV_PC03,Phòng Cảnh sát kinh tế - CA Trà Vinh,abbreviation,domain_rules
1525,206,BCA_CA_TV_PC03,Phong Canh sat kinh te - Cong an Tinh Tra Vinh,no_accent,auto_rule
1526,206,BCA_CA_TV_PC03,PCSKTCATTV,abbreviation,auto_rule
1527,206,BCA_CA_TV_PC03,Phòn Cảnh sát kinh tế - Công an Tỉnh Trà Vinh,typo_ocr,noise_injector
1528,207,BCA_CA_TV_PC04,Phòng Cảnh sát điều tra tội phạm về ma túy - Công an Tỉnh Trà Vinh,canonical,manual_registry
1529,207,BCA_CA_TV_PC04,Phòng Cảnh sát điều tra tội phạm về ma túy - CA Tỉnh Trà Vinh,alias,domain_rules
1530,207,BCA_CA_TV_PC04,Phòng Cảnh sát điều tra tội phạm về ma túy - CA Trà Vinh,abbreviation,domain_rules
1531,207,BCA_CA_TV_PC04,PC04 - Công an Tỉnh Trà Vinh,abbreviation,domain_rules
1532,207,BCA_CA_TV_PC04,Phòng CS ma túy - Công an Tỉnh Trà Vinh,alias,domain_rules
1533,207,BCA_CA_TV_PC04,Phong Canh sat đieu tra toi pham ve ma tuy - Cong an Tinh Tra Vinh,no_accent,auto_rule
1534,207,BCA_CA_TV_PC04,PCSĐTTPMTCATTV,abbreviation,auto_rule
1535,208,BCA_CA_TV_PC06,Phòng Cảnh sát quản lý hành chính về trật tự xã hội - Công an Tỉnh Trà Vinh,canonical,manual_registry
1536,208,BCA_CA_TV_PC06,Phòng Cảnh sát quản lý hành chính về trật tự xã hội - CA Tỉnh Trà Vinh,alias,domain_rules
1537,208,BCA_CA_TV_PC06,Phòng Cảnh sát quản lý hành chính về trật tự xã hội - CA Trà Vinh,abbreviation,domain_rules
1538,208,BCA_CA_TV_PC06,PC06 - Công an Tỉnh Trà Vinh,abbreviation,domain_rules
1539,208,BCA_CA_TV_PC06,Phòng CSQLHC - Công an Tỉnh Trà Vinh,alias,domain_rules
1540,208,BCA_CA_TV_PC06,Phong Canh sat quan ly hanh chinh ve trat tu xa hoi - Cong an Tinh Tra Vinh,no_accent,auto_rule
1541,208,BCA_CA_TV_PC06,PCSQLHCTTXHCATTV,abbreviation,auto_rule
1542,208,BCA_CA_TV_PC06,Phòg Cảnh sát quản lý hành chính ề trật tự xã hội - Công an Tỉnh Trà Vinh,typo_ocr,noise_injector
1543,208,BCA_CA_TV_PC06,Phòng Cảnh sát quản lý hành chính về trậ tựxã hội - Công an TỉnhTrà Vinh,typo_ocr,noise_injector
1544,209,BCA_CA_TV_PC08,Phòng Cảnh sát giao thông - Công an Tỉnh Trà Vinh,canonical,manual_registry
1545,209,BCA_CA_TV_PC08,Phòng Cảnh sát giao thông - CA Tỉnh Trà Vinh,alias,domain_rules
1546,209,BCA_CA_TV_PC08,Phòng Cảnh sát giao thông - CA Trà Vinh,abbreviation,domain_rules
1547,209,BCA_CA_TV_PC08,PC08 - Công an Tỉnh Trà Vinh,abbreviation,domain_rules
1548,209,BCA_CA_TV_PC08,Phòng CSGT - Công an Tỉnh Trà Vinh,alias,domain_rules
1549,209,BCA_CA_TV_PC08,Phong Canh sat giao thong - Cong an Tinh Tra Vinh,no_accent,auto_rule
1550,209,BCA_CA_TV_PC08,PCSGTCATTV,abbreviation,auto_rule
1551,210,BCA_CA_TV_PA01,Phòng An ninh đối ngoại - Công an Tỉnh Trà Vinh,canonical,manual_registry
1552,210,BCA_CA_TV_PA01,Phòng An ninh đối ngoại - CA Tỉnh Trà Vinh,alias,domain_rules
1553,210,BCA_CA_TV_PA01,Phòng An ninh đối ngoại - CA Trà Vinh,abbreviation,domain_rules
1554,210,BCA_CA_TV_PA01,Phong An ninh đoi ngoai - Cong an Tinh Tra Vinh,no_accent,auto_rule
1555,210,BCA_CA_TV_PA01,PANĐNCATTV,abbreviation,auto_rule
1556,210,BCA_CA_TV_PA01,Phòng An ninh ối ngoại - Công an Tỉnh Trà Vinh,typo_ocr,noise_injector
1557,211,BCA_CA_TV_PA02,Phòng An ninh nội địa - Công an Tỉnh Trà Vinh,canonical,manual_registry
1558,211,BCA_CA_TV_PA02,Phòng An ninh nội địa - CA Tỉnh Trà Vinh,alias,domain_rules
1559,211,BCA_CA_TV_PA02,Phòng An ninh nội địa - CA Trà Vinh,abbreviation,domain_rules
1560,211,BCA_CA_TV_PA02,Phong An ninh noi đia - Cong an Tinh Tra Vinh,no_accent,auto_rule
1561,211,BCA_CA_TV_PA02,PANNĐCATTV,abbreviation,auto_rule
1562,211,BCA_CA_TV_PA02,Phòng An ninh nội địa - Công anTỉnh Trà Vinh,typo_ocr,noise_injector
1563,212,BCA_CA_TV_PA03,Phòng An ninh chính trị nội bộ - Công an Tỉnh Trà Vinh,canonical,manual_registry
1564,212,BCA_CA_TV_PA03,Phòng An ninh chính trị nội bộ - CA Tỉnh Trà Vinh,alias,domain_rules
1565,212,BCA_CA_TV_PA03,Phòng An ninh chính trị nội bộ - CA Trà Vinh,abbreviation,domain_rules
1566,212,BCA_CA_TV_PA03,Phong An ninh chinh tri noi bo - Cong an Tinh Tra Vinh,no_accent,auto_rule
1567,212,BCA_CA_TV_PA03,PANCTNBCATTV,abbreviation,auto_rule
1568,212,BCA_CA_TV_PA03,Phòng An ninh chín trị nội bộ - Công anTỉnh Trà Vinh,typo_ocr,noise_injector
1569,212,BCA_CA_TV_PA03,Phng An nih chính trị nội bộ - Công an Tỉnh Trà Vinh,typo_ocr,noise_injector
1570,213,BCA_CA_TV_PA05,Phòng An ninh mạng và phòng chống tội phạm công nghệ cao - Công an Tỉnh Trà Vinh,canonical,manual_registry
1571,213,BCA_CA_TV_PA05,Phòng An ninh mạng và phòng chống tội phạm công nghệ cao - CA Tỉnh Trà Vinh,alias,domain_rules
1572,213,BCA_CA_TV_PA05,Phòng An ninh mạng và phòng chống tội phạm công nghệ cao - CA Trà Vinh,abbreviation,domain_rules
1573,213,BCA_CA_TV_PA05,Phong An ninh mang va phong chong toi pham cong nghe cao - Cong an Tinh Tra Vinh,no_accent,auto_rule
1574,213,BCA_CA_TV_PA05,PANMPCTPCNCCATTV,abbreviation,auto_rule
1575,213,BCA_CA_TV_PA05,Phòn An ninh mạng và phòng chống tội phạm công nghệ cao - Công an Tỉn Trà Vinh,typo_ocr,noise_injector
1576,213,BCA_CA_TV_PA05,Phòng An ninh mạng và phòng chống tội phạm công nghệ cao -Công an Tỉnh Trà Vinh,typo_ocr,noise_injector
1577,214,BCA_CA_VL,Công an Tỉnh Vĩnh Long,canonical,manual_registry
1578,214,BCA_CA_VL,CA Tỉnh Vĩnh Long,alias,domain_rules
1579,214,BCA_CA_VL,CA Vĩnh Long,abbreviation,domain_rules
1580,214,BCA_CA_VL,Cong an Tinh Vinh Long,no_accent,auto_rule
1581,214,BCA_CA_VL,CATVL,abbreviation,auto_rule
1582,214,BCA_CA_VL,Công an Tỉnh Vĩnh Lon,typo_ocr,noise_injector
1583,215,BCA_CA_VL_PC01,Văn phòng Cơ quan Cảnh sát điều tra - Công an Tỉnh Vĩnh Long,canonical,manual_registry
1584,215,BCA_CA_VL_PC01,Văn phòng Cơ quan Cảnh sát điều tra - CA Tỉnh Vĩnh Long,alias,domain_rules
1585,215,BCA_CA_VL_PC01,Văn phòng Cơ quan Cảnh sát điều tra - CA Vĩnh Long,abbreviation,domain_rules
1586,215,BCA_CA_VL_PC01,PC01 - Công an Tỉnh Vĩnh Long,abbreviation,domain_rules
1587,215,BCA_CA_VL_PC01,Van phong Co quan Canh sat đieu tra - Cong an Tinh Vinh Long,no_accent,auto_rule
1588,215,BCA_CA_VL_PC01,VPCSĐTCATVL,abbreviation,auto_rule
1589,215,BCA_CA_VL_PC01,Văn phòng Cơ quan Cảnh sát điều tra - Cng an Tỉnh Vĩnh Long,typo_ocr,noise_injector
1590,215,BCA_CA_VL_PC01,Văn phòng Cơ ua Cản st điều tra - Công an Tỉnh Vĩnh Long,typo_ocr,noise_injector
1591,216,BCA_CA_VL_PC02,Phòng Cảnh sát hình sự - Công an Tỉnh Vĩnh Long,canonical,manual_registry
1592,216,BCA_CA_VL_PC02,Phòng Cảnh sát hình sự - CA Tỉnh Vĩnh Long,alias,domain_rules
1593,216,BCA_CA_VL_PC02,Phòng Cảnh sát hình sự - CA Vĩnh Long,abbreviation,domain_rules
1594,216,BCA_CA_VL_PC02,PC02 - Công an Tỉnh Vĩnh Long,abbreviation,domain_rules
1595,216,BCA_CA_VL_PC02,Phòng CSHS - Công an Tỉnh Vĩnh Long,alias,domain_rules
1596,216,BCA_CA_VL_PC02,Phong Canh sat hinh su - Cong an Tinh Vinh Long,no_accent,auto_rule
1597,216,BCA_CA_VL_PC02,PCSHSCATVL,abbreviation,auto_rule
1598,216,BCA_CA_VL_PC02,Phòng Cảnh st hình sự - Công an Tỉnh Vĩnh Long,typo_ocr,noise_injector
1599,217,BCA_CA_VL_PC03,Phòng Cảnh sát kinh tế - Công an Tỉnh Vĩnh Long,canonical,manual_registry
1600,217,BCA_CA_VL_PC03,Phòng Cảnh sát kinh tế - CA Tỉnh Vĩnh Long,alias,domain_rules
1601,217,BCA_CA_VL_PC03,Phòng Cảnh sát kinh tế - CA Vĩnh Long,abbreviation,domain_rules
1602,217,BCA_CA_VL_PC03,Phong Canh sat kinh te - Cong an Tinh Vinh Long,no_accent,auto_rule
1603,217,BCA_CA_VL_PC03,PCSKTCATVL,abbreviation,auto_rule
1604,217,BCA_CA_VL_PC03,Pòng Cảnh sátkinh tế - Công an Tỉnh Vĩnh Long,typo_ocr,noise_injector
1605,218,BCA_CA_VL_PC04,Phòng Cảnh sát điều tra tội phạm về ma túy - Công an Tỉnh Vĩnh Long,canonical,manual_registry
1606,218,BCA_CA_VL_PC04,Phòng Cảnh sát điều tra tội phạm về ma túy - CA Tỉnh Vĩnh Long,alias,domain_rules
1607,218,BCA_CA_VL_PC04,Phòng Cảnh sát điều tra tội phạm về ma túy - CA Vĩnh Long,abbreviation,domain_rules
1608,218,BCA_CA_VL_PC04,PC04 - Công an Tỉnh Vĩnh Long,abbreviation,domain_rules
1609,218,BCA_CA_VL_PC04,Phòng CS ma túy - Công an Tỉnh Vĩnh Long,alias,domain_rules
1610,218,BCA_CA_VL_PC04,Phong Canh sat đieu tra toi pham ve ma tuy - Cong an Tinh Vinh Long,no_accent,auto_rule
1611,218,BCA_CA_VL_PC04,PCSĐTTPMTCATVL,abbreviation,auto_rule
1612,218,BCA_CA_VL_PC04,Phòng Cảnh sát điều tra tộ phạm về ma túy - Công an Tỉnh Vĩn Long,typo_ocr,noise_injector
1613,218,BCA_CA_VL_PC04,Phòg Cảh sát điều tra tội phạm về ma túy - Công an Tỉn Vĩnh Long,typo_ocr,noise_injector
1614,219,BCA_CA_VL_PC06,Phòng Cảnh sát quản lý hành chính về trật tự xã hội - Công an Tỉnh Vĩnh Long,canonical,manual_registry
1615,219,BCA_CA_VL_PC06,Phòng Cảnh sát quản lý hành chính về trật tự xã hội - CA Tỉnh Vĩnh Long,alias,domain_rules
1616,219,BCA_CA_VL_PC06,Phòng Cảnh sát quản lý hành chính về trật tự xã hội - CA Vĩnh Long,abbreviation,domain_rules
1617,219,BCA_CA_VL_PC06,PC06 - Công an Tỉnh Vĩnh Long,abbreviation,domain_rules
1618,219,BCA_CA_VL_PC06,Phòng CSQLHC - Công an Tỉnh Vĩnh Long,alias,domain_rules
1619,219,BCA_CA_VL_PC06,Phong Canh sat quan ly hanh chinh ve trat tu xa hoi - Cong an Tinh Vinh Long,no_accent,auto_rule
1620,219,BCA_CA_VL_PC06,PCSQLHCTTXHCATVL,abbreviation,auto_rule
1621,219,BCA_CA_VL_PC06,Phòng Cảnh sát quản lý hành chính vềtrật tự xã hội - Công an Tỉnh Vĩnh ong,typo_ocr,noise_injector
1622,220,BCA_CA_VL_PC08,Phòng Cảnh sát giao thông - Công an Tỉnh Vĩnh Long,canonical,manual_registry
1623,220,BCA_CA_VL_PC08,Phòng Cảnh sát giao thông - CA Tỉnh Vĩnh Long,alias,domain_rules
1624,220,BCA_CA_VL_PC08,Phòng Cảnh sát giao thông - CA Vĩnh Long,abbreviation,domain_rules
1625,220,BCA_CA_VL_PC08,PC08 - Công an Tỉnh Vĩnh Long,abbreviation,domain_rules
1626,220,BCA_CA_VL_PC08,Phòng CSGT - Công an Tỉnh Vĩnh Long,alias,domain_rules
1627,220,BCA_CA_VL_PC08,Phong Canh sat giao thong - Cong an Tinh Vinh Long,no_accent,auto_rule
1628,220,BCA_CA_VL_PC08,PCSGTCATVL,abbreviation,auto_rule
1629,220,BCA_CA_VL_PC08,Phòng Cảnh át giao thông - Công n Tỉnh Vnh Long,typo_ocr,noise_injector
1630,221,BCA_CA_VL_PA01,Phòng An ninh đối ngoại - Công an Tỉnh Vĩnh Long,canonical,manual_registry
1631,221,BCA_CA_VL_PA01,Phòng An ninh đối ngoại - CA Tỉnh Vĩnh Long,alias,domain_rules
1632,221,BCA_CA_VL_PA01,Phòng An ninh đối ngoại - CA Vĩnh Long,abbreviation,domain_rules
1633,221,BCA_CA_VL_PA01,Phong An ninh đoi ngoai - Cong an Tinh Vinh Long,no_accent,auto_rule
1634,221,BCA_CA_VL_PA01,PANĐNCATVL,abbreviation,auto_rule
1635,222,BCA_CA_VL_PA02,Phòng An ninh nội địa - Công an Tỉnh Vĩnh Long,canonical,manual_registry
1636,222,BCA_CA_VL_PA02,Phòng An ninh nội địa - CA Tỉnh Vĩnh Long,alias,domain_rules
1637,222,BCA_CA_VL_PA02,Phòng An ninh nội địa - CA Vĩnh Long,abbreviation,domain_rules
1638,222,BCA_CA_VL_PA02,Phong An ninh noi đia - Cong an Tinh Vinh Long,no_accent,auto_rule
1639,222,BCA_CA_VL_PA02,PANNĐCATVL,abbreviation,auto_rule
1640,222,BCA_CA_VL_PA02,Phòng An ninh nộ địa - Côngan Tỉnh Vĩnh Long,typo_ocr,noise_injector
1641,222,BCA_CA_VL_PA02,Phòng An ninh nội địa - ông an Tỉnh Vĩnh Long,typo_ocr,noise_injector
1642,223,BCA_CA_VL_PA03,Phòng An ninh chính trị nội bộ - Công an Tỉnh Vĩnh Long,canonical,manual_registry
1643,223,BCA_CA_VL_PA03,Phòng An ninh chính trị nội bộ - CA Tỉnh Vĩnh Long,alias,domain_rules
1644,223,BCA_CA_VL_PA03,Phòng An ninh chính trị nội bộ - CA Vĩnh Long,abbreviation,domain_rules
1645,223,BCA_CA_VL_PA03,Phong An ninh chinh tri noi bo - Cong an Tinh Vinh Long,no_accent,auto_rule
1646,223,BCA_CA_VL_PA03,PANCTNBCATVL,abbreviation,auto_rule
1647,223,BCA_CA_VL_PA03,Phòng An ninh chính trị nội bộ - ông an Tỉnh Vĩnh Long,typo_ocr,noise_injector
1648,224,BCA_CA_VL_PA05,Phòng An ninh mạng và phòng chống tội phạm công nghệ cao - Công an Tỉnh Vĩnh Long,canonical,manual_registry
1649,224,BCA_CA_VL_PA05,Phòng An ninh mạng và phòng chống tội phạm công nghệ cao - CA Tỉnh Vĩnh Long,alias,domain_rules
1650,224,BCA_CA_VL_PA05,Phòng An ninh mạng và phòng chống tội phạm công nghệ cao - CA Vĩnh Long,abbreviation,domain_rules
1651,224,BCA_CA_VL_PA05,Phong An ninh mang va phong chong toi pham cong nghe cao - Cong an Tinh Vinh Long,no_accent,auto_rule
1652,224,BCA_CA_VL_PA05,PANMPCTPCNCCATVL,abbreviation,auto_rule
1653,224,BCA_CA_VL_PA05,òng An ninh mạng và phòng chống tội phạm công nghệ cao - Công an Tỉnh Vĩnh Long,typo_ocr,noise_injector
1654,224,BCA_CA_VL_PA05,Phòng An ninh mạng và phòng chống tội phạm công nghệ cao- Công an Tỉnh Vĩnh Long,typo_ocr,noise_injector
1655,225,BCA_CA_BT,Công an Tỉnh Bến Tre,canonical,manual_registry
1656,225,BCA_CA_BT,CA Tỉnh Bến Tre,alias,domain_rules
1657,225,BCA_CA_BT,CA Bến Tre,abbreviation,domain_rules
1658,225,BCA_CA_BT,Cong an Tinh Ben Tre,no_accent,auto_rule
1659,225,BCA_CA_BT,CATBT,abbreviation,auto_rule
1660,226,BCA_CA_BT_PC01,Văn phòng Cơ quan Cảnh sát điều tra - Công an Tỉnh Bến Tre,canonical,manual_registry
1661,226,BCA_CA_BT_PC01,Văn phòng Cơ quan Cảnh sát điều tra - CA Tỉnh Bến Tre,alias,domain_rules
1662,226,BCA_CA_BT_PC01,Văn phòng Cơ quan Cảnh sát điều tra - CA Bến Tre,abbreviation,domain_rules
1663,226,BCA_CA_BT_PC01,PC01 - Công an Tỉnh Bến Tre,abbreviation,domain_rules
1664,226,BCA_CA_BT_PC01,Van phong Co quan Canh sat đieu tra - Cong an Tinh Ben Tre,no_accent,auto_rule
1665,226,BCA_CA_BT_PC01,VPCSĐTCATBT,abbreviation,auto_rule
1666,226,BCA_CA_BT_PC01,Văn phng Cơ quan Cảnh sát điều tr - Công an Tỉnh Bến Tre,typo_ocr,noise_injector
1667,226,BCA_CA_BT_PC01,Văn phòng Cơ quan Cản sát iều tra - Công an Tỉnh Bến Tre,typo_ocr,noise_injector
1668,227,BCA_CA_BT_PC02,Phòng Cảnh sát hình sự - Công an Tỉnh Bến Tre,canonical,manual_registry
1669,227,BCA_CA_BT_PC02,Phòng Cảnh sát hình sự - CA Tỉnh Bến Tre,alias,domain_rules
1670,227,BCA_CA_BT_PC02,Phòng Cảnh sát hình sự - CA Bến Tre,abbreviation,domain_rules
1671,227,BCA_CA_BT_PC02,PC02 - Công an Tỉnh Bến Tre,abbreviation,domain_rules
1672,227,BCA_CA_BT_PC02,Phòng CSHS - Công an Tỉnh Bến Tre,alias,domain_rules
1673,227,BCA_CA_BT_PC02,Phong Canh sat hinh su - Cong an Tinh Ben Tre,no_accent,auto_rule
1674,227,BCA_CA_BT_PC02,PCSHSCATBT,abbreviation,auto_rule
1675,227,BCA_CA_BT_PC02,Phòg Cảnh sát hìnhsự - Công an Tỉnh Bến Tre,typo_ocr,noise_injector
1676,228,BCA_CA_BT_PC03,Phòng Cảnh sát kinh tế - Công an Tỉnh Bến Tre,canonical,manual_registry
1677,228,BCA_CA_BT_PC03,Phòng Cảnh sát kinh tế - CA Tỉnh Bến Tre,alias,domain_rules
1678,228,BCA_CA_BT_PC03,Phòng Cảnh sát kinh tế - CA Bến Tre,abbreviation,domain_rules
1679,228,BCA_CA_BT_PC03,Phong Canh sat kinh te - Cong an Tinh Ben Tre,no_accent,auto_rule
1680,228,BCA_CA_BT_PC03,PCSKTCATBT,abbreviation,auto_rule
1681,228,BCA_CA_BT_PC03,Phng Cảnh sát kinh tế - Công an Tỉnh Bến Tre,typo_ocr,noise_injector
1682,229,BCA_CA_BT_PC04,Phòng Cảnh sát điều tra tội phạm về ma túy - Công an Tỉnh Bến Tre,canonical,manual_registry
1683,229,BCA_CA_BT_PC04,Phòng Cảnh sát điều tra tội phạm về ma túy - CA Tỉnh Bến Tre,alias,domain_rules
1684,229,BCA_CA_BT_PC04,Phòng Cảnh sát điều tra tội phạm về ma túy - CA Bến Tre,abbreviation,domain_rules
1685,229,BCA_CA_BT_PC04,PC04 - Công an Tỉnh Bến Tre,abbreviation,domain_rules
1686,229,BCA_CA_BT_PC04,Phòng CS ma túy - Công an Tỉnh Bến Tre,alias,domain_rules
1687,229,BCA_CA_BT_PC04,Phong Canh sat đieu tra toi pham ve ma tuy - Cong an Tinh Ben Tre,no_accent,auto_rule
1688,229,BCA_CA_BT_PC04,PCSĐTTPMTCATBT,abbreviation,auto_rule
1689,229,BCA_CA_BT_PC04,Phòng Cảnh sát điều tra tội phạ về ma túy - Công an Tỉh Bến Tre,typo_ocr,noise_injector
1690,229,BCA_CA_BT_PC04,Pòng Cảnh sát điều tra tội phạm về ma túy - Công an Tỉnh BếnTre,typo_ocr,noise_injector
1691,230,BCA_CA_BT_PC06,Phòng Cảnh sát quản lý hành chính về trật tự xã hội - Công an Tỉnh Bến Tre,canonical,manual_registry
1692,230,BCA_CA_BT_PC06,Phòng Cảnh sát quản lý hành chính về trật tự xã hội - CA Tỉnh Bến Tre,alias,domain_rules
1693,230,BCA_CA_BT_PC06,Phòng Cảnh sát quản lý hành chính về trật tự xã hội - CA Bến Tre,abbreviation,domain_rules
1694,230,BCA_CA_BT_PC06,PC06 - Công an Tỉnh Bến Tre,abbreviation,domain_rules
1695,230,BCA_CA_BT_PC06,Phòng CSQLHC - Công an Tỉnh Bến Tre,alias,domain_rules
1696,230,BCA_CA_BT_PC06,Phong Canh sat quan ly hanh chinh ve trat tu xa hoi - Cong an Tinh Ben Tre,no_accent,auto_rule
1697,230,BCA_CA_BT_PC06,PCSQLHCTTXHCATBT,abbreviation,auto_rule
1698,230,BCA_CA_BT_PC06,Phòng Cảnh sát uản lý hành chính về trật tự xã hội - Công an Tỉnh Bến Tre,typo_ocr,noise_injector
1699,231,BCA_CA_BT_PC08,Phòng Cảnh sát giao thông - Công an Tỉnh Bến Tre,canonical,manual_registry
1700,231,BCA_CA_BT_PC08,Phòng Cảnh sát giao thông - CA Tỉnh Bến Tre,alias,domain_rules
1701,231,BCA_CA_BT_PC08,Phòng Cảnh sát giao thông - CA Bến Tre,abbreviation,domain_rules
1702,231,BCA_CA_BT_PC08,PC08 - Công an Tỉnh Bến Tre,abbreviation,domain_rules
1703,231,BCA_CA_BT_PC08,Phòng CSGT - Công an Tỉnh Bến Tre,alias,domain_rules
1704,231,BCA_CA_BT_PC08,Phong Canh sat giao thong - Cong an Tinh Ben Tre,no_accent,auto_rule
1705,231,BCA_CA_BT_PC08,PCSGTCATBT,abbreviation,auto_rule
1706,232,BCA_CA_BT_PA01,Phòng An ninh đối ngoại - Công an Tỉnh Bến Tre,canonical,manual_registry
1707,232,BCA_CA_BT_PA01,Phòng An ninh đối ngoại - CA Tỉnh Bến Tre,alias,domain_rules
1708,232,BCA_CA_BT_PA01,Phòng An ninh đối ngoại - CA Bến Tre,abbreviation,domain_rules
1709,232,BCA_CA_BT_PA01,Phong An ninh đoi ngoai - Cong an Tinh Ben Tre,no_accent,auto_rule
1710,232,BCA_CA_BT_PA01,PANĐNCATBT,abbreviation,auto_rule
1711,232,BCA_CA_BT_PA01,Phòng Anninh đối ngoại - Côg an Tỉnh Bến Tre,typo_ocr,noise_injector
1712,232,BCA_CA_BT_PA01,Phòng An ninhđối ngoại - Công an Tỉnh Bến Tre,typo_ocr,noise_injector
1713,233,BCA_CA_BT_PA02,Phòng An ninh nội địa - Công an Tỉnh Bến Tre,canonical,manual_registry
1714,233,BCA_CA_BT_PA02,Phòng An ninh nội địa - CA Tỉnh Bến Tre,alias,domain_rules
1715,233,BCA_CA_BT_PA02,Phòng An ninh nội địa - CA Bến Tre,abbreviation,domain_rules
1716,233,BCA_CA_BT_PA02,Phong An ninh noi đia - Cong an Tinh Ben Tre,no_accent,auto_rule
1717,233,BCA_CA_BT_PA02,PANNĐCATBT,abbreviation,auto_rule
1718,234,BCA_CA_BT_PA03,Phòng An ninh chính trị nội bộ - Công an Tỉnh Bến Tre,canonical,manual_registry
1719,234,BCA_CA_BT_PA03,Phòng An ninh chính trị nội bộ - CA Tỉnh Bến Tre,alias,domain_rules
1720,234,BCA_CA_BT_PA03,Phòng An ninh chính trị nội bộ - CA Bến Tre,abbreviation,domain_rules
1721,234,BCA_CA_BT_PA03,Phong An ninh chinh tri noi bo - Cong an Tinh Ben Tre,no_accent,auto_rule
1722,234,BCA_CA_BT_PA03,PANCTNBCATBT,abbreviation,auto_rule
1723,234,BCA_CA_BT_PA03,Phòg An ninh chính trị nội bộ - Công an Tỉnh Bến Tre,typo_ocr,noise_injector
1724,234,BCA_CA_BT_PA03,Phòng An ninh chính rị nội bộ - Công an Tỉnh Bến Tre,typo_ocr,noise_injector
1725,235,BCA_CA_BT_PA05,Phòng An ninh mạng và phòng chống tội phạm công nghệ cao - Công an Tỉnh Bến Tre,canonical,manual_registry
1726,235,BCA_CA_BT_PA05,Phòng An ninh mạng và phòng chống tội phạm công nghệ cao - CA Tỉnh Bến Tre,alias,domain_rules
1727,235,BCA_CA_BT_PA05,Phòng An ninh mạng và phòng chống tội phạm công nghệ cao - CA Bến Tre,abbreviation,domain_rules
1728,235,BCA_CA_BT_PA05,Phong An ninh mang va phong chong toi pham cong nghe cao - Cong an Tinh Ben Tre,no_accent,auto_rule
1729,235,BCA_CA_BT_PA05,PANMPCTPCNCCATBT,abbreviation,auto_rule
1730,235,BCA_CA_BT_PA05,Pòng An ninh mạng và phòng chống tộ phạm công nghệ cao - Công an Tỉnh Bến Tre,typo_ocr,noise_injector
1731,235,BCA_CA_BT_PA05,Phòng An ninh ạng và phòng chống tội phạm công nghệ cao - Công an Tỉnh Bến Tre,typo_ocr,noise_injector
1732,236,BCA_CA_TG,Công an Tỉnh Tiền Giang,canonical,manual_registry
1733,236,BCA_CA_TG,CA Tỉnh Tiền Giang,alias,domain_rules
1734,236,BCA_CA_TG,CA Tiền Giang,abbreviation,domain_rules
1735,236,BCA_CA_TG,Cong an Tinh Tien Giang,no_accent,auto_rule
1736,236,BCA_CA_TG,CATTG,abbreviation,auto_rule
1737,236,BCA_CA_TG,Công an Tỉh Tền Giang,typo_ocr,noise_injector
1738,236,BCA_CA_TG,Công an Tỉn Tiền Giang,typo_ocr,noise_injector
1739,237,BCA_CA_TG_PC01,Văn phòng Cơ quan Cảnh sát điều tra - Công an Tỉnh Tiền Giang,canonical,manual_registry
1740,237,BCA_CA_TG_PC01,Văn phòng Cơ quan Cảnh sát điều tra - CA Tỉnh Tiền Giang,alias,domain_rules
1741,237,BCA_CA_TG_PC01,Văn phòng Cơ quan Cảnh sát điều tra - CA Tiền Giang,abbreviation,domain_rules
1742,237,BCA_CA_TG_PC01,PC01 - Công an Tỉnh Tiền Giang,abbreviation,domain_rules
1743,237,BCA_CA_TG_PC01,Van phong Co quan Canh sat đieu tra - Cong an Tinh Tien Giang,no_accent,auto_rule
1744,237,BCA_CA_TG_PC01,VPCSĐTCATTG,abbreviation,auto_rule
1745,237,BCA_CA_TG_PC01,Văn phòng Cơ quan Cản sát điều tra - Công an Tỉnh Tền Giang,typo_ocr,noise_injector
1746,238,BCA_CA_TG_PC02,Phòng Cảnh sát hình sự - Công an Tỉnh Tiền Giang,canonical,manual_registry
1747,238,BCA_CA_TG_PC02,Phòng Cảnh sát hình sự - CA Tỉnh Tiền Giang,alias,domain_rules
1748,238,BCA_CA_TG_PC02,Phòng Cảnh sát hình sự - CA Tiền Giang,abbreviation,domain_rules
1749,238,BCA_CA_TG_PC02,PC02 - Công an Tỉnh Tiền Giang,abbreviation,domain_rules
1750,238,BCA_CA_TG_PC02,Phòng CSHS - Công an Tỉnh Tiền Giang,alias,domain_rules
1751,238,BCA_CA_TG_PC02,Phong Canh sat hinh su - Cong an Tinh Tien Giang,no_accent,auto_rule
1752,238,BCA_CA_TG_PC02,PCSHSCATTG,abbreviation,auto_rule
1753,238,BCA_CA_TG_PC02,Phòng Cảnh át hình sự - Công an Tỉnh TiềnGiang,typo_ocr,noise_injector
1754,238,BCA_CA_TG_PC02,Phòng Cảnh sát hnh sự - ông an Tỉnh Tiền Gian,typo_ocr,noise_injector
1755,239,BCA_CA_TG_PC03,Phòng Cảnh sát kinh tế - Công an Tỉnh Tiền Giang,canonical,manual_registry
1756,239,BCA_CA_TG_PC03,Phòng Cảnh sát kinh tế - CA Tỉnh Tiền Giang,alias,domain_rules
1757,239,BCA_CA_TG_PC03,Phòng Cảnh sát kinh tế - CA Tiền Giang,abbreviation,domain_rules
1758,239,BCA_CA_TG_PC03,Phong Canh sat kinh te - Cong an Tinh Tien Giang,no_accent,auto_rule
1759,239,BCA_CA_TG_PC03,PCSKTCATTG,abbreviation,auto_rule
1760,239,BCA_CA_TG_PC03,Phòng Cảnh sát kinh tế - Công an Tỉnh Tền Giang,typo_ocr,noise_injector
1761,240,BCA_CA_TG_PC04,Phòng Cảnh sát điều tra tội phạm về ma túy - Công an Tỉnh Tiền Giang,canonical,manual_registry
1762,240,BCA_CA_TG_PC04,Phòng Cảnh sát điều tra tội phạm về ma túy - CA Tỉnh Tiền Giang,alias,domain_rules
1763,240,BCA_CA_TG_PC04,Phòng Cảnh sát điều tra tội phạm về ma túy - CA Tiền Giang,abbreviation,domain_rules
1764,240,BCA_CA_TG_PC04,PC04 - Công an Tỉnh Tiền Giang,abbreviation,domain_rules
1765,240,BCA_CA_TG_PC04,Phòng CS ma túy - Công an Tỉnh Tiền Giang,alias,domain_rules
1766,240,BCA_CA_TG_PC04,Phong Canh sat đieu tra toi pham ve ma tuy - Cong an Tinh Tien Giang,no_accent,auto_rule
1767,240,BCA_CA_TG_PC04,PCSĐTTPMTCATTG,abbreviation,auto_rule
1768,240,BCA_CA_TG_PC04,Phòng Cảnh sát điều tra tội phạm về ma túy - Công an Tỉnh Tiề Giang,typo_ocr,noise_injector
1769,241,BCA_CA_TG_PC06,Phòng Cảnh sát quản lý hành chính về trật tự xã hội - Công an Tỉnh Tiền Giang,canonical,manual_registry
1770,241,BCA_CA_TG_PC06,Phòng Cảnh sát quản lý hành chính về trật tự xã hội - CA Tỉnh Tiền Giang,alias,domain_rules
1771,241,BCA_CA_TG_PC06,Phòng Cảnh sát quản lý hành chính về trật tự xã hội - CA Tiền Giang,abbreviation,domain_rules
1772,241,BCA_CA_TG_PC06,PC06 - Công an Tỉnh Tiền Giang,abbreviation,domain_rules
1773,241,BCA_CA_TG_PC06,Phòng CSQLHC - Công an Tỉnh Tiền Giang,alias,domain_rules
1774,241,BCA_CA_TG_PC06,Phong Canh sat quan ly hanh chinh ve trat tu xa hoi - Cong an Tinh Tien Giang,no_accent,auto_rule
1775,241,BCA_CA_TG_PC06,PCSQLHCTTXHCATTG,abbreviation,auto_rule
1776,241,BCA_CA_TG_PC06,Phòng ảnh sát quảnlý hành chính về trật tự ã hội - Công an Tỉnh Tiền Giang,typo_ocr,noise_injector
1777,241,BCA_CA_TG_PC06,Phòng Cảnh sát quản lý hành chín ề trật tự xã hội - Công an Tỉnh Tiền Giang,typo_ocr,noise_injector
1778,242,BCA_CA_TG_PC08,Phòng Cảnh sát giao thông - Công an Tỉnh Tiền Giang,canonical,manual_registry
1779,242,BCA_CA_TG_PC08,Phòng Cảnh sát giao thông - CA Tỉnh Tiền Giang,alias,domain_rules
1780,242,BCA_CA_TG_PC08,Phòng Cảnh sát giao thông - CA Tiền Giang,abbreviation,domain_rules
1781,242,BCA_CA_TG_PC08,PC08 - Công an Tỉnh Tiền Giang,abbreviation,domain_rules
1782,242,BCA_CA_TG_PC08,Phòng CSGT - Công an Tỉnh Tiền Giang,alias,domain_rules
1783,242,BCA_CA_TG_PC08,Phong Canh sat giao thong - Cong an Tinh Tien Giang,no_accent,auto_rule
1784,242,BCA_CA_TG_PC08,PCSGTCATTG,abbreviation,auto_rule
1785,242,BCA_CA_TG_PC08,Phòng Cản sát giao thông - Công an Tỉnh Tiền Giang,typo_ocr,noise_injector
1786,242,BCA_CA_TG_PC08,Phòng Cảnh át giao thông - Công an Tỉnh Tiền Giang,typo_ocr,noise_injector
1787,243,BCA_CA_TG_PA01,Phòng An ninh đối ngoại - Công an Tỉnh Tiền Giang,canonical,manual_registry
1788,243,BCA_CA_TG_PA01,Phòng An ninh đối ngoại - CA Tỉnh Tiền Giang,alias,domain_rules
1789,243,BCA_CA_TG_PA01,Phòng An ninh đối ngoại - CA Tiền Giang,abbreviation,domain_rules
1790,243,BCA_CA_TG_PA01,Phong An ninh đoi ngoai - Cong an Tinh Tien Giang,no_accent,auto_rule
1791,243,BCA_CA_TG_PA01,PANĐNCATTG,abbreviation,auto_rule
1792,243,BCA_CA_TG_PA01,hòn An ninh đối ngoại - Công an Tỉnh Tiền Giang,typo_ocr,noise_injector
1793,244,BCA_CA_TG_PA02,Phòng An ninh nội địa - Công an Tỉnh Tiền Giang,canonical,manual_registry
1794,244,BCA_CA_TG_PA02,Phòng An ninh nội địa - CA Tỉnh Tiền Giang,alias,domain_rules
1795,244,BCA_CA_TG_PA02,Phòng An ninh nội địa - CA Tiền Giang,abbreviation,domain_rules
1796,244,BCA_CA_TG_PA02,Phong An ninh noi đia - Cong an Tinh Tien Giang,no_accent,auto_rule
1797,244,BCA_CA_TG_PA02,PANNĐCATTG,abbreviation,auto_rule
1798,244,BCA_CA_TG_PA02,Phòng An ninh ni địa - Công an Tỉnh Tin Giang,typo_ocr,noise_injector
1799,245,BCA_CA_TG_PA03,Phòng An ninh chính trị nội bộ - Công an Tỉnh Tiền Giang,canonical,manual_registry
1800,245,BCA_CA_TG_PA03,Phòng An ninh chính trị nội bộ - CA Tỉnh Tiền Giang,alias,domain_rules
1801,245,BCA_CA_TG_PA03,Phòng An ninh chính trị nội bộ - CA Tiền Giang,abbreviation,domain_rules
1802,245,BCA_CA_TG_PA03,Phong An ninh chinh tri noi bo - Cong an Tinh Tien Giang,no_accent,auto_rule
1803,245,BCA_CA_TG_PA03,PANCTNBCATTG,abbreviation,auto_rule
1804,245,BCA_CA_TG_PA03,Phòng An ninh chính trị nội bộ - Công an Tỉnh Tiền Giag,typo_ocr,noise_injector
1805,245,BCA_CA_TG_PA03,Phòng An ninh chính trị nội bộ - Công an Tỉnh Tiền Ging,typo_ocr,noise_injector
1806,246,BCA_CA_TG_PA05,Phòng An ninh mạng và phòng chống tội phạm công nghệ cao - Công an Tỉnh Tiền Giang,canonical,manual_registry
1807,246,BCA_CA_TG_PA05,Phòng An ninh mạng và phòng chống tội phạm công nghệ cao - CA Tỉnh Tiền Giang,alias,domain_rules
1808,246,BCA_CA_TG_PA05,Phòng An ninh mạng và phòng chống tội phạm công nghệ cao - CA Tiền Giang,abbreviation,domain_rules
1809,246,BCA_CA_TG_PA05,Phong An ninh mang va phong chong toi pham cong nghe cao - Cong an Tinh Tien Giang,no_accent,auto_rule
1810,246,BCA_CA_TG_PA05,PANMPCTPCNCCATTG,abbreviation,auto_rule
1811,246,BCA_CA_TG_PA05,Phòn An ninh mạng và phòng chống tội phạm công nhệ cao - Côn an Tỉnh Tiền Giang,typo_ocr,noise_injector
1812,247,BCA_CA_DT,Công an Tỉnh Đồng Tháp,canonical,manual_registry
1813,247,BCA_CA_DT,CA Tỉnh Đồng Tháp,alias,domain_rules
1814,247,BCA_CA_DT,CA Đồng Tháp,abbreviation,domain_rules
1815,247,BCA_CA_DT,Cong an Tinh Đong Thap,no_accent,auto_rule
1816,247,BCA_CA_DT,CATĐT,abbreviation,auto_rule
1817,247,BCA_CA_DT,Công an Tỉnh Đồng Thá,typo_ocr,noise_injector
1818,247,BCA_CA_DT,Côngan Tnh Đồng Tháp,typo_ocr,noise_injector
1819,248,BCA_CA_DT_PC01,Văn phòng Cơ quan Cảnh sát điều tra - Công an Tỉnh Đồng Tháp,canonical,manual_registry
1820,248,BCA_CA_DT_PC01,Văn phòng Cơ quan Cảnh sát điều tra - CA Tỉnh Đồng Tháp,alias,domain_rules
1821,248,BCA_CA_DT_PC01,Văn phòng Cơ quan Cảnh sát điều tra - CA Đồng Tháp,abbreviation,domain_rules
1822,248,BCA_CA_DT_PC01,PC01 - Công an Tỉnh Đồng Tháp,abbreviation,domain_rules
1823,248,BCA_CA_DT_PC01,Van phong Co quan Canh sat đieu tra - Cong an Tinh Đong Thap,no_accent,auto_rule
1824,248,BCA_CA_DT_PC01,VPCSĐTCATĐT,abbreviation,auto_rule
1825,248,BCA_CA_DT_PC01,Văn phòng Cơ quan Cảh sát điều tra -Côg an Tỉnh Đồng Tháp,typo_ocr,noise_injector
1826,248,BCA_CA_DT_PC01,Văn phòng Cơ quan Cản sát điều tra - Công an Tỉnh Đồng Tháp,typo_ocr,noise_injector
1827,249,BCA_CA_DT_PC02,Phòng Cảnh sát hình sự - Công an Tỉnh Đồng Tháp,canonical,manual_registry
1828,249,BCA_CA_DT_PC02,Phòng Cảnh sát hình sự - CA Tỉnh Đồng Tháp,alias,domain_rules
1829,249,BCA_CA_DT_PC02,Phòng Cảnh sát hình sự - CA Đồng Tháp,abbreviation,domain_rules
1830,249,BCA_CA_DT_PC02,PC02 - Công an Tỉnh Đồng Tháp,abbreviation,domain_rules
1831,249,BCA_CA_DT_PC02,Phòng CSHS - Công an Tỉnh Đồng Tháp,alias,domain_rules
1832,249,BCA_CA_DT_PC02,Phong Canh sat hinh su - Cong an Tinh Đong Thap,no_accent,auto_rule
1833,249,BCA_CA_DT_PC02,PCSHSCATĐT,abbreviation,auto_rule
1834,250,BCA_CA_DT_PC03,Phòng Cảnh sát kinh tế - Công an Tỉnh Đồng Tháp,canonical,manual_registry
1835,250,BCA_CA_DT_PC03,Phòng Cảnh sát kinh tế - CA Tỉnh Đồng Tháp,alias,domain_rules
1836,250,BCA_CA_DT_PC03,Phòng Cảnh sát kinh tế - CA Đồng Tháp,abbreviation,domain_rules
1837,250,BCA_CA_DT_PC03,Phong Canh sat kinh te - Cong an Tinh Đong Thap,no_accent,auto_rule
1838,250,BCA_CA_DT_PC03,PCSKTCATĐT,abbreviation,auto_rule
1839,250,BCA_CA_DT_PC03,Phòng Cảnh sát kinh tế - Công an Tỉnh Đồn Tháp,typo_ocr,noise_injector
1840,250,BCA_CA_DT_PC03,Phòng Cảnh sát kinh tế - Công an Tỉnh ồng Tháp,typo_ocr,noise_injector
1841,251,BCA_CA_DT_PC04,Phòng Cảnh sát điều tra tội phạm về ma túy - Công an Tỉnh Đồng Tháp,canonical,manual_registry
1842,251,BCA_CA_DT_PC04,Phòng Cảnh sát điều tra tội phạm về ma túy - CA Tỉnh Đồng Tháp,alias,domain_rules
1843,251,BCA_CA_DT_PC04,Phòng Cảnh sát điều tra tội phạm về ma túy - CA Đồng Tháp,abbreviation,domain_rules
1844,251,BCA_CA_DT_PC04,PC04 - Công an Tỉnh Đồng Tháp,abbreviation,domain_rules
1845,251,BCA_CA_DT_PC04,Phòng CS ma túy - Công an Tỉnh Đồng Tháp,alias,domain_rules
1846,251,BCA_CA_DT_PC04,Phong Canh sat đieu tra toi pham ve ma tuy - Cong an Tinh Đong Thap,no_accent,auto_rule
1847,251,BCA_CA_DT_PC04,PCSĐTTPMTCATĐT,abbreviation,auto_rule
1848,251,BCA_CA_DT_PC04,Phòng Cảnh sát điều ra tội phạm về ma tú - Công an Tỉn Đồng Tháp,typo_ocr,noise_injector
1849,252,BCA_CA_DT_PC06,Phòng Cảnh sát quản lý hành chính về trật tự xã hội - Công an Tỉnh Đồng Tháp,canonical,manual_registry
1850,252,BCA_CA_DT_PC06,Phòng Cảnh sát quản lý hành chính về trật tự xã hội - CA Tỉnh Đồng Tháp,alias,domain_rules
1851,252,BCA_CA_DT_PC06,Phòng Cảnh sát quản lý hành chính về trật tự xã hội - CA Đồng Tháp,abbreviation,domain_rules
1852,252,BCA_CA_DT_PC06,PC06 - Công an Tỉnh Đồng Tháp,abbreviation,domain_rules
1853,252,BCA_CA_DT_PC06,Phòng CSQLHC - Công an Tỉnh Đồng Tháp,alias,domain_rules
1854,252,BCA_CA_DT_PC06,Phong Canh sat quan ly hanh chinh ve trat tu xa hoi - Cong an Tinh Đong Thap,no_accent,auto_rule
1855,252,BCA_CA_DT_PC06,PCSQLHCTTXHCATĐT,abbreviation,auto_rule
1856,252,BCA_CA_DT_PC06,Phòng Cảnh sátquản lý hành chính về trật tự xãhội - Công an Tỉnh Đồng Tháp,typo_ocr,noise_injector
1857,252,BCA_CA_DT_PC06,Phòng Cảnh sát quản lý hành chính về trật tự xã hội - Cng an Tỉnh Đồng Tháp,typo_ocr,noise_injector
1858,253,BCA_CA_DT_PC08,Phòng Cảnh sát giao thông - Công an Tỉnh Đồng Tháp,canonical,manual_registry
1859,253,BCA_CA_DT_PC08,Phòng Cảnh sát giao thông - CA Tỉnh Đồng Tháp,alias,domain_rules
1860,253,BCA_CA_DT_PC08,Phòng Cảnh sát giao thông - CA Đồng Tháp,abbreviation,domain_rules
1861,253,BCA_CA_DT_PC08,PC08 - Công an Tỉnh Đồng Tháp,abbreviation,domain_rules
1862,253,BCA_CA_DT_PC08,Phòng CSGT - Công an Tỉnh Đồng Tháp,alias,domain_rules
1863,253,BCA_CA_DT_PC08,Phong Canh sat giao thong - Cong an Tinh Đong Thap,no_accent,auto_rule
1864,253,BCA_CA_DT_PC08,PCSGTCATĐT,abbreviation,auto_rule
1865,253,BCA_CA_DT_PC08,Phòng Cảnh sát giao thôg- Côn an Tỉnh Đồng Tháp,typo_ocr,noise_injector
1866,254,BCA_CA_DT_PA01,Phòng An ninh đối ngoại - Công an Tỉnh Đồng Tháp,canonical,manual_registry
1867,254,BCA_CA_DT_PA01,Phòng An ninh đối ngoại - CA Tỉnh Đồng Tháp,alias,domain_rules
1868,254,BCA_CA_DT_PA01,Phòng An ninh đối ngoại - CA Đồng Tháp,abbreviation,domain_rules
1869,254,BCA_CA_DT_PA01,Phong An ninh đoi ngoai - Cong an Tinh Đong Thap,no_accent,auto_rule
1870,254,BCA_CA_DT_PA01,PANĐNCATĐT,abbreviation,auto_rule
1871,255,BCA_CA_DT_PA02,Phòng An ninh nội địa - Công an Tỉnh Đồng Tháp,canonical,manual_registry
1872,255,BCA_CA_DT_PA02,Phòng An ninh nội địa - CA Tỉnh Đồng Tháp,alias,domain_rules
1873,255,BCA_CA_DT_PA02,Phòng An ninh nội địa - CA Đồng Tháp,abbreviation,domain_rules
1874,255,BCA_CA_DT_PA02,Phong An ninh noi đia - Cong an Tinh Đong Thap,no_accent,auto_rule
1875,255,BCA_CA_DT_PA02,PANNĐCATĐT,abbreviation,auto_rule
1876,255,BCA_CA_DT_PA02,Phng An ninh nội địa - Công an Tỉnh Đồng Tháp,typo_ocr,noise_injector
1877,256,BCA_CA_DT_PA03,Phòng An ninh chính trị nội bộ - Công an Tỉnh Đồng Tháp,canonical,manual_registry
1878,256,BCA_CA_DT_PA03,Phòng An ninh chính trị nội bộ - CA Tỉnh Đồng Tháp,alias,domain_rules
1879,256,BCA_CA_DT_PA03,Phòng An ninh chính trị nội bộ - CA Đồng Tháp,abbreviation,domain_rules
1880,256,BCA_CA_DT_PA03,Phong An ninh chinh tri noi bo - Cong an Tinh Đong Thap,no_accent,auto_rule
1881,256,BCA_CA_DT_PA03,PANCTNBCATĐT,abbreviation,auto_rule
1882,256,BCA_CA_DT_PA03,Phòng A ninh chính rị nội bộ - Công an Tỉnh Đồng Tháp,typo_ocr,noise_injector
1883,257,BCA_CA_DT_PA05,Phòng An ninh mạng và phòng chống tội phạm công nghệ cao - Công an Tỉnh Đồng Tháp,canonical,manual_registry
1884,257,BCA_CA_DT_PA05,Phòng An ninh mạng và phòng chống tội phạm công nghệ cao - CA Tỉnh Đồng Tháp,alias,domain_rules
1885,257,BCA_CA_DT_PA05,Phòng An ninh mạng và phòng chống tội phạm công nghệ cao - CA Đồng Tháp,abbreviation,domain_rules
1886,257,BCA_CA_DT_PA05,Phong An ninh mang va phong chong toi pham cong nghe cao - Cong an Tinh Đong Thap,no_accent,auto_rule
1887,257,BCA_CA_DT_PA05,PANMPCTPCNCCATĐT,abbreviation,auto_rule
1888,257,BCA_CA_DT_PA05,Phòng An ninh mạng và phòng chống tội phạm ông nghệ cao - Công an Tỉnh Đng Tháp,typo_ocr,noise_injector
1889,257,BCA_CA_DT_PA05,Phng An ninh mạng và phòng chống tội phạm công nghệ cao - Công an Tỉnh Đồng Tháp,typo_ocr,noise_injector
1890,258,BCA_CA_LA,Công an Tỉnh Long An,canonical,manual_registry
1891,258,BCA_CA_LA,CA Tỉnh Long An,alias,domain_rules
1892,258,BCA_CA_LA,CA Long An,abbreviation,domain_rules
1893,258,BCA_CA_LA,Cong an Tinh Long An,no_accent,auto_rule
1894,258,BCA_CA_LA,CATLA,abbreviation,auto_rule
1895,259,BCA_CA_LA_PC01,Văn phòng Cơ quan Cảnh sát điều tra - Công an Tỉnh Long An,canonical,manual_registry
1896,259,BCA_CA_LA_PC01,Văn phòng Cơ quan Cảnh sát điều tra - CA Tỉnh Long An,alias,domain_rules
1897,259,BCA_CA_LA_PC01,Văn phòng Cơ quan Cảnh sát điều tra - CA Long An,abbreviation,domain_rules
1898,259,BCA_CA_LA_PC01,PC01 - Công an Tỉnh Long An,abbreviation,domain_rules
1899,259,BCA_CA_LA_PC01,Van phong Co quan Canh sat đieu tra - Cong an Tinh Long An,no_accent,auto_rule
1900,259,BCA_CA_LA_PC01,VPCSĐTCATLA,abbreviation,auto_rule
1901,259,BCA_CA_LA_PC01,Văn phòng Cơ quan Cảnh st điều tra - Công an Tỉnh Long n,typo_ocr,noise_injector
1902,259,BCA_CA_LA_PC01,Văn phòng C quan Cảnh sát đều tra - Công an Tỉnh Long An,typo_ocr,noise_injector
1903,260,BCA_CA_LA_PC02,Phòng Cảnh sát hình sự - Công an Tỉnh Long An,canonical,manual_registry
1904,260,BCA_CA_LA_PC02,Phòng Cảnh sát hình sự - CA Tỉnh Long An,alias,domain_rules
1905,260,BCA_CA_LA_PC02,Phòng Cảnh sát hình sự - CA Long An,abbreviation,domain_rules
1906,260,BCA_CA_LA_PC02,PC02 - Công an Tỉnh Long An,abbreviation,domain_rules
1907,260,BCA_CA_LA_PC02,Phòng CSHS - Công an Tỉnh Long An,alias,domain_rules
1908,260,BCA_CA_LA_PC02,Phong Canh sat hinh su - Cong an Tinh Long An,no_accent,auto_rule
1909,260,BCA_CA_LA_PC02,PCSHSCATLA,abbreviation,auto_rule
1910,260,BCA_CA_LA_PC02,Phòng Cnh sát hình ự - Công an Tỉnh Long An,typo_ocr,noise_injector
1911,261,BCA_CA_LA_PC03,Phòng Cảnh sát kinh tế - Công an Tỉnh Long An,canonical,manual_registry
1912,261,BCA_CA_LA_PC03,Phòng Cảnh sát kinh tế - CA Tỉnh Long An,alias,domain_rules
1913,261,BCA_CA_LA_PC03,Phòng Cảnh sát kinh tế - CA Long An,abbreviation,domain_rules
1914,261,BCA_CA_LA_PC03,Phong Canh sat kinh te - Cong an Tinh Long An,no_accent,auto_rule
1915,261,BCA_CA_LA_PC03,PCSKTCATLA,abbreviation,auto_rule
1916,262,BCA_CA_LA_PC04,Phòng Cảnh sát điều tra tội phạm về ma túy - Công an Tỉnh Long An,canonical,manual_registry
1917,262,BCA_CA_LA_PC04,Phòng Cảnh sát điều tra tội phạm về ma túy - CA Tỉnh Long An,alias,domain_rules
1918,262,BCA_CA_LA_PC04,Phòng Cảnh sát điều tra tội phạm về ma túy - CA Long An,abbreviation,domain_rules
1919,262,BCA_CA_LA_PC04,PC04 - Công an Tỉnh Long An,abbreviation,domain_rules
1920,262,BCA_CA_LA_PC04,Phòng CS ma túy - Công an Tỉnh Long An,alias,domain_rules
1921,262,BCA_CA_LA_PC04,Phong Canh sat đieu tra toi pham ve ma tuy - Cong an Tinh Long An,no_accent,auto_rule
1922,262,BCA_CA_LA_PC04,PCSĐTTPMTCATLA,abbreviation,auto_rule
1923,262,BCA_CA_LA_PC04,Phòng Cảnh sát điều tra tội phạm về ma túy - Công n Tỉnh Long An,typo_ocr,noise_injector
1924,262,BCA_CA_LA_PC04,Phòng Cảnh sát điều tra tội phạm về ma túy - Công an TỉnhLong An,typo_ocr,noise_injector
1925,263,BCA_CA_LA_PC06,Phòng Cảnh sát quản lý hành chính về trật tự xã hội - Công an Tỉnh Long An,canonical,manual_registry
1926,263,BCA_CA_LA_PC06,Phòng Cảnh sát quản lý hành chính về trật tự xã hội - CA Tỉnh Long An,alias,domain_rules
1927,263,BCA_CA_LA_PC06,Phòng Cảnh sát quản lý hành chính về trật tự xã hội - CA Long An,abbreviation,domain_rules
1928,263,BCA_CA_LA_PC06,PC06 - Công an Tỉnh Long An,abbreviation,domain_rules
1929,263,BCA_CA_LA_PC06,Phòng CSQLHC - Công an Tỉnh Long An,alias,domain_rules
1930,263,BCA_CA_LA_PC06,Phong Canh sat quan ly hanh chinh ve trat tu xa hoi - Cong an Tinh Long An,no_accent,auto_rule
1931,263,BCA_CA_LA_PC06,PCSQLHCTTXHCATLA,abbreviation,auto_rule
1932,263,BCA_CA_LA_PC06,Phòng Cảnh sát quản lý hành chính về trật tự xã hội - Côn an Tỉnh Long An,typo_ocr,noise_injector
1933,263,BCA_CA_LA_PC06,Phòng Cảnh sát quản lý hành chính về trật tự xã hội - Công an Tỉnh Long A,typo_ocr,noise_injector
1934,264,BCA_CA_LA_PC08,Phòng Cảnh sát giao thông - Công an Tỉnh Long An,canonical,manual_registry
1935,264,BCA_CA_LA_PC08,Phòng Cảnh sát giao thông - CA Tỉnh Long An,alias,domain_rules
1936,264,BCA_CA_LA_PC08,Phòng Cảnh sát giao thông - CA Long An,abbreviation,domain_rules
1937,264,BCA_CA_LA_PC08,PC08 - Công an Tỉnh Long An,abbreviation,domain_rules
1938,264,BCA_CA_LA_PC08,Phòng CSGT - Công an Tỉnh Long An,alias,domain_rules
1939,264,BCA_CA_LA_PC08,Phong Canh sat giao thong - Cong an Tinh Long An,no_accent,auto_rule
1940,264,BCA_CA_LA_PC08,PCSGTCATLA,abbreviation,auto_rule
1941,264,BCA_CA_LA_PC08,Phòng Cảnh sát giao tông - Công an Tỉnh Long An,typo_ocr,noise_injector
1942,265,BCA_CA_LA_PA01,Phòng An ninh đối ngoại - Công an Tỉnh Long An,canonical,manual_registry
1943,265,BCA_CA_LA_PA01,Phòng An ninh đối ngoại - CA Tỉnh Long An,alias,domain_rules
1944,265,BCA_CA_LA_PA01,Phòng An ninh đối ngoại - CA Long An,abbreviation,domain_rules
1945,265,BCA_CA_LA_PA01,Phong An ninh đoi ngoai - Cong an Tinh Long An,no_accent,auto_rule
1946,265,BCA_CA_LA_PA01,PANĐNCATLA,abbreviation,auto_rule
1947,265,BCA_CA_LA_PA01,Phòng An ninh đối ngoại - Công an Tỉnh Long A,typo_ocr,noise_injector
1948,265,BCA_CA_LA_PA01,Phòng An ninh đối ngoại - ông an Tỉnh Long An,typo_ocr,noise_injector
1949,266,BCA_CA_LA_PA02,Phòng An ninh nội địa - Công an Tỉnh Long An,canonical,manual_registry
1950,266,BCA_CA_LA_PA02,Phòng An ninh nội địa - CA Tỉnh Long An,alias,domain_rules
1951,266,BCA_CA_LA_PA02,Phòng An ninh nội địa - CA Long An,abbreviation,domain_rules
1952,266,BCA_CA_LA_PA02,Phong An ninh noi đia - Cong an Tinh Long An,no_accent,auto_rule
1953,266,BCA_CA_LA_PA02,PANNĐCATLA,abbreviation,auto_rule
1954,266,BCA_CA_LA_PA02,Phòng An ninh nội địa- Công an Tỉnh Long An,typo_ocr,noise_injector
1955,267,BCA_CA_LA_PA03,Phòng An ninh chính trị nội bộ - Công an Tỉnh Long An,canonical,manual_registry
1956,267,BCA_CA_LA_PA03,Phòng An ninh chính trị nội bộ - CA Tỉnh Long An,alias,domain_rules
1957,267,BCA_CA_LA_PA03,Phòng An ninh chính trị nội bộ - CA Long An,abbreviation,domain_rules
1958,267,BCA_CA_LA_PA03,Phong An ninh chinh tri noi bo - Cong an Tinh Long An,no_accent,auto_rule
1959,267,BCA_CA_LA_PA03,PANCTNBCATLA,abbreviation,auto_rule
1960,267,BCA_CA_LA_PA03,Phòng An nin chính trị nội bộ - Công an Tỉn Long An,typo_ocr,noise_injector
1961,268,BCA_CA_LA_PA05,Phòng An ninh mạng và phòng chống tội phạm công nghệ cao - Công an Tỉnh Long An,canonical,manual_registry
1962,268,BCA_CA_LA_PA05,Phòng An ninh mạng và phòng chống tội phạm công nghệ cao - CA Tỉnh Long An,alias,domain_rules
1963,268,BCA_CA_LA_PA05,Phòng An ninh mạng và phòng chống tội phạm công nghệ cao - CA Long An,abbreviation,domain_rules
1964,268,BCA_CA_LA_PA05,Phong An ninh mang va phong chong toi pham cong nghe cao - Cong an Tinh Long An,no_accent,auto_rule
1965,268,BCA_CA_LA_PA05,PANMPCTPCNCCATLA,abbreviation,auto_rule
1966,268,BCA_CA_LA_PA05,Phòng An ninh mạg và phòng chống tội phm ông nghệ cao - Công an Tỉnh Long An,typo_ocr,noise_injector
1967,269,BCA_CA_DLA,Công an Tỉnh Đắk Lắk,canonical,manual_registry
1968,269,BCA_CA_DLA,CA Tỉnh Đắk Lắk,alias,domain_rules
1969,269,BCA_CA_DLA,CA Đắk Lắk,abbreviation,domain_rules
1970,269,BCA_CA_DLA,Cong an Tinh Đak Lak,no_accent,auto_rule
1971,269,BCA_CA_DLA,CATĐL,abbreviation,auto_rule
1972,269,BCA_CA_DLA,Công an Tỉh Đắk Lắk,typo_ocr,noise_injector
1973,270,BCA_CA_DLA_PC01,Văn phòng Cơ quan Cảnh sát điều tra - Công an Tỉnh Đắk Lắk,canonical,manual_registry
1974,270,BCA_CA_DLA_PC01,Văn phòng Cơ quan Cảnh sát điều tra - CA Tỉnh Đắk Lắk,alias,domain_rules
1975,270,BCA_CA_DLA_PC01,Văn phòng Cơ quan Cảnh sát điều tra - CA Đắk Lắk,abbreviation,domain_rules
1976,270,BCA_CA_DLA_PC01,PC01 - Công an Tỉnh Đắk Lắk,abbreviation,domain_rules
1977,270,BCA_CA_DLA_PC01,Van phong Co quan Canh sat đieu tra - Cong an Tinh Đak Lak,no_accent,auto_rule
1978,270,BCA_CA_DLA_PC01,VPCSĐTCATĐL,abbreviation,auto_rule
1979,270,BCA_CA_DLA_PC01,Văn phòng Cơ quan Cảnh sát điều tra - ông an Tỉnh Đắk Lắk,typo_ocr,noise_injector
1980,271,BCA_CA_DLA_PC02,Phòng Cảnh sát hình sự - Công an Tỉnh Đắk Lắk,canonical,manual_registry
1981,271,BCA_CA_DLA_PC02,Phòng Cảnh sát hình sự - CA Tỉnh Đắk Lắk,alias,domain_rules
1982,271,BCA_CA_DLA_PC02,Phòng Cảnh sát hình sự - CA Đắk Lắk,abbreviation,domain_rules
1983,271,BCA_CA_DLA_PC02,PC02 - Công an Tỉnh Đắk Lắk,abbreviation,domain_rules
1984,271,BCA_CA_DLA_PC02,Phòng CSHS - Công an Tỉnh Đắk Lắk,alias,domain_rules
1985,271,BCA_CA_DLA_PC02,Phong Canh sat hinh su - Cong an Tinh Đak Lak,no_accent,auto_rule
1986,271,BCA_CA_DLA_PC02,PCSHSCATĐL,abbreviation,auto_rule
1987,271,BCA_CA_DLA_PC02,hòng Cảnh sát hình sự - Công a Tỉnh Đắk Lắk,typo_ocr,noise_injector
1988,271,BCA_CA_DLA_PC02,Phòng Cảnh sát hình sự - Cng an Tỉnh ĐắkLắk,typo_ocr,noise_injector
1989,272,BCA_CA_DLA_PC03,Phòng Cảnh sát kinh tế - Công an Tỉnh Đắk Lắk,canonical,manual_registry
1990,272,BCA_CA_DLA_PC03,Phòng Cảnh sát kinh tế - CA Tỉnh Đắk Lắk,alias,domain_rules
1991,272,BCA_CA_DLA_PC03,Phòng Cảnh sát kinh tế - CA Đắk Lắk,abbreviation,domain_rules
1992,272,BCA_CA_DLA_PC03,Phong Canh sat kinh te - Cong an Tinh Đak Lak,no_accent,auto_rule
1993,272,BCA_CA_DLA_PC03,PCSKTCATĐL,abbreviation,auto_rule
1994,273,BCA_CA_DLA_PC04,Phòng Cảnh sát điều tra tội phạm về ma túy - Công an Tỉnh Đắk Lắk,canonical,manual_registry
1995,273,BCA_CA_DLA_PC04,Phòng Cảnh sát điều tra tội phạm về ma túy - CA Tỉnh Đắk Lắk,alias,domain_rules
1996,273,BCA_CA_DLA_PC04,Phòng Cảnh sát điều tra tội phạm về ma túy - CA Đắk Lắk,abbreviation,domain_rules
1997,273,BCA_CA_DLA_PC04,PC04 - Công an Tỉnh Đắk Lắk,abbreviation,domain_rules
1998,273,BCA_CA_DLA_PC04,Phòng CS ma túy - Công an Tỉnh Đắk Lắk,alias,domain_rules
1999,273,BCA_CA_DLA_PC04,Phong Canh sat đieu tra toi pham ve ma tuy - Cong an Tinh Đak Lak,no_accent,auto_rule
2000,273,BCA_CA_DLA_PC04,PCSĐTTPMTCATĐL,abbreviation,auto_rule
2001,273,BCA_CA_DLA_PC04,Phòng Cảnh sát điều tra tộiphạm ề ma túy - Công an Tỉnh Đắk Lắk,typo_ocr,noise_injector
2002,274,BCA_CA_DLA_PC06,Phòng Cảnh sát quản lý hành chính về trật tự xã hội - Công an Tỉnh Đắk Lắk,canonical,manual_registry
2003,274,BCA_CA_DLA_PC06,Phòng Cảnh sát quản lý hành chính về trật tự xã hội - CA Tỉnh Đắk Lắk,alias,domain_rules
2004,274,BCA_CA_DLA_PC06,Phòng Cảnh sát quản lý hành chính về trật tự xã hội - CA Đắk Lắk,abbreviation,domain_rules
2005,274,BCA_CA_DLA_PC06,PC06 - Công an Tỉnh Đắk Lắk,abbreviation,domain_rules
2006,274,BCA_CA_DLA_PC06,Phòng CSQLHC - Công an Tỉnh Đắk Lắk,alias,domain_rules
2007,274,BCA_CA_DLA_PC06,Phong Canh sat quan ly hanh chinh ve trat tu xa hoi - Cong an Tinh Đak Lak,no_accent,auto_rule
2008,274,BCA_CA_DLA_PC06,PCSQLHCTTXHCATĐL,abbreviation,auto_rule
2009,274,BCA_CA_DLA_PC06,Phòng Cảnh sát quản lý hành chính về trật tự xã hội - Công an Tnh Đắk Lắk,typo_ocr,noise_injector
2010,274,BCA_CA_DLA_PC06,Phòng Cảnh sát quản lý hành chính về trật tự xã hội - Công anTỉnh Đắk Lắk,typo_ocr,noise_injector
2011,275,BCA_CA_DLA_PC08,Phòng Cảnh sát giao thông - Công an Tỉnh Đắk Lắk,canonical,manual_registry
2012,275,BCA_CA_DLA_PC08,Phòng Cảnh sát giao thông - CA Tỉnh Đắk Lắk,alias,domain_rules
2013,275,BCA_CA_DLA_PC08,Phòng Cảnh sát giao thông - CA Đắk Lắk,abbreviation,domain_rules
2014,275,BCA_CA_DLA_PC08,PC08 - Công an Tỉnh Đắk Lắk,abbreviation,domain_rules
2015,275,BCA_CA_DLA_PC08,Phòng CSGT - Công an Tỉnh Đắk Lắk,alias,domain_rules
2016,275,BCA_CA_DLA_PC08,Phong Canh sat giao thong - Cong an Tinh Đak Lak,no_accent,auto_rule
2017,275,BCA_CA_DLA_PC08,PCSGTCATĐL,abbreviation,auto_rule
2018,275,BCA_CA_DLA_PC08,Phòng Cảnh sát giao thông -Công an Tỉnh ĐắkLắk,typo_ocr,noise_injector
2019,276,BCA_CA_DLA_PA01,Phòng An ninh đối ngoại - Công an Tỉnh Đắk Lắk,canonical,manual_registry
2020,276,BCA_CA_DLA_PA01,Phòng An ninh đối ngoại - CA Tỉnh Đắk Lắk,alias,domain_rules
2021,276,BCA_CA_DLA_PA01,Phòng An ninh đối ngoại - CA Đắk Lắk,abbreviation,domain_rules
2022,276,BCA_CA_DLA_PA01,Phong An ninh đoi ngoai - Cong an Tinh Đak Lak,no_accent,auto_rule
2023,276,BCA_CA_DLA_PA01,PANĐNCATĐL,abbreviation,auto_rule
2024,277,BCA_CA_DLA_PA02,Phòng An ninh nội địa - Công an Tỉnh Đắk Lắk,canonical,manual_registry
2025,277,BCA_CA_DLA_PA02,Phòng An ninh nội địa - CA Tỉnh Đắk Lắk,alias,domain_rules
2026,277,BCA_CA_DLA_PA02,Phòng An ninh nội địa - CA Đắk Lắk,abbreviation,domain_rules
2027,277,BCA_CA_DLA_PA02,Phong An ninh noi đia - Cong an Tinh Đak Lak,no_accent,auto_rule
2028,277,BCA_CA_DLA_PA02,PANNĐCATĐL,abbreviation,auto_rule
2029,277,BCA_CA_DLA_PA02,Phòng An ninh nội địa - Cng an Tỉnh Đắ Lắk,typo_ocr,noise_injector
2030,278,BCA_CA_DLA_PA03,Phòng An ninh chính trị nội bộ - Công an Tỉnh Đắk Lắk,canonical,manual_registry
2031,278,BCA_CA_DLA_PA03,Phòng An ninh chính trị nội bộ - CA Tỉnh Đắk Lắk,alias,domain_rules
2032,278,BCA_CA_DLA_PA03,Phòng An ninh chính trị nội bộ - CA Đắk Lắk,abbreviation,domain_rules
2033,278,BCA_CA_DLA_PA03,Phong An ninh chinh tri noi bo - Cong an Tinh Đak Lak,no_accent,auto_rule
2034,278,BCA_CA_DLA_PA03,PANCTNBCATĐL,abbreviation,auto_rule
2035,278,BCA_CA_DLA_PA03,Phòng An nh chính trị nội bộ - Công an Tỉnh Đắk Lắk,typo_ocr,noise_injector
2036,278,BCA_CA_DLA_PA03,Phòng An ninh chính trị nội ộ - Công an Tỉnh Đắk Lắk,typo_ocr,noise_injector
2037,279,BCA_CA_DLA_PA05,Phòng An ninh mạng và phòng chống tội phạm công nghệ cao - Công an Tỉnh Đắk Lắk,canonical,manual_registry
2038,279,BCA_CA_DLA_PA05,Phòng An ninh mạng và phòng chống tội phạm công nghệ cao - CA Tỉnh Đắk Lắk,alias,domain_rules
2039,279,BCA_CA_DLA_PA05,Phòng An ninh mạng và phòng chống tội phạm công nghệ cao - CA Đắk Lắk,abbreviation,domain_rules
2040,279,BCA_CA_DLA_PA05,Phong An ninh mang va phong chong toi pham cong nghe cao - Cong an Tinh Đak Lak,no_accent,auto_rule
2041,279,BCA_CA_DLA_PA05,PANMPCTPCNCCATĐL,abbreviation,auto_rule
2042,279,BCA_CA_DLA_PA05,Phòng An ninh mạng và phng chống tội phạm công nghệ cao - Công an Tỉnh Đắk Lắk,typo_ocr,noise_injector
2043,279,BCA_CA_DLA_PA05,Phòng An ninh mạng vàphòng chống tội phạm công nghệ cao - Công an Tỉnh Đắk Lắk,typo_ocr,noise_injector
2044,280,BCA_CA_GLA,Công an Tỉnh Gia Lai,canonical,manual_registry
2045,280,BCA_CA_GLA,CA Tỉnh Gia Lai,alias,domain_rules
2046,280,BCA_CA_GLA,CA Gia Lai,abbreviation,domain_rules
2047,280,BCA_CA_GLA,Cong an Tinh Gia Lai,no_accent,auto_rule
2048,280,BCA_CA_GLA,CATGL,abbreviation,auto_rule
2049,281,BCA_CA_GLA_PC01,Văn phòng Cơ quan Cảnh sát điều tra - Công an Tỉnh Gia Lai,canonical,manual_registry
2050,281,BCA_CA_GLA_PC01,Văn phòng Cơ quan Cảnh sát điều tra - CA Tỉnh Gia Lai,alias,domain_rules
2051,281,BCA_CA_GLA_PC01,Văn phòng Cơ quan Cảnh sát điều tra - CA Gia Lai,abbreviation,domain_rules
2052,281,BCA_CA_GLA_PC01,PC01 - Công an Tỉnh Gia Lai,abbreviation,domain_rules
2053,281,BCA_CA_GLA_PC01,Van phong Co quan Canh sat đieu tra - Cong an Tinh Gia Lai,no_accent,auto_rule
2054,281,BCA_CA_GLA_PC01,VPCSĐTCATGL,abbreviation,auto_rule
2055,281,BCA_CA_GLA_PC01,Văn phòng Cơ an Cản sát điều ra - Công an Tỉnh Gia Lai,typo_ocr,noise_injector
2056,282,BCA_CA_GLA_PC02,Phòng Cảnh sát hình sự - Công an Tỉnh Gia Lai,canonical,manual_registry
2057,282,BCA_CA_GLA_PC02,Phòng Cảnh sát hình sự - CA Tỉnh Gia Lai,alias,domain_rules
2058,282,BCA_CA_GLA_PC02,Phòng Cảnh sát hình sự - CA Gia Lai,abbreviation,domain_rules
2059,282,BCA_CA_GLA_PC02,PC02 - Công an Tỉnh Gia Lai,abbreviation,domain_rules
2060,282,BCA_CA_GLA_PC02,Phòng CSHS - Công an Tỉnh Gia Lai,alias,domain_rules
2061,282,BCA_CA_GLA_PC02,Phong Canh sat hinh su - Cong an Tinh Gia Lai,no_accent,auto_rule
2062,282,BCA_CA_GLA_PC02,PCSHSCATGL,abbreviation,auto_rule
2063,282,BCA_CA_GLA_PC02,Phòng Cảnh sát hình sự - Công n Tỉnh Gia Lai,typo_ocr,noise_injector
2064,283,BCA_CA_GLA_PC03,Phòng Cảnh sát kinh tế - Công an Tỉnh Gia Lai,canonical,manual_registry
2065,283,BCA_CA_GLA_PC03,Phòng Cảnh sát kinh tế - CA Tỉnh Gia Lai,alias,domain_rules
2066,283,BCA_CA_GLA_PC03,Phòng Cảnh sát kinh tế - CA Gia Lai,abbreviation,domain_rules
2067,283,BCA_CA_GLA_PC03,Phong Canh sat kinh te - Cong an Tinh Gia Lai,no_accent,auto_rule
2068,283,BCA_CA_GLA_PC03,PCSKTCATGL,abbreviation,auto_rule
2069,283,BCA_CA_GLA_PC03,Phòng Cảnh sát kinh tế - Công an Tỉnh ia Lai,typo_ocr,noise_injector
2070,283,BCA_CA_GLA_PC03,Phòng Cảnh sát kinh t - Công an Tỉnh Gia Lai,typo_ocr,noise_injector
2071,284,BCA_CA_GLA_PC04,Phòng Cảnh sát điều tra tội phạm về ma túy - Công an Tỉnh Gia Lai,canonical,manual_registry
2072,284,BCA_CA_GLA_PC04,Phòng Cảnh sát điều tra tội phạm về ma túy - CA Tỉnh Gia Lai,alias,domain_rules
2073,284,BCA_CA_GLA_PC04,Phòng Cảnh sát điều tra tội phạm về ma túy - CA Gia Lai,abbreviation,domain_rules
2074,284,BCA_CA_GLA_PC04,PC04 - Công an Tỉnh Gia Lai,abbreviation,domain_rules
2075,284,BCA_CA_GLA_PC04,Phòng CS ma túy - Công an Tỉnh Gia Lai,alias,domain_rules
2076,284,BCA_CA_GLA_PC04,Phong Canh sat đieu tra toi pham ve ma tuy - Cong an Tinh Gia Lai,no_accent,auto_rule
2077,284,BCA_CA_GLA_PC04,PCSĐTTPMTCATGL,abbreviation,auto_rule
2078,284,BCA_CA_GLA_PC04,Phòng Cảnh sát điều tra tội phạm về ma túy - Công n Tỉnh Gia Lai,typo_ocr,noise_injector
2079,284,BCA_CA_GLA_PC04,hòng Cảh sát điều tra tội phạm về ma túy  Công an Tỉnh Gia Lai,typo_ocr,noise_injector
2080,285,BCA_CA_GLA_PC06,Phòng Cảnh sát quản lý hành chính về trật tự xã hội - Công an Tỉnh Gia Lai,canonical,manual_registry
2081,285,BCA_CA_GLA_PC06,Phòng Cảnh sát quản lý hành chính về trật tự xã hội - CA Tỉnh Gia Lai,alias,domain_rules
2082,285,BCA_CA_GLA_PC06,Phòng Cảnh sát quản lý hành chính về trật tự xã hội - CA Gia Lai,abbreviation,domain_rules
2083,285,BCA_CA_GLA_PC06,PC06 - Công an Tỉnh Gia Lai,abbreviation,domain_rules
2084,285,BCA_CA_GLA_PC06,Phòng CSQLHC - Công an Tỉnh Gia Lai,alias,domain_rules
2085,285,BCA_CA_GLA_PC06,Phong Canh sat quan ly hanh chinh ve trat tu xa hoi - Cong an Tinh Gia Lai,no_accent,auto_rule
2086,285,BCA_CA_GLA_PC06,PCSQLHCTTXHCATGL,abbreviation,auto_rule
2087,285,BCA_CA_GLA_PC06,Phòng Cảnh sát quản lý hàh chính về trật tự xã hội - Công an Tỉnh Gia Lai,typo_ocr,noise_injector
2088,285,BCA_CA_GLA_PC06,Phòng Cản sát quản lý hành chính về trật tự xã hội - Công an Tỉnh Gia Lai,typo_ocr,noise_injector
2089,286,BCA_CA_GLA_PC08,Phòng Cảnh sát giao thông - Công an Tỉnh Gia Lai,canonical,manual_registry
2090,286,BCA_CA_GLA_PC08,Phòng Cảnh sát giao thông - CA Tỉnh Gia Lai,alias,domain_rules
2091,286,BCA_CA_GLA_PC08,Phòng Cảnh sát giao thông - CA Gia Lai,abbreviation,domain_rules
2092,286,BCA_CA_GLA_PC08,PC08 - Công an Tỉnh Gia Lai,abbreviation,domain_rules
2093,286,BCA_CA_GLA_PC08,Phòng CSGT - Công an Tỉnh Gia Lai,alias,domain_rules
2094,286,BCA_CA_GLA_PC08,Phong Canh sat giao thong - Cong an Tinh Gia Lai,no_accent,auto_rule
2095,286,BCA_CA_GLA_PC08,PCSGTCATGL,abbreviation,auto_rule
2096,286,BCA_CA_GLA_PC08,Phòng Cảnh át giao thông - Công an Tỉnh Ga Lai,typo_ocr,noise_injector
2097,287,BCA_CA_GLA_PA01,Phòng An ninh đối ngoại - Công an Tỉnh Gia Lai,canonical,manual_registry
2098,287,BCA_CA_GLA_PA01,Phòng An ninh đối ngoại - CA Tỉnh Gia Lai,alias,domain_rules
2099,287,BCA_CA_GLA_PA01,Phòng An ninh đối ngoại - CA Gia Lai,abbreviation,domain_rules
2100,287,BCA_CA_GLA_PA01,Phong An ninh đoi ngoai - Cong an Tinh Gia Lai,no_accent,auto_rule
2101,287,BCA_CA_GLA_PA01,PANĐNCATGL,abbreviation,auto_rule
2102,287,BCA_CA_GLA_PA01,Phng An ninh đối ngoại - Công n Tỉnh Gia Lai,typo_ocr,noise_injector
2103,288,BCA_CA_GLA_PA02,Phòng An ninh nội địa - Công an Tỉnh Gia Lai,canonical,manual_registry
2104,288,BCA_CA_GLA_PA02,Phòng An ninh nội địa - CA Tỉnh Gia Lai,alias,domain_rules
2105,288,BCA_CA_GLA_PA02,Phòng An ninh nội địa - CA Gia Lai,abbreviation,domain_rules
2106,288,BCA_CA_GLA_PA02,Phong An ninh noi đia - Cong an Tinh Gia Lai,no_accent,auto_rule
2107,288,BCA_CA_GLA_PA02,PANNĐCATGL,abbreviation,auto_rule
2108,288,BCA_CA_GLA_PA02,Phòng An ninh nội địa - Công an Tỉn Gia Lai,typo_ocr,noise_injector
2109,289,BCA_CA_GLA_PA03,Phòng An ninh chính trị nội bộ - Công an Tỉnh Gia Lai,canonical,manual_registry
2110,289,BCA_CA_GLA_PA03,Phòng An ninh chính trị nội bộ - CA Tỉnh Gia Lai,alias,domain_rules
2111,289,BCA_CA_GLA_PA03,Phòng An ninh chính trị nội bộ - CA Gia Lai,abbreviation,domain_rules
2112,289,BCA_CA_GLA_PA03,Phong An ninh chinh tri noi bo - Cong an Tinh Gia Lai,no_accent,auto_rule
2113,289,BCA_CA_GLA_PA03,PANCTNBCATGL,abbreviation,auto_rule
2114,289,BCA_CA_GLA_PA03,Phòng An ninh chính rị nội bộ - Công an Tỉh Gia Lai,typo_ocr,noise_injector
2115,290,BCA_CA_GLA_PA05,Phòng An ninh mạng và phòng chống tội phạm công nghệ cao - Công an Tỉnh Gia Lai,canonical,manual_registry
2116,290,BCA_CA_GLA_PA05,Phòng An ninh mạng và phòng chống tội phạm công nghệ cao - CA Tỉnh Gia Lai,alias,domain_rules
2117,290,BCA_CA_GLA_PA05,Phòng An ninh mạng và phòng chống tội phạm công nghệ cao - CA Gia Lai,abbreviation,domain_rules
2118,290,BCA_CA_GLA_PA05,Phong An ninh mang va phong chong toi pham cong nghe cao - Cong an Tinh Gia Lai,no_accent,auto_rule
2119,290,BCA_CA_GLA_PA05,PANMPCTPCNCCATGL,abbreviation,auto_rule
2120,290,BCA_CA_GLA_PA05,Phòng An ninh mạng và phng chống tội phạmcông nghệ cao - Công an Tỉnh Gia Lai,typo_ocr,noise_injector
2121,291,BCA_CA_LD,Công an Tỉnh Lâm Đồng,canonical,manual_registry
2122,291,BCA_CA_LD,CA Tỉnh Lâm Đồng,alias,domain_rules
2123,291,BCA_CA_LD,CA Lâm Đồng,abbreviation,domain_rules
2124,291,BCA_CA_LD,Cong an Tinh Lam Đong,no_accent,auto_rule
2125,291,BCA_CA_LD,CATLĐ,abbreviation,auto_rule
2126,291,BCA_CA_LD,Côn an Tỉnh Lâm Đồng,typo_ocr,noise_injector
2127,292,BCA_CA_LD_PC01,Văn phòng Cơ quan Cảnh sát điều tra - Công an Tỉnh Lâm Đồng,canonical,manual_registry
2128,292,BCA_CA_LD_PC01,Văn phòng Cơ quan Cảnh sát điều tra - CA Tỉnh Lâm Đồng,alias,domain_rules
2129,292,BCA_CA_LD_PC01,Văn phòng Cơ quan Cảnh sát điều tra - CA Lâm Đồng,abbreviation,domain_rules
2130,292,BCA_CA_LD_PC01,PC01 - Công an Tỉnh Lâm Đồng,abbreviation,domain_rules
2131,292,BCA_CA_LD_PC01,Van phong Co quan Canh sat đieu tra - Cong an Tinh Lam Đong,no_accent,auto_rule
2132,292,BCA_CA_LD_PC01,VPCSĐTCATLĐ,abbreviation,auto_rule
2133,292,BCA_CA_LD_PC01,Văn phòng Cơ quan Cảnh sát điều tra - Công an Tỉnh Lâm Đồn,typo_ocr,noise_injector
2134,292,BCA_CA_LD_PC01,Văn phòng ơ uan Cảnh sát điều tra - Công an Tỉnh Lâm Đồng,typo_ocr,noise_injector
2135,293,BCA_CA_LD_PC02,Phòng Cảnh sát hình sự - Công an Tỉnh Lâm Đồng,canonical,manual_registry
2136,293,BCA_CA_LD_PC02,Phòng Cảnh sát hình sự - CA Tỉnh Lâm Đồng,alias,domain_rules
2137,293,BCA_CA_LD_PC02,Phòng Cảnh sát hình sự - CA Lâm Đồng,abbreviation,domain_rules
2138,293,BCA_CA_LD_PC02,PC02 - Công an Tỉnh Lâm Đồng,abbreviation,domain_rules
2139,293,BCA_CA_LD_PC02,Phòng CSHS - Công an Tỉnh Lâm Đồng,alias,domain_rules
2140,293,BCA_CA_LD_PC02,Phong Canh sat hinh su - Cong an Tinh Lam Đong,no_accent,auto_rule
2141,293,BCA_CA_LD_PC02,PCSHSCATLĐ,abbreviation,auto_rule
2142,294,BCA_CA_LD_PC03,Phòng Cảnh sát kinh tế - Công an Tỉnh Lâm Đồng,canonical,manual_registry
2143,294,BCA_CA_LD_PC03,Phòng Cảnh sát kinh tế - CA Tỉnh Lâm Đồng,alias,domain_rules
2144,294,BCA_CA_LD_PC03,Phòng Cảnh sát kinh tế - CA Lâm Đồng,abbreviation,domain_rules
2145,294,BCA_CA_LD_PC03,Phong Canh sat kinh te - Cong an Tinh Lam Đong,no_accent,auto_rule
2146,294,BCA_CA_LD_PC03,PCSKTCATLĐ,abbreviation,auto_rule
2147,294,BCA_CA_LD_PC03,Phòng ảnh sát kinh tế - Công an Tỉnh Lâm Đồng,typo_ocr,noise_injector
2148,294,BCA_CA_LD_PC03,Phòng Cảnh sát knh tế - Công an Tỉnh Lâm Đồng,typo_ocr,noise_injector
2149,295,BCA_CA_LD_PC04,Phòng Cảnh sát điều tra tội phạm về ma túy - Công an Tỉnh Lâm Đồng,canonical,manual_registry
2150,295,BCA_CA_LD_PC04,Phòng Cảnh sát điều tra tội phạm về ma túy - CA Tỉnh Lâm Đồng,alias,domain_rules
2151,295,BCA_CA_LD_PC04,Phòng Cảnh sát điều tra tội phạm về ma túy - CA Lâm Đồng,abbreviation,domain_rules
2152,295,BCA_CA_LD_PC04,PC04 - Công an Tỉnh Lâm Đồng,abbreviation,domain_rules
2153,295,BCA_CA_LD_PC04,Phòng CS ma túy - Công an Tỉnh Lâm Đồng,alias,domain_rules
2154,295,BCA_CA_LD_PC04,Phong Canh sat đieu tra toi pham ve ma tuy - Cong an Tinh Lam Đong,no_accent,auto_rule
2155,295,BCA_CA_LD_PC04,PCSĐTTPMTCATLĐ,abbreviation,auto_rule
2156,295,BCA_CA_LD_PC04,Phòng ảnh sát điều tra tội phạm về ma túy - Công an Tỉnh Lâm Đồng,typo_ocr,noise_injector
2157,296,BCA_CA_LD_PC06,Phòng Cảnh sát quản lý hành chính về trật tự xã hội - Công an Tỉnh Lâm Đồng,canonical,manual_registry
2158,296,BCA_CA_LD_PC06,Phòng Cảnh sát quản lý hành chính về trật tự xã hội - CA Tỉnh Lâm Đồng,alias,domain_rules
2159,296,BCA_CA_LD_PC06,Phòng Cảnh sát quản lý hành chính về trật tự xã hội - CA Lâm Đồng,abbreviation,domain_rules
2160,296,BCA_CA_LD_PC06,PC06 - Công an Tỉnh Lâm Đồng,abbreviation,domain_rules
2161,296,BCA_CA_LD_PC06,Phòng CSQLHC - Công an Tỉnh Lâm Đồng,alias,domain_rules
2162,296,BCA_CA_LD_PC06,Phong Canh sat quan ly hanh chinh ve trat tu xa hoi - Cong an Tinh Lam Đong,no_accent,auto_rule
2163,296,BCA_CA_LD_PC06,PCSQLHCTTXHCATLĐ,abbreviation,auto_rule
2164,296,BCA_CA_LD_PC06,Phòng Cảnh sát quản lý hành chính về trật tự xã hội - Công an Tỉh Lâm Đồng,typo_ocr,noise_injector
2165,297,BCA_CA_LD_PC08,Phòng Cảnh sát giao thông - Công an Tỉnh Lâm Đồng,canonical,manual_registry
2166,297,BCA_CA_LD_PC08,Phòng Cảnh sát giao thông - CA Tỉnh Lâm Đồng,alias,domain_rules
2167,297,BCA_CA_LD_PC08,Phòng Cảnh sát giao thông - CA Lâm Đồng,abbreviation,domain_rules
2168,297,BCA_CA_LD_PC08,PC08 - Công an Tỉnh Lâm Đồng,abbreviation,domain_rules
2169,297,BCA_CA_LD_PC08,Phòng CSGT - Công an Tỉnh Lâm Đồng,alias,domain_rules
2170,297,BCA_CA_LD_PC08,Phong Canh sat giao thong - Cong an Tinh Lam Đong,no_accent,auto_rule
2171,297,BCA_CA_LD_PC08,PCSGTCATLĐ,abbreviation,auto_rule
2172,297,BCA_CA_LD_PC08,hòng Cảnh sát giao thông - Công an Tỉnh Lâm Đồng,typo_ocr,noise_injector
2173,298,BCA_CA_LD_PA01,Phòng An ninh đối ngoại - Công an Tỉnh Lâm Đồng,canonical,manual_registry
2174,298,BCA_CA_LD_PA01,Phòng An ninh đối ngoại - CA Tỉnh Lâm Đồng,alias,domain_rules
2175,298,BCA_CA_LD_PA01,Phòng An ninh đối ngoại - CA Lâm Đồng,abbreviation,domain_rules
2176,298,BCA_CA_LD_PA01,Phong An ninh đoi ngoai - Cong an Tinh Lam Đong,no_accent,auto_rule
2177,298,BCA_CA_LD_PA01,PANĐNCATLĐ,abbreviation,auto_rule
2178,298,BCA_CA_LD_PA01,Phòng An ninh đối ngoại - Công an Tỉnh Lâm ồng,typo_ocr,noise_injector
2179,298,BCA_CA_LD_PA01,Phng An ninh đối ngoại - Công an Tỉnh Lâm Đồng,typo_ocr,noise_injector
2180,299,BCA_CA_LD_PA02,Phòng An ninh nội địa - Công an Tỉnh Lâm Đồng,canonical,manual_registry
2181,299,BCA_CA_LD_PA02,Phòng An ninh nội địa - CA Tỉnh Lâm Đồng,alias,domain_rules
2182,299,BCA_CA_LD_PA02,Phòng An ninh nội địa - CA Lâm Đồng,abbreviation,domain_rules
2183,299,BCA_CA_LD_PA02,Phong An ninh noi đia - Cong an Tinh Lam Đong,no_accent,auto_rule
2184,299,BCA_CA_LD_PA02,PANNĐCATLĐ,abbreviation,auto_rule
2185,299,BCA_CA_LD_PA02,Phòng n ninh nộiđịa - Côg an Tỉnh Lâm Đồng,typo_ocr,noise_injector
2186,299,BCA_CA_LD_PA02,Phòng An ninh nội địa - Công an TỉnhLâm Đồng,typo_ocr,noise_injector
2187,300,BCA_CA_LD_PA03,Phòng An ninh chính trị nội bộ - Công an Tỉnh Lâm Đồng,canonical,manual_registry
2188,300,BCA_CA_LD_PA03,Phòng An ninh chính trị nội bộ - CA Tỉnh Lâm Đồng,alias,domain_rules
2189,300,BCA_CA_LD_PA03,Phòng An ninh chính trị nội bộ - CA Lâm Đồng,abbreviation,domain_rules
2190,300,BCA_CA_LD_PA03,Phong An ninh chinh tri noi bo - Cong an Tinh Lam Đong,no_accent,auto_rule
2191,300,BCA_CA_LD_PA03,PANCTNBCATLĐ,abbreviation,auto_rule
2192,300,BCA_CA_LD_PA03,Phòng An nih chính trị nội bộ  Công an Tỉnh Lâm Đồng,typo_ocr,noise_injector
2193,300,BCA_CA_LD_PA03,Phòng An ninh chính trị nội bộ - Công n Tỉnh Lâm Đồng,typo_ocr,noise_injector
2194,301,BCA_CA_LD_PA05,Phòng An ninh mạng và phòng chống tội phạm công nghệ cao - Công an Tỉnh Lâm Đồng,canonical,manual_registry
2195,301,BCA_CA_LD_PA05,Phòng An ninh mạng và phòng chống tội phạm công nghệ cao - CA Tỉnh Lâm Đồng,alias,domain_rules
2196,301,BCA_CA_LD_PA05,Phòng An ninh mạng và phòng chống tội phạm công nghệ cao - CA Lâm Đồng,abbreviation,domain_rules
2197,301,BCA_CA_LD_PA05,Phong An ninh mang va phong chong toi pham cong nghe cao - Cong an Tinh Lam Đong,no_accent,auto_rule
2198,301,BCA_CA_LD_PA05,PANMPCTPCNCCATLĐ,abbreviation,auto_rule
2199,301,BCA_CA_LD_PA05,Phòng An ninh mạngvà phòng chg tội phạm côn nghệ cao - Công an Tỉnh LâmĐồng,typo_ocr,noise_injector
2200,301,BCA_CA_LD_PA05,Phòng An ninh mạng và phòng chốg tội phạm công nghệ cao - Công an Tỉnh Lâm Đồng,typo_ocr,noise_injector
2201,302,BCA_CA_KT,Công an Tỉnh Kon Tum,canonical,manual_registry
2202,302,BCA_CA_KT,CA Tỉnh Kon Tum,alias,domain_rules
2203,302,BCA_CA_KT,CA Kon Tum,abbreviation,domain_rules
2204,302,BCA_CA_KT,Cong an Tinh Kon Tum,no_accent,auto_rule
2205,302,BCA_CA_KT,CATKT,abbreviation,auto_rule
2206,302,BCA_CA_KT,Công an ỉnh Kon Tum,typo_ocr,noise_injector
2207,302,BCA_CA_KT,Côngan Tỉnh Kon Tum,typo_ocr,noise_injector
2208,303,BCA_CA_KT_PC01,Văn phòng Cơ quan Cảnh sát điều tra - Công an Tỉnh Kon Tum,canonical,manual_registry
2209,303,BCA_CA_KT_PC01,Văn phòng Cơ quan Cảnh sát điều tra - CA Tỉnh Kon Tum,alias,domain_rules
2210,303,BCA_CA_KT_PC01,Văn phòng Cơ quan Cảnh sát điều tra - CA Kon Tum,abbreviation,domain_rules
2211,303,BCA_CA_KT_PC01,PC01 - Công an Tỉnh Kon Tum,abbreviation,domain_rules
2212,303,BCA_CA_KT_PC01,Van phong Co quan Canh sat đieu tra - Cong an Tinh Kon Tum,no_accent,auto_rule
2213,303,BCA_CA_KT_PC01,VPCSĐTCATKT,abbreviation,auto_rule
2214,303,BCA_CA_KT_PC01,Văn phòng Cơ quan Cảnh sát điều tra - Côg an Tỉnh Kon Tum,typo_ocr,noise_injector
2215,303,BCA_CA_KT_PC01,Văn phòg Cơ quan Cảh sát điều tra - Công an Tỉnh Kon Tum,typo_ocr,noise_injector
2216,304,BCA_CA_KT_PC02,Phòng Cảnh sát hình sự - Công an Tỉnh Kon Tum,canonical,manual_registry
2217,304,BCA_CA_KT_PC02,Phòng Cảnh sát hình sự - CA Tỉnh Kon Tum,alias,domain_rules
2218,304,BCA_CA_KT_PC02,Phòng Cảnh sát hình sự - CA Kon Tum,abbreviation,domain_rules
2219,304,BCA_CA_KT_PC02,PC02 - Công an Tỉnh Kon Tum,abbreviation,domain_rules
2220,304,BCA_CA_KT_PC02,Phòng CSHS - Công an Tỉnh Kon Tum,alias,domain_rules
2221,304,BCA_CA_KT_PC02,Phong Canh sat hinh su - Cong an Tinh Kon Tum,no_accent,auto_rule
2222,304,BCA_CA_KT_PC02,PCSHSCATKT,abbreviation,auto_rule
2223,304,BCA_CA_KT_PC02,Phòn Cảnh sát hình sự - Công an Tỉnh Kon Tum,typo_ocr,noise_injector
2224,305,BCA_CA_KT_PC03,Phòng Cảnh sát kinh tế - Công an Tỉnh Kon Tum,canonical,manual_registry
2225,305,BCA_CA_KT_PC03,Phòng Cảnh sát kinh tế - CA Tỉnh Kon Tum,alias,domain_rules
2226,305,BCA_CA_KT_PC03,Phòng Cảnh sát kinh tế - CA Kon Tum,abbreviation,domain_rules
2227,305,BCA_CA_KT_PC03,Phong Canh sat kinh te - Cong an Tinh Kon Tum,no_accent,auto_rule
2228,305,BCA_CA_KT_PC03,PCSKTCATKT,abbreviation,auto_rule
2229,305,BCA_CA_KT_PC03,Phòng Cảh sát kinh tế - Công an Tỉnh Kon Tum,typo_ocr,noise_injector
2230,305,BCA_CA_KT_PC03,Phòng Cảnhsát knh tế - Công an Tỉnh Kon Tum,typo_ocr,noise_injector
2231,306,BCA_CA_KT_PC04,Phòng Cảnh sát điều tra tội phạm về ma túy - Công an Tỉnh Kon Tum,canonical,manual_registry
2232,306,BCA_CA_KT_PC04,Phòng Cảnh sát điều tra tội phạm về ma túy - CA Tỉnh Kon Tum,alias,domain_rules
2233,306,BCA_CA_KT_PC04,Phòng Cảnh sát điều tra tội phạm về ma túy - CA Kon Tum,abbreviation,domain_rules
2234,306,BCA_CA_KT_PC04,PC04 - Công an Tỉnh Kon Tum,abbreviation,domain_rules
2235,306,BCA_CA_KT_PC04,Phòng CS ma túy - Công an Tỉnh Kon Tum,alias,domain_rules
2236,306,BCA_CA_KT_PC04,Phong Canh sat đieu tra toi pham ve ma tuy - Cong an Tinh Kon Tum,no_accent,auto_rule
2237,306,BCA_CA_KT_PC04,PCSĐTTPMTCATKT,abbreviation,auto_rule
2238,306,BCA_CA_KT_PC04,Phòg Cảnh sát đều tra tội phạm về ma úy - Công an ỉnh Kon Tum,typo_ocr,noise_injector
2239,307,BCA_CA_KT_PC06,Phòng Cảnh sát quản lý hành chính về trật tự xã hội - Công an Tỉnh Kon Tum,canonical,manual_registry
2240,307,BCA_CA_KT_PC06,Phòng Cảnh sát quản lý hành chính về trật tự xã hội - CA Tỉnh Kon Tum,alias,domain_rules
2241,307,BCA_CA_KT_PC06,Phòng Cảnh sát quản lý hành chính về trật tự xã hội - CA Kon Tum,abbreviation,domain_rules
2242,307,BCA_CA_KT_PC06,PC06 - Công an Tỉnh Kon Tum,abbreviation,domain_rules
2243,307,BCA_CA_KT_PC06,Phòng CSQLHC - Công an Tỉnh Kon Tum,alias,domain_rules
2244,307,BCA_CA_KT_PC06,Phong Canh sat quan ly hanh chinh ve trat tu xa hoi - Cong an Tinh Kon Tum,no_accent,auto_rule
2245,307,BCA_CA_KT_PC06,PCSQLHCTTXHCATKT,abbreviation,auto_rule
2246,307,BCA_CA_KT_PC06,Phòng Cảnh sá quản lý hành chính về trật tự xã hội - Công an Tỉnh Kon Tum,typo_ocr,noise_injector
2247,307,BCA_CA_KT_PC06,Phòng Cảnh sát quản lý hành chính về trật tự xã hội - Công an Tỉnh Kon um,typo_ocr,noise_injector
2248,308,BCA_CA_KT_PC08,Phòng Cảnh sát giao thông - Công an Tỉnh Kon Tum,canonical,manual_registry
2249,308,BCA_CA_KT_PC08,Phòng Cảnh sát giao thông - CA Tỉnh Kon Tum,alias,domain_rules
2250,308,BCA_CA_KT_PC08,Phòng Cảnh sát giao thông - CA Kon Tum,abbreviation,domain_rules
2251,308,BCA_CA_KT_PC08,PC08 - Công an Tỉnh Kon Tum,abbreviation,domain_rules
2252,308,BCA_CA_KT_PC08,Phòng CSGT - Công an Tỉnh Kon Tum,alias,domain_rules
2253,308,BCA_CA_KT_PC08,Phong Canh sat giao thong - Cong an Tinh Kon Tum,no_accent,auto_rule
2254,308,BCA_CA_KT_PC08,PCSGTCATKT,abbreviation,auto_rule
2255,308,BCA_CA_KT_PC08,Phòng Cảnh sát giao thông - Công an Tỉnh on Tum,typo_ocr,noise_injector
2256,308,BCA_CA_KT_PC08,Phòng Cảnh sát giao thông - Côg an Tỉnh Kon Tum,typo_ocr,noise_injector
2257,309,BCA_CA_KT_PA01,Phòng An ninh đối ngoại - Công an Tỉnh Kon Tum,canonical,manual_registry
2258,309,BCA_CA_KT_PA01,Phòng An ninh đối ngoại - CA Tỉnh Kon Tum,alias,domain_rules
2259,309,BCA_CA_KT_PA01,Phòng An ninh đối ngoại - CA Kon Tum,abbreviation,domain_rules
2260,309,BCA_CA_KT_PA01,Phong An ninh đoi ngoai - Cong an Tinh Kon Tum,no_accent,auto_rule
2261,309,BCA_CA_KT_PA01,PANĐNCATKT,abbreviation,auto_rule
2262,309,BCA_CA_KT_PA01,Phòng An ninh đối ngoại - Công an Tỉh Ko Tum,typo_ocr,noise_injector
2263,310,BCA_CA_KT_PA02,Phòng An ninh nội địa - Công an Tỉnh Kon Tum,canonical,manual_registry
2264,310,BCA_CA_KT_PA02,Phòng An ninh nội địa - CA Tỉnh Kon Tum,alias,domain_rules
2265,310,BCA_CA_KT_PA02,Phòng An ninh nội địa - CA Kon Tum,abbreviation,domain_rules
2266,310,BCA_CA_KT_PA02,Phong An ninh noi đia - Cong an Tinh Kon Tum,no_accent,auto_rule
2267,310,BCA_CA_KT_PA02,PANNĐCATKT,abbreviation,auto_rule
2268,310,BCA_CA_KT_PA02,Phòng An ninh nội địa - Công a Tỉh Kon Tum,typo_ocr,noise_injector
2269,310,BCA_CA_KT_PA02,Phòng An ninh nội ịa - Côn an Tỉnh Kon Tum,typo_ocr,noise_injector
2270,311,BCA_CA_KT_PA03,Phòng An ninh chính trị nội bộ - Công an Tỉnh Kon Tum,canonical,manual_registry
2271,311,BCA_CA_KT_PA03,Phòng An ninh chính trị nội bộ - CA Tỉnh Kon Tum,alias,domain_rules
2272,311,BCA_CA_KT_PA03,Phòng An ninh chính trị nội bộ - CA Kon Tum,abbreviation,domain_rules
2273,311,BCA_CA_KT_PA03,Phong An ninh chinh tri noi bo - Cong an Tinh Kon Tum,no_accent,auto_rule
2274,311,BCA_CA_KT_PA03,PANCTNBCATKT,abbreviation,auto_rule
2275,311,BCA_CA_KT_PA03,Phòng n ninh chính trị nội bộ - Côngan Tỉnh KonTum,typo_ocr,noise_injector
2276,312,BCA_CA_KT_PA05,Phòng An ninh mạng và phòng chống tội phạm công nghệ cao - Công an Tỉnh Kon Tum,canonical,manual_registry
2277,312,BCA_CA_KT_PA05,Phòng An ninh mạng và phòng chống tội phạm công nghệ cao - CA Tỉnh Kon Tum,alias,domain_rules
2278,312,BCA_CA_KT_PA05,Phòng An ninh mạng và phòng chống tội phạm công nghệ cao - CA Kon Tum,abbreviation,domain_rules
2279,312,BCA_CA_KT_PA05,Phong An ninh mang va phong chong toi pham cong nghe cao - Cong an Tinh Kon Tum,no_accent,auto_rule
2280,312,BCA_CA_KT_PA05,PANMPCTPCNCCATKT,abbreviation,auto_rule
2281,312,BCA_CA_KT_PA05,Phòng An ninh mạng và phòn chống tội phạm công nghệ cao - Công an Tỉnh Kon Tum,typo_ocr,noise_injector
2282,312,BCA_CA_KT_PA05,Phòng An ninh mạng và phòng chống tội phạm công nghệ ao- Công an Tỉnh Kon Tum,typo_ocr,noise_injector
2283,313,BCA_CA_DNO,Công an Tỉnh Đắk Nông,canonical,manual_registry
2284,313,BCA_CA_DNO,CA Tỉnh Đắk Nông,alias,domain_rules
2285,313,BCA_CA_DNO,CA Đắk Nông,abbreviation,domain_rules
2286,313,BCA_CA_DNO,Cong an Tinh Đak Nong,no_accent,auto_rule
2287,313,BCA_CA_DNO,CATĐN,abbreviation,auto_rule
2288,314,BCA_CA_DNO_PC01,Văn phòng Cơ quan Cảnh sát điều tra - Công an Tỉnh Đắk Nông,canonical,manual_registry
2289,314,BCA_CA_DNO_PC01,Văn phòng Cơ quan Cảnh sát điều tra - CA Tỉnh Đắk Nông,alias,domain_rules
2290,314,BCA_CA_DNO_PC01,Văn phòng Cơ quan Cảnh sát điều tra - CA Đắk Nông,abbreviation,domain_rules
2291,314,BCA_CA_DNO_PC01,PC01 - Công an Tỉnh Đắk Nông,abbreviation,domain_rules
2292,314,BCA_CA_DNO_PC01,Van phong Co quan Canh sat đieu tra - Cong an Tinh Đak Nong,no_accent,auto_rule
2293,314,BCA_CA_DNO_PC01,VPCSĐTCATĐN,abbreviation,auto_rule
2294,314,BCA_CA_DNO_PC01,Vănphòng Cơ quan Cảnh át điều tra - Công an Tỉnh Đắk Nông,typo_ocr,noise_injector
2295,315,BCA_CA_DNO_PC02,Phòng Cảnh sát hình sự - Công an Tỉnh Đắk Nông,canonical,manual_registry
2296,315,BCA_CA_DNO_PC02,Phòng Cảnh sát hình sự - CA Tỉnh Đắk Nông,alias,domain_rules
2297,315,BCA_CA_DNO_PC02,Phòng Cảnh sát hình sự - CA Đắk Nông,abbreviation,domain_rules
2298,315,BCA_CA_DNO_PC02,PC02 - Công an Tỉnh Đắk Nông,abbreviation,domain_rules
2299,315,BCA_CA_DNO_PC02,Phòng CSHS - Công an Tỉnh Đắk Nông,alias,domain_rules
2300,315,BCA_CA_DNO_PC02,Phong Canh sat hinh su - Cong an Tinh Đak Nong,no_accent,auto_rule
2301,315,BCA_CA_DNO_PC02,PCSHSCATĐN,abbreviation,auto_rule
2302,315,BCA_CA_DNO_PC02,Phòng Cảnhsát hình sự - Công an Tỉnh Đắk Nông,typo_ocr,noise_injector
2303,316,BCA_CA_DNO_PC03,Phòng Cảnh sát kinh tế - Công an Tỉnh Đắk Nông,canonical,manual_registry
2304,316,BCA_CA_DNO_PC03,Phòng Cảnh sát kinh tế - CA Tỉnh Đắk Nông,alias,domain_rules
2305,316,BCA_CA_DNO_PC03,Phòng Cảnh sát kinh tế - CA Đắk Nông,abbreviation,domain_rules
2306,316,BCA_CA_DNO_PC03,Phong Canh sat kinh te - Cong an Tinh Đak Nong,no_accent,auto_rule
2307,316,BCA_CA_DNO_PC03,PCSKTCATĐN,abbreviation,auto_rule
2308,316,BCA_CA_DNO_PC03,Phòng Cảh sát kinh tế - Công an Tỉnh Đắk Nông,typo_ocr,noise_injector
2309,316,BCA_CA_DNO_PC03,Phòng Cảnh sát kinh ế - Công an Tỉnh Đắk Nông,typo_ocr,noise_injector
2310,317,BCA_CA_DNO_PC04,Phòng Cảnh sát điều tra tội phạm về ma túy - Công an Tỉnh Đắk Nông,canonical,manual_registry
2311,317,BCA_CA_DNO_PC04,Phòng Cảnh sát điều tra tội phạm về ma túy - CA Tỉnh Đắk Nông,alias,domain_rules
2312,317,BCA_CA_DNO_PC04,Phòng Cảnh sát điều tra tội phạm về ma túy - CA Đắk Nông,abbreviation,domain_rules
2313,317,BCA_CA_DNO_PC04,PC04 - Công an Tỉnh Đắk Nông,abbreviation,domain_rules
2314,317,BCA_CA_DNO_PC04,Phòng CS ma túy - Công an Tỉnh Đắk Nông,alias,domain_rules
2315,317,BCA_CA_DNO_PC04,Phong Canh sat đieu tra toi pham ve ma tuy - Cong an Tinh Đak Nong,no_accent,auto_rule
2316,317,BCA_CA_DNO_PC04,PCSĐTTPMTCATĐN,abbreviation,auto_rule
2317,317,BCA_CA_DNO_PC04,PhòngCảnh sát điều tra tội phạm về ma túy - Công an Tỉnh Đắk Nông,typo_ocr,noise_injector
2318,317,BCA_CA_DNO_PC04,Phòng Cảnh sát điều tra tội phạmvề ma túy - Công an Tỉnh Đắk Nông,typo_ocr,noise_injector
2319,318,BCA_CA_DNO_PC06,Phòng Cảnh sát quản lý hành chính về trật tự xã hội - Công an Tỉnh Đắk Nông,canonical,manual_registry
2320,318,BCA_CA_DNO_PC06,Phòng Cảnh sát quản lý hành chính về trật tự xã hội - CA Tỉnh Đắk Nông,alias,domain_rules
2321,318,BCA_CA_DNO_PC06,Phòng Cảnh sát quản lý hành chính về trật tự xã hội - CA Đắk Nông,abbreviation,domain_rules
2322,318,BCA_CA_DNO_PC06,PC06 - Công an Tỉnh Đắk Nông,abbreviation,domain_rules
2323,318,BCA_CA_DNO_PC06,Phòng CSQLHC - Công an Tỉnh Đắk Nông,alias,domain_rules
2324,318,BCA_CA_DNO_PC06,Phong Canh sat quan ly hanh chinh ve trat tu xa hoi - Cong an Tinh Đak Nong,no_accent,auto_rule
2325,318,BCA_CA_DNO_PC06,PCSQLHCTTXHCATĐN,abbreviation,auto_rule
2326,318,BCA_CA_DNO_PC06,Phòng Cảnh sátquản l hành chính về trật tự xã hội - Công an Tỉnh Đắk Nông,typo_ocr,noise_injector
2327,319,BCA_CA_DNO_PC08,Phòng Cảnh sát giao thông - Công an Tỉnh Đắk Nông,canonical,manual_registry
2328,319,BCA_CA_DNO_PC08,Phòng Cảnh sát giao thông - CA Tỉnh Đắk Nông,alias,domain_rules
2329,319,BCA_CA_DNO_PC08,Phòng Cảnh sát giao thông - CA Đắk Nông,abbreviation,domain_rules
2330,319,BCA_CA_DNO_PC08,PC08 - Công an Tỉnh Đắk Nông,abbreviation,domain_rules
2331,319,BCA_CA_DNO_PC08,Phòng CSGT - Công an Tỉnh Đắk Nông,alias,domain_rules
2332,319,BCA_CA_DNO_PC08,Phong Canh sat giao thong - Cong an Tinh Đak Nong,no_accent,auto_rule
2333,319,BCA_CA_DNO_PC08,PCSGTCATĐN,abbreviation,auto_rule
2334,319,BCA_CA_DNO_PC08,Phòng Cảnh sát gia thông - Công a Tỉnh Đắk Nông,typo_ocr,noise_injector
2335,320,BCA_CA_DNO_PA01,Phòng An ninh đối ngoại - Công an Tỉnh Đắk Nông,canonical,manual_registry
2336,320,BCA_CA_DNO_PA01,Phòng An ninh đối ngoại - CA Tỉnh Đắk Nông,alias,domain_rules
2337,320,BCA_CA_DNO_PA01,Phòng An ninh đối ngoại - CA Đắk Nông,abbreviation,domain_rules
2338,320,BCA_CA_DNO_PA01,Phong An ninh đoi ngoai - Cong an Tinh Đak Nong,no_accent,auto_rule
2339,320,BCA_CA_DNO_PA01,PANĐNCATĐN,abbreviation,auto_rule
2340,320,BCA_CA_DNO_PA01,Phòng An ninh đối ngoại - Công an ỉnh Đắk Nông,typo_ocr,noise_injector
2341,320,BCA_CA_DNO_PA01,Phòng An ninh đi ngoại - Công an Tỉnh Đắk Nông,typo_ocr,noise_injector
2342,321,BCA_CA_DNO_PA02,Phòng An ninh nội địa - Công an Tỉnh Đắk Nông,canonical,manual_registry
2343,321,BCA_CA_DNO_PA02,Phòng An ninh nội địa - CA Tỉnh Đắk Nông,alias,domain_rules
2344,321,BCA_CA_DNO_PA02,Phòng An ninh nội địa - CA Đắk Nông,abbreviation,domain_rules
2345,321,BCA_CA_DNO_PA02,Phong An ninh noi đia - Cong an Tinh Đak Nong,no_accent,auto_rule
2346,321,BCA_CA_DNO_PA02,PANNĐCATĐN,abbreviation,auto_rule
2347,321,BCA_CA_DNO_PA02,Phòng An nin nội địa - Công an Tỉnh Đắk Nôn,typo_ocr,noise_injector
2348,322,BCA_CA_DNO_PA03,Phòng An ninh chính trị nội bộ - Công an Tỉnh Đắk Nông,canonical,manual_registry
2349,322,BCA_CA_DNO_PA03,Phòng An ninh chính trị nội bộ - CA Tỉnh Đắk Nông,alias,domain_rules
2350,322,BCA_CA_DNO_PA03,Phòng An ninh chính trị nội bộ - CA Đắk Nông,abbreviation,domain_rules
2351,322,BCA_CA_DNO_PA03,Phong An ninh chinh tri noi bo - Cong an Tinh Đak Nong,no_accent,auto_rule
2352,322,BCA_CA_DNO_PA03,PANCTNBCATĐN,abbreviation,auto_rule
2353,322,BCA_CA_DNO_PA03,Phòng An ninh chính rị nội bộ - Công an Tỉnh Đắk Nông,typo_ocr,noise_injector
2354,322,BCA_CA_DNO_PA03,Phòng An ninh chính trị nội bộ - Công an Tỉnh Đắk Nôn,typo_ocr,noise_injector
2355,323,BCA_CA_DNO_PA05,Phòng An ninh mạng và phòng chống tội phạm công nghệ cao - Công an Tỉnh Đắk Nông,canonical,manual_registry
2356,323,BCA_CA_DNO_PA05,Phòng An ninh mạng và phòng chống tội phạm công nghệ cao - CA Tỉnh Đắk Nông,alias,domain_rules
2357,323,BCA_CA_DNO_PA05,Phòng An ninh mạng và phòng chống tội phạm công nghệ cao - CA Đắk Nông,abbreviation,domain_rules
2358,323,BCA_CA_DNO_PA05,Phong An ninh mang va phong chong toi pham cong nghe cao - Cong an Tinh Đak Nong,no_accent,auto_rule
2359,323,BCA_CA_DNO_PA05,PANMPCTPCNCCATĐN,abbreviation,auto_rule
2360,323,BCA_CA_DNO_PA05,Phòng An ninh mạng và phòng cống tội phạm công nghệ cao - Công an Tỉnh Đắk Nông,typo_ocr,noise_injector
2361,324,BCA_CA_KHA,Công an Tỉnh Khánh Hòa,canonical,manual_registry
2362,324,BCA_CA_KHA,CA Tỉnh Khánh Hòa,alias,domain_rules
2363,324,BCA_CA_KHA,CA Khánh Hòa,abbreviation,domain_rules
2364,324,BCA_CA_KHA,Cong an Tinh Khanh Hoa,no_accent,auto_rule
2365,324,BCA_CA_KHA,CATKH,abbreviation,auto_rule
2366,324,BCA_CA_KHA,Công an Tỉn Khánh Hòa,typo_ocr,noise_injector
2367,324,BCA_CA_KHA,Công an Tỉnh Kánh Hòa,typo_ocr,noise_injector
2368,325,BCA_CA_KHA_PC01,Văn phòng Cơ quan Cảnh sát điều tra - Công an Tỉnh Khánh Hòa,canonical,manual_registry
2369,325,BCA_CA_KHA_PC01,Văn phòng Cơ quan Cảnh sát điều tra - CA Tỉnh Khánh Hòa,alias,domain_rules
2370,325,BCA_CA_KHA_PC01,Văn phòng Cơ quan Cảnh sát điều tra - CA Khánh Hòa,abbreviation,domain_rules
2371,325,BCA_CA_KHA_PC01,PC01 - Công an Tỉnh Khánh Hòa,abbreviation,domain_rules
2372,325,BCA_CA_KHA_PC01,Van phong Co quan Canh sat đieu tra - Cong an Tinh Khanh Hoa,no_accent,auto_rule
2373,325,BCA_CA_KHA_PC01,VPCSĐTCATKH,abbreviation,auto_rule
2374,325,BCA_CA_KHA_PC01,Văn phòng Cơquan Cảnh sát điu tra - Công an Tỉh Khánh Hòa,typo_ocr,noise_injector
2375,325,BCA_CA_KHA_PC01,Văn phòng Cơ qan Cảnh sát điều tra - Công an Tỉnh Khánh Hòa,typo_ocr,noise_injector
2376,326,BCA_CA_KHA_PC02,Phòng Cảnh sát hình sự - Công an Tỉnh Khánh Hòa,canonical,manual_registry
2377,326,BCA_CA_KHA_PC02,Phòng Cảnh sát hình sự - CA Tỉnh Khánh Hòa,alias,domain_rules
2378,326,BCA_CA_KHA_PC02,Phòng Cảnh sát hình sự - CA Khánh Hòa,abbreviation,domain_rules
2379,326,BCA_CA_KHA_PC02,PC02 - Công an Tỉnh Khánh Hòa,abbreviation,domain_rules
2380,326,BCA_CA_KHA_PC02,Phòng CSHS - Công an Tỉnh Khánh Hòa,alias,domain_rules
2381,326,BCA_CA_KHA_PC02,Phong Canh sat hinh su - Cong an Tinh Khanh Hoa,no_accent,auto_rule
2382,326,BCA_CA_KHA_PC02,PCSHSCATKH,abbreviation,auto_rule
2383,326,BCA_CA_KHA_PC02,Phòng Cảnh sát hình sự - Công an Tỉn Khánh Hòa,typo_ocr,noise_injector
2384,326,BCA_CA_KHA_PC02,Phòng Cảnh sát hìnhsự - Công an Tỉnh Khánh Hòa,typo_ocr,noise_injector
2385,327,BCA_CA_KHA_PC03,Phòng Cảnh sát kinh tế - Công an Tỉnh Khánh Hòa,canonical,manual_registry
2386,327,BCA_CA_KHA_PC03,Phòng Cảnh sát kinh tế - CA Tỉnh Khánh Hòa,alias,domain_rules
2387,327,BCA_CA_KHA_PC03,Phòng Cảnh sát kinh tế - CA Khánh Hòa,abbreviation,domain_rules
2388,327,BCA_CA_KHA_PC03,Phong Canh sat kinh te - Cong an Tinh Khanh Hoa,no_accent,auto_rule
2389,327,BCA_CA_KHA_PC03,PCSKTCATKH,abbreviation,auto_rule
2390,327,BCA_CA_KHA_PC03,Phòng Cảnh sát kinh tế - Công an Tỉnh Khán Hòa,typo_ocr,noise_injector
2391,328,BCA_CA_KHA_PC04,Phòng Cảnh sát điều tra tội phạm về ma túy - Công an Tỉnh Khánh Hòa,canonical,manual_registry
2392,328,BCA_CA_KHA_PC04,Phòng Cảnh sát điều tra tội phạm về ma túy - CA Tỉnh Khánh Hòa,alias,domain_rules
2393,328,BCA_CA_KHA_PC04,Phòng Cảnh sát điều tra tội phạm về ma túy - CA Khánh Hòa,abbreviation,domain_rules
2394,328,BCA_CA_KHA_PC04,PC04 - Công an Tỉnh Khánh Hòa,abbreviation,domain_rules
2395,328,BCA_CA_KHA_PC04,Phòng CS ma túy - Công an Tỉnh Khánh Hòa,alias,domain_rules
2396,328,BCA_CA_KHA_PC04,Phong Canh sat đieu tra toi pham ve ma tuy - Cong an Tinh Khanh Hoa,no_accent,auto_rule
2397,328,BCA_CA_KHA_PC04,PCSĐTTPMTCATKH,abbreviation,auto_rule
2398,329,BCA_CA_KHA_PC06,Phòng Cảnh sát quản lý hành chính về trật tự xã hội - Công an Tỉnh Khánh Hòa,canonical,manual_registry
2399,329,BCA_CA_KHA_PC06,Phòng Cảnh sát quản lý hành chính về trật tự xã hội - CA Tỉnh Khánh Hòa,alias,domain_rules
2400,329,BCA_CA_KHA_PC06,Phòng Cảnh sát quản lý hành chính về trật tự xã hội - CA Khánh Hòa,abbreviation,domain_rules
2401,329,BCA_CA_KHA_PC06,PC06 - Công an Tỉnh Khánh Hòa,abbreviation,domain_rules
2402,329,BCA_CA_KHA_PC06,Phòng CSQLHC - Công an Tỉnh Khánh Hòa,alias,domain_rules
2403,329,BCA_CA_KHA_PC06,Phong Canh sat quan ly hanh chinh ve trat tu xa hoi - Cong an Tinh Khanh Hoa,no_accent,auto_rule
2404,329,BCA_CA_KHA_PC06,PCSQLHCTTXHCATKH,abbreviation,auto_rule
2405,329,BCA_CA_KHA_PC06,hòng Cảnh sát quản lý hành hnh về trật tự xã hội - Công an Tỉnh Khánh Hòa,typo_ocr,noise_injector
2406,330,BCA_CA_KHA_PC08,Phòng Cảnh sát giao thông - Công an Tỉnh Khánh Hòa,canonical,manual_registry
2407,330,BCA_CA_KHA_PC08,Phòng Cảnh sát giao thông - CA Tỉnh Khánh Hòa,alias,domain_rules
2408,330,BCA_CA_KHA_PC08,Phòng Cảnh sát giao thông - CA Khánh Hòa,abbreviation,domain_rules
2409,330,BCA_CA_KHA_PC08,PC08 - Công an Tỉnh Khánh Hòa,abbreviation,domain_rules
2410,330,BCA_CA_KHA_PC08,Phòng CSGT - Công an Tỉnh Khánh Hòa,alias,domain_rules
2411,330,BCA_CA_KHA_PC08,Phong Canh sat giao thong - Cong an Tinh Khanh Hoa,no_accent,auto_rule
2412,330,BCA_CA_KHA_PC08,PCSGTCATKH,abbreviation,auto_rule
2413,330,BCA_CA_KHA_PC08,Phòng Cảnh sát giao thông - Côg an Tỉnh Khánh Hò,typo_ocr,noise_injector
2414,330,BCA_CA_KHA_PC08,Phòng Cảnh sát giao thông -Công an Tỉnh hánh Hòa,typo_ocr,noise_injector
2415,331,BCA_CA_KHA_PA01,Phòng An ninh đối ngoại - Công an Tỉnh Khánh Hòa,canonical,manual_registry
2416,331,BCA_CA_KHA_PA01,Phòng An ninh đối ngoại - CA Tỉnh Khánh Hòa,alias,domain_rules
2417,331,BCA_CA_KHA_PA01,Phòng An ninh đối ngoại - CA Khánh Hòa,abbreviation,domain_rules
2418,331,BCA_CA_KHA_PA01,Phong An ninh đoi ngoai - Cong an Tinh Khanh Hoa,no_accent,auto_rule
2419,331,BCA_CA_KHA_PA01,PANĐNCATKH,abbreviation,auto_rule
2420,331,BCA_CA_KHA_PA01,Phòn An ninh đối ngoại - Công an Tỉnh Khánh Hòa,typo_ocr,noise_injector
2421,332,BCA_CA_KHA_PA02,Phòng An ninh nội địa - Công an Tỉnh Khánh Hòa,canonical,manual_registry
2422,332,BCA_CA_KHA_PA02,Phòng An ninh nội địa - CA Tỉnh Khánh Hòa,alias,domain_rules
2423,332,BCA_CA_KHA_PA02,Phòng An ninh nội địa - CA Khánh Hòa,abbreviation,domain_rules
2424,332,BCA_CA_KHA_PA02,Phong An ninh noi đia - Cong an Tinh Khanh Hoa,no_accent,auto_rule
2425,332,BCA_CA_KHA_PA02,PANNĐCATKH,abbreviation,auto_rule
2426,332,BCA_CA_KHA_PA02,Phòng An ninh nội đị - Công an Tỉnh Khánh Hòa,typo_ocr,noise_injector
2427,332,BCA_CA_KHA_PA02,Phòng An ninh nội địa - Công an Tỉnh Khánh Ha,typo_ocr,noise_injector
2428,333,BCA_CA_KHA_PA03,Phòng An ninh chính trị nội bộ - Công an Tỉnh Khánh Hòa,canonical,manual_registry
2429,333,BCA_CA_KHA_PA03,Phòng An ninh chính trị nội bộ - CA Tỉnh Khánh Hòa,alias,domain_rules
2430,333,BCA_CA_KHA_PA03,Phòng An ninh chính trị nội bộ - CA Khánh Hòa,abbreviation,domain_rules
2431,333,BCA_CA_KHA_PA03,Phong An ninh chinh tri noi bo - Cong an Tinh Khanh Hoa,no_accent,auto_rule
2432,333,BCA_CA_KHA_PA03,PANCTNBCATKH,abbreviation,auto_rule
2433,333,BCA_CA_KHA_PA03,Pòng An ninh chính trị nộiộ - Công an Tỉnh Khánh Hòa,typo_ocr,noise_injector
2434,334,BCA_CA_KHA_PA05,Phòng An ninh mạng và phòng chống tội phạm công nghệ cao - Công an Tỉnh Khánh Hòa,canonical,manual_registry
2435,334,BCA_CA_KHA_PA05,Phòng An ninh mạng và phòng chống tội phạm công nghệ cao - CA Tỉnh Khánh Hòa,alias,domain_rules
2436,334,BCA_CA_KHA_PA05,Phòng An ninh mạng và phòng chống tội phạm công nghệ cao - CA Khánh Hòa,abbreviation,domain_rules
2437,334,BCA_CA_KHA_PA05,Phong An ninh mang va phong chong toi pham cong nghe cao - Cong an Tinh Khanh Hoa,no_accent,auto_rule
2438,334,BCA_CA_KHA_PA05,PANMPCTPCNCCATKH,abbreviation,auto_rule
2439,334,BCA_CA_KHA_PA05,Phòng An ninh mạng và phòg chống tội phạm công gh cao - Công an Tỉnh Khánh Hòa,typo_ocr,noise_injector
2440,334,BCA_CA_KHA_PA05,Phòng An ninh mạng và phòng chống tội phm công nghệ cao - Công an Tỉnh Khánh Hòa,typo_ocr,noise_injector
2441,335,BCA_CA_BTN,Công an Tỉnh Bình Thuận,canonical,manual_registry
2442,335,BCA_CA_BTN,CA Tỉnh Bình Thuận,alias,domain_rules
2443,335,BCA_CA_BTN,CA Bình Thuận,abbreviation,domain_rules
2444,335,BCA_CA_BTN,Cong an Tinh Binh Thuan,no_accent,auto_rule
2445,335,BCA_CA_BTN,CATBT,abbreviation,auto_rule
2446,335,BCA_CA_BTN,Công a Tỉh Bình Thuận,typo_ocr,noise_injector
2447,336,BCA_CA_BTN_PC01,Văn phòng Cơ quan Cảnh sát điều tra - Công an Tỉnh Bình Thuận,canonical,manual_registry
2448,336,BCA_CA_BTN_PC01,Văn phòng Cơ quan Cảnh sát điều tra - CA Tỉnh Bình Thuận,alias,domain_rules
2449,336,BCA_CA_BTN_PC01,Văn phòng Cơ quan Cảnh sát điều tra - CA Bình Thuận,abbreviation,domain_rules
2450,336,BCA_CA_BTN_PC01,PC01 - Công an Tỉnh Bình Thuận,abbreviation,domain_rules
2451,336,BCA_CA_BTN_PC01,Van phong Co quan Canh sat đieu tra - Cong an Tinh Binh Thuan,no_accent,auto_rule
2452,336,BCA_CA_BTN_PC01,VPCSĐTCATBT,abbreviation,auto_rule
2453,336,BCA_CA_BTN_PC01,Văn phòng Cơ quan Cảnh sát điều tra - Cng an Tỉnh BìnThuận,typo_ocr,noise_injector
2454,336,BCA_CA_BTN_PC01,Văn phòng Cơ quan Cảnh sát điều tra - Công an ỉnh BìnhThuận,typo_ocr,noise_injector
2455,337,BCA_CA_BTN_PC02,Phòng Cảnh sát hình sự - Công an Tỉnh Bình Thuận,canonical,manual_registry
2456,337,BCA_CA_BTN_PC02,Phòng Cảnh sát hình sự - CA Tỉnh Bình Thuận,alias,domain_rules
2457,337,BCA_CA_BTN_PC02,Phòng Cảnh sát hình sự - CA Bình Thuận,abbreviation,domain_rules
2458,337,BCA_CA_BTN_PC02,PC02 - Công an Tỉnh Bình Thuận,abbreviation,domain_rules
2459,337,BCA_CA_BTN_PC02,Phòng CSHS - Công an Tỉnh Bình Thuận,alias,domain_rules
2460,337,BCA_CA_BTN_PC02,Phong Canh sat hinh su - Cong an Tinh Binh Thuan,no_accent,auto_rule
2461,337,BCA_CA_BTN_PC02,PCSHSCATBT,abbreviation,auto_rule
2462,337,BCA_CA_BTN_PC02,Phòng Cảnh sát hình sự - Công an Tỉnh BìnhTuận,typo_ocr,noise_injector
2463,337,BCA_CA_BTN_PC02,Phòng Cảnh sát hình sự- Công an Tỉnh Bình Thuận,typo_ocr,noise_injector
2464,338,BCA_CA_BTN_PC03,Phòng Cảnh sát kinh tế - Công an Tỉnh Bình Thuận,canonical,manual_registry
2465,338,BCA_CA_BTN_PC03,Phòng Cảnh sát kinh tế - CA Tỉnh Bình Thuận,alias,domain_rules
2466,338,BCA_CA_BTN_PC03,Phòng Cảnh sát kinh tế - CA Bình Thuận,abbreviation,domain_rules
2467,338,BCA_CA_BTN_PC03,Phong Canh sat kinh te - Cong an Tinh Binh Thuan,no_accent,auto_rule
2468,338,BCA_CA_BTN_PC03,PCSKTCATBT,abbreviation,auto_rule
2469,338,BCA_CA_BTN_PC03,Phng Cảnh sát kinh tế - Công n Tỉnh Bình Thuận,typo_ocr,noise_injector
2470,339,BCA_CA_BTN_PC04,Phòng Cảnh sát điều tra tội phạm về ma túy - Công an Tỉnh Bình Thuận,canonical,manual_registry
2471,339,BCA_CA_BTN_PC04,Phòng Cảnh sát điều tra tội phạm về ma túy - CA Tỉnh Bình Thuận,alias,domain_rules
2472,339,BCA_CA_BTN_PC04,Phòng Cảnh sát điều tra tội phạm về ma túy - CA Bình Thuận,abbreviation,domain_rules
2473,339,BCA_CA_BTN_PC04,PC04 - Công an Tỉnh Bình Thuận,abbreviation,domain_rules
2474,339,BCA_CA_BTN_PC04,Phòng CS ma túy - Công an Tỉnh Bình Thuận,alias,domain_rules
2475,339,BCA_CA_BTN_PC04,Phong Canh sat đieu tra toi pham ve ma tuy - Cong an Tinh Binh Thuan,no_accent,auto_rule
2476,339,BCA_CA_BTN_PC04,PCSĐTTPMTCATBT,abbreviation,auto_rule
2477,339,BCA_CA_BTN_PC04,Phòng ảnh sát điều tra ội phạm về ma túy - Công an Tỉnh Bình Thuận,typo_ocr,noise_injector
2478,340,BCA_CA_BTN_PC06,Phòng Cảnh sát quản lý hành chính về trật tự xã hội - Công an Tỉnh Bình Thuận,canonical,manual_registry
2479,340,BCA_CA_BTN_PC06,Phòng Cảnh sát quản lý hành chính về trật tự xã hội - CA Tỉnh Bình Thuận,alias,domain_rules
2480,340,BCA_CA_BTN_PC06,Phòng Cảnh sát quản lý hành chính về trật tự xã hội - CA Bình Thuận,abbreviation,domain_rules
2481,340,BCA_CA_BTN_PC06,PC06 - Công an Tỉnh Bình Thuận,abbreviation,domain_rules
2482,340,BCA_CA_BTN_PC06,Phòng CSQLHC - Công an Tỉnh Bình Thuận,alias,domain_rules
2483,340,BCA_CA_BTN_PC06,Phong Canh sat quan ly hanh chinh ve trat tu xa hoi - Cong an Tinh Binh Thuan,no_accent,auto_rule
2484,340,BCA_CA_BTN_PC06,PCSQLHCTTXHCATBT,abbreviation,auto_rule
2485,340,BCA_CA_BTN_PC06,Phòng Cảnh sát quản lý hành chính về trật tự xã hội - Công an Tnh BìnhThuận,typo_ocr,noise_injector
2486,341,BCA_CA_BTN_PC08,Phòng Cảnh sát giao thông - Công an Tỉnh Bình Thuận,canonical,manual_registry
2487,341,BCA_CA_BTN_PC08,Phòng Cảnh sát giao thông - CA Tỉnh Bình Thuận,alias,domain_rules
2488,341,BCA_CA_BTN_PC08,Phòng Cảnh sát giao thông - CA Bình Thuận,abbreviation,domain_rules
2489,341,BCA_CA_BTN_PC08,PC08 - Công an Tỉnh Bình Thuận,abbreviation,domain_rules
2490,341,BCA_CA_BTN_PC08,Phòng CSGT - Công an Tỉnh Bình Thuận,alias,domain_rules
2491,341,BCA_CA_BTN_PC08,Phong Canh sat giao thong - Cong an Tinh Binh Thuan,no_accent,auto_rule
2492,341,BCA_CA_BTN_PC08,PCSGTCATBT,abbreviation,auto_rule
2493,341,BCA_CA_BTN_PC08,Phòng Cảnh át giao thông - Công an Tỉnh Bình Thuận,typo_ocr,noise_injector
2494,342,BCA_CA_BTN_PA01,Phòng An ninh đối ngoại - Công an Tỉnh Bình Thuận,canonical,manual_registry
2495,342,BCA_CA_BTN_PA01,Phòng An ninh đối ngoại - CA Tỉnh Bình Thuận,alias,domain_rules
2496,342,BCA_CA_BTN_PA01,Phòng An ninh đối ngoại - CA Bình Thuận,abbreviation,domain_rules
2497,342,BCA_CA_BTN_PA01,Phong An ninh đoi ngoai - Cong an Tinh Binh Thuan,no_accent,auto_rule
2498,342,BCA_CA_BTN_PA01,PANĐNCATBT,abbreviation,auto_rule
2499,342,BCA_CA_BTN_PA01,Phòng An ninhđối ngoạ - Công an Tỉnh Bình Thuận,typo_ocr,noise_injector
2500,343,BCA_CA_BTN_PA02,Phòng An ninh nội địa - Công an Tỉnh Bình Thuận,canonical,manual_registry
2501,343,BCA_CA_BTN_PA02,Phòng An ninh nội địa - CA Tỉnh Bình Thuận,alias,domain_rules
2502,343,BCA_CA_BTN_PA02,Phòng An ninh nội địa - CA Bình Thuận,abbreviation,domain_rules
2503,343,BCA_CA_BTN_PA02,Phong An ninh noi đia - Cong an Tinh Binh Thuan,no_accent,auto_rule
2504,343,BCA_CA_BTN_PA02,PANNĐCATBT,abbreviation,auto_rule
2505,343,BCA_CA_BTN_PA02,Phòng An ninh nội địa - Công an Tỉnh BìnhThuận,typo_ocr,noise_injector
2506,343,BCA_CA_BTN_PA02,Phòng An ninh nội địa - Công an Tỉnh Bình huận,typo_ocr,noise_injector
2507,344,BCA_CA_BTN_PA03,Phòng An ninh chính trị nội bộ - Công an Tỉnh Bình Thuận,canonical,manual_registry
2508,344,BCA_CA_BTN_PA03,Phòng An ninh chính trị nội bộ - CA Tỉnh Bình Thuận,alias,domain_rules
2509,344,BCA_CA_BTN_PA03,Phòng An ninh chính trị nội bộ - CA Bình Thuận,abbreviation,domain_rules
2510,344,BCA_CA_BTN_PA03,Phong An ninh chinh tri noi bo - Cong an Tinh Binh Thuan,no_accent,auto_rule
2511,344,BCA_CA_BTN_PA03,PANCTNBCATBT,abbreviation,auto_rule
2512,344,BCA_CA_BTN_PA03,Phòng An ninh chính trị nội bộ - Công an ỉnh Bình Thuận,typo_ocr,noise_injector
2513,344,BCA_CA_BTN_PA03,Phòng An ninh chín trị nội bộ - Công an Tỉnh Bình Thuận,typo_ocr,noise_injector
2514,345,BCA_CA_BTN_PA05,Phòng An ninh mạng và phòng chống tội phạm công nghệ cao - Công an Tỉnh Bình Thuận,canonical,manual_registry
2515,345,BCA_CA_BTN_PA05,Phòng An ninh mạng và phòng chống tội phạm công nghệ cao - CA Tỉnh Bình Thuận,alias,domain_rules
2516,345,BCA_CA_BTN_PA05,Phòng An ninh mạng và phòng chống tội phạm công nghệ cao - CA Bình Thuận,abbreviation,domain_rules
2517,345,BCA_CA_BTN_PA05,Phong An ninh mang va phong chong toi pham cong nghe cao - Cong an Tinh Binh Thuan,no_accent,auto_rule
2518,345,BCA_CA_BTN_PA05,PANMPCTPCNCCATBT,abbreviation,auto_rule
2519,345,BCA_CA_BTN_PA05,Phòng An ninh mạng và phng chống tội phạm công nghệ cao - Công an Tỉnh Bình Thuận,typo_ocr,noise_injector
2520,345,BCA_CA_BTN_PA05,Phòng An ninh mạng và phòng chống tội phạm cng nghệ cao - Công a TỉnhBình Thuận,typo_ocr,noise_injector
2521,346,BCA_CA_NTN,Công an Tỉnh Ninh Thuận,canonical,manual_registry
2522,346,BCA_CA_NTN,CA Tỉnh Ninh Thuận,alias,domain_rules
2523,346,BCA_CA_NTN,CA Ninh Thuận,abbreviation,domain_rules
2524,346,BCA_CA_NTN,Cong an Tinh Ninh Thuan,no_accent,auto_rule
2525,346,BCA_CA_NTN,CATNT,abbreviation,auto_rule
2526,347,BCA_CA_NTN_PC01,Văn phòng Cơ quan Cảnh sát điều tra - Công an Tỉnh Ninh Thuận,canonical,manual_registry
2527,347,BCA_CA_NTN_PC01,Văn phòng Cơ quan Cảnh sát điều tra - CA Tỉnh Ninh Thuận,alias,domain_rules
2528,347,BCA_CA_NTN_PC01,Văn phòng Cơ quan Cảnh sát điều tra - CA Ninh Thuận,abbreviation,domain_rules
2529,347,BCA_CA_NTN_PC01,PC01 - Công an Tỉnh Ninh Thuận,abbreviation,domain_rules
2530,347,BCA_CA_NTN_PC01,Van phong Co quan Canh sat đieu tra - Cong an Tinh Ninh Thuan,no_accent,auto_rule
2531,347,BCA_CA_NTN_PC01,VPCSĐTCATNT,abbreviation,auto_rule
2532,347,BCA_CA_NTN_PC01,Văn phòng Cơ uan Cảnh st điều tra  Công an Tỉnh Ninh Thuận,typo_ocr,noise_injector
2533,347,BCA_CA_NTN_PC01,Văn phòng Cơ quan Cảnh sát điều ta - Công an Tỉnh Ninh Thuận,typo_ocr,noise_injector
2534,348,BCA_CA_NTN_PC02,Phòng Cảnh sát hình sự - Công an Tỉnh Ninh Thuận,canonical,manual_registry
2535,348,BCA_CA_NTN_PC02,Phòng Cảnh sát hình sự - CA Tỉnh Ninh Thuận,alias,domain_rules
2536,348,BCA_CA_NTN_PC02,Phòng Cảnh sát hình sự - CA Ninh Thuận,abbreviation,domain_rules
2537,348,BCA_CA_NTN_PC02,PC02 - Công an Tỉnh Ninh Thuận,abbreviation,domain_rules
2538,348,BCA_CA_NTN_PC02,Phòng CSHS - Công an Tỉnh Ninh Thuận,alias,domain_rules
2539,348,BCA_CA_NTN_PC02,Phong Canh sat hinh su - Cong an Tinh Ninh Thuan,no_accent,auto_rule
2540,348,BCA_CA_NTN_PC02,PCSHSCATNT,abbreviation,auto_rule
2541,348,BCA_CA_NTN_PC02,Phòng Cảnh sát hình sự - Công an Tỉnh Ninh Thận,typo_ocr,noise_injector
2542,349,BCA_CA_NTN_PC03,Phòng Cảnh sát kinh tế - Công an Tỉnh Ninh Thuận,canonical,manual_registry
2543,349,BCA_CA_NTN_PC03,Phòng Cảnh sát kinh tế - CA Tỉnh Ninh Thuận,alias,domain_rules
2544,349,BCA_CA_NTN_PC03,Phòng Cảnh sát kinh tế - CA Ninh Thuận,abbreviation,domain_rules
2545,349,BCA_CA_NTN_PC03,Phong Canh sat kinh te - Cong an Tinh Ninh Thuan,no_accent,auto_rule
2546,349,BCA_CA_NTN_PC03,PCSKTCATNT,abbreviation,auto_rule
2547,349,BCA_CA_NTN_PC03,Phòng Cảh sát kinh tế - Công an Tỉnh Ninh huận,typo_ocr,noise_injector
2548,349,BCA_CA_NTN_PC03,Phòng Cảnh sát kinh tế - Công an Tỉnh inh Thuận,typo_ocr,noise_injector
2549,350,BCA_CA_NTN_PC04,Phòng Cảnh sát điều tra tội phạm về ma túy - Công an Tỉnh Ninh Thuận,canonical,manual_registry
2550,350,BCA_CA_NTN_PC04,Phòng Cảnh sát điều tra tội phạm về ma túy - CA Tỉnh Ninh Thuận,alias,domain_rules
2551,350,BCA_CA_NTN_PC04,Phòng Cảnh sát điều tra tội phạm về ma túy - CA Ninh Thuận,abbreviation,domain_rules
2552,350,BCA_CA_NTN_PC04,PC04 - Công an Tỉnh Ninh Thuận,abbreviation,domain_rules
2553,350,BCA_CA_NTN_PC04,Phòng CS ma túy - Công an Tỉnh Ninh Thuận,alias,domain_rules
2554,350,BCA_CA_NTN_PC04,Phong Canh sat đieu tra toi pham ve ma tuy - Cong an Tinh Ninh Thuan,no_accent,auto_rule
2555,350,BCA_CA_NTN_PC04,PCSĐTTPMTCATNT,abbreviation,auto_rule
2556,350,BCA_CA_NTN_PC04,Phòn Cảnh sát điều tra tội phạm về ma úy - Công an Tỉnh Ninh Thuận,typo_ocr,noise_injector
2557,351,BCA_CA_NTN_PC06,Phòng Cảnh sát quản lý hành chính về trật tự xã hội - Công an Tỉnh Ninh Thuận,canonical,manual_registry
2558,351,BCA_CA_NTN_PC06,Phòng Cảnh sát quản lý hành chính về trật tự xã hội - CA Tỉnh Ninh Thuận,alias,domain_rules
2559,351,BCA_CA_NTN_PC06,Phòng Cảnh sát quản lý hành chính về trật tự xã hội - CA Ninh Thuận,abbreviation,domain_rules
2560,351,BCA_CA_NTN_PC06,PC06 - Công an Tỉnh Ninh Thuận,abbreviation,domain_rules
2561,351,BCA_CA_NTN_PC06,Phòng CSQLHC - Công an Tỉnh Ninh Thuận,alias,domain_rules
2562,351,BCA_CA_NTN_PC06,Phong Canh sat quan ly hanh chinh ve trat tu xa hoi - Cong an Tinh Ninh Thuan,no_accent,auto_rule
2563,351,BCA_CA_NTN_PC06,PCSQLHCTTXHCATNT,abbreviation,auto_rule
2564,351,BCA_CA_NTN_PC06,Phòng Cảnh sátquản lý hành chính về trật tự xã hội - Công an Tỉnh inh Thuận,typo_ocr,noise_injector
2565,352,BCA_CA_NTN_PC08,Phòng Cảnh sát giao thông - Công an Tỉnh Ninh Thuận,canonical,manual_registry
2566,352,BCA_CA_NTN_PC08,Phòng Cảnh sát giao thông - CA Tỉnh Ninh Thuận,alias,domain_rules
2567,352,BCA_CA_NTN_PC08,Phòng Cảnh sát giao thông - CA Ninh Thuận,abbreviation,domain_rules
2568,352,BCA_CA_NTN_PC08,PC08 - Công an Tỉnh Ninh Thuận,abbreviation,domain_rules
2569,352,BCA_CA_NTN_PC08,Phòng CSGT - Công an Tỉnh Ninh Thuận,alias,domain_rules
2570,352,BCA_CA_NTN_PC08,Phong Canh sat giao thong - Cong an Tinh Ninh Thuan,no_accent,auto_rule
2571,352,BCA_CA_NTN_PC08,PCSGTCATNT,abbreviation,auto_rule
2572,352,BCA_CA_NTN_PC08,Phòng Cảnh sát giao thông - Công an TỉnhNinh Tuận,typo_ocr,noise_injector
2573,353,BCA_CA_NTN_PA01,Phòng An ninh đối ngoại - Công an Tỉnh Ninh Thuận,canonical,manual_registry
2574,353,BCA_CA_NTN_PA01,Phòng An ninh đối ngoại - CA Tỉnh Ninh Thuận,alias,domain_rules
2575,353,BCA_CA_NTN_PA01,Phòng An ninh đối ngoại - CA Ninh Thuận,abbreviation,domain_rules
2576,353,BCA_CA_NTN_PA01,Phong An ninh đoi ngoai - Cong an Tinh Ninh Thuan,no_accent,auto_rule
2577,353,BCA_CA_NTN_PA01,PANĐNCATNT,abbreviation,auto_rule
2578,354,BCA_CA_NTN_PA02,Phòng An ninh nội địa - Công an Tỉnh Ninh Thuận,canonical,manual_registry
2579,354,BCA_CA_NTN_PA02,Phòng An ninh nội địa - CA Tỉnh Ninh Thuận,alias,domain_rules
2580,354,BCA_CA_NTN_PA02,Phòng An ninh nội địa - CA Ninh Thuận,abbreviation,domain_rules
2581,354,BCA_CA_NTN_PA02,Phong An ninh noi đia - Cong an Tinh Ninh Thuan,no_accent,auto_rule
2582,354,BCA_CA_NTN_PA02,PANNĐCATNT,abbreviation,auto_rule
2583,355,BCA_CA_NTN_PA03,Phòng An ninh chính trị nội bộ - Công an Tỉnh Ninh Thuận,canonical,manual_registry
2584,355,BCA_CA_NTN_PA03,Phòng An ninh chính trị nội bộ - CA Tỉnh Ninh Thuận,alias,domain_rules
2585,355,BCA_CA_NTN_PA03,Phòng An ninh chính trị nội bộ - CA Ninh Thuận,abbreviation,domain_rules
2586,355,BCA_CA_NTN_PA03,Phong An ninh chinh tri noi bo - Cong an Tinh Ninh Thuan,no_accent,auto_rule
2587,355,BCA_CA_NTN_PA03,PANCTNBCATNT,abbreviation,auto_rule
2588,355,BCA_CA_NTN_PA03,Phòng An ninh chính trị nội bộ- Công an Tỉnh Ninh Thuận,typo_ocr,noise_injector
2589,355,BCA_CA_NTN_PA03,Phòng An ninh chính trị nội bộ - Cng an Tỉnh Ninh Thuận,typo_ocr,noise_injector
2590,356,BCA_CA_NTN_PA05,Phòng An ninh mạng và phòng chống tội phạm công nghệ cao - Công an Tỉnh Ninh Thuận,canonical,manual_registry
2591,356,BCA_CA_NTN_PA05,Phòng An ninh mạng và phòng chống tội phạm công nghệ cao - CA Tỉnh Ninh Thuận,alias,domain_rules
2592,356,BCA_CA_NTN_PA05,Phòng An ninh mạng và phòng chống tội phạm công nghệ cao - CA Ninh Thuận,abbreviation,domain_rules
2593,356,BCA_CA_NTN_PA05,Phong An ninh mang va phong chong toi pham cong nghe cao - Cong an Tinh Ninh Thuan,no_accent,auto_rule
2594,356,BCA_CA_NTN_PA05,PANMPCTPCNCCATNT,abbreviation,auto_rule
2595,356,BCA_CA_NTN_PA05,Phòng An ninh mạng và phòn chốn tội phạm công nghệ cao - Công an Tỉnh Ninh Thun,typo_ocr,noise_injector
2596,356,BCA_CA_NTN_PA05,Phòng An ninh mạng và phòng chống tội phạm công nghệ cao - ông an Tỉnh Ninh Thuận,typo_ocr,noise_injector
2597,357,BCA_CA_PY,Công an Tỉnh Phú Yên,canonical,manual_registry
2598,357,BCA_CA_PY,CA Tỉnh Phú Yên,alias,domain_rules
2599,357,BCA_CA_PY,CA Phú Yên,abbreviation,domain_rules
2600,357,BCA_CA_PY,Cong an Tinh Phu Yen,no_accent,auto_rule
2601,357,BCA_CA_PY,CATPY,abbreviation,auto_rule
2602,357,BCA_CA_PY,Công an Tỉnh hú Yên,typo_ocr,noise_injector
2603,357,BCA_CA_PY,Công an Tnh Phú Yên,typo_ocr,noise_injector
2604,358,BCA_CA_PY_PC01,Văn phòng Cơ quan Cảnh sát điều tra - Công an Tỉnh Phú Yên,canonical,manual_registry
2605,358,BCA_CA_PY_PC01,Văn phòng Cơ quan Cảnh sát điều tra - CA Tỉnh Phú Yên,alias,domain_rules
2606,358,BCA_CA_PY_PC01,Văn phòng Cơ quan Cảnh sát điều tra - CA Phú Yên,abbreviation,domain_rules
2607,358,BCA_CA_PY_PC01,PC01 - Công an Tỉnh Phú Yên,abbreviation,domain_rules
2608,358,BCA_CA_PY_PC01,Van phong Co quan Canh sat đieu tra - Cong an Tinh Phu Yen,no_accent,auto_rule
2609,358,BCA_CA_PY_PC01,VPCSĐTCATPY,abbreviation,auto_rule
2610,358,BCA_CA_PY_PC01,Vă phòng Cơ quan Cảnh sát điều tra - Công an Tỉnh Phú Yên,typo_ocr,noise_injector
2611,359,BCA_CA_PY_PC02,Phòng Cảnh sát hình sự - Công an Tỉnh Phú Yên,canonical,manual_registry
2612,359,BCA_CA_PY_PC02,Phòng Cảnh sát hình sự - CA Tỉnh Phú Yên,alias,domain_rules
2613,359,BCA_CA_PY_PC02,Phòng Cảnh sát hình sự - CA Phú Yên,abbreviation,domain_rules
2614,359,BCA_CA_PY_PC02,PC02 - Công an Tỉnh Phú Yên,abbreviation,domain_rules
2615,359,BCA_CA_PY_PC02,Phòng CSHS - Công an Tỉnh Phú Yên,alias,domain_rules
2616,359,BCA_CA_PY_PC02,Phong Canh sat hinh su - Cong an Tinh Phu Yen,no_accent,auto_rule
2617,359,BCA_CA_PY_PC02,PCSHSCATPY,abbreviation,auto_rule
2618,359,BCA_CA_PY_PC02,Phòng Cảnh sát hnh sự - Công an Tỉnh Phú Yên,typo_ocr,noise_injector
2619,359,BCA_CA_PY_PC02,Pòng Cảnh st hình sự - Công an Tỉnh Phú Yên,typo_ocr,noise_injector
2620,360,BCA_CA_PY_PC03,Phòng Cảnh sát kinh tế - Công an Tỉnh Phú Yên,canonical,manual_registry
2621,360,BCA_CA_PY_PC03,Phòng Cảnh sát kinh tế - CA Tỉnh Phú Yên,alias,domain_rules
2622,360,BCA_CA_PY_PC03,Phòng Cảnh sát kinh tế - CA Phú Yên,abbreviation,domain_rules
2623,360,BCA_CA_PY_PC03,Phong Canh sat kinh te - Cong an Tinh Phu Yen,no_accent,auto_rule
2624,360,BCA_CA_PY_PC03,PCSKTCATPY,abbreviation,auto_rule
2625,360,BCA_CA_PY_PC03,Phòng Cảnh sát kinh tế - Công an Tỉnh Phú Yê,typo_ocr,noise_injector
2626,361,BCA_CA_PY_PC04,Phòng Cảnh sát điều tra tội phạm về ma túy - Công an Tỉnh Phú Yên,canonical,manual_registry
2627,361,BCA_CA_PY_PC04,Phòng Cảnh sát điều tra tội phạm về ma túy - CA Tỉnh Phú Yên,alias,domain_rules
2628,361,BCA_CA_PY_PC04,Phòng Cảnh sát điều tra tội phạm về ma túy - CA Phú Yên,abbreviation,domain_rules
2629,361,BCA_CA_PY_PC04,PC04 - Công an Tỉnh Phú Yên,abbreviation,domain_rules
2630,361,BCA_CA_PY_PC04,Phòng CS ma túy - Công an Tỉnh Phú Yên,alias,domain_rules
2631,361,BCA_CA_PY_PC04,Phong Canh sat đieu tra toi pham ve ma tuy - Cong an Tinh Phu Yen,no_accent,auto_rule
2632,361,BCA_CA_PY_PC04,PCSĐTTPMTCATPY,abbreviation,auto_rule
2633,362,BCA_CA_PY_PC06,Phòng Cảnh sát quản lý hành chính về trật tự xã hội - Công an Tỉnh Phú Yên,canonical,manual_registry
2634,362,BCA_CA_PY_PC06,Phòng Cảnh sát quản lý hành chính về trật tự xã hội - CA Tỉnh Phú Yên,alias,domain_rules
2635,362,BCA_CA_PY_PC06,Phòng Cảnh sát quản lý hành chính về trật tự xã hội - CA Phú Yên,abbreviation,domain_rules
2636,362,BCA_CA_PY_PC06,PC06 - Công an Tỉnh Phú Yên,abbreviation,domain_rules
2637,362,BCA_CA_PY_PC06,Phòng CSQLHC - Công an Tỉnh Phú Yên,alias,domain_rules
2638,362,BCA_CA_PY_PC06,Phong Canh sat quan ly hanh chinh ve trat tu xa hoi - Cong an Tinh Phu Yen,no_accent,auto_rule
2639,362,BCA_CA_PY_PC06,PCSQLHCTTXHCATPY,abbreviation,auto_rule
2640,362,BCA_CA_PY_PC06,Phòng Cảnh sát quản lý hành chính về tật tự xã hội - Côg an Tnh Phú Yên,typo_ocr,noise_injector
2641,362,BCA_CA_PY_PC06,Phòng Cảnhsát quản lý hànhchính về trật tự xã hội - Công an Tỉnh Phú Yên,typo_ocr,noise_injector
2642,363,BCA_CA_PY_PC08,Phòng Cảnh sát giao thông - Công an Tỉnh Phú Yên,canonical,manual_registry
2643,363,BCA_CA_PY_PC08,Phòng Cảnh sát giao thông - CA Tỉnh Phú Yên,alias,domain_rules
2644,363,BCA_CA_PY_PC08,Phòng Cảnh sát giao thông - CA Phú Yên,abbreviation,domain_rules
2645,363,BCA_CA_PY_PC08,PC08 - Công an Tỉnh Phú Yên,abbreviation,domain_rules
2646,363,BCA_CA_PY_PC08,Phòng CSGT - Công an Tỉnh Phú Yên,alias,domain_rules
2647,363,BCA_CA_PY_PC08,Phong Canh sat giao thong - Cong an Tinh Phu Yen,no_accent,auto_rule
2648,363,BCA_CA_PY_PC08,PCSGTCATPY,abbreviation,auto_rule
2649,364,BCA_CA_PY_PA01,Phòng An ninh đối ngoại - Công an Tỉnh Phú Yên,canonical,manual_registry
2650,364,BCA_CA_PY_PA01,Phòng An ninh đối ngoại - CA Tỉnh Phú Yên,alias,domain_rules
2651,364,BCA_CA_PY_PA01,Phòng An ninh đối ngoại - CA Phú Yên,abbreviation,domain_rules
2652,364,BCA_CA_PY_PA01,Phong An ninh đoi ngoai - Cong an Tinh Phu Yen,no_accent,auto_rule
2653,364,BCA_CA_PY_PA01,PANĐNCATPY,abbreviation,auto_rule
2654,364,BCA_CA_PY_PA01,Phòng An ninh đối ngoại -Công an Tỉnh Phú Yên,typo_ocr,noise_injector
2655,365,BCA_CA_PY_PA02,Phòng An ninh nội địa - Công an Tỉnh Phú Yên,canonical,manual_registry
2656,365,BCA_CA_PY_PA02,Phòng An ninh nội địa - CA Tỉnh Phú Yên,alias,domain_rules
2657,365,BCA_CA_PY_PA02,Phòng An ninh nội địa - CA Phú Yên,abbreviation,domain_rules
2658,365,BCA_CA_PY_PA02,Phong An ninh noi đia - Cong an Tinh Phu Yen,no_accent,auto_rule
2659,365,BCA_CA_PY_PA02,PANNĐCATPY,abbreviation,auto_rule
2660,365,BCA_CA_PY_PA02,Phòng An inh nội địa - Công an Tỉnh PhúYên,typo_ocr,noise_injector
2661,366,BCA_CA_PY_PA03,Phòng An ninh chính trị nội bộ - Công an Tỉnh Phú Yên,canonical,manual_registry
2662,366,BCA_CA_PY_PA03,Phòng An ninh chính trị nội bộ - CA Tỉnh Phú Yên,alias,domain_rules
2663,366,BCA_CA_PY_PA03,Phòng An ninh chính trị nội bộ - CA Phú Yên,abbreviation,domain_rules
2664,366,BCA_CA_PY_PA03,Phong An ninh chinh tri noi bo - Cong an Tinh Phu Yen,no_accent,auto_rule
2665,366,BCA_CA_PY_PA03,PANCTNBCATPY,abbreviation,auto_rule
2666,367,BCA_CA_PY_PA05,Phòng An ninh mạng và phòng chống tội phạm công nghệ cao - Công an Tỉnh Phú Yên,canonical,manual_registry
2667,367,BCA_CA_PY_PA05,Phòng An ninh mạng và phòng chống tội phạm công nghệ cao - CA Tỉnh Phú Yên,alias,domain_rules
2668,367,BCA_CA_PY_PA05,Phòng An ninh mạng và phòng chống tội phạm công nghệ cao - CA Phú Yên,abbreviation,domain_rules
2669,367,BCA_CA_PY_PA05,Phong An ninh mang va phong chong toi pham cong nghe cao - Cong an Tinh Phu Yen,no_accent,auto_rule
2670,367,BCA_CA_PY_PA05,PANMPCTPCNCCATPY,abbreviation,auto_rule
2671,367,BCA_CA_PY_PA05,Phòng Anninh mạg và phòng chống tội phạm côn nghệ cao - Công an Tỉnh Phú Yên,typo_ocr,noise_injector
2672,367,BCA_CA_PY_PA05,Phòng An ninh mạng và phòngchống tội phạm công nghệ cao - Công an Tỉnh Pú Yê,typo_ocr,noise_injector
2673,368,BCA_CA_BDH,Công an Tỉnh Bình Định,canonical,manual_registry
2674,368,BCA_CA_BDH,CA Tỉnh Bình Định,alias,domain_rules
2675,368,BCA_CA_BDH,CA Bình Định,abbreviation,domain_rules
2676,368,BCA_CA_BDH,Cong an Tinh Binh Đinh,no_accent,auto_rule
2677,368,BCA_CA_BDH,CATBĐ,abbreviation,auto_rule
2678,368,BCA_CA_BDH,Công n Tỉnh Bình Đnh,typo_ocr,noise_injector
2679,369,BCA_CA_BDH_PC01,Văn phòng Cơ quan Cảnh sát điều tra - Công an Tỉnh Bình Định,canonical,manual_registry
2680,369,BCA_CA_BDH_PC01,Văn phòng Cơ quan Cảnh sát điều tra - CA Tỉnh Bình Định,alias,domain_rules
2681,369,BCA_CA_BDH_PC01,Văn phòng Cơ quan Cảnh sát điều tra - CA Bình Định,abbreviation,domain_rules
2682,369,BCA_CA_BDH_PC01,PC01 - Công an Tỉnh Bình Định,abbreviation,domain_rules
2683,369,BCA_CA_BDH_PC01,Van phong Co quan Canh sat đieu tra - Cong an Tinh Binh Đinh,no_accent,auto_rule
2684,369,BCA_CA_BDH_PC01,VPCSĐTCATBĐ,abbreviation,auto_rule
2685,369,BCA_CA_BDH_PC01,Văn phòng Cơ quan Cảnh sát điề tra - Công an Tỉnh Bnh Định,typo_ocr,noise_injector
2686,369,BCA_CA_BDH_PC01,Văn phòng Cơ quan Cảnh sát điềutra - Công an Tỉnh Bình Định,typo_ocr,noise_injector
2687,370,BCA_CA_BDH_PC02,Phòng Cảnh sát hình sự - Công an Tỉnh Bình Định,canonical,manual_registry
2688,370,BCA_CA_BDH_PC02,Phòng Cảnh sát hình sự - CA Tỉnh Bình Định,alias,domain_rules
2689,370,BCA_CA_BDH_PC02,Phòng Cảnh sát hình sự - CA Bình Định,abbreviation,domain_rules
2690,370,BCA_CA_BDH_PC02,PC02 - Công an Tỉnh Bình Định,abbreviation,domain_rules
2691,370,BCA_CA_BDH_PC02,Phòng CSHS - Công an Tỉnh Bình Định,alias,domain_rules
2692,370,BCA_CA_BDH_PC02,Phong Canh sat hinh su - Cong an Tinh Binh Đinh,no_accent,auto_rule
2693,370,BCA_CA_BDH_PC02,PCSHSCATBĐ,abbreviation,auto_rule
2694,370,BCA_CA_BDH_PC02,Phòng Cảnh sát hìh ự - Côn an Tỉnh Bình Định,typo_ocr,noise_injector
2695,371,BCA_CA_BDH_PC03,Phòng Cảnh sát kinh tế - Công an Tỉnh Bình Định,canonical,manual_registry
2696,371,BCA_CA_BDH_PC03,Phòng Cảnh sát kinh tế - CA Tỉnh Bình Định,alias,domain_rules
2697,371,BCA_CA_BDH_PC03,Phòng Cảnh sát kinh tế - CA Bình Định,abbreviation,domain_rules
2698,371,BCA_CA_BDH_PC03,Phong Canh sat kinh te - Cong an Tinh Binh Đinh,no_accent,auto_rule
2699,371,BCA_CA_BDH_PC03,PCSKTCATBĐ,abbreviation,auto_rule
2700,371,BCA_CA_BDH_PC03,PhòngCảnh sát kinh tế - Công an Tỉnh Bình Định,typo_ocr,noise_injector
2701,372,BCA_CA_BDH_PC04,Phòng Cảnh sát điều tra tội phạm về ma túy - Công an Tỉnh Bình Định,canonical,manual_registry
2702,372,BCA_CA_BDH_PC04,Phòng Cảnh sát điều tra tội phạm về ma túy - CA Tỉnh Bình Định,alias,domain_rules
2703,372,BCA_CA_BDH_PC04,Phòng Cảnh sát điều tra tội phạm về ma túy - CA Bình Định,abbreviation,domain_rules
2704,372,BCA_CA_BDH_PC04,PC04 - Công an Tỉnh Bình Định,abbreviation,domain_rules
2705,372,BCA_CA_BDH_PC04,Phòng CS ma túy - Công an Tỉnh Bình Định,alias,domain_rules
2706,372,BCA_CA_BDH_PC04,Phong Canh sat đieu tra toi pham ve ma tuy - Cong an Tinh Binh Đinh,no_accent,auto_rule
2707,372,BCA_CA_BDH_PC04,PCSĐTTPMTCATBĐ,abbreviation,auto_rule
2708,373,BCA_CA_BDH_PC06,Phòng Cảnh sát quản lý hành chính về trật tự xã hội - Công an Tỉnh Bình Định,canonical,manual_registry
2709,373,BCA_CA_BDH_PC06,Phòng Cảnh sát quản lý hành chính về trật tự xã hội - CA Tỉnh Bình Định,alias,domain_rules
2710,373,BCA_CA_BDH_PC06,Phòng Cảnh sát quản lý hành chính về trật tự xã hội - CA Bình Định,abbreviation,domain_rules
2711,373,BCA_CA_BDH_PC06,PC06 - Công an Tỉnh Bình Định,abbreviation,domain_rules
2712,373,BCA_CA_BDH_PC06,Phòng CSQLHC - Công an Tỉnh Bình Định,alias,domain_rules
2713,373,BCA_CA_BDH_PC06,Phong Canh sat quan ly hanh chinh ve trat tu xa hoi - Cong an Tinh Binh Đinh,no_accent,auto_rule
2714,373,BCA_CA_BDH_PC06,PCSQLHCTTXHCATBĐ,abbreviation,auto_rule
2715,373,BCA_CA_BDH_PC06,Phòng Cảnh sát quản lý hành chính về trật tự xã hội - Công an ỉnh Bình Định,typo_ocr,noise_injector
2716,374,BCA_CA_BDH_PC08,Phòng Cảnh sát giao thông - Công an Tỉnh Bình Định,canonical,manual_registry
2717,374,BCA_CA_BDH_PC08,Phòng Cảnh sát giao thông - CA Tỉnh Bình Định,alias,domain_rules
2718,374,BCA_CA_BDH_PC08,Phòng Cảnh sát giao thông - CA Bình Định,abbreviation,domain_rules
2719,374,BCA_CA_BDH_PC08,PC08 - Công an Tỉnh Bình Định,abbreviation,domain_rules
2720,374,BCA_CA_BDH_PC08,Phòng CSGT - Công an Tỉnh Bình Định,alias,domain_rules
2721,374,BCA_CA_BDH_PC08,Phong Canh sat giao thong - Cong an Tinh Binh Đinh,no_accent,auto_rule
2722,374,BCA_CA_BDH_PC08,PCSGTCATBĐ,abbreviation,auto_rule
2723,374,BCA_CA_BDH_PC08,Phòng Cảnh sát giao thông - Côn an Tỉnh Bình Định,typo_ocr,noise_injector
2724,375,BCA_CA_BDH_PA01,Phòng An ninh đối ngoại - Công an Tỉnh Bình Định,canonical,manual_registry
2725,375,BCA_CA_BDH_PA01,Phòng An ninh đối ngoại - CA Tỉnh Bình Định,alias,domain_rules
2726,375,BCA_CA_BDH_PA01,Phòng An ninh đối ngoại - CA Bình Định,abbreviation,domain_rules
2727,375,BCA_CA_BDH_PA01,Phong An ninh đoi ngoai - Cong an Tinh Binh Đinh,no_accent,auto_rule
2728,375,BCA_CA_BDH_PA01,PANĐNCATBĐ,abbreviation,auto_rule
2729,375,BCA_CA_BDH_PA01,Phòng Anninh đối ngoại - Công an Tỉnh Bìh Định,typo_ocr,noise_injector
2730,376,BCA_CA_BDH_PA02,Phòng An ninh nội địa - Công an Tỉnh Bình Định,canonical,manual_registry
2731,376,BCA_CA_BDH_PA02,Phòng An ninh nội địa - CA Tỉnh Bình Định,alias,domain_rules
2732,376,BCA_CA_BDH_PA02,Phòng An ninh nội địa - CA Bình Định,abbreviation,domain_rules
2733,376,BCA_CA_BDH_PA02,Phong An ninh noi đia - Cong an Tinh Binh Đinh,no_accent,auto_rule
2734,376,BCA_CA_BDH_PA02,PANNĐCATBĐ,abbreviation,auto_rule
2735,376,BCA_CA_BDH_PA02,Phòn An ninh nội địa - Công an Tỉnhình Định,typo_ocr,noise_injector
2736,377,BCA_CA_BDH_PA03,Phòng An ninh chính trị nội bộ - Công an Tỉnh Bình Định,canonical,manual_registry
2737,377,BCA_CA_BDH_PA03,Phòng An ninh chính trị nội bộ - CA Tỉnh Bình Định,alias,domain_rules
2738,377,BCA_CA_BDH_PA03,Phòng An ninh chính trị nội bộ - CA Bình Định,abbreviation,domain_rules
2739,377,BCA_CA_BDH_PA03,Phong An ninh chinh tri noi bo - Cong an Tinh Binh Đinh,no_accent,auto_rule
2740,377,BCA_CA_BDH_PA03,PANCTNBCATBĐ,abbreviation,auto_rule
2741,377,BCA_CA_BDH_PA03,Phòng An ninh chính trị ội bộ - Công an Tỉnh Bình Định,typo_ocr,noise_injector
2742,377,BCA_CA_BDH_PA03,Phòng An ninh chính trị nội bộ - Công an Tỉnh BìnhĐịnh,typo_ocr,noise_injector
2743,378,BCA_CA_BDH_PA05,Phòng An ninh mạng và phòng chống tội phạm công nghệ cao - Công an Tỉnh Bình Định,canonical,manual_registry
2744,378,BCA_CA_BDH_PA05,Phòng An ninh mạng và phòng chống tội phạm công nghệ cao - CA Tỉnh Bình Định,alias,domain_rules
2745,378,BCA_CA_BDH_PA05,Phòng An ninh mạng và phòng chống tội phạm công nghệ cao - CA Bình Định,abbreviation,domain_rules
2746,378,BCA_CA_BDH_PA05,Phong An ninh mang va phong chong toi pham cong nghe cao - Cong an Tinh Binh Đinh,no_accent,auto_rule
2747,378,BCA_CA_BDH_PA05,PANMPCTPCNCCATBĐ,abbreviation,auto_rule
2748,378,BCA_CA_BDH_PA05,Phòng n ninh mạng và phòng chống tội phạm công nghệ cao - Công an Tỉnh Bình Định,typo_ocr,noise_injector
2749,379,BCA_CA_QNG,Công an Tỉnh Quảng Ngãi,canonical,manual_registry
2750,379,BCA_CA_QNG,CA Tỉnh Quảng Ngãi,alias,domain_rules
2751,379,BCA_CA_QNG,CA Quảng Ngãi,abbreviation,domain_rules
2752,379,BCA_CA_QNG,Cong an Tinh Quang Ngai,no_accent,auto_rule
2753,379,BCA_CA_QNG,CATQN,abbreviation,auto_rule
2754,379,BCA_CA_QNG,Công an Tỉn Quảng Ngãi,typo_ocr,noise_injector
2755,380,BCA_CA_QNG_PC01,Văn phòng Cơ quan Cảnh sát điều tra - Công an Tỉnh Quảng Ngãi,canonical,manual_registry
2756,380,BCA_CA_QNG_PC01,Văn phòng Cơ quan Cảnh sát điều tra - CA Tỉnh Quảng Ngãi,alias,domain_rules
2757,380,BCA_CA_QNG_PC01,Văn phòng Cơ quan Cảnh sát điều tra - CA Quảng Ngãi,abbreviation,domain_rules
2758,380,BCA_CA_QNG_PC01,PC01 - Công an Tỉnh Quảng Ngãi,abbreviation,domain_rules
2759,380,BCA_CA_QNG_PC01,Van phong Co quan Canh sat đieu tra - Cong an Tinh Quang Ngai,no_accent,auto_rule
2760,380,BCA_CA_QNG_PC01,VPCSĐTCATQN,abbreviation,auto_rule
2761,380,BCA_CA_QNG_PC01,Văn phòng Cơ quan Cảnh sát điều ra - Công an Tỉnh Quảng Ngãi,typo_ocr,noise_injector
2762,381,BCA_CA_QNG_PC02,Phòng Cảnh sát hình sự - Công an Tỉnh Quảng Ngãi,canonical,manual_registry
2763,381,BCA_CA_QNG_PC02,Phòng Cảnh sát hình sự - CA Tỉnh Quảng Ngãi,alias,domain_rules
2764,381,BCA_CA_QNG_PC02,Phòng Cảnh sát hình sự - CA Quảng Ngãi,abbreviation,domain_rules
2765,381,BCA_CA_QNG_PC02,PC02 - Công an Tỉnh Quảng Ngãi,abbreviation,domain_rules
2766,381,BCA_CA_QNG_PC02,Phòng CSHS - Công an Tỉnh Quảng Ngãi,alias,domain_rules
2767,381,BCA_CA_QNG_PC02,Phong Canh sat hinh su - Cong an Tinh Quang Ngai,no_accent,auto_rule
2768,381,BCA_CA_QNG_PC02,PCSHSCATQN,abbreviation,auto_rule
2769,382,BCA_CA_QNG_PC03,Phòng Cảnh sát kinh tế - Công an Tỉnh Quảng Ngãi,canonical,manual_registry
2770,382,BCA_CA_QNG_PC03,Phòng Cảnh sát kinh tế - CA Tỉnh Quảng Ngãi,alias,domain_rules
2771,382,BCA_CA_QNG_PC03,Phòng Cảnh sát kinh tế - CA Quảng Ngãi,abbreviation,domain_rules
2772,382,BCA_CA_QNG_PC03,Phong Canh sat kinh te - Cong an Tinh Quang Ngai,no_accent,auto_rule
2773,382,BCA_CA_QNG_PC03,PCSKTCATQN,abbreviation,auto_rule
2774,382,BCA_CA_QNG_PC03,Phòng Cảh sát kinh tế - Công an Tỉnh Quảng Ngãi,typo_ocr,noise_injector
2775,383,BCA_CA_QNG_PC04,Phòng Cảnh sát điều tra tội phạm về ma túy - Công an Tỉnh Quảng Ngãi,canonical,manual_registry
2776,383,BCA_CA_QNG_PC04,Phòng Cảnh sát điều tra tội phạm về ma túy - CA Tỉnh Quảng Ngãi,alias,domain_rules
2777,383,BCA_CA_QNG_PC04,Phòng Cảnh sát điều tra tội phạm về ma túy - CA Quảng Ngãi,abbreviation,domain_rules
2778,383,BCA_CA_QNG_PC04,PC04 - Công an Tỉnh Quảng Ngãi,abbreviation,domain_rules
2779,383,BCA_CA_QNG_PC04,Phòng CS ma túy - Công an Tỉnh Quảng Ngãi,alias,domain_rules
2780,383,BCA_CA_QNG_PC04,Phong Canh sat đieu tra toi pham ve ma tuy - Cong an Tinh Quang Ngai,no_accent,auto_rule
2781,383,BCA_CA_QNG_PC04,PCSĐTTPMTCATQN,abbreviation,auto_rule
2782,383,BCA_CA_QNG_PC04,Phòng Cảnhsát điu tra tội phạm về ma túy - Công an Tỉnh Qảng Ngãi,typo_ocr,noise_injector
2783,384,BCA_CA_QNG_PC06,Phòng Cảnh sát quản lý hành chính về trật tự xã hội - Công an Tỉnh Quảng Ngãi,canonical,manual_registry
2784,384,BCA_CA_QNG_PC06,Phòng Cảnh sát quản lý hành chính về trật tự xã hội - CA Tỉnh Quảng Ngãi,alias,domain_rules
2785,384,BCA_CA_QNG_PC06,Phòng Cảnh sát quản lý hành chính về trật tự xã hội - CA Quảng Ngãi,abbreviation,domain_rules
2786,384,BCA_CA_QNG_PC06,PC06 - Công an Tỉnh Quảng Ngãi,abbreviation,domain_rules
2787,384,BCA_CA_QNG_PC06,Phòng CSQLHC - Công an Tỉnh Quảng Ngãi,alias,domain_rules
2788,384,BCA_CA_QNG_PC06,Phong Canh sat quan ly hanh chinh ve trat tu xa hoi - Cong an Tinh Quang Ngai,no_accent,auto_rule
2789,384,BCA_CA_QNG_PC06,PCSQLHCTTXHCATQN,abbreviation,auto_rule
2790,384,BCA_CA_QNG_PC06,Phòng Cảnh sát quản lý hành chính về trật tự ã hội - Công an Tỉnh Quảng Ngãi,typo_ocr,noise_injector
2791,385,BCA_CA_QNG_PC08,Phòng Cảnh sát giao thông - Công an Tỉnh Quảng Ngãi,canonical,manual_registry
2792,385,BCA_CA_QNG_PC08,Phòng Cảnh sát giao thông - CA Tỉnh Quảng Ngãi,alias,domain_rules
2793,385,BCA_CA_QNG_PC08,Phòng Cảnh sát giao thông - CA Quảng Ngãi,abbreviation,domain_rules
2794,385,BCA_CA_QNG_PC08,PC08 - Công an Tỉnh Quảng Ngãi,abbreviation,domain_rules
2795,385,BCA_CA_QNG_PC08,Phòng CSGT - Công an Tỉnh Quảng Ngãi,alias,domain_rules
2796,385,BCA_CA_QNG_PC08,Phong Canh sat giao thong - Cong an Tinh Quang Ngai,no_accent,auto_rule
2797,385,BCA_CA_QNG_PC08,PCSGTCATQN,abbreviation,auto_rule
2798,385,BCA_CA_QNG_PC08,Phòng Cảnh sát giao thôg - Công an Tỉnh Quảng Ngãi,typo_ocr,noise_injector
2799,386,BCA_CA_QNG_PA01,Phòng An ninh đối ngoại - Công an Tỉnh Quảng Ngãi,canonical,manual_registry
2800,386,BCA_CA_QNG_PA01,Phòng An ninh đối ngoại - CA Tỉnh Quảng Ngãi,alias,domain_rules
2801,386,BCA_CA_QNG_PA01,Phòng An ninh đối ngoại - CA Quảng Ngãi,abbreviation,domain_rules
2802,386,BCA_CA_QNG_PA01,Phong An ninh đoi ngoai - Cong an Tinh Quang Ngai,no_accent,auto_rule
2803,386,BCA_CA_QNG_PA01,PANĐNCATQN,abbreviation,auto_rule
2804,386,BCA_CA_QNG_PA01,Phòng An ninh đối ngoại - ông an Tỉnh Quảng Ngãi,typo_ocr,noise_injector
2805,386,BCA_CA_QNG_PA01,Phòng An ninh đối ngoại - Công n ỉnh Quản Ngãi,typo_ocr,noise_injector
2806,387,BCA_CA_QNG_PA02,Phòng An ninh nội địa - Công an Tỉnh Quảng Ngãi,canonical,manual_registry
2807,387,BCA_CA_QNG_PA02,Phòng An ninh nội địa - CA Tỉnh Quảng Ngãi,alias,domain_rules
2808,387,BCA_CA_QNG_PA02,Phòng An ninh nội địa - CA Quảng Ngãi,abbreviation,domain_rules
2809,387,BCA_CA_QNG_PA02,Phong An ninh noi đia - Cong an Tinh Quang Ngai,no_accent,auto_rule
2810,387,BCA_CA_QNG_PA02,PANNĐCATQN,abbreviation,auto_rule
2811,387,BCA_CA_QNG_PA02,Phòng A ninh nộ địa - Công an Tỉnh Quảng Ngãi,typo_ocr,noise_injector
2812,388,BCA_CA_QNG_PA03,Phòng An ninh chính trị nội bộ - Công an Tỉnh Quảng Ngãi,canonical,manual_registry
2813,388,BCA_CA_QNG_PA03,Phòng An ninh chính trị nội bộ - CA Tỉnh Quảng Ngãi,alias,domain_rules
2814,388,BCA_CA_QNG_PA03,Phòng An ninh chính trị nội bộ - CA Quảng Ngãi,abbreviation,domain_rules
2815,388,BCA_CA_QNG_PA03,Phong An ninh chinh tri noi bo - Cong an Tinh Quang Ngai,no_accent,auto_rule
2816,388,BCA_CA_QNG_PA03,PANCTNBCATQN,abbreviation,auto_rule
2817,388,BCA_CA_QNG_PA03,Phòn An ninh chính trị nội bộ - Công an Tỉnh Quảng Ngãi,typo_ocr,noise_injector
2818,389,BCA_CA_QNG_PA05,Phòng An ninh mạng và phòng chống tội phạm công nghệ cao - Công an Tỉnh Quảng Ngãi,canonical,manual_registry
2819,389,BCA_CA_QNG_PA05,Phòng An ninh mạng và phòng chống tội phạm công nghệ cao - CA Tỉnh Quảng Ngãi,alias,domain_rules
2820,389,BCA_CA_QNG_PA05,Phòng An ninh mạng và phòng chống tội phạm công nghệ cao - CA Quảng Ngãi,abbreviation,domain_rules
2821,389,BCA_CA_QNG_PA05,Phong An ninh mang va phong chong toi pham cong nghe cao - Cong an Tinh Quang Ngai,no_accent,auto_rule
2822,389,BCA_CA_QNG_PA05,PANMPCTPCNCCATQN,abbreviation,auto_rule
2823,389,BCA_CA_QNG_PA05,Phòng An ninh mạng và phòng chống tội hạm công nghệ cao - Công an Tỉnh Quảg Ngãi,typo_ocr,noise_injector
2824,390,BCA_CA_QNA,Công an Tỉnh Quảng Nam,canonical,manual_registry
2825,390,BCA_CA_QNA,CA Tỉnh Quảng Nam,alias,domain_rules
2826,390,BCA_CA_QNA,CA Quảng Nam,abbreviation,domain_rules
2827,390,BCA_CA_QNA,Cong an Tinh Quang Nam,no_accent,auto_rule
2828,390,BCA_CA_QNA,CATQN,abbreviation,auto_rule
2829,390,BCA_CA_QNA,Công an Tỉnh Quảg Nam,typo_ocr,noise_injector
2830,391,BCA_CA_QNA_PC01,Văn phòng Cơ quan Cảnh sát điều tra - Công an Tỉnh Quảng Nam,canonical,manual_registry
2831,391,BCA_CA_QNA_PC01,Văn phòng Cơ quan Cảnh sát điều tra - CA Tỉnh Quảng Nam,alias,domain_rules
2832,391,BCA_CA_QNA_PC01,Văn phòng Cơ quan Cảnh sát điều tra - CA Quảng Nam,abbreviation,domain_rules
2833,391,BCA_CA_QNA_PC01,PC01 - Công an Tỉnh Quảng Nam,abbreviation,domain_rules
2834,391,BCA_CA_QNA_PC01,Van phong Co quan Canh sat đieu tra - Cong an Tinh Quang Nam,no_accent,auto_rule
2835,391,BCA_CA_QNA_PC01,VPCSĐTCATQN,abbreviation,auto_rule
2836,391,BCA_CA_QNA_PC01,Văn phòng Cơ quan Cnh sát điều tra - ông an Tỉnh Quảng Nam,typo_ocr,noise_injector
2837,392,BCA_CA_QNA_PC02,Phòng Cảnh sát hình sự - Công an Tỉnh Quảng Nam,canonical,manual_registry
2838,392,BCA_CA_QNA_PC02,Phòng Cảnh sát hình sự - CA Tỉnh Quảng Nam,alias,domain_rules
2839,392,BCA_CA_QNA_PC02,Phòng Cảnh sát hình sự - CA Quảng Nam,abbreviation,domain_rules
2840,392,BCA_CA_QNA_PC02,PC02 - Công an Tỉnh Quảng Nam,abbreviation,domain_rules
2841,392,BCA_CA_QNA_PC02,Phòng CSHS - Công an Tỉnh Quảng Nam,alias,domain_rules
2842,392,BCA_CA_QNA_PC02,Phong Canh sat hinh su - Cong an Tinh Quang Nam,no_accent,auto_rule
2843,392,BCA_CA_QNA_PC02,PCSHSCATQN,abbreviation,auto_rule
2844,392,BCA_CA_QNA_PC02,Phòng Cảh sát hình sự - Công an Tỉnh Quảng Nam,typo_ocr,noise_injector
2845,392,BCA_CA_QNA_PC02,Phòng Cảnh sát hình sự -Công an Tỉnh Quảng Nam,typo_ocr,noise_injector
2846,393,BCA_CA_QNA_PC03,Phòng Cảnh sát kinh tế - Công an Tỉnh Quảng Nam,canonical,manual_registry
2847,393,BCA_CA_QNA_PC03,Phòng Cảnh sát kinh tế - CA Tỉnh Quảng Nam,alias,domain_rules
2848,393,BCA_CA_QNA_PC03,Phòng Cảnh sát kinh tế - CA Quảng Nam,abbreviation,domain_rules
2849,393,BCA_CA_QNA_PC03,Phong Canh sat kinh te - Cong an Tinh Quang Nam,no_accent,auto_rule
2850,393,BCA_CA_QNA_PC03,PCSKTCATQN,abbreviation,auto_rule
2851,393,BCA_CA_QNA_PC03,Phòng Cnh sá kinh tế - Công an Tỉnh Quảng Nam,typo_ocr,noise_injector
2852,394,BCA_CA_QNA_PC04,Phòng Cảnh sát điều tra tội phạm về ma túy - Công an Tỉnh Quảng Nam,canonical,manual_registry
2853,394,BCA_CA_QNA_PC04,Phòng Cảnh sát điều tra tội phạm về ma túy - CA Tỉnh Quảng Nam,alias,domain_rules
2854,394,BCA_CA_QNA_PC04,Phòng Cảnh sát điều tra tội phạm về ma túy - CA Quảng Nam,abbreviation,domain_rules
2855,394,BCA_CA_QNA_PC04,PC04 - Công an Tỉnh Quảng Nam,abbreviation,domain_rules
2856,394,BCA_CA_QNA_PC04,Phòng CS ma túy - Công an Tỉnh Quảng Nam,alias,domain_rules
2857,394,BCA_CA_QNA_PC04,Phong Canh sat đieu tra toi pham ve ma tuy - Cong an Tinh Quang Nam,no_accent,auto_rule
2858,394,BCA_CA_QNA_PC04,PCSĐTTPMTCATQN,abbreviation,auto_rule
2859,394,BCA_CA_QNA_PC04,Phòng Cảnhsát điều tra tội phạm về ma túy - Côn an Tỉnh Quảng Nam,typo_ocr,noise_injector
2860,394,BCA_CA_QNA_PC04,Phòng Cnh sát điều tra tội phạm về ma túy - Công an Tỉnh Quảng Nam,typo_ocr,noise_injector
2861,395,BCA_CA_QNA_PC06,Phòng Cảnh sát quản lý hành chính về trật tự xã hội - Công an Tỉnh Quảng Nam,canonical,manual_registry
2862,395,BCA_CA_QNA_PC06,Phòng Cảnh sát quản lý hành chính về trật tự xã hội - CA Tỉnh Quảng Nam,alias,domain_rules
2863,395,BCA_CA_QNA_PC06,Phòng Cảnh sát quản lý hành chính về trật tự xã hội - CA Quảng Nam,abbreviation,domain_rules
2864,395,BCA_CA_QNA_PC06,PC06 - Công an Tỉnh Quảng Nam,abbreviation,domain_rules
2865,395,BCA_CA_QNA_PC06,Phòng CSQLHC - Công an Tỉnh Quảng Nam,alias,domain_rules
2866,395,BCA_CA_QNA_PC06,Phong Canh sat quan ly hanh chinh ve trat tu xa hoi - Cong an Tinh Quang Nam,no_accent,auto_rule
2867,395,BCA_CA_QNA_PC06,PCSQLHCTTXHCATQN,abbreviation,auto_rule
2868,395,BCA_CA_QNA_PC06,Phòng Cảnh sát quản lý ành chính về trật tự xã hội - Công an Tỉnh Quảng Nam,typo_ocr,noise_injector
2869,396,BCA_CA_QNA_PC08,Phòng Cảnh sát giao thông - Công an Tỉnh Quảng Nam,canonical,manual_registry
2870,396,BCA_CA_QNA_PC08,Phòng Cảnh sát giao thông - CA Tỉnh Quảng Nam,alias,domain_rules
2871,396,BCA_CA_QNA_PC08,Phòng Cảnh sát giao thông - CA Quảng Nam,abbreviation,domain_rules
2872,396,BCA_CA_QNA_PC08,PC08 - Công an Tỉnh Quảng Nam,abbreviation,domain_rules
2873,396,BCA_CA_QNA_PC08,Phòng CSGT - Công an Tỉnh Quảng Nam,alias,domain_rules
2874,396,BCA_CA_QNA_PC08,Phong Canh sat giao thong - Cong an Tinh Quang Nam,no_accent,auto_rule
2875,396,BCA_CA_QNA_PC08,PCSGTCATQN,abbreviation,auto_rule
2876,396,BCA_CA_QNA_PC08,Phòng Cảnh sát giao thông - Cng an Tỉnh Quảng Nam,typo_ocr,noise_injector
2877,397,BCA_CA_QNA_PA01,Phòng An ninh đối ngoại - Công an Tỉnh Quảng Nam,canonical,manual_registry
2878,397,BCA_CA_QNA_PA01,Phòng An ninh đối ngoại - CA Tỉnh Quảng Nam,alias,domain_rules
2879,397,BCA_CA_QNA_PA01,Phòng An ninh đối ngoại - CA Quảng Nam,abbreviation,domain_rules
2880,397,BCA_CA_QNA_PA01,Phong An ninh đoi ngoai - Cong an Tinh Quang Nam,no_accent,auto_rule
2881,397,BCA_CA_QNA_PA01,PANĐNCATQN,abbreviation,auto_rule
2882,397,BCA_CA_QNA_PA01,Phòng An nin đối ngoại - Công an Tỉnh Quảng Nam,typo_ocr,noise_injector
2883,398,BCA_CA_QNA_PA02,Phòng An ninh nội địa - Công an Tỉnh Quảng Nam,canonical,manual_registry
2884,398,BCA_CA_QNA_PA02,Phòng An ninh nội địa - CA Tỉnh Quảng Nam,alias,domain_rules
2885,398,BCA_CA_QNA_PA02,Phòng An ninh nội địa - CA Quảng Nam,abbreviation,domain_rules
2886,398,BCA_CA_QNA_PA02,Phong An ninh noi đia - Cong an Tinh Quang Nam,no_accent,auto_rule
2887,398,BCA_CA_QNA_PA02,PANNĐCATQN,abbreviation,auto_rule
2888,398,BCA_CA_QNA_PA02,Phòng An ninh nộiđịa - Công an Tỉnh Quảng Na,typo_ocr,noise_injector
2889,398,BCA_CA_QNA_PA02,Phòng An ninh nội địa - Công an Tỉnh Qung Na,typo_ocr,noise_injector
2890,399,BCA_CA_QNA_PA03,Phòng An ninh chính trị nội bộ - Công an Tỉnh Quảng Nam,canonical,manual_registry
2891,399,BCA_CA_QNA_PA03,Phòng An ninh chính trị nội bộ - CA Tỉnh Quảng Nam,alias,domain_rules
2892,399,BCA_CA_QNA_PA03,Phòng An ninh chính trị nội bộ - CA Quảng Nam,abbreviation,domain_rules
2893,399,BCA_CA_QNA_PA03,Phong An ninh chinh tri noi bo - Cong an Tinh Quang Nam,no_accent,auto_rule
2894,399,BCA_CA_QNA_PA03,PANCTNBCATQN,abbreviation,auto_rule
2895,399,BCA_CA_QNA_PA03,Phòn An ninh chính trị nội bộ - Công an Tỉnh Quảng Nam,typo_ocr,noise_injector
2896,399,BCA_CA_QNA_PA03,Phòng An ninh chín trị nộibộ - Công an Tỉnh Quảng Nam,typo_ocr,noise_injector
2897,400,BCA_CA_QNA_PA05,Phòng An ninh mạng và phòng chống tội phạm công nghệ cao - Công an Tỉnh Quảng Nam,canonical,manual_registry
2898,400,BCA_CA_QNA_PA05,Phòng An ninh mạng và phòng chống tội phạm công nghệ cao - CA Tỉnh Quảng Nam,alias,domain_rules
2899,400,BCA_CA_QNA_PA05,Phòng An ninh mạng và phòng chống tội phạm công nghệ cao - CA Quảng Nam,abbreviation,domain_rules
2900,400,BCA_CA_QNA_PA05,Phong An ninh mang va phong chong toi pham cong nghe cao - Cong an Tinh Quang Nam,no_accent,auto_rule
2901,400,BCA_CA_QNA_PA05,PANMPCTPCNCCATQN,abbreviation,auto_rule
2902,400,BCA_CA_QNA_PA05,Phòng An ninh mạng và phòng chng tội phạm công nghệcao - Công an Tỉnh Quảng Nam,typo_ocr,noise_injector
2903,401,BCA_CA_TTH,Công an Tỉnh Thừa Thiên Huế,canonical,manual_registry
2904,401,BCA_CA_TTH,CA Tỉnh Thừa Thiên Huế,alias,domain_rules
2905,401,BCA_CA_TTH,CA Thừa Thiên Huế,abbreviation,domain_rules
2906,401,BCA_CA_TTH,Cong an Tinh Thua Thien Hue,no_accent,auto_rule
2907,401,BCA_CA_TTH,CATTTH,abbreviation,auto_rule
2908,401,BCA_CA_TTH,Cng n Tỉnh Thừa Thiên uế,typo_ocr,noise_injector
2909,402,BCA_CA_TTH_PC01,Văn phòng Cơ quan Cảnh sát điều tra - Công an Tỉnh Thừa Thiên Huế,canonical,manual_registry
2910,402,BCA_CA_TTH_PC01,Văn phòng Cơ quan Cảnh sát điều tra - CA Tỉnh Thừa Thiên Huế,alias,domain_rules
2911,402,BCA_CA_TTH_PC01,Văn phòng Cơ quan Cảnh sát điều tra - CA Thừa Thiên Huế,abbreviation,domain_rules
2912,402,BCA_CA_TTH_PC01,PC01 - Công an Tỉnh Thừa Thiên Huế,abbreviation,domain_rules
2913,402,BCA_CA_TTH_PC01,Van phong Co quan Canh sat đieu tra - Cong an Tinh Thua Thien Hue,no_accent,auto_rule
2914,402,BCA_CA_TTH_PC01,VPCSĐTCATTTH,abbreviation,auto_rule
2915,402,BCA_CA_TTH_PC01,Văn phòng Cơ quan Ch sát điều tra - Công an Tỉnh Thừa Thiên Huế,typo_ocr,noise_injector
2916,402,BCA_CA_TTH_PC01,Văn phng Cơ quan Cảnh sát điều tra - Công an Tỉh Thừa Thiên Huế,typo_ocr,noise_injector
2917,403,BCA_CA_TTH_PC02,Phòng Cảnh sát hình sự - Công an Tỉnh Thừa Thiên Huế,canonical,manual_registry
2918,403,BCA_CA_TTH_PC02,Phòng Cảnh sát hình sự - CA Tỉnh Thừa Thiên Huế,alias,domain_rules
2919,403,BCA_CA_TTH_PC02,Phòng Cảnh sát hình sự - CA Thừa Thiên Huế,abbreviation,domain_rules
2920,403,BCA_CA_TTH_PC02,PC02 - Công an Tỉnh Thừa Thiên Huế,abbreviation,domain_rules
2921,403,BCA_CA_TTH_PC02,Phòng CSHS - Công an Tỉnh Thừa Thiên Huế,alias,domain_rules
2922,403,BCA_CA_TTH_PC02,Phong Canh sat hinh su - Cong an Tinh Thua Thien Hue,no_accent,auto_rule
2923,403,BCA_CA_TTH_PC02,PCSHSCATTTH,abbreviation,auto_rule
2924,404,BCA_CA_TTH_PC03,Phòng Cảnh sát kinh tế - Công an Tỉnh Thừa Thiên Huế,canonical,manual_registry
2925,404,BCA_CA_TTH_PC03,Phòng Cảnh sát kinh tế - CA Tỉnh Thừa Thiên Huế,alias,domain_rules
2926,404,BCA_CA_TTH_PC03,Phòng Cảnh sát kinh tế - CA Thừa Thiên Huế,abbreviation,domain_rules
2927,404,BCA_CA_TTH_PC03,Phong Canh sat kinh te - Cong an Tinh Thua Thien Hue,no_accent,auto_rule
2928,404,BCA_CA_TTH_PC03,PCSKTCATTTH,abbreviation,auto_rule
2929,404,BCA_CA_TTH_PC03,Phòng Cảnh sát kinh tế - Công an Tỉnh Tha Thiên Huế,typo_ocr,noise_injector
2930,404,BCA_CA_TTH_PC03,Pòng Cảnh sát kinh tế - Công an Tỉnh Thừa Thiên Huế,typo_ocr,noise_injector
2931,405,BCA_CA_TTH_PC04,Phòng Cảnh sát điều tra tội phạm về ma túy - Công an Tỉnh Thừa Thiên Huế,canonical,manual_registry
2932,405,BCA_CA_TTH_PC04,Phòng Cảnh sát điều tra tội phạm về ma túy - CA Tỉnh Thừa Thiên Huế,alias,domain_rules
2933,405,BCA_CA_TTH_PC04,Phòng Cảnh sát điều tra tội phạm về ma túy - CA Thừa Thiên Huế,abbreviation,domain_rules
2934,405,BCA_CA_TTH_PC04,PC04 - Công an Tỉnh Thừa Thiên Huế,abbreviation,domain_rules
2935,405,BCA_CA_TTH_PC04,Phòng CS ma túy - Công an Tỉnh Thừa Thiên Huế,alias,domain_rules
2936,405,BCA_CA_TTH_PC04,Phong Canh sat đieu tra toi pham ve ma tuy - Cong an Tinh Thua Thien Hue,no_accent,auto_rule
2937,405,BCA_CA_TTH_PC04,PCSĐTTPMTCATTTH,abbreviation,auto_rule
2938,405,BCA_CA_TTH_PC04,Phòng Cảnh sát điềutra tội phạm về ma túy - Công an Tỉnh Thừa Thiên Huế,typo_ocr,noise_injector
2939,405,BCA_CA_TTH_PC04,Phòng Cảnh át điều tra tội phạm về ma túy - Công an Tỉnh Thừa Thiên Huế,typo_ocr,noise_injector
2940,406,BCA_CA_TTH_PC06,Phòng Cảnh sát quản lý hành chính về trật tự xã hội - Công an Tỉnh Thừa Thiên Huế,canonical,manual_registry
2941,406,BCA_CA_TTH_PC06,Phòng Cảnh sát quản lý hành chính về trật tự xã hội - CA Tỉnh Thừa Thiên Huế,alias,domain_rules
2942,406,BCA_CA_TTH_PC06,Phòng Cảnh sát quản lý hành chính về trật tự xã hội - CA Thừa Thiên Huế,abbreviation,domain_rules
2943,406,BCA_CA_TTH_PC06,PC06 - Công an Tỉnh Thừa Thiên Huế,abbreviation,domain_rules
2944,406,BCA_CA_TTH_PC06,Phòng CSQLHC - Công an Tỉnh Thừa Thiên Huế,alias,domain_rules
2945,406,BCA_CA_TTH_PC06,Phong Canh sat quan ly hanh chinh ve trat tu xa hoi - Cong an Tinh Thua Thien Hue,no_accent,auto_rule
2946,406,BCA_CA_TTH_PC06,PCSQLHCTTXHCATTTH,abbreviation,auto_rule
2947,406,BCA_CA_TTH_PC06,Phòng Cảnh sát quản lý hành chính về trật t xã hội - Công an Tỉnh Thừa Thiên Huế,typo_ocr,noise_injector
2948,407,BCA_CA_TTH_PC08,Phòng Cảnh sát giao thông - Công an Tỉnh Thừa Thiên Huế,canonical,manual_registry
2949,407,BCA_CA_TTH_PC08,Phòng Cảnh sát giao thông - CA Tỉnh Thừa Thiên Huế,alias,domain_rules
2950,407,BCA_CA_TTH_PC08,Phòng Cảnh sát giao thông - CA Thừa Thiên Huế,abbreviation,domain_rules
2951,407,BCA_CA_TTH_PC08,PC08 - Công an Tỉnh Thừa Thiên Huế,abbreviation,domain_rules
2952,407,BCA_CA_TTH_PC08,Phòng CSGT - Công an Tỉnh Thừa Thiên Huế,alias,domain_rules
2953,407,BCA_CA_TTH_PC08,Phong Canh sat giao thong - Cong an Tinh Thua Thien Hue,no_accent,auto_rule
2954,407,BCA_CA_TTH_PC08,PCSGTCATTTH,abbreviation,auto_rule
2955,407,BCA_CA_TTH_PC08,PhòngCảnh sát giao thông - Côngan Tỉnh Thừa Thiên Hu,typo_ocr,noise_injector
2956,407,BCA_CA_TTH_PC08,Phòng Cảnh sá giao thông - Công an Tỉnh Thừa Thiên Huế,typo_ocr,noise_injector
2957,408,BCA_CA_TTH_PA01,Phòng An ninh đối ngoại - Công an Tỉnh Thừa Thiên Huế,canonical,manual_registry
2958,408,BCA_CA_TTH_PA01,Phòng An ninh đối ngoại - CA Tỉnh Thừa Thiên Huế,alias,domain_rules
2959,408,BCA_CA_TTH_PA01,Phòng An ninh đối ngoại - CA Thừa Thiên Huế,abbreviation,domain_rules
2960,408,BCA_CA_TTH_PA01,Phong An ninh đoi ngoai - Cong an Tinh Thua Thien Hue,no_accent,auto_rule
2961,408,BCA_CA_TTH_PA01,PANĐNCATTTH,abbreviation,auto_rule
2962,408,BCA_CA_TTH_PA01,Phòng An ninh đối ngoại - Công  Tỉnh Thừa Thiên uế,typo_ocr,noise_injector
2963,408,BCA_CA_TTH_PA01,Phòng An ninh đối ngoại - Công an TỉnhThừaThiên Huế,typo_ocr,noise_injector
2964,409,BCA_CA_TTH_PA02,Phòng An ninh nội địa - Công an Tỉnh Thừa Thiên Huế,canonical,manual_registry
2965,409,BCA_CA_TTH_PA02,Phòng An ninh nội địa - CA Tỉnh Thừa Thiên Huế,alias,domain_rules
2966,409,BCA_CA_TTH_PA02,Phòng An ninh nội địa - CA Thừa Thiên Huế,abbreviation,domain_rules
2967,409,BCA_CA_TTH_PA02,Phong An ninh noi đia - Cong an Tinh Thua Thien Hue,no_accent,auto_rule
2968,409,BCA_CA_TTH_PA02,PANNĐCATTTH,abbreviation,auto_rule
2969,409,BCA_CA_TTH_PA02,Phòng An nin nội địa -ông an Tỉnh Thừa Thiên Huế,typo_ocr,noise_injector
2970,410,BCA_CA_TTH_PA03,Phòng An ninh chính trị nội bộ - Công an Tỉnh Thừa Thiên Huế,canonical,manual_registry
2971,410,BCA_CA_TTH_PA03,Phòng An ninh chính trị nội bộ - CA Tỉnh Thừa Thiên Huế,alias,domain_rules
2972,410,BCA_CA_TTH_PA03,Phòng An ninh chính trị nội bộ - CA Thừa Thiên Huế,abbreviation,domain_rules
2973,410,BCA_CA_TTH_PA03,Phong An ninh chinh tri noi bo - Cong an Tinh Thua Thien Hue,no_accent,auto_rule
2974,410,BCA_CA_TTH_PA03,PANCTNBCATTTH,abbreviation,auto_rule
2975,410,BCA_CA_TTH_PA03,PhòngAn ninh chính trị nội bộ - Công an Tỉnh Thừa Thiên Huế,typo_ocr,noise_injector
2976,410,BCA_CA_TTH_PA03,Phòng An ninh chính trị nội bộ - Công an Tỉnh Thừa Tiên Huế,typo_ocr,noise_injector
2977,411,BCA_CA_TTH_PA05,Phòng An ninh mạng và phòng chống tội phạm công nghệ cao - Công an Tỉnh Thừa Thiên Huế,canonical,manual_registry
2978,411,BCA_CA_TTH_PA05,Phòng An ninh mạng và phòng chống tội phạm công nghệ cao - CA Tỉnh Thừa Thiên Huế,alias,domain_rules
2979,411,BCA_CA_TTH_PA05,Phòng An ninh mạng và phòng chống tội phạm công nghệ cao - CA Thừa Thiên Huế,abbreviation,domain_rules
2980,411,BCA_CA_TTH_PA05,Phong An ninh mang va phong chong toi pham cong nghe cao - Cong an Tinh Thua Thien Hue,no_accent,auto_rule
2981,411,BCA_CA_TTH_PA05,PANMPCTPCNCCATTTH,abbreviation,auto_rule
2982,411,BCA_CA_TTH_PA05,Phòng An ninh ạng và phòngchống tội phạm công nghệ cao - Công an Tỉnh Thừa Thiên Huế,typo_ocr,noise_injector
2983,411,BCA_CA_TTH_PA05,Phòng An ninh mạng và phòng chống tội phạmcôg nghệ cao - Công an Tỉnh Thừa Thiên Huế,typo_ocr,noise_injector
2984,412,BCA_CA_QTR,Công an Tỉnh Quảng Trị,canonical,manual_registry
2985,412,BCA_CA_QTR,CA Tỉnh Quảng Trị,alias,domain_rules
2986,412,BCA_CA_QTR,CA Quảng Trị,abbreviation,domain_rules
2987,412,BCA_CA_QTR,Cong an Tinh Quang Tri,no_accent,auto_rule
2988,412,BCA_CA_QTR,CATQT,abbreviation,auto_rule
2989,412,BCA_CA_QTR,Cng n Tỉnh Quảng Trị,typo_ocr,noise_injector
2990,413,BCA_CA_QTR_PC01,Văn phòng Cơ quan Cảnh sát điều tra - Công an Tỉnh Quảng Trị,canonical,manual_registry
2991,413,BCA_CA_QTR_PC01,Văn phòng Cơ quan Cảnh sát điều tra - CA Tỉnh Quảng Trị,alias,domain_rules
2992,413,BCA_CA_QTR_PC01,Văn phòng Cơ quan Cảnh sát điều tra - CA Quảng Trị,abbreviation,domain_rules
2993,413,BCA_CA_QTR_PC01,PC01 - Công an Tỉnh Quảng Trị,abbreviation,domain_rules
2994,413,BCA_CA_QTR_PC01,Van phong Co quan Canh sat đieu tra - Cong an Tinh Quang Tri,no_accent,auto_rule
2995,413,BCA_CA_QTR_PC01,VPCSĐTCATQT,abbreviation,auto_rule
2996,413,BCA_CA_QTR_PC01,Văn phòng Cơ quan Cảnh sát điều tra - Công an Tỉnh Qảng Trị,typo_ocr,noise_injector
2997,413,BCA_CA_QTR_PC01,Văn hòng Cơ quan Cnh sát đều tra  Côn an Tỉnh uảng Trị,typo_ocr,noise_injector
2998,414,BCA_CA_QTR_PC02,Phòng Cảnh sát hình sự - Công an Tỉnh Quảng Trị,canonical,manual_registry
2999,414,BCA_CA_QTR_PC02,Phòng Cảnh sát hình sự - CA Tỉnh Quảng Trị,alias,domain_rules
3000,414,BCA_CA_QTR_PC02,Phòng Cảnh sát hình sự - CA Quảng Trị,abbreviation,domain_rules
3001,414,BCA_CA_QTR_PC02,PC02 - Công an Tỉnh Quảng Trị,abbreviation,domain_rules
3002,414,BCA_CA_QTR_PC02,Phòng CSHS - Công an Tỉnh Quảng Trị,alias,domain_rules
3003,414,BCA_CA_QTR_PC02,Phong Canh sat hinh su - Cong an Tinh Quang Tri,no_accent,auto_rule
3004,414,BCA_CA_QTR_PC02,PCSHSCATQT,abbreviation,auto_rule
3005,415,BCA_CA_QTR_PC03,Phòng Cảnh sát kinh tế - Công an Tỉnh Quảng Trị,canonical,manual_registry
3006,415,BCA_CA_QTR_PC03,Phòng Cảnh sát kinh tế - CA Tỉnh Quảng Trị,alias,domain_rules
3007,415,BCA_CA_QTR_PC03,Phòng Cảnh sát kinh tế - CA Quảng Trị,abbreviation,domain_rules
3008,415,BCA_CA_QTR_PC03,Phong Canh sat kinh te - Cong an Tinh Quang Tri,no_accent,auto_rule
3009,415,BCA_CA_QTR_PC03,PCSKTCATQT,abbreviation,auto_rule
3010,415,BCA_CA_QTR_PC03,Phòng Cảnhsát inh tế - Công an Tỉnh QuảngTrị,typo_ocr,noise_injector
3011,415,BCA_CA_QTR_PC03,Phòng Cảnh sát kinh tế - Công an Tỉnh uảng Trị,typo_ocr,noise_injector
3012,416,BCA_CA_QTR_PC04,Phòng Cảnh sát điều tra tội phạm về ma túy - Công an Tỉnh Quảng Trị,canonical,manual_registry
3013,416,BCA_CA_QTR_PC04,Phòng Cảnh sát điều tra tội phạm về ma túy - CA Tỉnh Quảng Trị,alias,domain_rules
3014,416,BCA_CA_QTR_PC04,Phòng Cảnh sát điều tra tội phạm về ma túy - CA Quảng Trị,abbreviation,domain_rules
3015,416,BCA_CA_QTR_PC04,PC04 - Công an Tỉnh Quảng Trị,abbreviation,domain_rules
3016,416,BCA_CA_QTR_PC04,Phòng CS ma túy - Công an Tỉnh Quảng Trị,alias,domain_rules
3017,416,BCA_CA_QTR_PC04,Phong Canh sat đieu tra toi pham ve ma tuy - Cong an Tinh Quang Tri,no_accent,auto_rule
3018,416,BCA_CA_QTR_PC04,PCSĐTTPMTCATQT,abbreviation,auto_rule
3019,416,BCA_CA_QTR_PC04,hòng Cảnh sát điều tra tội phạmvề ma túy - Công a Tỉnh Quảng Trị,typo_ocr,noise_injector
3020,416,BCA_CA_QTR_PC04,Phòng Cảnh sát điều tra ội phạm về ma túy - Công an Tỉnh Quảng Trị,typo_ocr,noise_injector
3021,417,BCA_CA_QTR_PC06,Phòng Cảnh sát quản lý hành chính về trật tự xã hội - Công an Tỉnh Quảng Trị,canonical,manual_registry
3022,417,BCA_CA_QTR_PC06,Phòng Cảnh sát quản lý hành chính về trật tự xã hội - CA Tỉnh Quảng Trị,alias,domain_rules
3023,417,BCA_CA_QTR_PC06,Phòng Cảnh sát quản lý hành chính về trật tự xã hội - CA Quảng Trị,abbreviation,domain_rules
3024,417,BCA_CA_QTR_PC06,PC06 - Công an Tỉnh Quảng Trị,abbreviation,domain_rules
3025,417,BCA_CA_QTR_PC06,Phòng CSQLHC - Công an Tỉnh Quảng Trị,alias,domain_rules
3026,417,BCA_CA_QTR_PC06,Phong Canh sat quan ly hanh chinh ve trat tu xa hoi - Cong an Tinh Quang Tri,no_accent,auto_rule
3027,417,BCA_CA_QTR_PC06,PCSQLHCTTXHCATQT,abbreviation,auto_rule
3028,417,BCA_CA_QTR_PC06,Phòng Cảnh sát qản lý hành chính về trật tựxã hội - Công an Tỉnh Quảng Trị,typo_ocr,noise_injector
3029,418,BCA_CA_QTR_PC08,Phòng Cảnh sát giao thông - Công an Tỉnh Quảng Trị,canonical,manual_registry
3030,418,BCA_CA_QTR_PC08,Phòng Cảnh sát giao thông - CA Tỉnh Quảng Trị,alias,domain_rules
3031,418,BCA_CA_QTR_PC08,Phòng Cảnh sát giao thông - CA Quảng Trị,abbreviation,domain_rules
3032,418,BCA_CA_QTR_PC08,PC08 - Công an Tỉnh Quảng Trị,abbreviation,domain_rules
3033,418,BCA_CA_QTR_PC08,Phòng CSGT - Công an Tỉnh Quảng Trị,alias,domain_rules
3034,418,BCA_CA_QTR_PC08,Phong Canh sat giao thong - Cong an Tinh Quang Tri,no_accent,auto_rule
3035,418,BCA_CA_QTR_PC08,PCSGTCATQT,abbreviation,auto_rule
3036,418,BCA_CA_QTR_PC08,Phòng Cảnh sát giao hông - Công an Tỉh Quảng Trị,typo_ocr,noise_injector
3037,419,BCA_CA_QTR_PA01,Phòng An ninh đối ngoại - Công an Tỉnh Quảng Trị,canonical,manual_registry
3038,419,BCA_CA_QTR_PA01,Phòng An ninh đối ngoại - CA Tỉnh Quảng Trị,alias,domain_rules
3039,419,BCA_CA_QTR_PA01,Phòng An ninh đối ngoại - CA Quảng Trị,abbreviation,domain_rules
3040,419,BCA_CA_QTR_PA01,Phong An ninh đoi ngoai - Cong an Tinh Quang Tri,no_accent,auto_rule
3041,419,BCA_CA_QTR_PA01,PANĐNCATQT,abbreviation,auto_rule
3042,419,BCA_CA_QTR_PA01,Phòng An ninhđối ngoạ - Công an Tỉnh Quảng Trị,typo_ocr,noise_injector
3043,420,BCA_CA_QTR_PA02,Phòng An ninh nội địa - Công an Tỉnh Quảng Trị,canonical,manual_registry
3044,420,BCA_CA_QTR_PA02,Phòng An ninh nội địa - CA Tỉnh Quảng Trị,alias,domain_rules
3045,420,BCA_CA_QTR_PA02,Phòng An ninh nội địa - CA Quảng Trị,abbreviation,domain_rules
3046,420,BCA_CA_QTR_PA02,Phong An ninh noi đia - Cong an Tinh Quang Tri,no_accent,auto_rule
3047,420,BCA_CA_QTR_PA02,PANNĐCATQT,abbreviation,auto_rule
3048,420,BCA_CA_QTR_PA02,Phòng An ninh nội địa - Công n Tỉnh Quảng Trị,typo_ocr,noise_injector
3049,421,BCA_CA_QTR_PA03,Phòng An ninh chính trị nội bộ - Công an Tỉnh Quảng Trị,canonical,manual_registry
3050,421,BCA_CA_QTR_PA03,Phòng An ninh chính trị nội bộ - CA Tỉnh Quảng Trị,alias,domain_rules
3051,421,BCA_CA_QTR_PA03,Phòng An ninh chính trị nội bộ - CA Quảng Trị,abbreviation,domain_rules
3052,421,BCA_CA_QTR_PA03,Phong An ninh chinh tri noi bo - Cong an Tinh Quang Tri,no_accent,auto_rule
3053,421,BCA_CA_QTR_PA03,PANCTNBCATQT,abbreviation,auto_rule
3054,421,BCA_CA_QTR_PA03,PhòngAn ninh chính trị nội bộ - Công an Tỉnh Quảng Trị,typo_ocr,noise_injector
3055,421,BCA_CA_QTR_PA03,Phòn An ninh chính trịnội bộ - Công an Tỉnh QuảngTrị,typo_ocr,noise_injector
3056,422,BCA_CA_QTR_PA05,Phòng An ninh mạng và phòng chống tội phạm công nghệ cao - Công an Tỉnh Quảng Trị,canonical,manual_registry
3057,422,BCA_CA_QTR_PA05,Phòng An ninh mạng và phòng chống tội phạm công nghệ cao - CA Tỉnh Quảng Trị,alias,domain_rules
3058,422,BCA_CA_QTR_PA05,Phòng An ninh mạng và phòng chống tội phạm công nghệ cao - CA Quảng Trị,abbreviation,domain_rules
3059,422,BCA_CA_QTR_PA05,Phong An ninh mang va phong chong toi pham cong nghe cao - Cong an Tinh Quang Tri,no_accent,auto_rule
3060,422,BCA_CA_QTR_PA05,PANMPCTPCNCCATQT,abbreviation,auto_rule
3061,422,BCA_CA_QTR_PA05,Phòng n ninh mạng vàhòng chống tội phạm công nghệ cao - Công an Tỉnh Quảng Trị,typo_ocr,noise_injector
3062,423,BCA_CA_QBI,Công an Tỉnh Quảng Bình,canonical,manual_registry
3063,423,BCA_CA_QBI,CA Tỉnh Quảng Bình,alias,domain_rules
3064,423,BCA_CA_QBI,CA Quảng Bình,abbreviation,domain_rules
3065,423,BCA_CA_QBI,Cong an Tinh Quang Binh,no_accent,auto_rule
3066,423,BCA_CA_QBI,CATQB,abbreviation,auto_rule
3067,424,BCA_CA_QBI_PC01,Văn phòng Cơ quan Cảnh sát điều tra - Công an Tỉnh Quảng Bình,canonical,manual_registry
3068,424,BCA_CA_QBI_PC01,Văn phòng Cơ quan Cảnh sát điều tra - CA Tỉnh Quảng Bình,alias,domain_rules
3069,424,BCA_CA_QBI_PC01,Văn phòng Cơ quan Cảnh sát điều tra - CA Quảng Bình,abbreviation,domain_rules
3070,424,BCA_CA_QBI_PC01,PC01 - Công an Tỉnh Quảng Bình,abbreviation,domain_rules
3071,424,BCA_CA_QBI_PC01,Van phong Co quan Canh sat đieu tra - Cong an Tinh Quang Binh,no_accent,auto_rule
3072,424,BCA_CA_QBI_PC01,VPCSĐTCATQB,abbreviation,auto_rule
3073,424,BCA_CA_QBI_PC01,Văn pòng Cơ qan Cảnh sát điều tra - Công an Tỉnh Quảng Bình,typo_ocr,noise_injector
3074,425,BCA_CA_QBI_PC02,Phòng Cảnh sát hình sự - Công an Tỉnh Quảng Bình,canonical,manual_registry
3075,425,BCA_CA_QBI_PC02,Phòng Cảnh sát hình sự - CA Tỉnh Quảng Bình,alias,domain_rules
3076,425,BCA_CA_QBI_PC02,Phòng Cảnh sát hình sự - CA Quảng Bình,abbreviation,domain_rules
3077,425,BCA_CA_QBI_PC02,PC02 - Công an Tỉnh Quảng Bình,abbreviation,domain_rules
3078,425,BCA_CA_QBI_PC02,Phòng CSHS - Công an Tỉnh Quảng Bình,alias,domain_rules
3079,425,BCA_CA_QBI_PC02,Phong Canh sat hinh su - Cong an Tinh Quang Binh,no_accent,auto_rule
3080,425,BCA_CA_QBI_PC02,PCSHSCATQB,abbreviation,auto_rule
3081,425,BCA_CA_QBI_PC02,Phòng Cảnh sát hìh sự - Công an Tỉnh Quảng Bình,typo_ocr,noise_injector
3082,426,BCA_CA_QBI_PC03,Phòng Cảnh sát kinh tế - Công an Tỉnh Quảng Bình,canonical,manual_registry
3083,426,BCA_CA_QBI_PC03,Phòng Cảnh sát kinh tế - CA Tỉnh Quảng Bình,alias,domain_rules
3084,426,BCA_CA_QBI_PC03,Phòng Cảnh sát kinh tế - CA Quảng Bình,abbreviation,domain_rules
3085,426,BCA_CA_QBI_PC03,Phong Canh sat kinh te - Cong an Tinh Quang Binh,no_accent,auto_rule
3086,426,BCA_CA_QBI_PC03,PCSKTCATQB,abbreviation,auto_rule
3087,426,BCA_CA_QBI_PC03,Phòng Cảnh át kinh tế - Công an Tỉnh Quảng Bình,typo_ocr,noise_injector
3088,427,BCA_CA_QBI_PC04,Phòng Cảnh sát điều tra tội phạm về ma túy - Công an Tỉnh Quảng Bình,canonical,manual_registry
3089,427,BCA_CA_QBI_PC04,Phòng Cảnh sát điều tra tội phạm về ma túy - CA Tỉnh Quảng Bình,alias,domain_rules
3090,427,BCA_CA_QBI_PC04,Phòng Cảnh sát điều tra tội phạm về ma túy - CA Quảng Bình,abbreviation,domain_rules
3091,427,BCA_CA_QBI_PC04,PC04 - Công an Tỉnh Quảng Bình,abbreviation,domain_rules
3092,427,BCA_CA_QBI_PC04,Phòng CS ma túy - Công an Tỉnh Quảng Bình,alias,domain_rules
3093,427,BCA_CA_QBI_PC04,Phong Canh sat đieu tra toi pham ve ma tuy - Cong an Tinh Quang Binh,no_accent,auto_rule
3094,427,BCA_CA_QBI_PC04,PCSĐTTPMTCATQB,abbreviation,auto_rule
3095,427,BCA_CA_QBI_PC04,PhòngCảnh sát điều tra tội phạm về ma túy - Công an Tỉnh Quảng Bình,typo_ocr,noise_injector
3096,428,BCA_CA_QBI_PC06,Phòng Cảnh sát quản lý hành chính về trật tự xã hội - Công an Tỉnh Quảng Bình,canonical,manual_registry
3097,428,BCA_CA_QBI_PC06,Phòng Cảnh sát quản lý hành chính về trật tự xã hội - CA Tỉnh Quảng Bình,alias,domain_rules
3098,428,BCA_CA_QBI_PC06,Phòng Cảnh sát quản lý hành chính về trật tự xã hội - CA Quảng Bình,abbreviation,domain_rules
3099,428,BCA_CA_QBI_PC06,PC06 - Công an Tỉnh Quảng Bình,abbreviation,domain_rules
3100,428,BCA_CA_QBI_PC06,Phòng CSQLHC - Công an Tỉnh Quảng Bình,alias,domain_rules
3101,428,BCA_CA_QBI_PC06,Phong Canh sat quan ly hanh chinh ve trat tu xa hoi - Cong an Tinh Quang Binh,no_accent,auto_rule
3102,428,BCA_CA_QBI_PC06,PCSQLHCTTXHCATQB,abbreviation,auto_rule
3103,428,BCA_CA_QBI_PC06,Phòng Cảnh sát quản lý hành chính về trậttự xã hội - Công an Tỉn Quảng Bình,typo_ocr,noise_injector
3104,429,BCA_CA_QBI_PC08,Phòng Cảnh sát giao thông - Công an Tỉnh Quảng Bình,canonical,manual_registry
3105,429,BCA_CA_QBI_PC08,Phòng Cảnh sát giao thông - CA Tỉnh Quảng Bình,alias,domain_rules
3106,429,BCA_CA_QBI_PC08,Phòng Cảnh sát giao thông - CA Quảng Bình,abbreviation,domain_rules
3107,429,BCA_CA_QBI_PC08,PC08 - Công an Tỉnh Quảng Bình,abbreviation,domain_rules
3108,429,BCA_CA_QBI_PC08,Phòng CSGT - Công an Tỉnh Quảng Bình,alias,domain_rules
3109,429,BCA_CA_QBI_PC08,Phong Canh sat giao thong - Cong an Tinh Quang Binh,no_accent,auto_rule
3110,429,BCA_CA_QBI_PC08,PCSGTCATQB,abbreviation,auto_rule
3111,430,BCA_CA_QBI_PA01,Phòng An ninh đối ngoại - Công an Tỉnh Quảng Bình,canonical,manual_registry
3112,430,BCA_CA_QBI_PA01,Phòng An ninh đối ngoại - CA Tỉnh Quảng Bình,alias,domain_rules
3113,430,BCA_CA_QBI_PA01,Phòng An ninh đối ngoại - CA Quảng Bình,abbreviation,domain_rules
3114,430,BCA_CA_QBI_PA01,Phong An ninh đoi ngoai - Cong an Tinh Quang Binh,no_accent,auto_rule
3115,430,BCA_CA_QBI_PA01,PANĐNCATQB,abbreviation,auto_rule
3116,430,BCA_CA_QBI_PA01,Phòng An ninh ối ngoại - Công an Tỉnh Quảng Bình,typo_ocr,noise_injector
3117,431,BCA_CA_QBI_PA02,Phòng An ninh nội địa - Công an Tỉnh Quảng Bình,canonical,manual_registry
3118,431,BCA_CA_QBI_PA02,Phòng An ninh nội địa - CA Tỉnh Quảng Bình,alias,domain_rules
3119,431,BCA_CA_QBI_PA02,Phòng An ninh nội địa - CA Quảng Bình,abbreviation,domain_rules
3120,431,BCA_CA_QBI_PA02,Phong An ninh noi đia - Cong an Tinh Quang Binh,no_accent,auto_rule
3121,431,BCA_CA_QBI_PA02,PANNĐCATQB,abbreviation,auto_rule
3122,431,BCA_CA_QBI_PA02,Phòng An ninh nội địa - Công an Tnh Quảng Bình,typo_ocr,noise_injector
3123,431,BCA_CA_QBI_PA02,Phòn An ninh nội địa - Công an Tỉn Quảng Bình,typo_ocr,noise_injector
3124,432,BCA_CA_QBI_PA03,Phòng An ninh chính trị nội bộ - Công an Tỉnh Quảng Bình,canonical,manual_registry
3125,432,BCA_CA_QBI_PA03,Phòng An ninh chính trị nội bộ - CA Tỉnh Quảng Bình,alias,domain_rules
3126,432,BCA_CA_QBI_PA03,Phòng An ninh chính trị nội bộ - CA Quảng Bình,abbreviation,domain_rules
3127,432,BCA_CA_QBI_PA03,Phong An ninh chinh tri noi bo - Cong an Tinh Quang Binh,no_accent,auto_rule
3128,432,BCA_CA_QBI_PA03,PANCTNBCATQB,abbreviation,auto_rule
3129,432,BCA_CA_QBI_PA03,Phòng An ninh chính trị nội bộ - Công an Tỉnh Quảg Bình,typo_ocr,noise_injector
3130,433,BCA_CA_QBI_PA05,Phòng An ninh mạng và phòng chống tội phạm công nghệ cao - Công an Tỉnh Quảng Bình,canonical,manual_registry
3131,433,BCA_CA_QBI_PA05,Phòng An ninh mạng và phòng chống tội phạm công nghệ cao - CA Tỉnh Quảng Bình,alias,domain_rules
3132,433,BCA_CA_QBI_PA05,Phòng An ninh mạng và phòng chống tội phạm công nghệ cao - CA Quảng Bình,abbreviation,domain_rules
3133,433,BCA_CA_QBI_PA05,Phong An ninh mang va phong chong toi pham cong nghe cao - Cong an Tinh Quang Binh,no_accent,auto_rule
3134,433,BCA_CA_QBI_PA05,PANMPCTPCNCCATQB,abbreviation,auto_rule
3135,433,BCA_CA_QBI_PA05,Phòng An ninh mạng và phòng chống ti phạm công nghệ cao - Công an Tỉnh Quảng Bình,typo_ocr,noise_injector
3136,433,BCA_CA_QBI_PA05,hòng An ninh mạng và phòng chống tội phạmcông nghệ cao -Côg an Tỉnh Quảng Bình,typo_ocr,noise_injector
3137,434,BCA_CA_HT,Công an Tỉnh Hà Tĩnh,canonical,manual_registry
3138,434,BCA_CA_HT,CA Tỉnh Hà Tĩnh,alias,domain_rules
3139,434,BCA_CA_HT,CA Hà Tĩnh,abbreviation,domain_rules
3140,434,BCA_CA_HT,Cong an Tinh Ha Tinh,no_accent,auto_rule
3141,434,BCA_CA_HT,CATHT,abbreviation,auto_rule
3142,435,BCA_CA_HT_PC01,Văn phòng Cơ quan Cảnh sát điều tra - Công an Tỉnh Hà Tĩnh,canonical,manual_registry
3143,435,BCA_CA_HT_PC01,Văn phòng Cơ quan Cảnh sát điều tra - CA Tỉnh Hà Tĩnh,alias,domain_rules
3144,435,BCA_CA_HT_PC01,Văn phòng Cơ quan Cảnh sát điều tra - CA Hà Tĩnh,abbreviation,domain_rules
3145,435,BCA_CA_HT_PC01,PC01 - Công an Tỉnh Hà Tĩnh,abbreviation,domain_rules
3146,435,BCA_CA_HT_PC01,Van phong Co quan Canh sat đieu tra - Cong an Tinh Ha Tinh,no_accent,auto_rule
3147,435,BCA_CA_HT_PC01,VPCSĐTCATHT,abbreviation,auto_rule
3148,435,BCA_CA_HT_PC01,Văn phòg Cơ quan Cảnh sát điều tra - Công an Tỉnh Hà Tĩnh,typo_ocr,noise_injector
3149,436,BCA_CA_HT_PC02,Phòng Cảnh sát hình sự - Công an Tỉnh Hà Tĩnh,canonical,manual_registry
3150,436,BCA_CA_HT_PC02,Phòng Cảnh sát hình sự - CA Tỉnh Hà Tĩnh,alias,domain_rules
3151,436,BCA_CA_HT_PC02,Phòng Cảnh sát hình sự - CA Hà Tĩnh,abbreviation,domain_rules
3152,436,BCA_CA_HT_PC02,PC02 - Công an Tỉnh Hà Tĩnh,abbreviation,domain_rules
3153,436,BCA_CA_HT_PC02,Phòng CSHS - Công an Tỉnh Hà Tĩnh,alias,domain_rules
3154,436,BCA_CA_HT_PC02,Phong Canh sat hinh su - Cong an Tinh Ha Tinh,no_accent,auto_rule
3155,436,BCA_CA_HT_PC02,PCSHSCATHT,abbreviation,auto_rule
3156,436,BCA_CA_HT_PC02,Phòng Cảnh sát hình sự - Công an Tỉnh HàTĩnh,typo_ocr,noise_injector
3157,436,BCA_CA_HT_PC02,Phòng Cảnh sát hình ự - Công an Tỉnh Hà Tĩnh,typo_ocr,noise_injector
3158,437,BCA_CA_HT_PC03,Phòng Cảnh sát kinh tế - Công an Tỉnh Hà Tĩnh,canonical,manual_registry
3159,437,BCA_CA_HT_PC03,Phòng Cảnh sát kinh tế - CA Tỉnh Hà Tĩnh,alias,domain_rules
3160,437,BCA_CA_HT_PC03,Phòng Cảnh sát kinh tế - CA Hà Tĩnh,abbreviation,domain_rules
3161,437,BCA_CA_HT_PC03,Phong Canh sat kinh te - Cong an Tinh Ha Tinh,no_accent,auto_rule
3162,437,BCA_CA_HT_PC03,PCSKTCATHT,abbreviation,auto_rule
3163,437,BCA_CA_HT_PC03,Phòng Cảnh sát kinh tế - Công an Tỉnh à Tĩnh,typo_ocr,noise_injector
3164,438,BCA_CA_HT_PC04,Phòng Cảnh sát điều tra tội phạm về ma túy - Công an Tỉnh Hà Tĩnh,canonical,manual_registry
3165,438,BCA_CA_HT_PC04,Phòng Cảnh sát điều tra tội phạm về ma túy - CA Tỉnh Hà Tĩnh,alias,domain_rules
3166,438,BCA_CA_HT_PC04,Phòng Cảnh sát điều tra tội phạm về ma túy - CA Hà Tĩnh,abbreviation,domain_rules
3167,438,BCA_CA_HT_PC04,PC04 - Công an Tỉnh Hà Tĩnh,abbreviation,domain_rules
3168,438,BCA_CA_HT_PC04,Phòng CS ma túy - Công an Tỉnh Hà Tĩnh,alias,domain_rules
3169,438,BCA_CA_HT_PC04,Phong Canh sat đieu tra toi pham ve ma tuy - Cong an Tinh Ha Tinh,no_accent,auto_rule
3170,438,BCA_CA_HT_PC04,PCSĐTTPMTCATHT,abbreviation,auto_rule
3171,438,BCA_CA_HT_PC04,Phòng Cảnh sát điều tra tội phạm về ma túy - Công an Tỉnh Hà ĩnh,typo_ocr,noise_injector
3172,439,BCA_CA_HT_PC06,Phòng Cảnh sát quản lý hành chính về trật tự xã hội - Công an Tỉnh Hà Tĩnh,canonical,manual_registry
3173,439,BCA_CA_HT_PC06,Phòng Cảnh sát quản lý hành chính về trật tự xã hội - CA Tỉnh Hà Tĩnh,alias,domain_rules
3174,439,BCA_CA_HT_PC06,Phòng Cảnh sát quản lý hành chính về trật tự xã hội - CA Hà Tĩnh,abbreviation,domain_rules
3175,439,BCA_CA_HT_PC06,PC06 - Công an Tỉnh Hà Tĩnh,abbreviation,domain_rules
3176,439,BCA_CA_HT_PC06,Phòng CSQLHC - Công an Tỉnh Hà Tĩnh,alias,domain_rules
3177,439,BCA_CA_HT_PC06,Phong Canh sat quan ly hanh chinh ve trat tu xa hoi - Cong an Tinh Ha Tinh,no_accent,auto_rule
3178,439,BCA_CA_HT_PC06,PCSQLHCTTXHCATHT,abbreviation,auto_rule
3179,439,BCA_CA_HT_PC06,Phòng Cảnh sát quản lý hành chính về trật tự ã hội - ng an Tỉnh Hà Tĩnh,typo_ocr,noise_injector
3180,439,BCA_CA_HT_PC06,Phòng Cảnh sát quản lý hànhchính về trật tự xã hội -Công an Tỉnh Hà Tĩnh,typo_ocr,noise_injector
3181,440,BCA_CA_HT_PC08,Phòng Cảnh sát giao thông - Công an Tỉnh Hà Tĩnh,canonical,manual_registry
3182,440,BCA_CA_HT_PC08,Phòng Cảnh sát giao thông - CA Tỉnh Hà Tĩnh,alias,domain_rules
3183,440,BCA_CA_HT_PC08,Phòng Cảnh sát giao thông - CA Hà Tĩnh,abbreviation,domain_rules
3184,440,BCA_CA_HT_PC08,PC08 - Công an Tỉnh Hà Tĩnh,abbreviation,domain_rules
3185,440,BCA_CA_HT_PC08,Phòng CSGT - Công an Tỉnh Hà Tĩnh,alias,domain_rules
3186,440,BCA_CA_HT_PC08,Phong Canh sat giao thong - Cong an Tinh Ha Tinh,no_accent,auto_rule
3187,440,BCA_CA_HT_PC08,PCSGTCATHT,abbreviation,auto_rule
3188,440,BCA_CA_HT_PC08,Phòng Cảnh sát giao thông - Côngan Tỉnh Hà Tĩnh,typo_ocr,noise_injector
3189,441,BCA_CA_HT_PA01,Phòng An ninh đối ngoại - Công an Tỉnh Hà Tĩnh,canonical,manual_registry
3190,441,BCA_CA_HT_PA01,Phòng An ninh đối ngoại - CA Tỉnh Hà Tĩnh,alias,domain_rules
3191,441,BCA_CA_HT_PA01,Phòng An ninh đối ngoại - CA Hà Tĩnh,abbreviation,domain_rules
3192,441,BCA_CA_HT_PA01,Phong An ninh đoi ngoai - Cong an Tinh Ha Tinh,no_accent,auto_rule
3193,441,BCA_CA_HT_PA01,PANĐNCATHT,abbreviation,auto_rule
3194,441,BCA_CA_HT_PA01,Phòng An ninh đốingoại - Công an Tỉnh Hà Tĩnh,typo_ocr,noise_injector
3195,441,BCA_CA_HT_PA01,Phòng An nih đối ngoại - Công an Tỉnh Hà Tĩnh,typo_ocr,noise_injector
3196,442,BCA_CA_HT_PA02,Phòng An ninh nội địa - Công an Tỉnh Hà Tĩnh,canonical,manual_registry
3197,442,BCA_CA_HT_PA02,Phòng An ninh nội địa - CA Tỉnh Hà Tĩnh,alias,domain_rules
3198,442,BCA_CA_HT_PA02,Phòng An ninh nội địa - CA Hà Tĩnh,abbreviation,domain_rules
3199,442,BCA_CA_HT_PA02,Phong An ninh noi đia - Cong an Tinh Ha Tinh,no_accent,auto_rule
3200,442,BCA_CA_HT_PA02,PANNĐCATHT,abbreviation,auto_rule
3201,442,BCA_CA_HT_PA02,Phòng An inh ni địa - Công an Tỉnh Hà Tĩnh,typo_ocr,noise_injector
3202,442,BCA_CA_HT_PA02,Pòng An nnh ội địa - Công an Tỉnh Hà Tĩnh,typo_ocr,noise_injector
3203,443,BCA_CA_HT_PA03,Phòng An ninh chính trị nội bộ - Công an Tỉnh Hà Tĩnh,canonical,manual_registry
3204,443,BCA_CA_HT_PA03,Phòng An ninh chính trị nội bộ - CA Tỉnh Hà Tĩnh,alias,domain_rules
3205,443,BCA_CA_HT_PA03,Phòng An ninh chính trị nội bộ - CA Hà Tĩnh,abbreviation,domain_rules
3206,443,BCA_CA_HT_PA03,Phong An ninh chinh tri noi bo - Cong an Tinh Ha Tinh,no_accent,auto_rule
3207,443,BCA_CA_HT_PA03,PANCTNBCATHT,abbreviation,auto_rule
3208,443,BCA_CA_HT_PA03,Phòng An ninh chính trị nội bộ -Công an Tỉnh Hà Tĩnh,typo_ocr,noise_injector
3209,443,BCA_CA_HT_PA03,Phòng An ninh cính trị nội bộ - Công an Tỉnh Hà Tĩnh,typo_ocr,noise_injector
3210,444,BCA_CA_HT_PA05,Phòng An ninh mạng và phòng chống tội phạm công nghệ cao - Công an Tỉnh Hà Tĩnh,canonical,manual_registry
3211,444,BCA_CA_HT_PA05,Phòng An ninh mạng và phòng chống tội phạm công nghệ cao - CA Tỉnh Hà Tĩnh,alias,domain_rules
3212,444,BCA_CA_HT_PA05,Phòng An ninh mạng và phòng chống tội phạm công nghệ cao - CA Hà Tĩnh,abbreviation,domain_rules
3213,444,BCA_CA_HT_PA05,Phong An ninh mang va phong chong toi pham cong nghe cao - Cong an Tinh Ha Tinh,no_accent,auto_rule
3214,444,BCA_CA_HT_PA05,PANMPCTPCNCCATHT,abbreviation,auto_rule
3215,444,BCA_CA_HT_PA05,Phòng An ninh mạng và phòng chốngtội phạm công nghệ cao - Công a Tỉnh Hà Tĩnh,typo_ocr,noise_injector
3216,444,BCA_CA_HT_PA05,Phòng Anninh mạng và phòg chống ti phạm cng nghệ cao - Công an Tỉnh Hà Tĩnh,typo_ocr,noise_injector
3217,445,BCA_CA_NA,Công an Tỉnh Nghệ An,canonical,manual_registry
3218,445,BCA_CA_NA,CA Tỉnh Nghệ An,alias,domain_rules
3219,445,BCA_CA_NA,CA Nghệ An,abbreviation,domain_rules
3220,445,BCA_CA_NA,Cong an Tinh Nghe An,no_accent,auto_rule
3221,445,BCA_CA_NA,CATNA,abbreviation,auto_rule
3222,446,BCA_CA_NA_PC01,Văn phòng Cơ quan Cảnh sát điều tra - Công an Tỉnh Nghệ An,canonical,manual_registry
3223,446,BCA_CA_NA_PC01,Văn phòng Cơ quan Cảnh sát điều tra - CA Tỉnh Nghệ An,alias,domain_rules
3224,446,BCA_CA_NA_PC01,Văn phòng Cơ quan Cảnh sát điều tra - CA Nghệ An,abbreviation,domain_rules
3225,446,BCA_CA_NA_PC01,PC01 - Công an Tỉnh Nghệ An,abbreviation,domain_rules
3226,446,BCA_CA_NA_PC01,Van phong Co quan Canh sat đieu tra - Cong an Tinh Nghe An,no_accent,auto_rule
3227,446,BCA_CA_NA_PC01,VPCSĐTCATNA,abbreviation,auto_rule
3228,446,BCA_CA_NA_PC01,Văn phòng Cơquan Cảnh sát điều tra - Công an Tỉnh Nghệ An,typo_ocr,noise_injector
3229,446,BCA_CA_NA_PC01,Vn phòng Cơ quan Cảnh sát điều tra - Công n Tnh Nghệ An,typo_ocr,noise_injector
3230,447,BCA_CA_NA_PC02,Phòng Cảnh sát hình sự - Công an Tỉnh Nghệ An,canonical,manual_registry
3231,447,BCA_CA_NA_PC02,Phòng Cảnh sát hình sự - CA Tỉnh Nghệ An,alias,domain_rules
3232,447,BCA_CA_NA_PC02,Phòng Cảnh sát hình sự - CA Nghệ An,abbreviation,domain_rules
3233,447,BCA_CA_NA_PC02,PC02 - Công an Tỉnh Nghệ An,abbreviation,domain_rules
3234,447,BCA_CA_NA_PC02,Phòng CSHS - Công an Tỉnh Nghệ An,alias,domain_rules
3235,447,BCA_CA_NA_PC02,Phong Canh sat hinh su - Cong an Tinh Nghe An,no_accent,auto_rule
3236,447,BCA_CA_NA_PC02,PCSHSCATNA,abbreviation,auto_rule
3237,447,BCA_CA_NA_PC02,Pòng Cảnh sát hình sự - Công an Tỉnh Ngệ An,typo_ocr,noise_injector
3238,448,BCA_CA_NA_PC03,Phòng Cảnh sát kinh tế - Công an Tỉnh Nghệ An,canonical,manual_registry
3239,448,BCA_CA_NA_PC03,Phòng Cảnh sát kinh tế - CA Tỉnh Nghệ An,alias,domain_rules
3240,448,BCA_CA_NA_PC03,Phòng Cảnh sát kinh tế - CA Nghệ An,abbreviation,domain_rules
3241,448,BCA_CA_NA_PC03,Phong Canh sat kinh te - Cong an Tinh Nghe An,no_accent,auto_rule
3242,448,BCA_CA_NA_PC03,PCSKTCATNA,abbreviation,auto_rule
3243,449,BCA_CA_NA_PC04,Phòng Cảnh sát điều tra tội phạm về ma túy - Công an Tỉnh Nghệ An,canonical,manual_registry
3244,449,BCA_CA_NA_PC04,Phòng Cảnh sát điều tra tội phạm về ma túy - CA Tỉnh Nghệ An,alias,domain_rules
3245,449,BCA_CA_NA_PC04,Phòng Cảnh sát điều tra tội phạm về ma túy - CA Nghệ An,abbreviation,domain_rules
3246,449,BCA_CA_NA_PC04,PC04 - Công an Tỉnh Nghệ An,abbreviation,domain_rules
3247,449,BCA_CA_NA_PC04,Phòng CS ma túy - Công an Tỉnh Nghệ An,alias,domain_rules
3248,449,BCA_CA_NA_PC04,Phong Canh sat đieu tra toi pham ve ma tuy - Cong an Tinh Nghe An,no_accent,auto_rule
3249,449,BCA_CA_NA_PC04,PCSĐTTPMTCATNA,abbreviation,auto_rule
3250,450,BCA_CA_NA_PC06,Phòng Cảnh sát quản lý hành chính về trật tự xã hội - Công an Tỉnh Nghệ An,canonical,manual_registry
3251,450,BCA_CA_NA_PC06,Phòng Cảnh sát quản lý hành chính về trật tự xã hội - CA Tỉnh Nghệ An,alias,domain_rules
3252,450,BCA_CA_NA_PC06,Phòng Cảnh sát quản lý hành chính về trật tự xã hội - CA Nghệ An,abbreviation,domain_rules
3253,450,BCA_CA_NA_PC06,PC06 - Công an Tỉnh Nghệ An,abbreviation,domain_rules
3254,450,BCA_CA_NA_PC06,Phòng CSQLHC - Công an Tỉnh Nghệ An,alias,domain_rules
3255,450,BCA_CA_NA_PC06,Phong Canh sat quan ly hanh chinh ve trat tu xa hoi - Cong an Tinh Nghe An,no_accent,auto_rule
3256,450,BCA_CA_NA_PC06,PCSQLHCTTXHCATNA,abbreviation,auto_rule
3257,450,BCA_CA_NA_PC06,Phòng Cảnh sát quản lý hành chính về trật tự ã hội - Công an Tỉnh Nghệ An,typo_ocr,noise_injector
3258,450,BCA_CA_NA_PC06,Phòng Cảnh sát quản lý hành chíh về trật tự xãhội - Công an Tỉnh Nghệ An,typo_ocr,noise_injector
3259,451,BCA_CA_NA_PC08,Phòng Cảnh sát giao thông - Công an Tỉnh Nghệ An,canonical,manual_registry
3260,451,BCA_CA_NA_PC08,Phòng Cảnh sát giao thông - CA Tỉnh Nghệ An,alias,domain_rules
3261,451,BCA_CA_NA_PC08,Phòng Cảnh sát giao thông - CA Nghệ An,abbreviation,domain_rules
3262,451,BCA_CA_NA_PC08,PC08 - Công an Tỉnh Nghệ An,abbreviation,domain_rules
3263,451,BCA_CA_NA_PC08,Phòng CSGT - Công an Tỉnh Nghệ An,alias,domain_rules
3264,451,BCA_CA_NA_PC08,Phong Canh sat giao thong - Cong an Tinh Nghe An,no_accent,auto_rule
3265,451,BCA_CA_NA_PC08,PCSGTCATNA,abbreviation,auto_rule
3266,451,BCA_CA_NA_PC08,Pòng Cảnh sát giao thông - Công an Tỉnh Ngệ An,typo_ocr,noise_injector
3267,452,BCA_CA_NA_PA01,Phòng An ninh đối ngoại - Công an Tỉnh Nghệ An,canonical,manual_registry
3268,452,BCA_CA_NA_PA01,Phòng An ninh đối ngoại - CA Tỉnh Nghệ An,alias,domain_rules
3269,452,BCA_CA_NA_PA01,Phòng An ninh đối ngoại - CA Nghệ An,abbreviation,domain_rules
3270,452,BCA_CA_NA_PA01,Phong An ninh đoi ngoai - Cong an Tinh Nghe An,no_accent,auto_rule
3271,452,BCA_CA_NA_PA01,PANĐNCATNA,abbreviation,auto_rule
3272,452,BCA_CA_NA_PA01,Phòng n ninh đối ngoại - Công an Tỉnh Nghệ An,typo_ocr,noise_injector
3273,453,BCA_CA_NA_PA02,Phòng An ninh nội địa - Công an Tỉnh Nghệ An,canonical,manual_registry
3274,453,BCA_CA_NA_PA02,Phòng An ninh nội địa - CA Tỉnh Nghệ An,alias,domain_rules
3275,453,BCA_CA_NA_PA02,Phòng An ninh nội địa - CA Nghệ An,abbreviation,domain_rules
3276,453,BCA_CA_NA_PA02,Phong An ninh noi đia - Cong an Tinh Nghe An,no_accent,auto_rule
3277,453,BCA_CA_NA_PA02,PANNĐCATNA,abbreviation,auto_rule
3278,453,BCA_CA_NA_PA02,Phòng An ninh nội địa - Côn an Tỉnh Nghệ An,typo_ocr,noise_injector
3279,453,BCA_CA_NA_PA02,Phòng An ninh nội địa - Công an Tỉnh Ngệ An,typo_ocr,noise_injector
3280,454,BCA_CA_NA_PA03,Phòng An ninh chính trị nội bộ - Công an Tỉnh Nghệ An,canonical,manual_registry
3281,454,BCA_CA_NA_PA03,Phòng An ninh chính trị nội bộ - CA Tỉnh Nghệ An,alias,domain_rules
3282,454,BCA_CA_NA_PA03,Phòng An ninh chính trị nội bộ - CA Nghệ An,abbreviation,domain_rules
3283,454,BCA_CA_NA_PA03,Phong An ninh chinh tri noi bo - Cong an Tinh Nghe An,no_accent,auto_rule
3284,454,BCA_CA_NA_PA03,PANCTNBCATNA,abbreviation,auto_rule
3285,454,BCA_CA_NA_PA03,Phòng An ninh chính tr nội bộ  Công an Tỉnh Nghệ An,typo_ocr,noise_injector
3286,454,BCA_CA_NA_PA03,Phòng An nih chính trị nội bộ - Công an Tỉh Nghệ An,typo_ocr,noise_injector
3287,455,BCA_CA_NA_PA05,Phòng An ninh mạng và phòng chống tội phạm công nghệ cao - Công an Tỉnh Nghệ An,canonical,manual_registry
3288,455,BCA_CA_NA_PA05,Phòng An ninh mạng và phòng chống tội phạm công nghệ cao - CA Tỉnh Nghệ An,alias,domain_rules
3289,455,BCA_CA_NA_PA05,Phòng An ninh mạng và phòng chống tội phạm công nghệ cao - CA Nghệ An,abbreviation,domain_rules
3290,455,BCA_CA_NA_PA05,Phong An ninh mang va phong chong toi pham cong nghe cao - Cong an Tinh Nghe An,no_accent,auto_rule
3291,455,BCA_CA_NA_PA05,PANMPCTPCNCCATNA,abbreviation,auto_rule
3292,455,BCA_CA_NA_PA05,Phòng Anninh mạng và phòng chống tội phạm công nghệ co - Công an Tỉnh Nghệ An,typo_ocr,noise_injector
3293,456,BCA_CA_TH,Công an Tỉnh Thanh Hóa,canonical,manual_registry
3294,456,BCA_CA_TH,CA Tỉnh Thanh Hóa,alias,domain_rules
3295,456,BCA_CA_TH,CA Thanh Hóa,abbreviation,domain_rules
3296,456,BCA_CA_TH,Cong an Tinh Thanh Hoa,no_accent,auto_rule
3297,456,BCA_CA_TH,CATTH,abbreviation,auto_rule
3298,457,BCA_CA_TH_PC01,Văn phòng Cơ quan Cảnh sát điều tra - Công an Tỉnh Thanh Hóa,canonical,manual_registry
3299,457,BCA_CA_TH_PC01,Văn phòng Cơ quan Cảnh sát điều tra - CA Tỉnh Thanh Hóa,alias,domain_rules
3300,457,BCA_CA_TH_PC01,Văn phòng Cơ quan Cảnh sát điều tra - CA Thanh Hóa,abbreviation,domain_rules
3301,457,BCA_CA_TH_PC01,PC01 - Công an Tỉnh Thanh Hóa,abbreviation,domain_rules
3302,457,BCA_CA_TH_PC01,Van phong Co quan Canh sat đieu tra - Cong an Tinh Thanh Hoa,no_accent,auto_rule
3303,457,BCA_CA_TH_PC01,VPCSĐTCATTH,abbreviation,auto_rule
3304,457,BCA_CA_TH_PC01,Văn phòng Cơ uan Cảnh sát điều tra - Công an Tỉnh Thanh Hóa,typo_ocr,noise_injector
3305,457,BCA_CA_TH_PC01,Văn phòng Cơ quan Cảnh st điều tra - Công an Tỉnh Thanh Hó,typo_ocr,noise_injector
3306,458,BCA_CA_TH_PC02,Phòng Cảnh sát hình sự - Công an Tỉnh Thanh Hóa,canonical,manual_registry
3307,458,BCA_CA_TH_PC02,Phòng Cảnh sát hình sự - CA Tỉnh Thanh Hóa,alias,domain_rules
3308,458,BCA_CA_TH_PC02,Phòng Cảnh sát hình sự - CA Thanh Hóa,abbreviation,domain_rules
3309,458,BCA_CA_TH_PC02,PC02 - Công an Tỉnh Thanh Hóa,abbreviation,domain_rules
3310,458,BCA_CA_TH_PC02,Phòng CSHS - Công an Tỉnh Thanh Hóa,alias,domain_rules
3311,458,BCA_CA_TH_PC02,Phong Canh sat hinh su - Cong an Tinh Thanh Hoa,no_accent,auto_rule
3312,458,BCA_CA_TH_PC02,PCSHSCATTH,abbreviation,auto_rule
3313,458,BCA_CA_TH_PC02,Phòng Cảnh sát hình sự - ông an Tỉnh Thanh Hóa,typo_ocr,noise_injector
3314,458,BCA_CA_TH_PC02,hòng Cản sát hình sự - Công an Tỉnh Thanh Hóa,typo_ocr,noise_injector
3315,459,BCA_CA_TH_PC03,Phòng Cảnh sát kinh tế - Công an Tỉnh Thanh Hóa,canonical,manual_registry
3316,459,BCA_CA_TH_PC03,Phòng Cảnh sát kinh tế - CA Tỉnh Thanh Hóa,alias,domain_rules
3317,459,BCA_CA_TH_PC03,Phòng Cảnh sát kinh tế - CA Thanh Hóa,abbreviation,domain_rules
3318,459,BCA_CA_TH_PC03,Phong Canh sat kinh te - Cong an Tinh Thanh Hoa,no_accent,auto_rule
3319,459,BCA_CA_TH_PC03,PCSKTCATTH,abbreviation,auto_rule
3320,459,BCA_CA_TH_PC03,Phòng Cảnh sát kinh tế - Côn an TỉnhThanh Hóa,typo_ocr,noise_injector
3321,460,BCA_CA_TH_PC04,Phòng Cảnh sát điều tra tội phạm về ma túy - Công an Tỉnh Thanh Hóa,canonical,manual_registry
3322,460,BCA_CA_TH_PC04,Phòng Cảnh sát điều tra tội phạm về ma túy - CA Tỉnh Thanh Hóa,alias,domain_rules
3323,460,BCA_CA_TH_PC04,Phòng Cảnh sát điều tra tội phạm về ma túy - CA Thanh Hóa,abbreviation,domain_rules
3324,460,BCA_CA_TH_PC04,PC04 - Công an Tỉnh Thanh Hóa,abbreviation,domain_rules
3325,460,BCA_CA_TH_PC04,Phòng CS ma túy - Công an Tỉnh Thanh Hóa,alias,domain_rules
3326,460,BCA_CA_TH_PC04,Phong Canh sat đieu tra toi pham ve ma tuy - Cong an Tinh Thanh Hoa,no_accent,auto_rule
3327,460,BCA_CA_TH_PC04,PCSĐTTPMTCATTH,abbreviation,auto_rule
3328,460,BCA_CA_TH_PC04,hòng Cảnhsát điều tra tội phạm về ma úy - Công n Tỉnh Thanh Hóa,typo_ocr,noise_injector
3329,461,BCA_CA_TH_PC06,Phòng Cảnh sát quản lý hành chính về trật tự xã hội - Công an Tỉnh Thanh Hóa,canonical,manual_registry
3330,461,BCA_CA_TH_PC06,Phòng Cảnh sát quản lý hành chính về trật tự xã hội - CA Tỉnh Thanh Hóa,alias,domain_rules
3331,461,BCA_CA_TH_PC06,Phòng Cảnh sát quản lý hành chính về trật tự xã hội - CA Thanh Hóa,abbreviation,domain_rules
3332,461,BCA_CA_TH_PC06,PC06 - Công an Tỉnh Thanh Hóa,abbreviation,domain_rules
3333,461,BCA_CA_TH_PC06,Phòng CSQLHC - Công an Tỉnh Thanh Hóa,alias,domain_rules
3334,461,BCA_CA_TH_PC06,Phong Canh sat quan ly hanh chinh ve trat tu xa hoi - Cong an Tinh Thanh Hoa,no_accent,auto_rule
3335,461,BCA_CA_TH_PC06,PCSQLHCTTXHCATTH,abbreviation,auto_rule
3336,461,BCA_CA_TH_PC06,Phòng Cảnh át quản lý hành chính về trật tự xã hội - Côg an Tỉnh Thanh Hóa,typo_ocr,noise_injector
3337,461,BCA_CA_TH_PC06,Phòng Cảnh sát quản ý hành chính về trật tự xã hội - Công an Tỉnh Thanh Hóa,typo_ocr,noise_injector
3338,462,BCA_CA_TH_PC08,Phòng Cảnh sát giao thông - Công an Tỉnh Thanh Hóa,canonical,manual_registry
3339,462,BCA_CA_TH_PC08,Phòng Cảnh sát giao thông - CA Tỉnh Thanh Hóa,alias,domain_rules
3340,462,BCA_CA_TH_PC08,Phòng Cảnh sát giao thông - CA Thanh Hóa,abbreviation,domain_rules
3341,462,BCA_CA_TH_PC08,PC08 - Công an Tỉnh Thanh Hóa,abbreviation,domain_rules
3342,462,BCA_CA_TH_PC08,Phòng CSGT - Công an Tỉnh Thanh Hóa,alias,domain_rules
3343,462,BCA_CA_TH_PC08,Phong Canh sat giao thong - Cong an Tinh Thanh Hoa,no_accent,auto_rule
3344,462,BCA_CA_TH_PC08,PCSGTCATTH,abbreviation,auto_rule
3345,462,BCA_CA_TH_PC08,Phòng Cảnh sát giao thông - ông an Tỉnh Thanh óa,typo_ocr,noise_injector
3346,463,BCA_CA_TH_PA01,Phòng An ninh đối ngoại - Công an Tỉnh Thanh Hóa,canonical,manual_registry
3347,463,BCA_CA_TH_PA01,Phòng An ninh đối ngoại - CA Tỉnh Thanh Hóa,alias,domain_rules
3348,463,BCA_CA_TH_PA01,Phòng An ninh đối ngoại - CA Thanh Hóa,abbreviation,domain_rules
3349,463,BCA_CA_TH_PA01,Phong An ninh đoi ngoai - Cong an Tinh Thanh Hoa,no_accent,auto_rule
3350,463,BCA_CA_TH_PA01,PANĐNCATTH,abbreviation,auto_rule
3351,463,BCA_CA_TH_PA01,Phòng An nnh đối ngoại - Công an Tỉnh Thanh Hóa,typo_ocr,noise_injector
3352,464,BCA_CA_TH_PA02,Phòng An ninh nội địa - Công an Tỉnh Thanh Hóa,canonical,manual_registry
3353,464,BCA_CA_TH_PA02,Phòng An ninh nội địa - CA Tỉnh Thanh Hóa,alias,domain_rules
3354,464,BCA_CA_TH_PA02,Phòng An ninh nội địa - CA Thanh Hóa,abbreviation,domain_rules
3355,464,BCA_CA_TH_PA02,Phong An ninh noi đia - Cong an Tinh Thanh Hoa,no_accent,auto_rule
3356,464,BCA_CA_TH_PA02,PANNĐCATTH,abbreviation,auto_rule
3357,464,BCA_CA_TH_PA02,Phòng An ninh nội đị - Công an Tnh Thanh Hóa,typo_ocr,noise_injector
3358,465,BCA_CA_TH_PA03,Phòng An ninh chính trị nội bộ - Công an Tỉnh Thanh Hóa,canonical,manual_registry
3359,465,BCA_CA_TH_PA03,Phòng An ninh chính trị nội bộ - CA Tỉnh Thanh Hóa,alias,domain_rules
3360,465,BCA_CA_TH_PA03,Phòng An ninh chính trị nội bộ - CA Thanh Hóa,abbreviation,domain_rules
3361,465,BCA_CA_TH_PA03,Phong An ninh chinh tri noi bo - Cong an Tinh Thanh Hoa,no_accent,auto_rule
3362,465,BCA_CA_TH_PA03,PANCTNBCATTH,abbreviation,auto_rule
3363,466,BCA_CA_TH_PA05,Phòng An ninh mạng và phòng chống tội phạm công nghệ cao - Công an Tỉnh Thanh Hóa,canonical,manual_registry
3364,466,BCA_CA_TH_PA05,Phòng An ninh mạng và phòng chống tội phạm công nghệ cao - CA Tỉnh Thanh Hóa,alias,domain_rules
3365,466,BCA_CA_TH_PA05,Phòng An ninh mạng và phòng chống tội phạm công nghệ cao - CA Thanh Hóa,abbreviation,domain_rules
3366,466,BCA_CA_TH_PA05,Phong An ninh mang va phong chong toi pham cong nghe cao - Cong an Tinh Thanh Hoa,no_accent,auto_rule
3367,466,BCA_CA_TH_PA05,PANMPCTPCNCCATTH,abbreviation,auto_rule
3368,466,BCA_CA_TH_PA05,Phòng An ninh mạng và phòng chốn tội phạm công nghệ cao - Côngan Tỉn Thanh Hóa,typo_ocr,noise_injector
3369,466,BCA_CA_TH_PA05,Phòng An ninh mạng và phòng chống tội phạm công nghệ ao- Công an Tỉnh Thanh Hóa,typo_ocr,noise_injector
3370,467,BCA_CA_QNH,Công an Tỉnh Quảng Ninh,canonical,manual_registry
3371,467,BCA_CA_QNH,CA Tỉnh Quảng Ninh,alias,domain_rules
3372,467,BCA_CA_QNH,CA Quảng Ninh,abbreviation,domain_rules
3373,467,BCA_CA_QNH,Cong an Tinh Quang Ninh,no_accent,auto_rule
3374,467,BCA_CA_QNH,CATQN,abbreviation,auto_rule
3375,467,BCA_CA_QNH,Công n Tỉnh Quảng Ninh,typo_ocr,noise_injector
3376,468,BCA_CA_QNH_PC01,Văn phòng Cơ quan Cảnh sát điều tra - Công an Tỉnh Quảng Ninh,canonical,manual_registry
3377,468,BCA_CA_QNH_PC01,Văn phòng Cơ quan Cảnh sát điều tra - CA Tỉnh Quảng Ninh,alias,domain_rules
3378,468,BCA_CA_QNH_PC01,Văn phòng Cơ quan Cảnh sát điều tra - CA Quảng Ninh,abbreviation,domain_rules
3379,468,BCA_CA_QNH_PC01,PC01 - Công an Tỉnh Quảng Ninh,abbreviation,domain_rules
3380,468,BCA_CA_QNH_PC01,Van phong Co quan Canh sat đieu tra - Cong an Tinh Quang Ninh,no_accent,auto_rule
3381,468,BCA_CA_QNH_PC01,VPCSĐTCATQN,abbreviation,auto_rule
3382,468,BCA_CA_QNH_PC01,Văn phng Cơ quan Cảnh sát điều tra - Côg an Tỉnh Quảng Ninh,typo_ocr,noise_injector
3383,469,BCA_CA_QNH_PC02,Phòng Cảnh sát hình sự - Công an Tỉnh Quảng Ninh,canonical,manual_registry
3384,469,BCA_CA_QNH_PC02,Phòng Cảnh sát hình sự - CA Tỉnh Quảng Ninh,alias,domain_rules
3385,469,BCA_CA_QNH_PC02,Phòng Cảnh sát hình sự - CA Quảng Ninh,abbreviation,domain_rules
3386,469,BCA_CA_QNH_PC02,PC02 - Công an Tỉnh Quảng Ninh,abbreviation,domain_rules
3387,469,BCA_CA_QNH_PC02,Phòng CSHS - Công an Tỉnh Quảng Ninh,alias,domain_rules
3388,469,BCA_CA_QNH_PC02,Phong Canh sat hinh su - Cong an Tinh Quang Ninh,no_accent,auto_rule
3389,469,BCA_CA_QNH_PC02,PCSHSCATQN,abbreviation,auto_rule
3390,469,BCA_CA_QNH_PC02,Phòg Cảnh sát hình sự - Công an Tỉnh Quảng Ninh,typo_ocr,noise_injector
3391,470,BCA_CA_QNH_PC03,Phòng Cảnh sát kinh tế - Công an Tỉnh Quảng Ninh,canonical,manual_registry
3392,470,BCA_CA_QNH_PC03,Phòng Cảnh sát kinh tế - CA Tỉnh Quảng Ninh,alias,domain_rules
3393,470,BCA_CA_QNH_PC03,Phòng Cảnh sát kinh tế - CA Quảng Ninh,abbreviation,domain_rules
3394,470,BCA_CA_QNH_PC03,Phong Canh sat kinh te - Cong an Tinh Quang Ninh,no_accent,auto_rule
3395,470,BCA_CA_QNH_PC03,PCSKTCATQN,abbreviation,auto_rule
3396,470,BCA_CA_QNH_PC03,Phòng Cản sát kinh tế - Công an Tỉnh QuảngNinh,typo_ocr,noise_injector
3397,470,BCA_CA_QNH_PC03,Phòng Cảnh sát kinh tế - Công an Tỉh Qung Nnh,typo_ocr,noise_injector
3398,471,BCA_CA_QNH_PC04,Phòng Cảnh sát điều tra tội phạm về ma túy - Công an Tỉnh Quảng Ninh,canonical,manual_registry
3399,471,BCA_CA_QNH_PC04,Phòng Cảnh sát điều tra tội phạm về ma túy - CA Tỉnh Quảng Ninh,alias,domain_rules
3400,471,BCA_CA_QNH_PC04,Phòng Cảnh sát điều tra tội phạm về ma túy - CA Quảng Ninh,abbreviation,domain_rules
3401,471,BCA_CA_QNH_PC04,PC04 - Công an Tỉnh Quảng Ninh,abbreviation,domain_rules
3402,471,BCA_CA_QNH_PC04,Phòng CS ma túy - Công an Tỉnh Quảng Ninh,alias,domain_rules
3403,471,BCA_CA_QNH_PC04,Phong Canh sat đieu tra toi pham ve ma tuy - Cong an Tinh Quang Ninh,no_accent,auto_rule
3404,471,BCA_CA_QNH_PC04,PCSĐTTPMTCATQN,abbreviation,auto_rule
3405,471,BCA_CA_QNH_PC04,Phòng Cảnh át điều ra tội phạm về a túy - ông an Tỉnh Quảng Ninh,typo_ocr,noise_injector
3406,471,BCA_CA_QNH_PC04,hòng Cảnh sát điều tra tội phm về ma túy - Công an Tỉnh Quảng Ninh,typo_ocr,noise_injector
3407,472,BCA_CA_QNH_PC06,Phòng Cảnh sát quản lý hành chính về trật tự xã hội - Công an Tỉnh Quảng Ninh,canonical,manual_registry
3408,472,BCA_CA_QNH_PC06,Phòng Cảnh sát quản lý hành chính về trật tự xã hội - CA Tỉnh Quảng Ninh,alias,domain_rules
3409,472,BCA_CA_QNH_PC06,Phòng Cảnh sát quản lý hành chính về trật tự xã hội - CA Quảng Ninh,abbreviation,domain_rules
3410,472,BCA_CA_QNH_PC06,PC06 - Công an Tỉnh Quảng Ninh,abbreviation,domain_rules
3411,472,BCA_CA_QNH_PC06,Phòng CSQLHC - Công an Tỉnh Quảng Ninh,alias,domain_rules
3412,472,BCA_CA_QNH_PC06,Phong Canh sat quan ly hanh chinh ve trat tu xa hoi - Cong an Tinh Quang Ninh,no_accent,auto_rule
3413,472,BCA_CA_QNH_PC06,PCSQLHCTTXHCATQN,abbreviation,auto_rule
3414,472,BCA_CA_QNH_PC06,Phòng Cảnh sát qun lý hành chính v tật tự xã ội - Công an TỉhQảng Ninh,typo_ocr,noise_injector
3415,473,BCA_CA_QNH_PC08,Phòng Cảnh sát giao thông - Công an Tỉnh Quảng Ninh,canonical,manual_registry
3416,473,BCA_CA_QNH_PC08,Phòng Cảnh sát giao thông - CA Tỉnh Quảng Ninh,alias,domain_rules
3417,473,BCA_CA_QNH_PC08,Phòng Cảnh sát giao thông - CA Quảng Ninh,abbreviation,domain_rules
3418,473,BCA_CA_QNH_PC08,PC08 - Công an Tỉnh Quảng Ninh,abbreviation,domain_rules
3419,473,BCA_CA_QNH_PC08,Phòng CSGT - Công an Tỉnh Quảng Ninh,alias,domain_rules
3420,473,BCA_CA_QNH_PC08,Phong Canh sat giao thong - Cong an Tinh Quang Ninh,no_accent,auto_rule
3421,473,BCA_CA_QNH_PC08,PCSGTCATQN,abbreviation,auto_rule
3422,473,BCA_CA_QNH_PC08,Phòng Cảnh sát giao thông - Cng an Tỉnh Quảng Ninh,typo_ocr,noise_injector
3423,474,BCA_CA_QNH_PA01,Phòng An ninh đối ngoại - Công an Tỉnh Quảng Ninh,canonical,manual_registry
3424,474,BCA_CA_QNH_PA01,Phòng An ninh đối ngoại - CA Tỉnh Quảng Ninh,alias,domain_rules
3425,474,BCA_CA_QNH_PA01,Phòng An ninh đối ngoại - CA Quảng Ninh,abbreviation,domain_rules
3426,474,BCA_CA_QNH_PA01,Phong An ninh đoi ngoai - Cong an Tinh Quang Ninh,no_accent,auto_rule
3427,474,BCA_CA_QNH_PA01,PANĐNCATQN,abbreviation,auto_rule
3428,474,BCA_CA_QNH_PA01,Phòng An ninh đối ngoại - Công an Tỉnh Quảng inh,typo_ocr,noise_injector
3429,474,BCA_CA_QNH_PA01,Phòng An ninh đối ngoại - Công anTỉnh Quảng Ninh,typo_ocr,noise_injector
3430,475,BCA_CA_QNH_PA02,Phòng An ninh nội địa - Công an Tỉnh Quảng Ninh,canonical,manual_registry
3431,475,BCA_CA_QNH_PA02,Phòng An ninh nội địa - CA Tỉnh Quảng Ninh,alias,domain_rules
3432,475,BCA_CA_QNH_PA02,Phòng An ninh nội địa - CA Quảng Ninh,abbreviation,domain_rules
3433,475,BCA_CA_QNH_PA02,Phong An ninh noi đia - Cong an Tinh Quang Ninh,no_accent,auto_rule
3434,475,BCA_CA_QNH_PA02,PANNĐCATQN,abbreviation,auto_rule
3435,475,BCA_CA_QNH_PA02,Phng An ninh nội địa - Công an Tỉnh Quảng Ninh,typo_ocr,noise_injector
3436,476,BCA_CA_QNH_PA03,Phòng An ninh chính trị nội bộ - Công an Tỉnh Quảng Ninh,canonical,manual_registry
3437,476,BCA_CA_QNH_PA03,Phòng An ninh chính trị nội bộ - CA Tỉnh Quảng Ninh,alias,domain_rules
3438,476,BCA_CA_QNH_PA03,Phòng An ninh chính trị nội bộ - CA Quảng Ninh,abbreviation,domain_rules
3439,476,BCA_CA_QNH_PA03,Phong An ninh chinh tri noi bo - Cong an Tinh Quang Ninh,no_accent,auto_rule
3440,476,BCA_CA_QNH_PA03,PANCTNBCATQN,abbreviation,auto_rule
3441,476,BCA_CA_QNH_PA03,Phòng An ninh chính trị nộ bộ - Công an Tỉnh Quảng Ninh,typo_ocr,noise_injector
3442,477,BCA_CA_QNH_PA05,Phòng An ninh mạng và phòng chống tội phạm công nghệ cao - Công an Tỉnh Quảng Ninh,canonical,manual_registry
3443,477,BCA_CA_QNH_PA05,Phòng An ninh mạng và phòng chống tội phạm công nghệ cao - CA Tỉnh Quảng Ninh,alias,domain_rules
3444,477,BCA_CA_QNH_PA05,Phòng An ninh mạng và phòng chống tội phạm công nghệ cao - CA Quảng Ninh,abbreviation,domain_rules
3445,477,BCA_CA_QNH_PA05,Phong An ninh mang va phong chong toi pham cong nghe cao - Cong an Tinh Quang Ninh,no_accent,auto_rule
3446,477,BCA_CA_QNH_PA05,PANMPCTPCNCCATQN,abbreviation,auto_rule
3447,477,BCA_CA_QNH_PA05,Phòng An ninh mạng và phòng chống tội phạm công nghệ cao - Công an Tỉnh Quảng inh,typo_ocr,noise_injector
3448,477,BCA_CA_QNH_PA05,Phòng An ninh mạng và phòng chống ội phạm công nghệ cao - Công anTỉnh Quảng Ninh,typo_ocr,noise_injector
3449,478,BCA_CA_HD,Công an Tỉnh Hải Dương,canonical,manual_registry
3450,478,BCA_CA_HD,CA Tỉnh Hải Dương,alias,domain_rules
3451,478,BCA_CA_HD,CA Hải Dương,abbreviation,domain_rules
3452,478,BCA_CA_HD,Cong an Tinh Hai Duong,no_accent,auto_rule
3453,478,BCA_CA_HD,CATHD,abbreviation,auto_rule
3454,479,BCA_CA_HD_PC01,Văn phòng Cơ quan Cảnh sát điều tra - Công an Tỉnh Hải Dương,canonical,manual_registry
3455,479,BCA_CA_HD_PC01,Văn phòng Cơ quan Cảnh sát điều tra - CA Tỉnh Hải Dương,alias,domain_rules
3456,479,BCA_CA_HD_PC01,Văn phòng Cơ quan Cảnh sát điều tra - CA Hải Dương,abbreviation,domain_rules
3457,479,BCA_CA_HD_PC01,PC01 - Công an Tỉnh Hải Dương,abbreviation,domain_rules
3458,479,BCA_CA_HD_PC01,Van phong Co quan Canh sat đieu tra - Cong an Tinh Hai Duong,no_accent,auto_rule
3459,479,BCA_CA_HD_PC01,VPCSĐTCATHD,abbreviation,auto_rule
3460,479,BCA_CA_HD_PC01,Văn phòng Cơ quan Cảnh sát điều tra- Công an Tỉnh Hải Dương,typo_ocr,noise_injector
3461,479,BCA_CA_HD_PC01,Văn phòn Cơ quan Cảnh sát điều tra - Côngan Tỉnh Hải Dương,typo_ocr,noise_injector
3462,480,BCA_CA_HD_PC02,Phòng Cảnh sát hình sự - Công an Tỉnh Hải Dương,canonical,manual_registry
3463,480,BCA_CA_HD_PC02,Phòng Cảnh sát hình sự - CA Tỉnh Hải Dương,alias,domain_rules
3464,480,BCA_CA_HD_PC02,Phòng Cảnh sát hình sự - CA Hải Dương,abbreviation,domain_rules
3465,480,BCA_CA_HD_PC02,PC02 - Công an Tỉnh Hải Dương,abbreviation,domain_rules
3466,480,BCA_CA_HD_PC02,Phòng CSHS - Công an Tỉnh Hải Dương,alias,domain_rules
3467,480,BCA_CA_HD_PC02,Phong Canh sat hinh su - Cong an Tinh Hai Duong,no_accent,auto_rule
3468,480,BCA_CA_HD_PC02,PCSHSCATHD,abbreviation,auto_rule
3469,480,BCA_CA_HD_PC02,Phòng Cảnh sát hình sự - Công an Tỉnh HảiDương,typo_ocr,noise_injector
3470,481,BCA_CA_HD_PC03,Phòng Cảnh sát kinh tế - Công an Tỉnh Hải Dương,canonical,manual_registry
3471,481,BCA_CA_HD_PC03,Phòng Cảnh sát kinh tế - CA Tỉnh Hải Dương,alias,domain_rules
3472,481,BCA_CA_HD_PC03,Phòng Cảnh sát kinh tế - CA Hải Dương,abbreviation,domain_rules
3473,481,BCA_CA_HD_PC03,Phong Canh sat kinh te - Cong an Tinh Hai Duong,no_accent,auto_rule
3474,481,BCA_CA_HD_PC03,PCSKTCATHD,abbreviation,auto_rule
3475,481,BCA_CA_HD_PC03,Phòn Cảnh sát kinh tế - Công an Tỉnh Hải Dương,typo_ocr,noise_injector
3476,481,BCA_CA_HD_PC03,Phòng Cảnh sát kinh tế - Công n Tỉnh Hải Dương,typo_ocr,noise_injector
3477,482,BCA_CA_HD_PC04,Phòng Cảnh sát điều tra tội phạm về ma túy - Công an Tỉnh Hải Dương,canonical,manual_registry
3478,482,BCA_CA_HD_PC04,Phòng Cảnh sát điều tra tội phạm về ma túy - CA Tỉnh Hải Dương,alias,domain_rules
3479,482,BCA_CA_HD_PC04,Phòng Cảnh sát điều tra tội phạm về ma túy - CA Hải Dương,abbreviation,domain_rules
3480,482,BCA_CA_HD_PC04,PC04 - Công an Tỉnh Hải Dương,abbreviation,domain_rules
3481,482,BCA_CA_HD_PC04,Phòng CS ma túy - Công an Tỉnh Hải Dương,alias,domain_rules
3482,482,BCA_CA_HD_PC04,Phong Canh sat đieu tra toi pham ve ma tuy - Cong an Tinh Hai Duong,no_accent,auto_rule
3483,482,BCA_CA_HD_PC04,PCSĐTTPMTCATHD,abbreviation,auto_rule
3484,482,BCA_CA_HD_PC04,Phòng Cảh sát điều tra tội phạm về ma túy - Công an Tỉnh Hải Dương,typo_ocr,noise_injector
3485,482,BCA_CA_HD_PC04,Phòng Cảnh sát điều tra tội phạmvề ma túy - Công an Tỉnh ải Dương,typo_ocr,noise_injector
3486,483,BCA_CA_HD_PC06,Phòng Cảnh sát quản lý hành chính về trật tự xã hội - Công an Tỉnh Hải Dương,canonical,manual_registry
3487,483,BCA_CA_HD_PC06,Phòng Cảnh sát quản lý hành chính về trật tự xã hội - CA Tỉnh Hải Dương,alias,domain_rules
3488,483,BCA_CA_HD_PC06,Phòng Cảnh sát quản lý hành chính về trật tự xã hội - CA Hải Dương,abbreviation,domain_rules
3489,483,BCA_CA_HD_PC06,PC06 - Công an Tỉnh Hải Dương,abbreviation,domain_rules
3490,483,BCA_CA_HD_PC06,Phòng CSQLHC - Công an Tỉnh Hải Dương,alias,domain_rules
3491,483,BCA_CA_HD_PC06,Phong Canh sat quan ly hanh chinh ve trat tu xa hoi - Cong an Tinh Hai Duong,no_accent,auto_rule
3492,483,BCA_CA_HD_PC06,PCSQLHCTTXHCATHD,abbreviation,auto_rule
3493,483,BCA_CA_HD_PC06,Phòng Cảnh sát quản lýhành chín về trật tự xã hội - Công an Tỉnh HảiDương,typo_ocr,noise_injector
3494,483,BCA_CA_HD_PC06,Phòng Cảnh sát quản lý hành chính về trật tự xã hội - Công an Tỉn Hải Dươg,typo_ocr,noise_injector
3495,484,BCA_CA_HD_PC08,Phòng Cảnh sát giao thông - Công an Tỉnh Hải Dương,canonical,manual_registry
3496,484,BCA_CA_HD_PC08,Phòng Cảnh sát giao thông - CA Tỉnh Hải Dương,alias,domain_rules
3497,484,BCA_CA_HD_PC08,Phòng Cảnh sát giao thông - CA Hải Dương,abbreviation,domain_rules
3498,484,BCA_CA_HD_PC08,PC08 - Công an Tỉnh Hải Dương,abbreviation,domain_rules
3499,484,BCA_CA_HD_PC08,Phòng CSGT - Công an Tỉnh Hải Dương,alias,domain_rules
3500,484,BCA_CA_HD_PC08,Phong Canh sat giao thong - Cong an Tinh Hai Duong,no_accent,auto_rule
3501,484,BCA_CA_HD_PC08,PCSGTCATHD,abbreviation,auto_rule
3502,484,BCA_CA_HD_PC08,Phòng Cảnh sát iao thông - Công an Tỉnh Hải Dương,typo_ocr,noise_injector
3503,484,BCA_CA_HD_PC08,PhòngCảnh sát giao thông - Công an Tỉnh Hải Dương,typo_ocr,noise_injector
3504,485,BCA_CA_HD_PA01,Phòng An ninh đối ngoại - Công an Tỉnh Hải Dương,canonical,manual_registry
3505,485,BCA_CA_HD_PA01,Phòng An ninh đối ngoại - CA Tỉnh Hải Dương,alias,domain_rules
3506,485,BCA_CA_HD_PA01,Phòng An ninh đối ngoại - CA Hải Dương,abbreviation,domain_rules
3507,485,BCA_CA_HD_PA01,Phong An ninh đoi ngoai - Cong an Tinh Hai Duong,no_accent,auto_rule
3508,485,BCA_CA_HD_PA01,PANĐNCATHD,abbreviation,auto_rule
3509,485,BCA_CA_HD_PA01,Phòng An ninh đối ngoại - Công an Tỉnh Hải Dươg,typo_ocr,noise_injector
3510,486,BCA_CA_HD_PA02,Phòng An ninh nội địa - Công an Tỉnh Hải Dương,canonical,manual_registry
3511,486,BCA_CA_HD_PA02,Phòng An ninh nội địa - CA Tỉnh Hải Dương,alias,domain_rules
3512,486,BCA_CA_HD_PA02,Phòng An ninh nội địa - CA Hải Dương,abbreviation,domain_rules
3513,486,BCA_CA_HD_PA02,Phong An ninh noi đia - Cong an Tinh Hai Duong,no_accent,auto_rule
3514,486,BCA_CA_HD_PA02,PANNĐCATHD,abbreviation,auto_rule
3515,486,BCA_CA_HD_PA02,Phòng An ninh nội địa - Công an Tỉnh ải Dương,typo_ocr,noise_injector
3516,486,BCA_CA_HD_PA02,Phòng An ninh nội địa - Công n Tỉnh Hải Dương,typo_ocr,noise_injector
3517,487,BCA_CA_HD_PA03,Phòng An ninh chính trị nội bộ - Công an Tỉnh Hải Dương,canonical,manual_registry
3518,487,BCA_CA_HD_PA03,Phòng An ninh chính trị nội bộ - CA Tỉnh Hải Dương,alias,domain_rules
3519,487,BCA_CA_HD_PA03,Phòng An ninh chính trị nội bộ - CA Hải Dương,abbreviation,domain_rules
3520,487,BCA_CA_HD_PA03,Phong An ninh chinh tri noi bo - Cong an Tinh Hai Duong,no_accent,auto_rule
3521,487,BCA_CA_HD_PA03,PANCTNBCATHD,abbreviation,auto_rule
3522,487,BCA_CA_HD_PA03,Phng An ninh chính trị nội bộ - Công an Tỉnh Hải Dương,typo_ocr,noise_injector
3523,488,BCA_CA_HD_PA05,Phòng An ninh mạng và phòng chống tội phạm công nghệ cao - Công an Tỉnh Hải Dương,canonical,manual_registry
3524,488,BCA_CA_HD_PA05,Phòng An ninh mạng và phòng chống tội phạm công nghệ cao - CA Tỉnh Hải Dương,alias,domain_rules
3525,488,BCA_CA_HD_PA05,Phòng An ninh mạng và phòng chống tội phạm công nghệ cao - CA Hải Dương,abbreviation,domain_rules
3526,488,BCA_CA_HD_PA05,Phong An ninh mang va phong chong toi pham cong nghe cao - Cong an Tinh Hai Duong,no_accent,auto_rule
3527,488,BCA_CA_HD_PA05,PANMPCTPCNCCATHD,abbreviation,auto_rule
3528,488,BCA_CA_HD_PA05,Phòng n ninh mạng và phòng chống tội phạm công nghệ ca - Công an Tỉnh ải Dương,typo_ocr,noise_injector
3529,488,BCA_CA_HD_PA05,Phòng An ninh ạng và phòng chống tội phạm công nghệ cao - Công a Tỉn Hải Dương,typo_ocr,noise_injector
3530,489,BCA_CA_HY,Công an Tỉnh Hưng Yên,canonical,manual_registry
3531,489,BCA_CA_HY,CA Tỉnh Hưng Yên,alias,domain_rules
3532,489,BCA_CA_HY,CA Hưng Yên,abbreviation,domain_rules
3533,489,BCA_CA_HY,Cong an Tinh Hung Yen,no_accent,auto_rule
3534,489,BCA_CA_HY,CATHY,abbreviation,auto_rule
3535,490,BCA_CA_HY_PC01,Văn phòng Cơ quan Cảnh sát điều tra - Công an Tỉnh Hưng Yên,canonical,manual_registry
3536,490,BCA_CA_HY_PC01,Văn phòng Cơ quan Cảnh sát điều tra - CA Tỉnh Hưng Yên,alias,domain_rules
3537,490,BCA_CA_HY_PC01,Văn phòng Cơ quan Cảnh sát điều tra - CA Hưng Yên,abbreviation,domain_rules
3538,490,BCA_CA_HY_PC01,PC01 - Công an Tỉnh Hưng Yên,abbreviation,domain_rules
3539,490,BCA_CA_HY_PC01,Van phong Co quan Canh sat đieu tra - Cong an Tinh Hung Yen,no_accent,auto_rule
3540,490,BCA_CA_HY_PC01,VPCSĐTCATHY,abbreviation,auto_rule
3541,490,BCA_CA_HY_PC01,Văn phòng Cơ quan Cảnh sát điều tra - Côn  Tỉnh Hưng Yên,typo_ocr,noise_injector
3542,490,BCA_CA_HY_PC01,Văn phng Cơ quan Cảnh sát điều tra - ông an Tỉnh Hưng Yên,typo_ocr,noise_injector
3543,491,BCA_CA_HY_PC02,Phòng Cảnh sát hình sự - Công an Tỉnh Hưng Yên,canonical,manual_registry
3544,491,BCA_CA_HY_PC02,Phòng Cảnh sát hình sự - CA Tỉnh Hưng Yên,alias,domain_rules
3545,491,BCA_CA_HY_PC02,Phòng Cảnh sát hình sự - CA Hưng Yên,abbreviation,domain_rules
3546,491,BCA_CA_HY_PC02,PC02 - Công an Tỉnh Hưng Yên,abbreviation,domain_rules
3547,491,BCA_CA_HY_PC02,Phòng CSHS - Công an Tỉnh Hưng Yên,alias,domain_rules
3548,491,BCA_CA_HY_PC02,Phong Canh sat hinh su - Cong an Tinh Hung Yen,no_accent,auto_rule
3549,491,BCA_CA_HY_PC02,PCSHSCATHY,abbreviation,auto_rule
3550,492,BCA_CA_HY_PC03,Phòng Cảnh sát kinh tế - Công an Tỉnh Hưng Yên,canonical,manual_registry
3551,492,BCA_CA_HY_PC03,Phòng Cảnh sát kinh tế - CA Tỉnh Hưng Yên,alias,domain_rules
3552,492,BCA_CA_HY_PC03,Phòng Cảnh sát kinh tế - CA Hưng Yên,abbreviation,domain_rules
3553,492,BCA_CA_HY_PC03,Phong Canh sat kinh te - Cong an Tinh Hung Yen,no_accent,auto_rule
3554,492,BCA_CA_HY_PC03,PCSKTCATHY,abbreviation,auto_rule
3555,493,BCA_CA_HY_PC04,Phòng Cảnh sát điều tra tội phạm về ma túy - Công an Tỉnh Hưng Yên,canonical,manual_registry
3556,493,BCA_CA_HY_PC04,Phòng Cảnh sát điều tra tội phạm về ma túy - CA Tỉnh Hưng Yên,alias,domain_rules
3557,493,BCA_CA_HY_PC04,Phòng Cảnh sát điều tra tội phạm về ma túy - CA Hưng Yên,abbreviation,domain_rules
3558,493,BCA_CA_HY_PC04,PC04 - Công an Tỉnh Hưng Yên,abbreviation,domain_rules
3559,493,BCA_CA_HY_PC04,Phòng CS ma túy - Công an Tỉnh Hưng Yên,alias,domain_rules
3560,493,BCA_CA_HY_PC04,Phong Canh sat đieu tra toi pham ve ma tuy - Cong an Tinh Hung Yen,no_accent,auto_rule
3561,493,BCA_CA_HY_PC04,PCSĐTTPMTCATHY,abbreviation,auto_rule
3562,493,BCA_CA_HY_PC04,hòng Cảnh sát điều tra tội phạm về ma túy - Công an Tỉnh Hưng Yên,typo_ocr,noise_injector
3563,494,BCA_CA_HY_PC06,Phòng Cảnh sát quản lý hành chính về trật tự xã hội - Công an Tỉnh Hưng Yên,canonical,manual_registry
3564,494,BCA_CA_HY_PC06,Phòng Cảnh sát quản lý hành chính về trật tự xã hội - CA Tỉnh Hưng Yên,alias,domain_rules
3565,494,BCA_CA_HY_PC06,Phòng Cảnh sát quản lý hành chính về trật tự xã hội - CA Hưng Yên,abbreviation,domain_rules
3566,494,BCA_CA_HY_PC06,PC06 - Công an Tỉnh Hưng Yên,abbreviation,domain_rules
3567,494,BCA_CA_HY_PC06,Phòng CSQLHC - Công an Tỉnh Hưng Yên,alias,domain_rules
3568,494,BCA_CA_HY_PC06,Phong Canh sat quan ly hanh chinh ve trat tu xa hoi - Cong an Tinh Hung Yen,no_accent,auto_rule
3569,494,BCA_CA_HY_PC06,PCSQLHCTTXHCATHY,abbreviation,auto_rule
3570,494,BCA_CA_HY_PC06,Phòng Cảnh sát quản lý hành chín vềtrật tự xã hội - Công an Tỉnh Hưng Yên,typo_ocr,noise_injector
3571,494,BCA_CA_HY_PC06,Phòng Cản sát quản lý hành chính về trật tự xã hội - Công an Tỉnh Hưng Yên,typo_ocr,noise_injector
3572,495,BCA_CA_HY_PC08,Phòng Cảnh sát giao thông - Công an Tỉnh Hưng Yên,canonical,manual_registry
3573,495,BCA_CA_HY_PC08,Phòng Cảnh sát giao thông - CA Tỉnh Hưng Yên,alias,domain_rules
3574,495,BCA_CA_HY_PC08,Phòng Cảnh sát giao thông - CA Hưng Yên,abbreviation,domain_rules
3575,495,BCA_CA_HY_PC08,PC08 - Công an Tỉnh Hưng Yên,abbreviation,domain_rules
3576,495,BCA_CA_HY_PC08,Phòng CSGT - Công an Tỉnh Hưng Yên,alias,domain_rules
3577,495,BCA_CA_HY_PC08,Phong Canh sat giao thong - Cong an Tinh Hung Yen,no_accent,auto_rule
3578,495,BCA_CA_HY_PC08,PCSGTCATHY,abbreviation,auto_rule
3579,496,BCA_CA_HY_PA01,Phòng An ninh đối ngoại - Công an Tỉnh Hưng Yên,canonical,manual_registry
3580,496,BCA_CA_HY_PA01,Phòng An ninh đối ngoại - CA Tỉnh Hưng Yên,alias,domain_rules
3581,496,BCA_CA_HY_PA01,Phòng An ninh đối ngoại - CA Hưng Yên,abbreviation,domain_rules
3582,496,BCA_CA_HY_PA01,Phong An ninh đoi ngoai - Cong an Tinh Hung Yen,no_accent,auto_rule
3583,496,BCA_CA_HY_PA01,PANĐNCATHY,abbreviation,auto_rule
3584,497,BCA_CA_HY_PA02,Phòng An ninh nội địa - Công an Tỉnh Hưng Yên,canonical,manual_registry
3585,497,BCA_CA_HY_PA02,Phòng An ninh nội địa - CA Tỉnh Hưng Yên,alias,domain_rules
3586,497,BCA_CA_HY_PA02,Phòng An ninh nội địa - CA Hưng Yên,abbreviation,domain_rules
3587,497,BCA_CA_HY_PA02,Phong An ninh noi đia - Cong an Tinh Hung Yen,no_accent,auto_rule
3588,497,BCA_CA_HY_PA02,PANNĐCATHY,abbreviation,auto_rule
3589,497,BCA_CA_HY_PA02,Phòng An ninh nội địa - Công an ỉnh Hưng Yên,typo_ocr,noise_injector
3590,497,BCA_CA_HY_PA02,Phòng An ninh nội địa - Công an Tỉnh HưngYên,typo_ocr,noise_injector
3591,498,BCA_CA_HY_PA03,Phòng An ninh chính trị nội bộ - Công an Tỉnh Hưng Yên,canonical,manual_registry
3592,498,BCA_CA_HY_PA03,Phòng An ninh chính trị nội bộ - CA Tỉnh Hưng Yên,alias,domain_rules
3593,498,BCA_CA_HY_PA03,Phòng An ninh chính trị nội bộ - CA Hưng Yên,abbreviation,domain_rules
3594,498,BCA_CA_HY_PA03,Phong An ninh chinh tri noi bo - Cong an Tinh Hung Yen,no_accent,auto_rule
3595,498,BCA_CA_HY_PA03,PANCTNBCATHY,abbreviation,auto_rule
3596,498,BCA_CA_HY_PA03,Phòng An ninh chính trị ội bộ - Công an Tỉnh Hưng Yên,typo_ocr,noise_injector
3597,498,BCA_CA_HY_PA03,Phòng An ninh hính trị nội bộ - Công an Tỉnh Hưng Yên,typo_ocr,noise_injector
3598,499,BCA_CA_HY_PA05,Phòng An ninh mạng và phòng chống tội phạm công nghệ cao - Công an Tỉnh Hưng Yên,canonical,manual_registry
3599,499,BCA_CA_HY_PA05,Phòng An ninh mạng và phòng chống tội phạm công nghệ cao - CA Tỉnh Hưng Yên,alias,domain_rules
3600,499,BCA_CA_HY_PA05,Phòng An ninh mạng và phòng chống tội phạm công nghệ cao - CA Hưng Yên,abbreviation,domain_rules
3601,499,BCA_CA_HY_PA05,Phong An ninh mang va phong chong toi pham cong nghe cao - Cong an Tinh Hung Yen,no_accent,auto_rule
3602,499,BCA_CA_HY_PA05,PANMPCTPCNCCATHY,abbreviation,auto_rule
3603,499,BCA_CA_HY_PA05,Phòng An ninh mạng và phòng chống tội phạm công nghệ cao - Côn an Tỉnh Hưg Yên,typo_ocr,noise_injector
3604,499,BCA_CA_HY_PA05,Pòng An ninh mạng và phòng chống tội phạm công nghệ cao - Công an Tỉnh Hưng Yên,typo_ocr,noise_injector
3605,500,BCA_CA_TBI,Công an Tỉnh Thái Bình,canonical,manual_registry
3606,500,BCA_CA_TBI,CA Tỉnh Thái Bình,alias,domain_rules
3607,500,BCA_CA_TBI,CA Thái Bình,abbreviation,domain_rules
3608,500,BCA_CA_TBI,Cong an Tinh Thai Binh,no_accent,auto_rule
3609,500,BCA_CA_TBI,CATTB,abbreviation,auto_rule
3610,501,BCA_CA_TBI_PC01,Văn phòng Cơ quan Cảnh sát điều tra - Công an Tỉnh Thái Bình,canonical,manual_registry
3611,501,BCA_CA_TBI_PC01,Văn phòng Cơ quan Cảnh sát điều tra - CA Tỉnh Thái Bình,alias,domain_rules
3612,501,BCA_CA_TBI_PC01,Văn phòng Cơ quan Cảnh sát điều tra - CA Thái Bình,abbreviation,domain_rules
3613,501,BCA_CA_TBI_PC01,PC01 - Công an Tỉnh Thái Bình,abbreviation,domain_rules
3614,501,BCA_CA_TBI_PC01,Van phong Co quan Canh sat đieu tra - Cong an Tinh Thai Binh,no_accent,auto_rule
3615,501,BCA_CA_TBI_PC01,VPCSĐTCATTB,abbreviation,auto_rule
3616,501,BCA_CA_TBI_PC01,Văn phòng Cơ quan Cảnh sát điều tra - Công an Tnh Thái Bình,typo_ocr,noise_injector
3617,501,BCA_CA_TBI_PC01,Văn phòng Cơ uan Cảnh sát điều tra - Công an Tỉnh Thái Bình,typo_ocr,noise_injector
3618,502,BCA_CA_TBI_PC02,Phòng Cảnh sát hình sự - Công an Tỉnh Thái Bình,canonical,manual_registry
3619,502,BCA_CA_TBI_PC02,Phòng Cảnh sát hình sự - CA Tỉnh Thái Bình,alias,domain_rules
3620,502,BCA_CA_TBI_PC02,Phòng Cảnh sát hình sự - CA Thái Bình,abbreviation,domain_rules
3621,502,BCA_CA_TBI_PC02,PC02 - Công an Tỉnh Thái Bình,abbreviation,domain_rules
3622,502,BCA_CA_TBI_PC02,Phòng CSHS - Công an Tỉnh Thái Bình,alias,domain_rules
3623,502,BCA_CA_TBI_PC02,Phong Canh sat hinh su - Cong an Tinh Thai Binh,no_accent,auto_rule
3624,502,BCA_CA_TBI_PC02,PCSHSCATTB,abbreviation,auto_rule
3625,502,BCA_CA_TBI_PC02,Phòng Cảnh st hình sự - Công an Tỉnh Thái Bình,typo_ocr,noise_injector
3626,503,BCA_CA_TBI_PC03,Phòng Cảnh sát kinh tế - Công an Tỉnh Thái Bình,canonical,manual_registry
3627,503,BCA_CA_TBI_PC03,Phòng Cảnh sát kinh tế - CA Tỉnh Thái Bình,alias,domain_rules
3628,503,BCA_CA_TBI_PC03,Phòng Cảnh sát kinh tế - CA Thái Bình,abbreviation,domain_rules
3629,503,BCA_CA_TBI_PC03,Phong Canh sat kinh te - Cong an Tinh Thai Binh,no_accent,auto_rule
3630,503,BCA_CA_TBI_PC03,PCSKTCATTB,abbreviation,auto_rule
3631,503,BCA_CA_TBI_PC03,Phòg Cảnh sát kinh tế - Công an Tỉnh Thái Bình,typo_ocr,noise_injector
3632,503,BCA_CA_TBI_PC03,Phòng Cảnh sát kinh tế - Công an Tỉnh hái Bình,typo_ocr,noise_injector
3633,504,BCA_CA_TBI_PC04,Phòng Cảnh sát điều tra tội phạm về ma túy - Công an Tỉnh Thái Bình,canonical,manual_registry
3634,504,BCA_CA_TBI_PC04,Phòng Cảnh sát điều tra tội phạm về ma túy - CA Tỉnh Thái Bình,alias,domain_rules
3635,504,BCA_CA_TBI_PC04,Phòng Cảnh sát điều tra tội phạm về ma túy - CA Thái Bình,abbreviation,domain_rules
3636,504,BCA_CA_TBI_PC04,PC04 - Công an Tỉnh Thái Bình,abbreviation,domain_rules
3637,504,BCA_CA_TBI_PC04,Phòng CS ma túy - Công an Tỉnh Thái Bình,alias,domain_rules
3638,504,BCA_CA_TBI_PC04,Phong Canh sat đieu tra toi pham ve ma tuy - Cong an Tinh Thai Binh,no_accent,auto_rule
3639,504,BCA_CA_TBI_PC04,PCSĐTTPMTCATTB,abbreviation,auto_rule
3640,504,BCA_CA_TBI_PC04,Phòng Cảnh sát điều tra ti phạm về ma túy - Công an Tỉnh Thái Bình,typo_ocr,noise_injector
3641,504,BCA_CA_TBI_PC04,Phòng Cảnh sát điều tra tội phạm vềma túy -Công an Tỉnh Thái Bình,typo_ocr,noise_injector
3642,505,BCA_CA_TBI_PC06,Phòng Cảnh sát quản lý hành chính về trật tự xã hội - Công an Tỉnh Thái Bình,canonical,manual_registry
3643,505,BCA_CA_TBI_PC06,Phòng Cảnh sát quản lý hành chính về trật tự xã hội - CA Tỉnh Thái Bình,alias,domain_rules
3644,505,BCA_CA_TBI_PC06,Phòng Cảnh sát quản lý hành chính về trật tự xã hội - CA Thái Bình,abbreviation,domain_rules
3645,505,BCA_CA_TBI_PC06,PC06 - Công an Tỉnh Thái Bình,abbreviation,domain_rules
3646,505,BCA_CA_TBI_PC06,Phòng CSQLHC - Công an Tỉnh Thái Bình,alias,domain_rules
3647,505,BCA_CA_TBI_PC06,Phong Canh sat quan ly hanh chinh ve trat tu xa hoi - Cong an Tinh Thai Binh,no_accent,auto_rule
3648,505,BCA_CA_TBI_PC06,PCSQLHCTTXHCATTB,abbreviation,auto_rule
3649,505,BCA_CA_TBI_PC06,Phòng Cảnh sát quản lý hành chính về trật tự xãhội - Công an Tỉnh Thái Bình,typo_ocr,noise_injector
3650,505,BCA_CA_TBI_PC06,Phòng Cảnh sát quản lý hành chính về trật tự xã hội - Cng an Tỉnh Thái Bình,typo_ocr,noise_injector
3651,506,BCA_CA_TBI_PC08,Phòng Cảnh sát giao thông - Công an Tỉnh Thái Bình,canonical,manual_registry
3652,506,BCA_CA_TBI_PC08,Phòng Cảnh sát giao thông - CA Tỉnh Thái Bình,alias,domain_rules
3653,506,BCA_CA_TBI_PC08,Phòng Cảnh sát giao thông - CA Thái Bình,abbreviation,domain_rules
3654,506,BCA_CA_TBI_PC08,PC08 - Công an Tỉnh Thái Bình,abbreviation,domain_rules
3655,506,BCA_CA_TBI_PC08,Phòng CSGT - Công an Tỉnh Thái Bình,alias,domain_rules
3656,506,BCA_CA_TBI_PC08,Phong Canh sat giao thong - Cong an Tinh Thai Binh,no_accent,auto_rule
3657,506,BCA_CA_TBI_PC08,PCSGTCATTB,abbreviation,auto_rule
3658,506,BCA_CA_TBI_PC08,Phòng Cản sát giao thông - Công an Tỉnh Thái Bình,typo_ocr,noise_injector
3659,507,BCA_CA_TBI_PA01,Phòng An ninh đối ngoại - Công an Tỉnh Thái Bình,canonical,manual_registry
3660,507,BCA_CA_TBI_PA01,Phòng An ninh đối ngoại - CA Tỉnh Thái Bình,alias,domain_rules
3661,507,BCA_CA_TBI_PA01,Phòng An ninh đối ngoại - CA Thái Bình,abbreviation,domain_rules
3662,507,BCA_CA_TBI_PA01,Phong An ninh đoi ngoai - Cong an Tinh Thai Binh,no_accent,auto_rule
3663,507,BCA_CA_TBI_PA01,PANĐNCATTB,abbreviation,auto_rule
3664,507,BCA_CA_TBI_PA01,Phòng An ninh đối ngoại - Công a Tỉnh Thái Bình,typo_ocr,noise_injector
3665,508,BCA_CA_TBI_PA02,Phòng An ninh nội địa - Công an Tỉnh Thái Bình,canonical,manual_registry
3666,508,BCA_CA_TBI_PA02,Phòng An ninh nội địa - CA Tỉnh Thái Bình,alias,domain_rules
3667,508,BCA_CA_TBI_PA02,Phòng An ninh nội địa - CA Thái Bình,abbreviation,domain_rules
3668,508,BCA_CA_TBI_PA02,Phong An ninh noi đia - Cong an Tinh Thai Binh,no_accent,auto_rule
3669,508,BCA_CA_TBI_PA02,PANNĐCATTB,abbreviation,auto_rule
3670,508,BCA_CA_TBI_PA02,Phòng An ninh nội địa - Công anTỉnh Thái Bình,typo_ocr,noise_injector
3671,509,BCA_CA_TBI_PA03,Phòng An ninh chính trị nội bộ - Công an Tỉnh Thái Bình,canonical,manual_registry
3672,509,BCA_CA_TBI_PA03,Phòng An ninh chính trị nội bộ - CA Tỉnh Thái Bình,alias,domain_rules
3673,509,BCA_CA_TBI_PA03,Phòng An ninh chính trị nội bộ - CA Thái Bình,abbreviation,domain_rules
3674,509,BCA_CA_TBI_PA03,Phong An ninh chinh tri noi bo - Cong an Tinh Thai Binh,no_accent,auto_rule
3675,509,BCA_CA_TBI_PA03,PANCTNBCATTB,abbreviation,auto_rule
3676,509,BCA_CA_TBI_PA03,Phòng An ninh cính trị nội bộ - Công an Tỉnh Thái Bình,typo_ocr,noise_injector
3677,509,BCA_CA_TBI_PA03,Phòng An ninh chính tị nội bộ - Công an Tỉnh Thái Bnh,typo_ocr,noise_injector
3678,510,BCA_CA_TBI_PA05,Phòng An ninh mạng và phòng chống tội phạm công nghệ cao - Công an Tỉnh Thái Bình,canonical,manual_registry
3679,510,BCA_CA_TBI_PA05,Phòng An ninh mạng và phòng chống tội phạm công nghệ cao - CA Tỉnh Thái Bình,alias,domain_rules
3680,510,BCA_CA_TBI_PA05,Phòng An ninh mạng và phòng chống tội phạm công nghệ cao - CA Thái Bình,abbreviation,domain_rules
3681,510,BCA_CA_TBI_PA05,Phong An ninh mang va phong chong toi pham cong nghe cao - Cong an Tinh Thai Binh,no_accent,auto_rule
3682,510,BCA_CA_TBI_PA05,PANMPCTPCNCCATTB,abbreviation,auto_rule
3683,510,BCA_CA_TBI_PA05,Phòng An ninh mạng và phòng chống tộiphạm công nghệ cao - Công an Tỉnh Thái Bình,typo_ocr,noise_injector
3684,511,BCA_CA_NDI,Công an Tỉnh Nam Định,canonical,manual_registry
3685,511,BCA_CA_NDI,CA Tỉnh Nam Định,alias,domain_rules
3686,511,BCA_CA_NDI,CA Nam Định,abbreviation,domain_rules
3687,511,BCA_CA_NDI,Cong an Tinh Nam Đinh,no_accent,auto_rule
3688,511,BCA_CA_NDI,CATNĐ,abbreviation,auto_rule
3689,511,BCA_CA_NDI,Công a Tỉnh Nam Định,typo_ocr,noise_injector
3690,512,BCA_CA_NDI_PC01,Văn phòng Cơ quan Cảnh sát điều tra - Công an Tỉnh Nam Định,canonical,manual_registry
3691,512,BCA_CA_NDI_PC01,Văn phòng Cơ quan Cảnh sát điều tra - CA Tỉnh Nam Định,alias,domain_rules
3692,512,BCA_CA_NDI_PC01,Văn phòng Cơ quan Cảnh sát điều tra - CA Nam Định,abbreviation,domain_rules
3693,512,BCA_CA_NDI_PC01,PC01 - Công an Tỉnh Nam Định,abbreviation,domain_rules
3694,512,BCA_CA_NDI_PC01,Van phong Co quan Canh sat đieu tra - Cong an Tinh Nam Đinh,no_accent,auto_rule
3695,512,BCA_CA_NDI_PC01,VPCSĐTCATNĐ,abbreviation,auto_rule
3696,513,BCA_CA_NDI_PC02,Phòng Cảnh sát hình sự - Công an Tỉnh Nam Định,canonical,manual_registry
3697,513,BCA_CA_NDI_PC02,Phòng Cảnh sát hình sự - CA Tỉnh Nam Định,alias,domain_rules
3698,513,BCA_CA_NDI_PC02,Phòng Cảnh sát hình sự - CA Nam Định,abbreviation,domain_rules
3699,513,BCA_CA_NDI_PC02,PC02 - Công an Tỉnh Nam Định,abbreviation,domain_rules
3700,513,BCA_CA_NDI_PC02,Phòng CSHS - Công an Tỉnh Nam Định,alias,domain_rules
3701,513,BCA_CA_NDI_PC02,Phong Canh sat hinh su - Cong an Tinh Nam Đinh,no_accent,auto_rule
3702,513,BCA_CA_NDI_PC02,PCSHSCATNĐ,abbreviation,auto_rule
3703,513,BCA_CA_NDI_PC02,Phòng Cảnh sát hình sự - Công an Tỉh Nam Định,typo_ocr,noise_injector
3704,514,BCA_CA_NDI_PC03,Phòng Cảnh sát kinh tế - Công an Tỉnh Nam Định,canonical,manual_registry
3705,514,BCA_CA_NDI_PC03,Phòng Cảnh sát kinh tế - CA Tỉnh Nam Định,alias,domain_rules
3706,514,BCA_CA_NDI_PC03,Phòng Cảnh sát kinh tế - CA Nam Định,abbreviation,domain_rules
3707,514,BCA_CA_NDI_PC03,Phong Canh sat kinh te - Cong an Tinh Nam Đinh,no_accent,auto_rule
3708,514,BCA_CA_NDI_PC03,PCSKTCATNĐ,abbreviation,auto_rule
3709,514,BCA_CA_NDI_PC03,Phòng Cảnh sát kinh tế - Công an Tỉnh Nam Địh,typo_ocr,noise_injector
3710,515,BCA_CA_NDI_PC04,Phòng Cảnh sát điều tra tội phạm về ma túy - Công an Tỉnh Nam Định,canonical,manual_registry
3711,515,BCA_CA_NDI_PC04,Phòng Cảnh sát điều tra tội phạm về ma túy - CA Tỉnh Nam Định,alias,domain_rules
3712,515,BCA_CA_NDI_PC04,Phòng Cảnh sát điều tra tội phạm về ma túy - CA Nam Định,abbreviation,domain_rules
3713,515,BCA_CA_NDI_PC04,PC04 - Công an Tỉnh Nam Định,abbreviation,domain_rules
3714,515,BCA_CA_NDI_PC04,Phòng CS ma túy - Công an Tỉnh Nam Định,alias,domain_rules
3715,515,BCA_CA_NDI_PC04,Phong Canh sat đieu tra toi pham ve ma tuy - Cong an Tinh Nam Đinh,no_accent,auto_rule
3716,515,BCA_CA_NDI_PC04,PCSĐTTPMTCATNĐ,abbreviation,auto_rule
3717,515,BCA_CA_NDI_PC04,Phòng Cảnh sát điều tra tội phạm về ma túy - Công n Tỉnh Nam Định,typo_ocr,noise_injector
3718,515,BCA_CA_NDI_PC04,PhòngCảnh sát điều tra tội phạm về ma túy - Công an Tỉnh Nam Định,typo_ocr,noise_injector
3719,516,BCA_CA_NDI_PC06,Phòng Cảnh sát quản lý hành chính về trật tự xã hội - Công an Tỉnh Nam Định,canonical,manual_registry
3720,516,BCA_CA_NDI_PC06,Phòng Cảnh sát quản lý hành chính về trật tự xã hội - CA Tỉnh Nam Định,alias,domain_rules
3721,516,BCA_CA_NDI_PC06,Phòng Cảnh sát quản lý hành chính về trật tự xã hội - CA Nam Định,abbreviation,domain_rules
3722,516,BCA_CA_NDI_PC06,PC06 - Công an Tỉnh Nam Định,abbreviation,domain_rules
3723,516,BCA_CA_NDI_PC06,Phòng CSQLHC - Công an Tỉnh Nam Định,alias,domain_rules
3724,516,BCA_CA_NDI_PC06,Phong Canh sat quan ly hanh chinh ve trat tu xa hoi - Cong an Tinh Nam Đinh,no_accent,auto_rule
3725,516,BCA_CA_NDI_PC06,PCSQLHCTTXHCATNĐ,abbreviation,auto_rule
3726,516,BCA_CA_NDI_PC06,Phòng Cảnh sát quản lý hành chính về trật tự xã hội- Cng an Tỉnh Nam Định,typo_ocr,noise_injector
3727,517,BCA_CA_NDI_PC08,Phòng Cảnh sát giao thông - Công an Tỉnh Nam Định,canonical,manual_registry
3728,517,BCA_CA_NDI_PC08,Phòng Cảnh sát giao thông - CA Tỉnh Nam Định,alias,domain_rules
3729,517,BCA_CA_NDI_PC08,Phòng Cảnh sát giao thông - CA Nam Định,abbreviation,domain_rules
3730,517,BCA_CA_NDI_PC08,PC08 - Công an Tỉnh Nam Định,abbreviation,domain_rules
3731,517,BCA_CA_NDI_PC08,Phòng CSGT - Công an Tỉnh Nam Định,alias,domain_rules
3732,517,BCA_CA_NDI_PC08,Phong Canh sat giao thong - Cong an Tinh Nam Đinh,no_accent,auto_rule
3733,517,BCA_CA_NDI_PC08,PCSGTCATNĐ,abbreviation,auto_rule
3734,517,BCA_CA_NDI_PC08,Phòng Cảnh sát giao thông - Công an Tỉnh Nam Địn,typo_ocr,noise_injector
3735,517,BCA_CA_NDI_PC08,Phòng Cảnh sát giao thông - Cng an Tỉnh Na Định,typo_ocr,noise_injector
3736,518,BCA_CA_NDI_PA01,Phòng An ninh đối ngoại - Công an Tỉnh Nam Định,canonical,manual_registry
3737,518,BCA_CA_NDI_PA01,Phòng An ninh đối ngoại - CA Tỉnh Nam Định,alias,domain_rules
3738,518,BCA_CA_NDI_PA01,Phòng An ninh đối ngoại - CA Nam Định,abbreviation,domain_rules
3739,518,BCA_CA_NDI_PA01,Phong An ninh đoi ngoai - Cong an Tinh Nam Đinh,no_accent,auto_rule
3740,518,BCA_CA_NDI_PA01,PANĐNCATNĐ,abbreviation,auto_rule
3741,518,BCA_CA_NDI_PA01,Phòng An ninh đối ngoại - Công an ỉnh Nam Định,typo_ocr,noise_injector
3742,519,BCA_CA_NDI_PA02,Phòng An ninh nội địa - Công an Tỉnh Nam Định,canonical,manual_registry
3743,519,BCA_CA_NDI_PA02,Phòng An ninh nội địa - CA Tỉnh Nam Định,alias,domain_rules
3744,519,BCA_CA_NDI_PA02,Phòng An ninh nội địa - CA Nam Định,abbreviation,domain_rules
3745,519,BCA_CA_NDI_PA02,Phong An ninh noi đia - Cong an Tinh Nam Đinh,no_accent,auto_rule
3746,519,BCA_CA_NDI_PA02,PANNĐCATNĐ,abbreviation,auto_rule
3747,519,BCA_CA_NDI_PA02,Phòng An ninh nội địa - Công an Tỉn Nam Định,typo_ocr,noise_injector
3748,519,BCA_CA_NDI_PA02,PhòngAn ninh nội địa - Công an Tỉnh Nam Định,typo_ocr,noise_injector
3749,520,BCA_CA_NDI_PA03,Phòng An ninh chính trị nội bộ - Công an Tỉnh Nam Định,canonical,manual_registry
3750,520,BCA_CA_NDI_PA03,Phòng An ninh chính trị nội bộ - CA Tỉnh Nam Định,alias,domain_rules
3751,520,BCA_CA_NDI_PA03,Phòng An ninh chính trị nội bộ - CA Nam Định,abbreviation,domain_rules
3752,520,BCA_CA_NDI_PA03,Phong An ninh chinh tri noi bo - Cong an Tinh Nam Đinh,no_accent,auto_rule
3753,520,BCA_CA_NDI_PA03,PANCTNBCATNĐ,abbreviation,auto_rule
3754,521,BCA_CA_NDI_PA05,Phòng An ninh mạng và phòng chống tội phạm công nghệ cao - Công an Tỉnh Nam Định,canonical,manual_registry
3755,521,BCA_CA_NDI_PA05,Phòng An ninh mạng và phòng chống tội phạm công nghệ cao - CA Tỉnh Nam Định,alias,domain_rules
3756,521,BCA_CA_NDI_PA05,Phòng An ninh mạng và phòng chống tội phạm công nghệ cao - CA Nam Định,abbreviation,domain_rules
3757,521,BCA_CA_NDI_PA05,Phong An ninh mang va phong chong toi pham cong nghe cao - Cong an Tinh Nam Đinh,no_accent,auto_rule
3758,521,BCA_CA_NDI_PA05,PANMPCTPCNCCATNĐ,abbreviation,auto_rule
3759,521,BCA_CA_NDI_PA05,Phòng An ninh mạng và phòn chống tội phạm công nghệ cao - Công an Tỉnh Nam Định,typo_ocr,noise_injector
3760,521,BCA_CA_NDI_PA05,Phòng An ninh mạng và phòng chng tội phạm công nghệ cao -Công an Tỉnh Nam Định,typo_ocr,noise_injector
3761,522,BCA_CA_HNA,Công an Tỉnh Hà Nam,canonical,manual_registry
3762,522,BCA_CA_HNA,CA Tỉnh Hà Nam,alias,domain_rules
3763,522,BCA_CA_HNA,CA Hà Nam,abbreviation,domain_rules
3764,522,BCA_CA_HNA,Cong an Tinh Ha Nam,no_accent,auto_rule
3765,522,BCA_CA_HNA,CATHN,abbreviation,auto_rule
3766,522,BCA_CA_HNA,Công an Tỉnh HàNam,typo_ocr,noise_injector
3767,523,BCA_CA_HNA_PC01,Văn phòng Cơ quan Cảnh sát điều tra - Công an Tỉnh Hà Nam,canonical,manual_registry
3768,523,BCA_CA_HNA_PC01,Văn phòng Cơ quan Cảnh sát điều tra - CA Tỉnh Hà Nam,alias,domain_rules
3769,523,BCA_CA_HNA_PC01,Văn phòng Cơ quan Cảnh sát điều tra - CA Hà Nam,abbreviation,domain_rules
3770,523,BCA_CA_HNA_PC01,PC01 - Công an Tỉnh Hà Nam,abbreviation,domain_rules
3771,523,BCA_CA_HNA_PC01,Van phong Co quan Canh sat đieu tra - Cong an Tinh Ha Nam,no_accent,auto_rule
3772,523,BCA_CA_HNA_PC01,VPCSĐTCATHN,abbreviation,auto_rule
3773,523,BCA_CA_HNA_PC01,Vn phòng Cơ quan Cảnh sát điều tra - Công an Tỉn Hà Nam,typo_ocr,noise_injector
3774,523,BCA_CA_HNA_PC01,Văn hòng Cơ quan Cảnh sát điều tra - Công an Tỉnh Hà Nam,typo_ocr,noise_injector
3775,524,BCA_CA_HNA_PC02,Phòng Cảnh sát hình sự - Công an Tỉnh Hà Nam,canonical,manual_registry
3776,524,BCA_CA_HNA_PC02,Phòng Cảnh sát hình sự - CA Tỉnh Hà Nam,alias,domain_rules
3777,524,BCA_CA_HNA_PC02,Phòng Cảnh sát hình sự - CA Hà Nam,abbreviation,domain_rules
3778,524,BCA_CA_HNA_PC02,PC02 - Công an Tỉnh Hà Nam,abbreviation,domain_rules
3779,524,BCA_CA_HNA_PC02,Phòng CSHS - Công an Tỉnh Hà Nam,alias,domain_rules
3780,524,BCA_CA_HNA_PC02,Phong Canh sat hinh su - Cong an Tinh Ha Nam,no_accent,auto_rule
3781,524,BCA_CA_HNA_PC02,PCSHSCATHN,abbreviation,auto_rule
3782,524,BCA_CA_HNA_PC02,Phòng Cảnh sát hình sự - Công anTỉh H Nam,typo_ocr,noise_injector
3783,525,BCA_CA_HNA_PC03,Phòng Cảnh sát kinh tế - Công an Tỉnh Hà Nam,canonical,manual_registry
3784,525,BCA_CA_HNA_PC03,Phòng Cảnh sát kinh tế - CA Tỉnh Hà Nam,alias,domain_rules
3785,525,BCA_CA_HNA_PC03,Phòng Cảnh sát kinh tế - CA Hà Nam,abbreviation,domain_rules
3786,525,BCA_CA_HNA_PC03,Phong Canh sat kinh te - Cong an Tinh Ha Nam,no_accent,auto_rule
3787,525,BCA_CA_HNA_PC03,PCSKTCATHN,abbreviation,auto_rule
3788,525,BCA_CA_HNA_PC03,Phòng Cảnh sát kinh t -Công an Tỉnh Hà Nam,typo_ocr,noise_injector
3789,526,BCA_CA_HNA_PC04,Phòng Cảnh sát điều tra tội phạm về ma túy - Công an Tỉnh Hà Nam,canonical,manual_registry
3790,526,BCA_CA_HNA_PC04,Phòng Cảnh sát điều tra tội phạm về ma túy - CA Tỉnh Hà Nam,alias,domain_rules
3791,526,BCA_CA_HNA_PC04,Phòng Cảnh sát điều tra tội phạm về ma túy - CA Hà Nam,abbreviation,domain_rules
3792,526,BCA_CA_HNA_PC04,PC04 - Công an Tỉnh Hà Nam,abbreviation,domain_rules
3793,526,BCA_CA_HNA_PC04,Phòng CS ma túy - Công an Tỉnh Hà Nam,alias,domain_rules
3794,526,BCA_CA_HNA_PC04,Phong Canh sat đieu tra toi pham ve ma tuy - Cong an Tinh Ha Nam,no_accent,auto_rule
3795,526,BCA_CA_HNA_PC04,PCSĐTTPMTCATHN,abbreviation,auto_rule
3796,526,BCA_CA_HNA_PC04,Phòng Cảnh sát đều tra tội phạm về matúy - Công an Tỉnh Hà Nam,typo_ocr,noise_injector
3797,527,BCA_CA_HNA_PC06,Phòng Cảnh sát quản lý hành chính về trật tự xã hội - Công an Tỉnh Hà Nam,canonical,manual_registry
3798,527,BCA_CA_HNA_PC06,Phòng Cảnh sát quản lý hành chính về trật tự xã hội - CA Tỉnh Hà Nam,alias,domain_rules
3799,527,BCA_CA_HNA_PC06,Phòng Cảnh sát quản lý hành chính về trật tự xã hội - CA Hà Nam,abbreviation,domain_rules
3800,527,BCA_CA_HNA_PC06,PC06 - Công an Tỉnh Hà Nam,abbreviation,domain_rules
3801,527,BCA_CA_HNA_PC06,Phòng CSQLHC - Công an Tỉnh Hà Nam,alias,domain_rules
3802,527,BCA_CA_HNA_PC06,Phong Canh sat quan ly hanh chinh ve trat tu xa hoi - Cong an Tinh Ha Nam,no_accent,auto_rule
3803,527,BCA_CA_HNA_PC06,PCSQLHCTTXHCATHN,abbreviation,auto_rule
3804,528,BCA_CA_HNA_PC08,Phòng Cảnh sát giao thông - Công an Tỉnh Hà Nam,canonical,manual_registry
3805,528,BCA_CA_HNA_PC08,Phòng Cảnh sát giao thông - CA Tỉnh Hà Nam,alias,domain_rules
3806,528,BCA_CA_HNA_PC08,Phòng Cảnh sát giao thông - CA Hà Nam,abbreviation,domain_rules
3807,528,BCA_CA_HNA_PC08,PC08 - Công an Tỉnh Hà Nam,abbreviation,domain_rules
3808,528,BCA_CA_HNA_PC08,Phòng CSGT - Công an Tỉnh Hà Nam,alias,domain_rules
3809,528,BCA_CA_HNA_PC08,Phong Canh sat giao thong - Cong an Tinh Ha Nam,no_accent,auto_rule
3810,528,BCA_CA_HNA_PC08,PCSGTCATHN,abbreviation,auto_rule
3811,528,BCA_CA_HNA_PC08,Phòg Cảnh sát giao thông - Công an Tỉnh Hà Nam,typo_ocr,noise_injector
3812,528,BCA_CA_HNA_PC08,Phòng Cảnh át giao thông - Côn an Tỉnh Hà Nam,typo_ocr,noise_injector
3813,529,BCA_CA_HNA_PA01,Phòng An ninh đối ngoại - Công an Tỉnh Hà Nam,canonical,manual_registry
3814,529,BCA_CA_HNA_PA01,Phòng An ninh đối ngoại - CA Tỉnh Hà Nam,alias,domain_rules
3815,529,BCA_CA_HNA_PA01,Phòng An ninh đối ngoại - CA Hà Nam,abbreviation,domain_rules
3816,529,BCA_CA_HNA_PA01,Phong An ninh đoi ngoai - Cong an Tinh Ha Nam,no_accent,auto_rule
3817,529,BCA_CA_HNA_PA01,PANĐNCATHN,abbreviation,auto_rule
3818,530,BCA_CA_HNA_PA02,Phòng An ninh nội địa - Công an Tỉnh Hà Nam,canonical,manual_registry
3819,530,BCA_CA_HNA_PA02,Phòng An ninh nội địa - CA Tỉnh Hà Nam,alias,domain_rules
3820,530,BCA_CA_HNA_PA02,Phòng An ninh nội địa - CA Hà Nam,abbreviation,domain_rules
3821,530,BCA_CA_HNA_PA02,Phong An ninh noi đia - Cong an Tinh Ha Nam,no_accent,auto_rule
3822,530,BCA_CA_HNA_PA02,PANNĐCATHN,abbreviation,auto_rule
3823,531,BCA_CA_HNA_PA03,Phòng An ninh chính trị nội bộ - Công an Tỉnh Hà Nam,canonical,manual_registry
3824,531,BCA_CA_HNA_PA03,Phòng An ninh chính trị nội bộ - CA Tỉnh Hà Nam,alias,domain_rules
3825,531,BCA_CA_HNA_PA03,Phòng An ninh chính trị nội bộ - CA Hà Nam,abbreviation,domain_rules
3826,531,BCA_CA_HNA_PA03,Phong An ninh chinh tri noi bo - Cong an Tinh Ha Nam,no_accent,auto_rule
3827,531,BCA_CA_HNA_PA03,PANCTNBCATHN,abbreviation,auto_rule
3828,531,BCA_CA_HNA_PA03,Phòng An nih chính trị nội bộ - Công an Tỉnh Hà Nam,typo_ocr,noise_injector
3829,532,BCA_CA_HNA_PA05,Phòng An ninh mạng và phòng chống tội phạm công nghệ cao - Công an Tỉnh Hà Nam,canonical,manual_registry
3830,532,BCA_CA_HNA_PA05,Phòng An ninh mạng và phòng chống tội phạm công nghệ cao - CA Tỉnh Hà Nam,alias,domain_rules
3831,532,BCA_CA_HNA_PA05,Phòng An ninh mạng và phòng chống tội phạm công nghệ cao - CA Hà Nam,abbreviation,domain_rules
3832,532,BCA_CA_HNA_PA05,Phong An ninh mang va phong chong toi pham cong nghe cao - Cong an Tinh Ha Nam,no_accent,auto_rule
3833,532,BCA_CA_HNA_PA05,PANMPCTPCNCCATHN,abbreviation,auto_rule
3834,532,BCA_CA_HNA_PA05,Phòng An ninh mạng và phòng chống tội phạm ông nghệ cao - Công an Tỉnh Hà Nam,typo_ocr,noise_injector
3835,532,BCA_CA_HNA_PA05,Phòng An ninh mạng v phòng chống tội phạm công nghệ cao - Công an Tỉnh Hà Nam,typo_ocr,noise_injector
3836,533,BCA_CA_NB,Công an Tỉnh Ninh Bình,canonical,manual_registry
3837,533,BCA_CA_NB,CA Tỉnh Ninh Bình,alias,domain_rules
3838,533,BCA_CA_NB,CA Ninh Bình,abbreviation,domain_rules
3839,533,BCA_CA_NB,Cong an Tinh Ninh Binh,no_accent,auto_rule
3840,533,BCA_CA_NB,CATNB,abbreviation,auto_rule
3841,533,BCA_CA_NB,Công aTỉnh Ninh Bìn,typo_ocr,noise_injector
3842,534,BCA_CA_NB_PC01,Văn phòng Cơ quan Cảnh sát điều tra - Công an Tỉnh Ninh Bình,canonical,manual_registry
3843,534,BCA_CA_NB_PC01,Văn phòng Cơ quan Cảnh sát điều tra - CA Tỉnh Ninh Bình,alias,domain_rules
3844,534,BCA_CA_NB_PC01,Văn phòng Cơ quan Cảnh sát điều tra - CA Ninh Bình,abbreviation,domain_rules
3845,534,BCA_CA_NB_PC01,PC01 - Công an Tỉnh Ninh Bình,abbreviation,domain_rules
3846,534,BCA_CA_NB_PC01,Van phong Co quan Canh sat đieu tra - Cong an Tinh Ninh Binh,no_accent,auto_rule
3847,534,BCA_CA_NB_PC01,VPCSĐTCATNB,abbreviation,auto_rule
3848,534,BCA_CA_NB_PC01,Văn phòng Cơ quan Cảnh sát đều tra - Công an Tỉnh Ninh Bình,typo_ocr,noise_injector
3849,534,BCA_CA_NB_PC01,Văn phòng Cơ quan Cảnh sát đều tra - ông an Tỉnh Ninh Bình,typo_ocr,noise_injector
3850,535,BCA_CA_NB_PC02,Phòng Cảnh sát hình sự - Công an Tỉnh Ninh Bình,canonical,manual_registry
3851,535,BCA_CA_NB_PC02,Phòng Cảnh sát hình sự - CA Tỉnh Ninh Bình,alias,domain_rules
3852,535,BCA_CA_NB_PC02,Phòng Cảnh sát hình sự - CA Ninh Bình,abbreviation,domain_rules
3853,535,BCA_CA_NB_PC02,PC02 - Công an Tỉnh Ninh Bình,abbreviation,domain_rules
3854,535,BCA_CA_NB_PC02,Phòng CSHS - Công an Tỉnh Ninh Bình,alias,domain_rules
3855,535,BCA_CA_NB_PC02,Phong Canh sat hinh su - Cong an Tinh Ninh Binh,no_accent,auto_rule
3856,535,BCA_CA_NB_PC02,PCSHSCATNB,abbreviation,auto_rule
3857,535,BCA_CA_NB_PC02,Phòng Cảnh sát hình sự - Công a ỉnh Ninh Bình,typo_ocr,noise_injector
3858,535,BCA_CA_NB_PC02,Phòng Cảnh sát hình ự - Công an Tỉnh Ninh Bình,typo_ocr,noise_injector
3859,536,BCA_CA_NB_PC03,Phòng Cảnh sát kinh tế - Công an Tỉnh Ninh Bình,canonical,manual_registry
3860,536,BCA_CA_NB_PC03,Phòng Cảnh sát kinh tế - CA Tỉnh Ninh Bình,alias,domain_rules
3861,536,BCA_CA_NB_PC03,Phòng Cảnh sát kinh tế - CA Ninh Bình,abbreviation,domain_rules
3862,536,BCA_CA_NB_PC03,Phong Canh sat kinh te - Cong an Tinh Ninh Binh,no_accent,auto_rule
3863,536,BCA_CA_NB_PC03,PCSKTCATNB,abbreviation,auto_rule
3864,536,BCA_CA_NB_PC03,Phòng Cảnh sát kinhtế - Công an Tỉnh Ninh Bình,typo_ocr,noise_injector
3865,537,BCA_CA_NB_PC04,Phòng Cảnh sát điều tra tội phạm về ma túy - Công an Tỉnh Ninh Bình,canonical,manual_registry
3866,537,BCA_CA_NB_PC04,Phòng Cảnh sát điều tra tội phạm về ma túy - CA Tỉnh Ninh Bình,alias,domain_rules
3867,537,BCA_CA_NB_PC04,Phòng Cảnh sát điều tra tội phạm về ma túy - CA Ninh Bình,abbreviation,domain_rules
3868,537,BCA_CA_NB_PC04,PC04 - Công an Tỉnh Ninh Bình,abbreviation,domain_rules
3869,537,BCA_CA_NB_PC04,Phòng CS ma túy - Công an Tỉnh Ninh Bình,alias,domain_rules
3870,537,BCA_CA_NB_PC04,Phong Canh sat đieu tra toi pham ve ma tuy - Cong an Tinh Ninh Binh,no_accent,auto_rule
3871,537,BCA_CA_NB_PC04,PCSĐTTPMTCATNB,abbreviation,auto_rule
3872,537,BCA_CA_NB_PC04,Phòng Cảnh sát điều tratội phạm về ma túy - Công an Tỉnh Ninh Bình,typo_ocr,noise_injector
3873,537,BCA_CA_NB_PC04,Phòng Cảnh sá điều tra tội phạm về ma túy - Công an Tỉnh Ninh Bình,typo_ocr,noise_injector
3874,538,BCA_CA_NB_PC06,Phòng Cảnh sát quản lý hành chính về trật tự xã hội - Công an Tỉnh Ninh Bình,canonical,manual_registry
3875,538,BCA_CA_NB_PC06,Phòng Cảnh sát quản lý hành chính về trật tự xã hội - CA Tỉnh Ninh Bình,alias,domain_rules
3876,538,BCA_CA_NB_PC06,Phòng Cảnh sát quản lý hành chính về trật tự xã hội - CA Ninh Bình,abbreviation,domain_rules
3877,538,BCA_CA_NB_PC06,PC06 - Công an Tỉnh Ninh Bình,abbreviation,domain_rules
3878,538,BCA_CA_NB_PC06,Phòng CSQLHC - Công an Tỉnh Ninh Bình,alias,domain_rules
3879,538,BCA_CA_NB_PC06,Phong Canh sat quan ly hanh chinh ve trat tu xa hoi - Cong an Tinh Ninh Binh,no_accent,auto_rule
3880,538,BCA_CA_NB_PC06,PCSQLHCTTXHCATNB,abbreviation,auto_rule
3881,539,BCA_CA_NB_PC08,Phòng Cảnh sát giao thông - Công an Tỉnh Ninh Bình,canonical,manual_registry
3882,539,BCA_CA_NB_PC08,Phòng Cảnh sát giao thông - CA Tỉnh Ninh Bình,alias,domain_rules
3883,539,BCA_CA_NB_PC08,Phòng Cảnh sát giao thông - CA Ninh Bình,abbreviation,domain_rules
3884,539,BCA_CA_NB_PC08,PC08 - Công an Tỉnh Ninh Bình,abbreviation,domain_rules
3885,539,BCA_CA_NB_PC08,Phòng CSGT - Công an Tỉnh Ninh Bình,alias,domain_rules
3886,539,BCA_CA_NB_PC08,Phong Canh sat giao thong - Cong an Tinh Ninh Binh,no_accent,auto_rule
3887,539,BCA_CA_NB_PC08,PCSGTCATNB,abbreviation,auto_rule
3888,539,BCA_CA_NB_PC08,Phòng Cảnh sát giao thông - Công an Tỉnh Ninh Bnh,typo_ocr,noise_injector
3889,539,BCA_CA_NB_PC08,Phòng Cảnh sát giao thông - Công an Tỉnh Ninh Bìn,typo_ocr,noise_injector
3890,540,BCA_CA_NB_PA01,Phòng An ninh đối ngoại - Công an Tỉnh Ninh Bình,canonical,manual_registry
3891,540,BCA_CA_NB_PA01,Phòng An ninh đối ngoại - CA Tỉnh Ninh Bình,alias,domain_rules
3892,540,BCA_CA_NB_PA01,Phòng An ninh đối ngoại - CA Ninh Bình,abbreviation,domain_rules
3893,540,BCA_CA_NB_PA01,Phong An ninh đoi ngoai - Cong an Tinh Ninh Binh,no_accent,auto_rule
3894,540,BCA_CA_NB_PA01,PANĐNCATNB,abbreviation,auto_rule
3895,540,BCA_CA_NB_PA01,Phòng An ninh đối ngoại - Công an Tỉnh NinhBình,typo_ocr,noise_injector
3896,541,BCA_CA_NB_PA02,Phòng An ninh nội địa - Công an Tỉnh Ninh Bình,canonical,manual_registry
3897,541,BCA_CA_NB_PA02,Phòng An ninh nội địa - CA Tỉnh Ninh Bình,alias,domain_rules
3898,541,BCA_CA_NB_PA02,Phòng An ninh nội địa - CA Ninh Bình,abbreviation,domain_rules
3899,541,BCA_CA_NB_PA02,Phong An ninh noi đia - Cong an Tinh Ninh Binh,no_accent,auto_rule
3900,541,BCA_CA_NB_PA02,PANNĐCATNB,abbreviation,auto_rule
3901,541,BCA_CA_NB_PA02,Phòg An ninh nội địa - Công an Tỉnh Ninh Bình,typo_ocr,noise_injector
3902,542,BCA_CA_NB_PA03,Phòng An ninh chính trị nội bộ - Công an Tỉnh Ninh Bình,canonical,manual_registry
3903,542,BCA_CA_NB_PA03,Phòng An ninh chính trị nội bộ - CA Tỉnh Ninh Bình,alias,domain_rules
3904,542,BCA_CA_NB_PA03,Phòng An ninh chính trị nội bộ - CA Ninh Bình,abbreviation,domain_rules
3905,542,BCA_CA_NB_PA03,Phong An ninh chinh tri noi bo - Cong an Tinh Ninh Binh,no_accent,auto_rule
3906,542,BCA_CA_NB_PA03,PANCTNBCATNB,abbreviation,auto_rule
3907,542,BCA_CA_NB_PA03,Phòng An ninh hính trị nộ bộ - Công an Tỉnh Ninh Bình,typo_ocr,noise_injector
3908,542,BCA_CA_NB_PA03,Phòng An ninh chính trị nội bộ -Công an Tỉnh Ninh Bình,typo_ocr,noise_injector
3909,543,BCA_CA_NB_PA05,Phòng An ninh mạng và phòng chống tội phạm công nghệ cao - Công an Tỉnh Ninh Bình,canonical,manual_registry
3910,543,BCA_CA_NB_PA05,Phòng An ninh mạng và phòng chống tội phạm công nghệ cao - CA Tỉnh Ninh Bình,alias,domain_rules
3911,543,BCA_CA_NB_PA05,Phòng An ninh mạng và phòng chống tội phạm công nghệ cao - CA Ninh Bình,abbreviation,domain_rules
3912,543,BCA_CA_NB_PA05,Phong An ninh mang va phong chong toi pham cong nghe cao - Cong an Tinh Ninh Binh,no_accent,auto_rule
3913,543,BCA_CA_NB_PA05,PANMPCTPCNCCATNB,abbreviation,auto_rule
3914,543,BCA_CA_NB_PA05,Phòng An ninh mạng và phòng chống tội pạm công nghệ cao - Công an Tỉnh Ninh Bình,typo_ocr,noise_injector
3915,543,BCA_CA_NB_PA05,Phòng An ninh mạg và phòng chng tội phạm côngnghệ cao - Công an Tỉnh Ninh Bình,typo_ocr,noise_injector
3916,544,BCA_CA_VP,Công an Tỉnh Vĩnh Phúc,canonical,manual_registry
3917,544,BCA_CA_VP,CA Tỉnh Vĩnh Phúc,alias,domain_rules
3918,544,BCA_CA_VP,CA Vĩnh Phúc,abbreviation,domain_rules
3919,544,BCA_CA_VP,Cong an Tinh Vinh Phuc,no_accent,auto_rule
3920,544,BCA_CA_VP,CATVP,abbreviation,auto_rule
3921,544,BCA_CA_VP,Công an TỉhVĩnh Phúc,typo_ocr,noise_injector
3922,545,BCA_CA_VP_PC01,Văn phòng Cơ quan Cảnh sát điều tra - Công an Tỉnh Vĩnh Phúc,canonical,manual_registry
3923,545,BCA_CA_VP_PC01,Văn phòng Cơ quan Cảnh sát điều tra - CA Tỉnh Vĩnh Phúc,alias,domain_rules
3924,545,BCA_CA_VP_PC01,Văn phòng Cơ quan Cảnh sát điều tra - CA Vĩnh Phúc,abbreviation,domain_rules
3925,545,BCA_CA_VP_PC01,PC01 - Công an Tỉnh Vĩnh Phúc,abbreviation,domain_rules
3926,545,BCA_CA_VP_PC01,Van phong Co quan Canh sat đieu tra - Cong an Tinh Vinh Phuc,no_accent,auto_rule
3927,545,BCA_CA_VP_PC01,VPCSĐTCATVP,abbreviation,auto_rule
3928,545,BCA_CA_VP_PC01,n phòng Cơ quan Cảnh sát điều tra - Công an Tỉnh Vĩnh Phúc,typo_ocr,noise_injector
3929,545,BCA_CA_VP_PC01,Vănphòng Cơ qan Cảnh sát điều tra - Công an Tỉnh Vĩnh Phúc,typo_ocr,noise_injector
3930,546,BCA_CA_VP_PC02,Phòng Cảnh sát hình sự - Công an Tỉnh Vĩnh Phúc,canonical,manual_registry
3931,546,BCA_CA_VP_PC02,Phòng Cảnh sát hình sự - CA Tỉnh Vĩnh Phúc,alias,domain_rules
3932,546,BCA_CA_VP_PC02,Phòng Cảnh sát hình sự - CA Vĩnh Phúc,abbreviation,domain_rules
3933,546,BCA_CA_VP_PC02,PC02 - Công an Tỉnh Vĩnh Phúc,abbreviation,domain_rules
3934,546,BCA_CA_VP_PC02,Phòng CSHS - Công an Tỉnh Vĩnh Phúc,alias,domain_rules
3935,546,BCA_CA_VP_PC02,Phong Canh sat hinh su - Cong an Tinh Vinh Phuc,no_accent,auto_rule
3936,546,BCA_CA_VP_PC02,PCSHSCATVP,abbreviation,auto_rule
3937,547,BCA_CA_VP_PC03,Phòng Cảnh sát kinh tế - Công an Tỉnh Vĩnh Phúc,canonical,manual_registry
3938,547,BCA_CA_VP_PC03,Phòng Cảnh sát kinh tế - CA Tỉnh Vĩnh Phúc,alias,domain_rules
3939,547,BCA_CA_VP_PC03,Phòng Cảnh sát kinh tế - CA Vĩnh Phúc,abbreviation,domain_rules
3940,547,BCA_CA_VP_PC03,Phong Canh sat kinh te - Cong an Tinh Vinh Phuc,no_accent,auto_rule
3941,547,BCA_CA_VP_PC03,PCSKTCATVP,abbreviation,auto_rule
3942,547,BCA_CA_VP_PC03,Phòng Cảnh sát kinh ế - Công an Tỉnh Vĩnh Phúc,typo_ocr,noise_injector
3943,547,BCA_CA_VP_PC03,Phòng Cảnh sátkinh tế - Công an TỉnhVĩnh Phúc,typo_ocr,noise_injector
3944,548,BCA_CA_VP_PC04,Phòng Cảnh sát điều tra tội phạm về ma túy - Công an Tỉnh Vĩnh Phúc,canonical,manual_registry
3945,548,BCA_CA_VP_PC04,Phòng Cảnh sát điều tra tội phạm về ma túy - CA Tỉnh Vĩnh Phúc,alias,domain_rules
3946,548,BCA_CA_VP_PC04,Phòng Cảnh sát điều tra tội phạm về ma túy - CA Vĩnh Phúc,abbreviation,domain_rules
3947,548,BCA_CA_VP_PC04,PC04 - Công an Tỉnh Vĩnh Phúc,abbreviation,domain_rules
3948,548,BCA_CA_VP_PC04,Phòng CS ma túy - Công an Tỉnh Vĩnh Phúc,alias,domain_rules
3949,548,BCA_CA_VP_PC04,Phong Canh sat đieu tra toi pham ve ma tuy - Cong an Tinh Vinh Phuc,no_accent,auto_rule
3950,548,BCA_CA_VP_PC04,PCSĐTTPMTCATVP,abbreviation,auto_rule
3951,548,BCA_CA_VP_PC04,Phòng Cảnh sát điều tra tội phạm về ma tú - Công an Tỉnh Vĩnh Phúc,typo_ocr,noise_injector
3952,549,BCA_CA_VP_PC06,Phòng Cảnh sát quản lý hành chính về trật tự xã hội - Công an Tỉnh Vĩnh Phúc,canonical,manual_registry
3953,549,BCA_CA_VP_PC06,Phòng Cảnh sát quản lý hành chính về trật tự xã hội - CA Tỉnh Vĩnh Phúc,alias,domain_rules
3954,549,BCA_CA_VP_PC06,Phòng Cảnh sát quản lý hành chính về trật tự xã hội - CA Vĩnh Phúc,abbreviation,domain_rules
3955,549,BCA_CA_VP_PC06,PC06 - Công an Tỉnh Vĩnh Phúc,abbreviation,domain_rules
3956,549,BCA_CA_VP_PC06,Phòng CSQLHC - Công an Tỉnh Vĩnh Phúc,alias,domain_rules
3957,549,BCA_CA_VP_PC06,Phong Canh sat quan ly hanh chinh ve trat tu xa hoi - Cong an Tinh Vinh Phuc,no_accent,auto_rule
3958,549,BCA_CA_VP_PC06,PCSQLHCTTXHCATVP,abbreviation,auto_rule
3959,549,BCA_CA_VP_PC06,Phòn Cảnh sát quản lý hành chính v trttự xã hội - Công an Tỉnh Vĩnh Phúc,typo_ocr,noise_injector
3960,549,BCA_CA_VP_PC06,Phòng Cảnh sát quản lý ành chính về trật tự xã hội - Công an Tỉnh Vĩnh Phúc,typo_ocr,noise_injector
3961,550,BCA_CA_VP_PC08,Phòng Cảnh sát giao thông - Công an Tỉnh Vĩnh Phúc,canonical,manual_registry
3962,550,BCA_CA_VP_PC08,Phòng Cảnh sát giao thông - CA Tỉnh Vĩnh Phúc,alias,domain_rules
3963,550,BCA_CA_VP_PC08,Phòng Cảnh sát giao thông - CA Vĩnh Phúc,abbreviation,domain_rules
3964,550,BCA_CA_VP_PC08,PC08 - Công an Tỉnh Vĩnh Phúc,abbreviation,domain_rules
3965,550,BCA_CA_VP_PC08,Phòng CSGT - Công an Tỉnh Vĩnh Phúc,alias,domain_rules
3966,550,BCA_CA_VP_PC08,Phong Canh sat giao thong - Cong an Tinh Vinh Phuc,no_accent,auto_rule
3967,550,BCA_CA_VP_PC08,PCSGTCATVP,abbreviation,auto_rule
3968,550,BCA_CA_VP_PC08,Phòng Cảnh sá giao thông- Công an Tỉnh Vĩnh Phúc,typo_ocr,noise_injector
3969,550,BCA_CA_VP_PC08,Phòng Cnh sát giao thông - Công an Tỉnh Vĩnh Phúc,typo_ocr,noise_injector
3970,551,BCA_CA_VP_PA01,Phòng An ninh đối ngoại - Công an Tỉnh Vĩnh Phúc,canonical,manual_registry
3971,551,BCA_CA_VP_PA01,Phòng An ninh đối ngoại - CA Tỉnh Vĩnh Phúc,alias,domain_rules
3972,551,BCA_CA_VP_PA01,Phòng An ninh đối ngoại - CA Vĩnh Phúc,abbreviation,domain_rules
3973,551,BCA_CA_VP_PA01,Phong An ninh đoi ngoai - Cong an Tinh Vinh Phuc,no_accent,auto_rule
3974,551,BCA_CA_VP_PA01,PANĐNCATVP,abbreviation,auto_rule
3975,552,BCA_CA_VP_PA02,Phòng An ninh nội địa - Công an Tỉnh Vĩnh Phúc,canonical,manual_registry
3976,552,BCA_CA_VP_PA02,Phòng An ninh nội địa - CA Tỉnh Vĩnh Phúc,alias,domain_rules
3977,552,BCA_CA_VP_PA02,Phòng An ninh nội địa - CA Vĩnh Phúc,abbreviation,domain_rules
3978,552,BCA_CA_VP_PA02,Phong An ninh noi đia - Cong an Tinh Vinh Phuc,no_accent,auto_rule
3979,552,BCA_CA_VP_PA02,PANNĐCATVP,abbreviation,auto_rule
3980,552,BCA_CA_VP_PA02,Phòng An ninh nội địa - Công an Tỉnh Vĩnh húc,typo_ocr,noise_injector
3981,552,BCA_CA_VP_PA02,hòng An ninh nội địa - Công an Tỉnh Vĩnh Phúc,typo_ocr,noise_injector
3982,553,BCA_CA_VP_PA03,Phòng An ninh chính trị nội bộ - Công an Tỉnh Vĩnh Phúc,canonical,manual_registry
3983,553,BCA_CA_VP_PA03,Phòng An ninh chính trị nội bộ - CA Tỉnh Vĩnh Phúc,alias,domain_rules
3984,553,BCA_CA_VP_PA03,Phòng An ninh chính trị nội bộ - CA Vĩnh Phúc,abbreviation,domain_rules
3985,553,BCA_CA_VP_PA03,Phong An ninh chinh tri noi bo - Cong an Tinh Vinh Phuc,no_accent,auto_rule
3986,553,BCA_CA_VP_PA03,PANCTNBCATVP,abbreviation,auto_rule
3987,553,BCA_CA_VP_PA03,Phòng An ninh chính trị nội bộ - Công n Tỉnh Vĩnh Phúc,typo_ocr,noise_injector
3988,554,BCA_CA_VP_PA05,Phòng An ninh mạng và phòng chống tội phạm công nghệ cao - Công an Tỉnh Vĩnh Phúc,canonical,manual_registry
3989,554,BCA_CA_VP_PA05,Phòng An ninh mạng và phòng chống tội phạm công nghệ cao - CA Tỉnh Vĩnh Phúc,alias,domain_rules
3990,554,BCA_CA_VP_PA05,Phòng An ninh mạng và phòng chống tội phạm công nghệ cao - CA Vĩnh Phúc,abbreviation,domain_rules
3991,554,BCA_CA_VP_PA05,Phong An ninh mang va phong chong toi pham cong nghe cao - Cong an Tinh Vinh Phuc,no_accent,auto_rule
3992,554,BCA_CA_VP_PA05,PANMPCTPCNCCATVP,abbreviation,auto_rule
3993,554,BCA_CA_VP_PA05,Phòng An nih mạng và phòng chống tội phạm công nghệ cao - Công an Tỉnh Vĩnh Phúc,typo_ocr,noise_injector
3994,554,BCA_CA_VP_PA05,Phòng An ninh mạng và phòng hống tội phạm công nghệ cao - Công an Tỉnh Vĩnh Phúc,typo_ocr,noise_injector
3995,555,BCA_CA_BNI,Công an Tỉnh Bắc Ninh,canonical,manual_registry
3996,555,BCA_CA_BNI,CA Tỉnh Bắc Ninh,alias,domain_rules
3997,555,BCA_CA_BNI,CA Bắc Ninh,abbreviation,domain_rules
3998,555,BCA_CA_BNI,Cong an Tinh Bac Ninh,no_accent,auto_rule
3999,555,BCA_CA_BNI,CATBN,abbreviation,auto_rule
4000,556,BCA_CA_BNI_PC01,Văn phòng Cơ quan Cảnh sát điều tra - Công an Tỉnh Bắc Ninh,canonical,manual_registry
4001,556,BCA_CA_BNI_PC01,Văn phòng Cơ quan Cảnh sát điều tra - CA Tỉnh Bắc Ninh,alias,domain_rules
4002,556,BCA_CA_BNI_PC01,Văn phòng Cơ quan Cảnh sát điều tra - CA Bắc Ninh,abbreviation,domain_rules
4003,556,BCA_CA_BNI_PC01,PC01 - Công an Tỉnh Bắc Ninh,abbreviation,domain_rules
4004,556,BCA_CA_BNI_PC01,Van phong Co quan Canh sat đieu tra - Cong an Tinh Bac Ninh,no_accent,auto_rule
4005,556,BCA_CA_BNI_PC01,VPCSĐTCATBN,abbreviation,auto_rule
4006,556,BCA_CA_BNI_PC01,Văn phòng Cơ quan Cảnh sát điều ta - Côngan Tỉnh Bắc Ninh,typo_ocr,noise_injector
4007,556,BCA_CA_BNI_PC01,Văn phòng Cơ quan Cản sát điều tra - Công an Tỉnh Bắc Ninh,typo_ocr,noise_injector
4008,557,BCA_CA_BNI_PC02,Phòng Cảnh sát hình sự - Công an Tỉnh Bắc Ninh,canonical,manual_registry
4009,557,BCA_CA_BNI_PC02,Phòng Cảnh sát hình sự - CA Tỉnh Bắc Ninh,alias,domain_rules
4010,557,BCA_CA_BNI_PC02,Phòng Cảnh sát hình sự - CA Bắc Ninh,abbreviation,domain_rules
4011,557,BCA_CA_BNI_PC02,PC02 - Công an Tỉnh Bắc Ninh,abbreviation,domain_rules
4012,557,BCA_CA_BNI_PC02,Phòng CSHS - Công an Tỉnh Bắc Ninh,alias,domain_rules
4013,557,BCA_CA_BNI_PC02,Phong Canh sat hinh su - Cong an Tinh Bac Ninh,no_accent,auto_rule
4014,557,BCA_CA_BNI_PC02,PCSHSCATBN,abbreviation,auto_rule
4015,557,BCA_CA_BNI_PC02,Phòng ảnh sát hình sự - Công an Tỉnh Bắc Ninh,typo_ocr,noise_injector
4016,557,BCA_CA_BNI_PC02,Phng Cảnh sát hình sự - Công anTỉnh Bắc Ninh,typo_ocr,noise_injector
4017,558,BCA_CA_BNI_PC03,Phòng Cảnh sát kinh tế - Công an Tỉnh Bắc Ninh,canonical,manual_registry
4018,558,BCA_CA_BNI_PC03,Phòng Cảnh sát kinh tế - CA Tỉnh Bắc Ninh,alias,domain_rules
4019,558,BCA_CA_BNI_PC03,Phòng Cảnh sát kinh tế - CA Bắc Ninh,abbreviation,domain_rules
4020,558,BCA_CA_BNI_PC03,Phong Canh sat kinh te - Cong an Tinh Bac Ninh,no_accent,auto_rule
4021,558,BCA_CA_BNI_PC03,PCSKTCATBN,abbreviation,auto_rule
4022,558,BCA_CA_BNI_PC03,Phòng Cảnh sát kih tế - Công an Tỉnh Bắc Ninh,typo_ocr,noise_injector
4023,559,BCA_CA_BNI_PC04,Phòng Cảnh sát điều tra tội phạm về ma túy - Công an Tỉnh Bắc Ninh,canonical,manual_registry
4024,559,BCA_CA_BNI_PC04,Phòng Cảnh sát điều tra tội phạm về ma túy - CA Tỉnh Bắc Ninh,alias,domain_rules
4025,559,BCA_CA_BNI_PC04,Phòng Cảnh sát điều tra tội phạm về ma túy - CA Bắc Ninh,abbreviation,domain_rules
4026,559,BCA_CA_BNI_PC04,PC04 - Công an Tỉnh Bắc Ninh,abbreviation,domain_rules
4027,559,BCA_CA_BNI_PC04,Phòng CS ma túy - Công an Tỉnh Bắc Ninh,alias,domain_rules
4028,559,BCA_CA_BNI_PC04,Phong Canh sat đieu tra toi pham ve ma tuy - Cong an Tinh Bac Ninh,no_accent,auto_rule
4029,559,BCA_CA_BNI_PC04,PCSĐTTPMTCATBN,abbreviation,auto_rule
4030,559,BCA_CA_BNI_PC04,hòng Cảnh sát điều tra tội phạm về ma túy - Công an Tỉnh ắc Ninh,typo_ocr,noise_injector
4031,560,BCA_CA_BNI_PC06,Phòng Cảnh sát quản lý hành chính về trật tự xã hội - Công an Tỉnh Bắc Ninh,canonical,manual_registry
4032,560,BCA_CA_BNI_PC06,Phòng Cảnh sát quản lý hành chính về trật tự xã hội - CA Tỉnh Bắc Ninh,alias,domain_rules
4033,560,BCA_CA_BNI_PC06,Phòng Cảnh sát quản lý hành chính về trật tự xã hội - CA Bắc Ninh,abbreviation,domain_rules
4034,560,BCA_CA_BNI_PC06,PC06 - Công an Tỉnh Bắc Ninh,abbreviation,domain_rules
4035,560,BCA_CA_BNI_PC06,Phòng CSQLHC - Công an Tỉnh Bắc Ninh,alias,domain_rules
4036,560,BCA_CA_BNI_PC06,Phong Canh sat quan ly hanh chinh ve trat tu xa hoi - Cong an Tinh Bac Ninh,no_accent,auto_rule
4037,560,BCA_CA_BNI_PC06,PCSQLHCTTXHCATBN,abbreviation,auto_rule
4038,560,BCA_CA_BNI_PC06,Phòng Cảnh sát quản lý hành chính về trật tự xã hội - ông an Tỉnh Bắc Ninh,typo_ocr,noise_injector
4039,561,BCA_CA_BNI_PC08,Phòng Cảnh sát giao thông - Công an Tỉnh Bắc Ninh,canonical,manual_registry
4040,561,BCA_CA_BNI_PC08,Phòng Cảnh sát giao thông - CA Tỉnh Bắc Ninh,alias,domain_rules
4041,561,BCA_CA_BNI_PC08,Phòng Cảnh sát giao thông - CA Bắc Ninh,abbreviation,domain_rules
4042,561,BCA_CA_BNI_PC08,PC08 - Công an Tỉnh Bắc Ninh,abbreviation,domain_rules
4043,561,BCA_CA_BNI_PC08,Phòng CSGT - Công an Tỉnh Bắc Ninh,alias,domain_rules
4044,561,BCA_CA_BNI_PC08,Phong Canh sat giao thong - Cong an Tinh Bac Ninh,no_accent,auto_rule
4045,561,BCA_CA_BNI_PC08,PCSGTCATBN,abbreviation,auto_rule
4046,561,BCA_CA_BNI_PC08,Phòng Cảnh sát giao hông - Công an Tỉnh Bắc Nnh,typo_ocr,noise_injector
4047,561,BCA_CA_BNI_PC08,PhòngCảnh sát giao thông - Cng anTỉnh Bắc Ninh,typo_ocr,noise_injector
4048,562,BCA_CA_BNI_PA01,Phòng An ninh đối ngoại - Công an Tỉnh Bắc Ninh,canonical,manual_registry
4049,562,BCA_CA_BNI_PA01,Phòng An ninh đối ngoại - CA Tỉnh Bắc Ninh,alias,domain_rules
4050,562,BCA_CA_BNI_PA01,Phòng An ninh đối ngoại - CA Bắc Ninh,abbreviation,domain_rules
4051,562,BCA_CA_BNI_PA01,Phong An ninh đoi ngoai - Cong an Tinh Bac Ninh,no_accent,auto_rule
4052,562,BCA_CA_BNI_PA01,PANĐNCATBN,abbreviation,auto_rule
4053,562,BCA_CA_BNI_PA01,Phòng An ninh đối ngoại - Công an Tỉnh Bc Ninh,typo_ocr,noise_injector
4054,562,BCA_CA_BNI_PA01,Phòng An inh đối ngoại - Công an Tỉnh Bắc Ninh,typo_ocr,noise_injector
4055,563,BCA_CA_BNI_PA02,Phòng An ninh nội địa - Công an Tỉnh Bắc Ninh,canonical,manual_registry
4056,563,BCA_CA_BNI_PA02,Phòng An ninh nội địa - CA Tỉnh Bắc Ninh,alias,domain_rules
4057,563,BCA_CA_BNI_PA02,Phòng An ninh nội địa - CA Bắc Ninh,abbreviation,domain_rules
4058,563,BCA_CA_BNI_PA02,Phong An ninh noi đia - Cong an Tinh Bac Ninh,no_accent,auto_rule
4059,563,BCA_CA_BNI_PA02,PANNĐCATBN,abbreviation,auto_rule
4060,563,BCA_CA_BNI_PA02,Phòng An inh nội địa - Công an Tỉnh Bắc Ninh,typo_ocr,noise_injector
4061,564,BCA_CA_BNI_PA03,Phòng An ninh chính trị nội bộ - Công an Tỉnh Bắc Ninh,canonical,manual_registry
4062,564,BCA_CA_BNI_PA03,Phòng An ninh chính trị nội bộ - CA Tỉnh Bắc Ninh,alias,domain_rules
4063,564,BCA_CA_BNI_PA03,Phòng An ninh chính trị nội bộ - CA Bắc Ninh,abbreviation,domain_rules
4064,564,BCA_CA_BNI_PA03,Phong An ninh chinh tri noi bo - Cong an Tinh Bac Ninh,no_accent,auto_rule
4065,564,BCA_CA_BNI_PA03,PANCTNBCATBN,abbreviation,auto_rule
4066,564,BCA_CA_BNI_PA03,Phòng An ninh chính trị nội bộ - ông an Tỉnh Bắc Ninh,typo_ocr,noise_injector
4067,564,BCA_CA_BNI_PA03,Phòng An ninh chính trị nội bộ - Công n Tỉnh Bắc Ninh,typo_ocr,noise_injector
4068,565,BCA_CA_BNI_PA05,Phòng An ninh mạng và phòng chống tội phạm công nghệ cao - Công an Tỉnh Bắc Ninh,canonical,manual_registry
4069,565,BCA_CA_BNI_PA05,Phòng An ninh mạng và phòng chống tội phạm công nghệ cao - CA Tỉnh Bắc Ninh,alias,domain_rules
4070,565,BCA_CA_BNI_PA05,Phòng An ninh mạng và phòng chống tội phạm công nghệ cao - CA Bắc Ninh,abbreviation,domain_rules
4071,565,BCA_CA_BNI_PA05,Phong An ninh mang va phong chong toi pham cong nghe cao - Cong an Tinh Bac Ninh,no_accent,auto_rule
4072,565,BCA_CA_BNI_PA05,PANMPCTPCNCCATBN,abbreviation,auto_rule
4073,565,BCA_CA_BNI_PA05,Phòng An ninh mạg vàphòng chống tội phạmcông nghệcao - Công an Tỉnh Bắc Ninh,typo_ocr,noise_injector
4074,565,BCA_CA_BNI_PA05,Phòng An nih ạng và phòng chốg tội phạm công nghệ cao - Công an Tỉnh Bắc Ninh,typo_ocr,noise_injector
4075,566,BCA_CA_BGI,Công an Tỉnh Bắc Giang,canonical,manual_registry
4076,566,BCA_CA_BGI,CA Tỉnh Bắc Giang,alias,domain_rules
4077,566,BCA_CA_BGI,CA Bắc Giang,abbreviation,domain_rules
4078,566,BCA_CA_BGI,Cong an Tinh Bac Giang,no_accent,auto_rule
4079,566,BCA_CA_BGI,CATBG,abbreviation,auto_rule
4080,566,BCA_CA_BGI,Công an Tỉnh Bắc Gang,typo_ocr,noise_injector
4081,567,BCA_CA_BGI_PC01,Văn phòng Cơ quan Cảnh sát điều tra - Công an Tỉnh Bắc Giang,canonical,manual_registry
4082,567,BCA_CA_BGI_PC01,Văn phòng Cơ quan Cảnh sát điều tra - CA Tỉnh Bắc Giang,alias,domain_rules
4083,567,BCA_CA_BGI_PC01,Văn phòng Cơ quan Cảnh sát điều tra - CA Bắc Giang,abbreviation,domain_rules
4084,567,BCA_CA_BGI_PC01,PC01 - Công an Tỉnh Bắc Giang,abbreviation,domain_rules
4085,567,BCA_CA_BGI_PC01,Van phong Co quan Canh sat đieu tra - Cong an Tinh Bac Giang,no_accent,auto_rule
4086,567,BCA_CA_BGI_PC01,VPCSĐTCATBG,abbreviation,auto_rule
4087,568,BCA_CA_BGI_PC02,Phòng Cảnh sát hình sự - Công an Tỉnh Bắc Giang,canonical,manual_registry
4088,568,BCA_CA_BGI_PC02,Phòng Cảnh sát hình sự - CA Tỉnh Bắc Giang,alias,domain_rules
4089,568,BCA_CA_BGI_PC02,Phòng Cảnh sát hình sự - CA Bắc Giang,abbreviation,domain_rules
4090,568,BCA_CA_BGI_PC02,PC02 - Công an Tỉnh Bắc Giang,abbreviation,domain_rules
4091,568,BCA_CA_BGI_PC02,Phòng CSHS - Công an Tỉnh Bắc Giang,alias,domain_rules
4092,568,BCA_CA_BGI_PC02,Phong Canh sat hinh su - Cong an Tinh Bac Giang,no_accent,auto_rule
4093,568,BCA_CA_BGI_PC02,PCSHSCATBG,abbreviation,auto_rule
4094,568,BCA_CA_BGI_PC02,Phòng Cảnh sát hình sự -Công an Tỉnh Bắc Giang,typo_ocr,noise_injector
4095,569,BCA_CA_BGI_PC03,Phòng Cảnh sát kinh tế - Công an Tỉnh Bắc Giang,canonical,manual_registry
4096,569,BCA_CA_BGI_PC03,Phòng Cảnh sát kinh tế - CA Tỉnh Bắc Giang,alias,domain_rules
4097,569,BCA_CA_BGI_PC03,Phòng Cảnh sát kinh tế - CA Bắc Giang,abbreviation,domain_rules
4098,569,BCA_CA_BGI_PC03,Phong Canh sat kinh te - Cong an Tinh Bac Giang,no_accent,auto_rule
4099,569,BCA_CA_BGI_PC03,PCSKTCATBG,abbreviation,auto_rule
4100,570,BCA_CA_BGI_PC04,Phòng Cảnh sát điều tra tội phạm về ma túy - Công an Tỉnh Bắc Giang,canonical,manual_registry
4101,570,BCA_CA_BGI_PC04,Phòng Cảnh sát điều tra tội phạm về ma túy - CA Tỉnh Bắc Giang,alias,domain_rules
4102,570,BCA_CA_BGI_PC04,Phòng Cảnh sát điều tra tội phạm về ma túy - CA Bắc Giang,abbreviation,domain_rules
4103,570,BCA_CA_BGI_PC04,PC04 - Công an Tỉnh Bắc Giang,abbreviation,domain_rules
4104,570,BCA_CA_BGI_PC04,Phòng CS ma túy - Công an Tỉnh Bắc Giang,alias,domain_rules
4105,570,BCA_CA_BGI_PC04,Phong Canh sat đieu tra toi pham ve ma tuy - Cong an Tinh Bac Giang,no_accent,auto_rule
4106,570,BCA_CA_BGI_PC04,PCSĐTTPMTCATBG,abbreviation,auto_rule
4107,571,BCA_CA_BGI_PC06,Phòng Cảnh sát quản lý hành chính về trật tự xã hội - Công an Tỉnh Bắc Giang,canonical,manual_registry
4108,571,BCA_CA_BGI_PC06,Phòng Cảnh sát quản lý hành chính về trật tự xã hội - CA Tỉnh Bắc Giang,alias,domain_rules
4109,571,BCA_CA_BGI_PC06,Phòng Cảnh sát quản lý hành chính về trật tự xã hội - CA Bắc Giang,abbreviation,domain_rules
4110,571,BCA_CA_BGI_PC06,PC06 - Công an Tỉnh Bắc Giang,abbreviation,domain_rules
4111,571,BCA_CA_BGI_PC06,Phòng CSQLHC - Công an Tỉnh Bắc Giang,alias,domain_rules
4112,571,BCA_CA_BGI_PC06,Phong Canh sat quan ly hanh chinh ve trat tu xa hoi - Cong an Tinh Bac Giang,no_accent,auto_rule
4113,571,BCA_CA_BGI_PC06,PCSQLHCTTXHCATBG,abbreviation,auto_rule
4114,571,BCA_CA_BGI_PC06,Phòng Cảnh sát quản lý hành chính về trật tự xã hội - Công a Tỉnh Bắc Gian,typo_ocr,noise_injector
4115,571,BCA_CA_BGI_PC06,Phòng Cảnh sát quản lý hnh chính về trật tự xã hội - Công an Tỉnh Bắc Giag,typo_ocr,noise_injector
4116,572,BCA_CA_BGI_PC08,Phòng Cảnh sát giao thông - Công an Tỉnh Bắc Giang,canonical,manual_registry
4117,572,BCA_CA_BGI_PC08,Phòng Cảnh sát giao thông - CA Tỉnh Bắc Giang,alias,domain_rules
4118,572,BCA_CA_BGI_PC08,Phòng Cảnh sát giao thông - CA Bắc Giang,abbreviation,domain_rules
4119,572,BCA_CA_BGI_PC08,PC08 - Công an Tỉnh Bắc Giang,abbreviation,domain_rules
4120,572,BCA_CA_BGI_PC08,Phòng CSGT - Công an Tỉnh Bắc Giang,alias,domain_rules
4121,572,BCA_CA_BGI_PC08,Phong Canh sat giao thong - Cong an Tinh Bac Giang,no_accent,auto_rule
4122,572,BCA_CA_BGI_PC08,PCSGTCATBG,abbreviation,auto_rule
4123,572,BCA_CA_BGI_PC08,Phòng Cản sát giao thông - Công an Tỉh Bắc Giang,typo_ocr,noise_injector
4124,573,BCA_CA_BGI_PA01,Phòng An ninh đối ngoại - Công an Tỉnh Bắc Giang,canonical,manual_registry
4125,573,BCA_CA_BGI_PA01,Phòng An ninh đối ngoại - CA Tỉnh Bắc Giang,alias,domain_rules
4126,573,BCA_CA_BGI_PA01,Phòng An ninh đối ngoại - CA Bắc Giang,abbreviation,domain_rules
4127,573,BCA_CA_BGI_PA01,Phong An ninh đoi ngoai - Cong an Tinh Bac Giang,no_accent,auto_rule
4128,573,BCA_CA_BGI_PA01,PANĐNCATBG,abbreviation,auto_rule
4129,573,BCA_CA_BGI_PA01,Phòng An ninh đi ngoại - Công an Tỉnh Bắc Giang,typo_ocr,noise_injector
4130,573,BCA_CA_BGI_PA01,Phòng An ninh ối ngoại - Công anTỉnh Bắc Giang,typo_ocr,noise_injector
4131,574,BCA_CA_BGI_PA02,Phòng An ninh nội địa - Công an Tỉnh Bắc Giang,canonical,manual_registry
4132,574,BCA_CA_BGI_PA02,Phòng An ninh nội địa - CA Tỉnh Bắc Giang,alias,domain_rules
4133,574,BCA_CA_BGI_PA02,Phòng An ninh nội địa - CA Bắc Giang,abbreviation,domain_rules
4134,574,BCA_CA_BGI_PA02,Phong An ninh noi đia - Cong an Tinh Bac Giang,no_accent,auto_rule
4135,574,BCA_CA_BGI_PA02,PANNĐCATBG,abbreviation,auto_rule
4136,575,BCA_CA_BGI_PA03,Phòng An ninh chính trị nội bộ - Công an Tỉnh Bắc Giang,canonical,manual_registry
4137,575,BCA_CA_BGI_PA03,Phòng An ninh chính trị nội bộ - CA Tỉnh Bắc Giang,alias,domain_rules
4138,575,BCA_CA_BGI_PA03,Phòng An ninh chính trị nội bộ - CA Bắc Giang,abbreviation,domain_rules
4139,575,BCA_CA_BGI_PA03,Phong An ninh chinh tri noi bo - Cong an Tinh Bac Giang,no_accent,auto_rule
4140,575,BCA_CA_BGI_PA03,PANCTNBCATBG,abbreviation,auto_rule
4141,576,BCA_CA_BGI_PA05,Phòng An ninh mạng và phòng chống tội phạm công nghệ cao - Công an Tỉnh Bắc Giang,canonical,manual_registry
4142,576,BCA_CA_BGI_PA05,Phòng An ninh mạng và phòng chống tội phạm công nghệ cao - CA Tỉnh Bắc Giang,alias,domain_rules
4143,576,BCA_CA_BGI_PA05,Phòng An ninh mạng và phòng chống tội phạm công nghệ cao - CA Bắc Giang,abbreviation,domain_rules
4144,576,BCA_CA_BGI_PA05,Phong An ninh mang va phong chong toi pham cong nghe cao - Cong an Tinh Bac Giang,no_accent,auto_rule
4145,576,BCA_CA_BGI_PA05,PANMPCTPCNCCATBG,abbreviation,auto_rule
4146,576,BCA_CA_BGI_PA05,Phòng A ninh mạng và phòng chống tội phạm công nghệ cao - Công an Tỉnh Bắc Giang,typo_ocr,noise_injector
4147,577,BCA_CA_PTH,Công an Tỉnh Phú Thọ,canonical,manual_registry
4148,577,BCA_CA_PTH,CA Tỉnh Phú Thọ,alias,domain_rules
4149,577,BCA_CA_PTH,CA Phú Thọ,abbreviation,domain_rules
4150,577,BCA_CA_PTH,Cong an Tinh Phu Tho,no_accent,auto_rule
4151,577,BCA_CA_PTH,CATPT,abbreviation,auto_rule
4152,578,BCA_CA_PTH_PC01,Văn phòng Cơ quan Cảnh sát điều tra - Công an Tỉnh Phú Thọ,canonical,manual_registry
4153,578,BCA_CA_PTH_PC01,Văn phòng Cơ quan Cảnh sát điều tra - CA Tỉnh Phú Thọ,alias,domain_rules
4154,578,BCA_CA_PTH_PC01,Văn phòng Cơ quan Cảnh sát điều tra - CA Phú Thọ,abbreviation,domain_rules
4155,578,BCA_CA_PTH_PC01,PC01 - Công an Tỉnh Phú Thọ,abbreviation,domain_rules
4156,578,BCA_CA_PTH_PC01,Van phong Co quan Canh sat đieu tra - Cong an Tinh Phu Tho,no_accent,auto_rule
4157,578,BCA_CA_PTH_PC01,VPCSĐTCATPT,abbreviation,auto_rule
4158,578,BCA_CA_PTH_PC01,Văn phn Cơ quan Cản sát điều tra - Công an Tỉnh Phú Thọ,typo_ocr,noise_injector
4159,578,BCA_CA_PTH_PC01,Văn phòng Cơ quan Cnhsát điều tra - Công an Tỉnh Phú Tọ,typo_ocr,noise_injector
4160,579,BCA_CA_PTH_PC02,Phòng Cảnh sát hình sự - Công an Tỉnh Phú Thọ,canonical,manual_registry
4161,579,BCA_CA_PTH_PC02,Phòng Cảnh sát hình sự - CA Tỉnh Phú Thọ,alias,domain_rules
4162,579,BCA_CA_PTH_PC02,Phòng Cảnh sát hình sự - CA Phú Thọ,abbreviation,domain_rules
4163,579,BCA_CA_PTH_PC02,PC02 - Công an Tỉnh Phú Thọ,abbreviation,domain_rules
4164,579,BCA_CA_PTH_PC02,Phòng CSHS - Công an Tỉnh Phú Thọ,alias,domain_rules
4165,579,BCA_CA_PTH_PC02,Phong Canh sat hinh su - Cong an Tinh Phu Tho,no_accent,auto_rule
4166,579,BCA_CA_PTH_PC02,PCSHSCATPT,abbreviation,auto_rule
4167,579,BCA_CA_PTH_PC02,Phòng Cnh sát hình sự - Công an Tỉnh Phú Thọ,typo_ocr,noise_injector
4168,580,BCA_CA_PTH_PC03,Phòng Cảnh sát kinh tế - Công an Tỉnh Phú Thọ,canonical,manual_registry
4169,580,BCA_CA_PTH_PC03,Phòng Cảnh sát kinh tế - CA Tỉnh Phú Thọ,alias,domain_rules
4170,580,BCA_CA_PTH_PC03,Phòng Cảnh sát kinh tế - CA Phú Thọ,abbreviation,domain_rules
4171,580,BCA_CA_PTH_PC03,Phong Canh sat kinh te - Cong an Tinh Phu Tho,no_accent,auto_rule
4172,580,BCA_CA_PTH_PC03,PCSKTCATPT,abbreviation,auto_rule
4173,581,BCA_CA_PTH_PC04,Phòng Cảnh sát điều tra tội phạm về ma túy - Công an Tỉnh Phú Thọ,canonical,manual_registry
4174,581,BCA_CA_PTH_PC04,Phòng Cảnh sát điều tra tội phạm về ma túy - CA Tỉnh Phú Thọ,alias,domain_rules
4175,581,BCA_CA_PTH_PC04,Phòng Cảnh sát điều tra tội phạm về ma túy - CA Phú Thọ,abbreviation,domain_rules
4176,581,BCA_CA_PTH_PC04,PC04 - Công an Tỉnh Phú Thọ,abbreviation,domain_rules
4177,581,BCA_CA_PTH_PC04,Phòng CS ma túy - Công an Tỉnh Phú Thọ,alias,domain_rules
4178,581,BCA_CA_PTH_PC04,Phong Canh sat đieu tra toi pham ve ma tuy - Cong an Tinh Phu Tho,no_accent,auto_rule
4179,581,BCA_CA_PTH_PC04,PCSĐTTPMTCATPT,abbreviation,auto_rule
4180,581,BCA_CA_PTH_PC04,Phòng Cảnh át điều tra tội phạm về m túy - Công an Tỉnh Phú Thọ,typo_ocr,noise_injector
4181,581,BCA_CA_PTH_PC04,Phòng Cảnh sát đều tra tội phạm về ma túy - Công an Tỉn Phú Thọ,typo_ocr,noise_injector
4182,582,BCA_CA_PTH_PC06,Phòng Cảnh sát quản lý hành chính về trật tự xã hội - Công an Tỉnh Phú Thọ,canonical,manual_registry
4183,582,BCA_CA_PTH_PC06,Phòng Cảnh sát quản lý hành chính về trật tự xã hội - CA Tỉnh Phú Thọ,alias,domain_rules
4184,582,BCA_CA_PTH_PC06,Phòng Cảnh sát quản lý hành chính về trật tự xã hội - CA Phú Thọ,abbreviation,domain_rules
4185,582,BCA_CA_PTH_PC06,PC06 - Công an Tỉnh Phú Thọ,abbreviation,domain_rules
4186,582,BCA_CA_PTH_PC06,Phòng CSQLHC - Công an Tỉnh Phú Thọ,alias,domain_rules
4187,582,BCA_CA_PTH_PC06,Phong Canh sat quan ly hanh chinh ve trat tu xa hoi - Cong an Tinh Phu Tho,no_accent,auto_rule
4188,582,BCA_CA_PTH_PC06,PCSQLHCTTXHCATPT,abbreviation,auto_rule
4189,582,BCA_CA_PTH_PC06,Phòng Cảnh sát quản lý hành chínhvềtrật tự xã hội - Công an Tỉnh Phú Thọ,typo_ocr,noise_injector
4190,582,BCA_CA_PTH_PC06,Phòng Cảnh sát qun lý hành chính về trật t xã hội - Công an Tỉnh Phú Thọ,typo_ocr,noise_injector
4191,583,BCA_CA_PTH_PC08,Phòng Cảnh sát giao thông - Công an Tỉnh Phú Thọ,canonical,manual_registry
4192,583,BCA_CA_PTH_PC08,Phòng Cảnh sát giao thông - CA Tỉnh Phú Thọ,alias,domain_rules
4193,583,BCA_CA_PTH_PC08,Phòng Cảnh sát giao thông - CA Phú Thọ,abbreviation,domain_rules
4194,583,BCA_CA_PTH_PC08,PC08 - Công an Tỉnh Phú Thọ,abbreviation,domain_rules
4195,583,BCA_CA_PTH_PC08,Phòng CSGT - Công an Tỉnh Phú Thọ,alias,domain_rules
4196,583,BCA_CA_PTH_PC08,Phong Canh sat giao thong - Cong an Tinh Phu Tho,no_accent,auto_rule
4197,583,BCA_CA_PTH_PC08,PCSGTCATPT,abbreviation,auto_rule
4198,583,BCA_CA_PTH_PC08,Phòng Cảnh sát giao thông - ông an Tỉnh Ph Thọ,typo_ocr,noise_injector
4199,583,BCA_CA_PTH_PC08,Phòng Cảh sát giao thông - Công an Tỉnh Phú Thọ,typo_ocr,noise_injector
4200,584,BCA_CA_PTH_PA01,Phòng An ninh đối ngoại - Công an Tỉnh Phú Thọ,canonical,manual_registry
4201,584,BCA_CA_PTH_PA01,Phòng An ninh đối ngoại - CA Tỉnh Phú Thọ,alias,domain_rules
4202,584,BCA_CA_PTH_PA01,Phòng An ninh đối ngoại - CA Phú Thọ,abbreviation,domain_rules
4203,584,BCA_CA_PTH_PA01,Phong An ninh đoi ngoai - Cong an Tinh Phu Tho,no_accent,auto_rule
4204,584,BCA_CA_PTH_PA01,PANĐNCATPT,abbreviation,auto_rule
4205,584,BCA_CA_PTH_PA01,Phòng An nnh đối ngoại - Công an Tỉnh Phú Thọ,typo_ocr,noise_injector
4206,585,BCA_CA_PTH_PA02,Phòng An ninh nội địa - Công an Tỉnh Phú Thọ,canonical,manual_registry
4207,585,BCA_CA_PTH_PA02,Phòng An ninh nội địa - CA Tỉnh Phú Thọ,alias,domain_rules
4208,585,BCA_CA_PTH_PA02,Phòng An ninh nội địa - CA Phú Thọ,abbreviation,domain_rules
4209,585,BCA_CA_PTH_PA02,Phong An ninh noi đia - Cong an Tinh Phu Tho,no_accent,auto_rule
4210,585,BCA_CA_PTH_PA02,PANNĐCATPT,abbreviation,auto_rule
4211,585,BCA_CA_PTH_PA02,hòng An ninh nội địa - Công an Tỉnh Phú Thọ,typo_ocr,noise_injector
4212,585,BCA_CA_PTH_PA02,Phòng An nnh nội địa - Công an Tỉnh Phú Thọ,typo_ocr,noise_injector
4213,586,BCA_CA_PTH_PA03,Phòng An ninh chính trị nội bộ - Công an Tỉnh Phú Thọ,canonical,manual_registry
4214,586,BCA_CA_PTH_PA03,Phòng An ninh chính trị nội bộ - CA Tỉnh Phú Thọ,alias,domain_rules
4215,586,BCA_CA_PTH_PA03,Phòng An ninh chính trị nội bộ - CA Phú Thọ,abbreviation,domain_rules
4216,586,BCA_CA_PTH_PA03,Phong An ninh chinh tri noi bo - Cong an Tinh Phu Tho,no_accent,auto_rule
4217,586,BCA_CA_PTH_PA03,PANCTNBCATPT,abbreviation,auto_rule
4218,586,BCA_CA_PTH_PA03,Phòng An ninh chính trị nội bộ - Công an Tỉnh hú Thọ,typo_ocr,noise_injector
4219,586,BCA_CA_PTH_PA03,Phòng An ninh chính trị nộibộ - Công an Tỉnh Phú Thọ,typo_ocr,noise_injector
4220,587,BCA_CA_PTH_PA05,Phòng An ninh mạng và phòng chống tội phạm công nghệ cao - Công an Tỉnh Phú Thọ,canonical,manual_registry
4221,587,BCA_CA_PTH_PA05,Phòng An ninh mạng và phòng chống tội phạm công nghệ cao - CA Tỉnh Phú Thọ,alias,domain_rules
4222,587,BCA_CA_PTH_PA05,Phòng An ninh mạng và phòng chống tội phạm công nghệ cao - CA Phú Thọ,abbreviation,domain_rules
4223,587,BCA_CA_PTH_PA05,Phong An ninh mang va phong chong toi pham cong nghe cao - Cong an Tinh Phu Tho,no_accent,auto_rule
4224,587,BCA_CA_PTH_PA05,PANMPCTPCNCCATPT,abbreviation,auto_rule
4225,587,BCA_CA_PTH_PA05,hòng An ninh mạng và phòng chống tội phạm công nghệ cao - Công an Tỉnh Phú Thọ,typo_ocr,noise_injector
4226,587,BCA_CA_PTH_PA05,Phn An ninh mạng và phòng chống tội phạm ông nghệ cao - Công an Tỉnh Phú Thọ,typo_ocr,noise_injector
4227,588,BCA_CA_TNG,Công an Tỉnh Thái Nguyên,canonical,manual_registry
4228,588,BCA_CA_TNG,CA Tỉnh Thái Nguyên,alias,domain_rules
4229,588,BCA_CA_TNG,CA Thái Nguyên,abbreviation,domain_rules
4230,588,BCA_CA_TNG,Cong an Tinh Thai Nguyen,no_accent,auto_rule
4231,588,BCA_CA_TNG,CATTN,abbreviation,auto_rule
4232,588,BCA_CA_TNG,Cng an TỉnhThái Nguyên,typo_ocr,noise_injector
4233,589,BCA_CA_TNG_PC01,Văn phòng Cơ quan Cảnh sát điều tra - Công an Tỉnh Thái Nguyên,canonical,manual_registry
4234,589,BCA_CA_TNG_PC01,Văn phòng Cơ quan Cảnh sát điều tra - CA Tỉnh Thái Nguyên,alias,domain_rules
4235,589,BCA_CA_TNG_PC01,Văn phòng Cơ quan Cảnh sát điều tra - CA Thái Nguyên,abbreviation,domain_rules
4236,589,BCA_CA_TNG_PC01,PC01 - Công an Tỉnh Thái Nguyên,abbreviation,domain_rules
4237,589,BCA_CA_TNG_PC01,Van phong Co quan Canh sat đieu tra - Cong an Tinh Thai Nguyen,no_accent,auto_rule
4238,589,BCA_CA_TNG_PC01,VPCSĐTCATTN,abbreviation,auto_rule
4239,589,BCA_CA_TNG_PC01,Văn phòng Cơ quan Cảnh sát điều ra - Công an Tỉnh Thái Nguyên,typo_ocr,noise_injector
4240,589,BCA_CA_TNG_PC01,Văn phòng Cơ qan Cảnh sát điều tra - Công an Tỉnh Thái Nguyên,typo_ocr,noise_injector
4241,590,BCA_CA_TNG_PC02,Phòng Cảnh sát hình sự - Công an Tỉnh Thái Nguyên,canonical,manual_registry
4242,590,BCA_CA_TNG_PC02,Phòng Cảnh sát hình sự - CA Tỉnh Thái Nguyên,alias,domain_rules
4243,590,BCA_CA_TNG_PC02,Phòng Cảnh sát hình sự - CA Thái Nguyên,abbreviation,domain_rules
4244,590,BCA_CA_TNG_PC02,PC02 - Công an Tỉnh Thái Nguyên,abbreviation,domain_rules
4245,590,BCA_CA_TNG_PC02,Phòng CSHS - Công an Tỉnh Thái Nguyên,alias,domain_rules
4246,590,BCA_CA_TNG_PC02,Phong Canh sat hinh su - Cong an Tinh Thai Nguyen,no_accent,auto_rule
4247,590,BCA_CA_TNG_PC02,PCSHSCATTN,abbreviation,auto_rule
4248,590,BCA_CA_TNG_PC02,Phòn ảnh sát hình sự - Công an Tỉnh hái Nguyên,typo_ocr,noise_injector
4249,590,BCA_CA_TNG_PC02,Phòng Cảnh sát ình sự - Công an Tỉnh Thái Nguyên,typo_ocr,noise_injector
4250,591,BCA_CA_TNG_PC03,Phòng Cảnh sát kinh tế - Công an Tỉnh Thái Nguyên,canonical,manual_registry
4251,591,BCA_CA_TNG_PC03,Phòng Cảnh sát kinh tế - CA Tỉnh Thái Nguyên,alias,domain_rules
4252,591,BCA_CA_TNG_PC03,Phòng Cảnh sát kinh tế - CA Thái Nguyên,abbreviation,domain_rules
4253,591,BCA_CA_TNG_PC03,Phong Canh sat kinh te - Cong an Tinh Thai Nguyen,no_accent,auto_rule
4254,591,BCA_CA_TNG_PC03,PCSKTCATTN,abbreviation,auto_rule
4255,592,BCA_CA_TNG_PC04,Phòng Cảnh sát điều tra tội phạm về ma túy - Công an Tỉnh Thái Nguyên,canonical,manual_registry
4256,592,BCA_CA_TNG_PC04,Phòng Cảnh sát điều tra tội phạm về ma túy - CA Tỉnh Thái Nguyên,alias,domain_rules
4257,592,BCA_CA_TNG_PC04,Phòng Cảnh sát điều tra tội phạm về ma túy - CA Thái Nguyên,abbreviation,domain_rules
4258,592,BCA_CA_TNG_PC04,PC04 - Công an Tỉnh Thái Nguyên,abbreviation,domain_rules
4259,592,BCA_CA_TNG_PC04,Phòng CS ma túy - Công an Tỉnh Thái Nguyên,alias,domain_rules
4260,592,BCA_CA_TNG_PC04,Phong Canh sat đieu tra toi pham ve ma tuy - Cong an Tinh Thai Nguyen,no_accent,auto_rule
4261,592,BCA_CA_TNG_PC04,PCSĐTTPMTCATTN,abbreviation,auto_rule
4262,592,BCA_CA_TNG_PC04,Phòng Cảnh sát điều ra tội phạm về ma túy -Công an Tỉnh Thái Nguyên,typo_ocr,noise_injector
4263,592,BCA_CA_TNG_PC04,Phòng Cảnh sát điều tra tội phạm về ma úy - Công an Tỉnh Thái Nguyên,typo_ocr,noise_injector
4264,593,BCA_CA_TNG_PC06,Phòng Cảnh sát quản lý hành chính về trật tự xã hội - Công an Tỉnh Thái Nguyên,canonical,manual_registry
4265,593,BCA_CA_TNG_PC06,Phòng Cảnh sát quản lý hành chính về trật tự xã hội - CA Tỉnh Thái Nguyên,alias,domain_rules
4266,593,BCA_CA_TNG_PC06,Phòng Cảnh sát quản lý hành chính về trật tự xã hội - CA Thái Nguyên,abbreviation,domain_rules
4267,593,BCA_CA_TNG_PC06,PC06 - Công an Tỉnh Thái Nguyên,abbreviation,domain_rules
4268,593,BCA_CA_TNG_PC06,Phòng CSQLHC - Công an Tỉnh Thái Nguyên,alias,domain_rules
4269,593,BCA_CA_TNG_PC06,Phong Canh sat quan ly hanh chinh ve trat tu xa hoi - Cong an Tinh Thai Nguyen,no_accent,auto_rule
4270,593,BCA_CA_TNG_PC06,PCSQLHCTTXHCATTN,abbreviation,auto_rule
4271,593,BCA_CA_TNG_PC06,Phòng Cảh sát quản lý hành chính về trật tự xã hội - Công an Tỉnh Thái Nguyên,typo_ocr,noise_injector
4272,593,BCA_CA_TNG_PC06,Phòng Cảnh sát quản lý hành chính về trật tự xã ội - Công an Tỉnh Thái Nguyên,typo_ocr,noise_injector
4273,594,BCA_CA_TNG_PC08,Phòng Cảnh sát giao thông - Công an Tỉnh Thái Nguyên,canonical,manual_registry
4274,594,BCA_CA_TNG_PC08,Phòng Cảnh sát giao thông - CA Tỉnh Thái Nguyên,alias,domain_rules
4275,594,BCA_CA_TNG_PC08,Phòng Cảnh sát giao thông - CA Thái Nguyên,abbreviation,domain_rules
4276,594,BCA_CA_TNG_PC08,PC08 - Công an Tỉnh Thái Nguyên,abbreviation,domain_rules
4277,594,BCA_CA_TNG_PC08,Phòng CSGT - Công an Tỉnh Thái Nguyên,alias,domain_rules
4278,594,BCA_CA_TNG_PC08,Phong Canh sat giao thong - Cong an Tinh Thai Nguyen,no_accent,auto_rule
4279,594,BCA_CA_TNG_PC08,PCSGTCATTN,abbreviation,auto_rule
4280,594,BCA_CA_TNG_PC08,Phòg Cảnh sát giao thông - Công an Tỉnh Thái Nguyên,typo_ocr,noise_injector
4281,595,BCA_CA_TNG_PA01,Phòng An ninh đối ngoại - Công an Tỉnh Thái Nguyên,canonical,manual_registry
4282,595,BCA_CA_TNG_PA01,Phòng An ninh đối ngoại - CA Tỉnh Thái Nguyên,alias,domain_rules
4283,595,BCA_CA_TNG_PA01,Phòng An ninh đối ngoại - CA Thái Nguyên,abbreviation,domain_rules
4284,595,BCA_CA_TNG_PA01,Phong An ninh đoi ngoai - Cong an Tinh Thai Nguyen,no_accent,auto_rule
4285,595,BCA_CA_TNG_PA01,PANĐNCATTN,abbreviation,auto_rule
4286,595,BCA_CA_TNG_PA01,Phòng An ninh đối ngoại - Công an Tỉnh Thái Nguên,typo_ocr,noise_injector
4287,596,BCA_CA_TNG_PA02,Phòng An ninh nội địa - Công an Tỉnh Thái Nguyên,canonical,manual_registry
4288,596,BCA_CA_TNG_PA02,Phòng An ninh nội địa - CA Tỉnh Thái Nguyên,alias,domain_rules
4289,596,BCA_CA_TNG_PA02,Phòng An ninh nội địa - CA Thái Nguyên,abbreviation,domain_rules
4290,596,BCA_CA_TNG_PA02,Phong An ninh noi đia - Cong an Tinh Thai Nguyen,no_accent,auto_rule
4291,596,BCA_CA_TNG_PA02,PANNĐCATTN,abbreviation,auto_rule
4292,596,BCA_CA_TNG_PA02,Phòng An nnh nội địa - Công an ỉnh Thái Nguyên,typo_ocr,noise_injector
4293,596,BCA_CA_TNG_PA02,hòng An ninh nội địa - Công an Tỉnh Thá Nguyên,typo_ocr,noise_injector
4294,597,BCA_CA_TNG_PA03,Phòng An ninh chính trị nội bộ - Công an Tỉnh Thái Nguyên,canonical,manual_registry
4295,597,BCA_CA_TNG_PA03,Phòng An ninh chính trị nội bộ - CA Tỉnh Thái Nguyên,alias,domain_rules
4296,597,BCA_CA_TNG_PA03,Phòng An ninh chính trị nội bộ - CA Thái Nguyên,abbreviation,domain_rules
4297,597,BCA_CA_TNG_PA03,Phong An ninh chinh tri noi bo - Cong an Tinh Thai Nguyen,no_accent,auto_rule
4298,597,BCA_CA_TNG_PA03,PANCTNBCATTN,abbreviation,auto_rule
4299,597,BCA_CA_TNG_PA03,Phòng An ninh chính trị nội bộ - Công an Tỉnh hái Nguên,typo_ocr,noise_injector
4300,597,BCA_CA_TNG_PA03,Phòng An ninh chính trị nội bộ - Công an ỉnh Thái Nguyên,typo_ocr,noise_injector
4301,598,BCA_CA_TNG_PA05,Phòng An ninh mạng và phòng chống tội phạm công nghệ cao - Công an Tỉnh Thái Nguyên,canonical,manual_registry
4302,598,BCA_CA_TNG_PA05,Phòng An ninh mạng và phòng chống tội phạm công nghệ cao - CA Tỉnh Thái Nguyên,alias,domain_rules
4303,598,BCA_CA_TNG_PA05,Phòng An ninh mạng và phòng chống tội phạm công nghệ cao - CA Thái Nguyên,abbreviation,domain_rules
4304,598,BCA_CA_TNG_PA05,Phong An ninh mang va phong chong toi pham cong nghe cao - Cong an Tinh Thai Nguyen,no_accent,auto_rule
4305,598,BCA_CA_TNG_PA05,PANMPCTPCNCCATTN,abbreviation,auto_rule
4306,598,BCA_CA_TNG_PA05,Phòng An ninh mạng và phòng cống ội phạm công nghệ cao - Công an Tỉnh Thái Nguyên,typo_ocr,noise_injector
4307,599,BCA_CA_YBI,Công an Tỉnh Yên Bái,canonical,manual_registry
4308,599,BCA_CA_YBI,CA Tỉnh Yên Bái,alias,domain_rules
4309,599,BCA_CA_YBI,CA Yên Bái,abbreviation,domain_rules
4310,599,BCA_CA_YBI,Cong an Tinh Yen Bai,no_accent,auto_rule
4311,599,BCA_CA_YBI,CATYB,abbreviation,auto_rule
4312,600,BCA_CA_YBI_PC01,Văn phòng Cơ quan Cảnh sát điều tra - Công an Tỉnh Yên Bái,canonical,manual_registry
4313,600,BCA_CA_YBI_PC01,Văn phòng Cơ quan Cảnh sát điều tra - CA Tỉnh Yên Bái,alias,domain_rules
4314,600,BCA_CA_YBI_PC01,Văn phòng Cơ quan Cảnh sát điều tra - CA Yên Bái,abbreviation,domain_rules
4315,600,BCA_CA_YBI_PC01,PC01 - Công an Tỉnh Yên Bái,abbreviation,domain_rules
4316,600,BCA_CA_YBI_PC01,Van phong Co quan Canh sat đieu tra - Cong an Tinh Yen Bai,no_accent,auto_rule
4317,600,BCA_CA_YBI_PC01,VPCSĐTCATYB,abbreviation,auto_rule
4318,600,BCA_CA_YBI_PC01,Văn phòng Cơ qua Cảnh sát điều tra - Công an Tỉnh Yên Bái,typo_ocr,noise_injector
4319,600,BCA_CA_YBI_PC01,Văn phòn Cơ quan Cảnh sát điều tra - Công an Tỉnh Yên Bái,typo_ocr,noise_injector
4320,601,BCA_CA_YBI_PC02,Phòng Cảnh sát hình sự - Công an Tỉnh Yên Bái,canonical,manual_registry
4321,601,BCA_CA_YBI_PC02,Phòng Cảnh sát hình sự - CA Tỉnh Yên Bái,alias,domain_rules
4322,601,BCA_CA_YBI_PC02,Phòng Cảnh sát hình sự - CA Yên Bái,abbreviation,domain_rules
4323,601,BCA_CA_YBI_PC02,PC02 - Công an Tỉnh Yên Bái,abbreviation,domain_rules
4324,601,BCA_CA_YBI_PC02,Phòng CSHS - Công an Tỉnh Yên Bái,alias,domain_rules
4325,601,BCA_CA_YBI_PC02,Phong Canh sat hinh su - Cong an Tinh Yen Bai,no_accent,auto_rule
4326,601,BCA_CA_YBI_PC02,PCSHSCATYB,abbreviation,auto_rule
4327,601,BCA_CA_YBI_PC02,Phòng Cảnh sáthình sự - Công an Tỉnh Yên Bái,typo_ocr,noise_injector
4328,601,BCA_CA_YBI_PC02,Phòng Cảnh sát hìnhsự -Công an Tỉnh Yên Bái,typo_ocr,noise_injector
4329,602,BCA_CA_YBI_PC03,Phòng Cảnh sát kinh tế - Công an Tỉnh Yên Bái,canonical,manual_registry
4330,602,BCA_CA_YBI_PC03,Phòng Cảnh sát kinh tế - CA Tỉnh Yên Bái,alias,domain_rules
4331,602,BCA_CA_YBI_PC03,Phòng Cảnh sát kinh tế - CA Yên Bái,abbreviation,domain_rules
4332,602,BCA_CA_YBI_PC03,Phong Canh sat kinh te - Cong an Tinh Yen Bai,no_accent,auto_rule
4333,602,BCA_CA_YBI_PC03,PCSKTCATYB,abbreviation,auto_rule
4334,602,BCA_CA_YBI_PC03,Phòng Cảnh sát knh tế - Công an Tỉnh Yên Bái,typo_ocr,noise_injector
4335,603,BCA_CA_YBI_PC04,Phòng Cảnh sát điều tra tội phạm về ma túy - Công an Tỉnh Yên Bái,canonical,manual_registry
4336,603,BCA_CA_YBI_PC04,Phòng Cảnh sát điều tra tội phạm về ma túy - CA Tỉnh Yên Bái,alias,domain_rules
4337,603,BCA_CA_YBI_PC04,Phòng Cảnh sát điều tra tội phạm về ma túy - CA Yên Bái,abbreviation,domain_rules
4338,603,BCA_CA_YBI_PC04,PC04 - Công an Tỉnh Yên Bái,abbreviation,domain_rules
4339,603,BCA_CA_YBI_PC04,Phòng CS ma túy - Công an Tỉnh Yên Bái,alias,domain_rules
4340,603,BCA_CA_YBI_PC04,Phong Canh sat đieu tra toi pham ve ma tuy - Cong an Tinh Yen Bai,no_accent,auto_rule
4341,603,BCA_CA_YBI_PC04,PCSĐTTPMTCATYB,abbreviation,auto_rule
4342,603,BCA_CA_YBI_PC04,Phòng Cảnh át điều tra tội phạm về ma túy - Công an Tỉnh Yên Bái,typo_ocr,noise_injector
4343,604,BCA_CA_YBI_PC06,Phòng Cảnh sát quản lý hành chính về trật tự xã hội - Công an Tỉnh Yên Bái,canonical,manual_registry
4344,604,BCA_CA_YBI_PC06,Phòng Cảnh sát quản lý hành chính về trật tự xã hội - CA Tỉnh Yên Bái,alias,domain_rules
4345,604,BCA_CA_YBI_PC06,Phòng Cảnh sát quản lý hành chính về trật tự xã hội - CA Yên Bái,abbreviation,domain_rules
4346,604,BCA_CA_YBI_PC06,PC06 - Công an Tỉnh Yên Bái,abbreviation,domain_rules
4347,604,BCA_CA_YBI_PC06,Phòng CSQLHC - Công an Tỉnh Yên Bái,alias,domain_rules
4348,604,BCA_CA_YBI_PC06,Phong Canh sat quan ly hanh chinh ve trat tu xa hoi - Cong an Tinh Yen Bai,no_accent,auto_rule
4349,604,BCA_CA_YBI_PC06,PCSQLHCTTXHCATYB,abbreviation,auto_rule
4350,604,BCA_CA_YBI_PC06,hòng Cnh sát quản lý hành chính về trật tự xã hội - Công an Tỉnh YênBái,typo_ocr,noise_injector
4351,604,BCA_CA_YBI_PC06,Phòng Cảnh sátquản lý hành chính về trật tự xã hội - Công an TỉnhYên Bái,typo_ocr,noise_injector
4352,605,BCA_CA_YBI_PC08,Phòng Cảnh sát giao thông - Công an Tỉnh Yên Bái,canonical,manual_registry
4353,605,BCA_CA_YBI_PC08,Phòng Cảnh sát giao thông - CA Tỉnh Yên Bái,alias,domain_rules
4354,605,BCA_CA_YBI_PC08,Phòng Cảnh sát giao thông - CA Yên Bái,abbreviation,domain_rules
4355,605,BCA_CA_YBI_PC08,PC08 - Công an Tỉnh Yên Bái,abbreviation,domain_rules
4356,605,BCA_CA_YBI_PC08,Phòng CSGT - Công an Tỉnh Yên Bái,alias,domain_rules
4357,605,BCA_CA_YBI_PC08,Phong Canh sat giao thong - Cong an Tinh Yen Bai,no_accent,auto_rule
4358,605,BCA_CA_YBI_PC08,PCSGTCATYB,abbreviation,auto_rule
4359,605,BCA_CA_YBI_PC08,Phòng Cảnh sát go thông - Công an Tỉnh YênBái,typo_ocr,noise_injector
4360,606,BCA_CA_YBI_PA01,Phòng An ninh đối ngoại - Công an Tỉnh Yên Bái,canonical,manual_registry
4361,606,BCA_CA_YBI_PA01,Phòng An ninh đối ngoại - CA Tỉnh Yên Bái,alias,domain_rules
4362,606,BCA_CA_YBI_PA01,Phòng An ninh đối ngoại - CA Yên Bái,abbreviation,domain_rules
4363,606,BCA_CA_YBI_PA01,Phong An ninh đoi ngoai - Cong an Tinh Yen Bai,no_accent,auto_rule
4364,606,BCA_CA_YBI_PA01,PANĐNCATYB,abbreviation,auto_rule
4365,606,BCA_CA_YBI_PA01,Phòng n ninh đối ngoại  Công aTỉnh Yên Bái,typo_ocr,noise_injector
4366,607,BCA_CA_YBI_PA02,Phòng An ninh nội địa - Công an Tỉnh Yên Bái,canonical,manual_registry
4367,607,BCA_CA_YBI_PA02,Phòng An ninh nội địa - CA Tỉnh Yên Bái,alias,domain_rules
4368,607,BCA_CA_YBI_PA02,Phòng An ninh nội địa - CA Yên Bái,abbreviation,domain_rules
4369,607,BCA_CA_YBI_PA02,Phong An ninh noi đia - Cong an Tinh Yen Bai,no_accent,auto_rule
4370,607,BCA_CA_YBI_PA02,PANNĐCATYB,abbreviation,auto_rule
4371,607,BCA_CA_YBI_PA02,Phòng An ninh nội địa  Công an Tỉnh Yên Bái,typo_ocr,noise_injector
4372,608,BCA_CA_YBI_PA03,Phòng An ninh chính trị nội bộ - Công an Tỉnh Yên Bái,canonical,manual_registry
4373,608,BCA_CA_YBI_PA03,Phòng An ninh chính trị nội bộ - CA Tỉnh Yên Bái,alias,domain_rules
4374,608,BCA_CA_YBI_PA03,Phòng An ninh chính trị nội bộ - CA Yên Bái,abbreviation,domain_rules
4375,608,BCA_CA_YBI_PA03,Phong An ninh chinh tri noi bo - Cong an Tinh Yen Bai,no_accent,auto_rule
4376,608,BCA_CA_YBI_PA03,PANCTNBCATYB,abbreviation,auto_rule
4377,608,BCA_CA_YBI_PA03,Phòng An ninh chính trị nội bộ  Công an Tỉnh Yên Bái,typo_ocr,noise_injector
4378,608,BCA_CA_YBI_PA03,Phng An ninh chính trị nội bộ - Công an Tỉnh Yên Bái,typo_ocr,noise_injector
4379,609,BCA_CA_YBI_PA05,Phòng An ninh mạng và phòng chống tội phạm công nghệ cao - Công an Tỉnh Yên Bái,canonical,manual_registry
4380,609,BCA_CA_YBI_PA05,Phòng An ninh mạng và phòng chống tội phạm công nghệ cao - CA Tỉnh Yên Bái,alias,domain_rules
4381,609,BCA_CA_YBI_PA05,Phòng An ninh mạng và phòng chống tội phạm công nghệ cao - CA Yên Bái,abbreviation,domain_rules
4382,609,BCA_CA_YBI_PA05,Phong An ninh mang va phong chong toi pham cong nghe cao - Cong an Tinh Yen Bai,no_accent,auto_rule
4383,609,BCA_CA_YBI_PA05,PANMPCTPCNCCATYB,abbreviation,auto_rule
4384,609,BCA_CA_YBI_PA05,Phòng An ninh mạng và phòng chống tội phạmông nghệcao - Công an Tỉnh YênBái,typo_ocr,noise_injector
4385,610,BCA_CA_TQ,Công an Tỉnh Tuyên Quang,canonical,manual_registry
4386,610,BCA_CA_TQ,CA Tỉnh Tuyên Quang,alias,domain_rules
4387,610,BCA_CA_TQ,CA Tuyên Quang,abbreviation,domain_rules
4388,610,BCA_CA_TQ,Cong an Tinh Tuyen Quang,no_accent,auto_rule
4389,610,BCA_CA_TQ,CATTQ,abbreviation,auto_rule
4390,611,BCA_CA_TQ_PC01,Văn phòng Cơ quan Cảnh sát điều tra - Công an Tỉnh Tuyên Quang,canonical,manual_registry
4391,611,BCA_CA_TQ_PC01,Văn phòng Cơ quan Cảnh sát điều tra - CA Tỉnh Tuyên Quang,alias,domain_rules
4392,611,BCA_CA_TQ_PC01,Văn phòng Cơ quan Cảnh sát điều tra - CA Tuyên Quang,abbreviation,domain_rules
4393,611,BCA_CA_TQ_PC01,PC01 - Công an Tỉnh Tuyên Quang,abbreviation,domain_rules
4394,611,BCA_CA_TQ_PC01,Van phong Co quan Canh sat đieu tra - Cong an Tinh Tuyen Quang,no_accent,auto_rule
4395,611,BCA_CA_TQ_PC01,VPCSĐTCATTQ,abbreviation,auto_rule
4396,611,BCA_CA_TQ_PC01,Văn phòng Cơ quan Cảnh sát điều tra - Công an ỉnh Tuyên Qung,typo_ocr,noise_injector
4397,612,BCA_CA_TQ_PC02,Phòng Cảnh sát hình sự - Công an Tỉnh Tuyên Quang,canonical,manual_registry
4398,612,BCA_CA_TQ_PC02,Phòng Cảnh sát hình sự - CA Tỉnh Tuyên Quang,alias,domain_rules
4399,612,BCA_CA_TQ_PC02,Phòng Cảnh sát hình sự - CA Tuyên Quang,abbreviation,domain_rules
4400,612,BCA_CA_TQ_PC02,PC02 - Công an Tỉnh Tuyên Quang,abbreviation,domain_rules
4401,612,BCA_CA_TQ_PC02,Phòng CSHS - Công an Tỉnh Tuyên Quang,alias,domain_rules
4402,612,BCA_CA_TQ_PC02,Phong Canh sat hinh su - Cong an Tinh Tuyen Quang,no_accent,auto_rule
4403,612,BCA_CA_TQ_PC02,PCSHSCATTQ,abbreviation,auto_rule
4404,613,BCA_CA_TQ_PC03,Phòng Cảnh sát kinh tế - Công an Tỉnh Tuyên Quang,canonical,manual_registry
4405,613,BCA_CA_TQ_PC03,Phòng Cảnh sát kinh tế - CA Tỉnh Tuyên Quang,alias,domain_rules
4406,613,BCA_CA_TQ_PC03,Phòng Cảnh sát kinh tế - CA Tuyên Quang,abbreviation,domain_rules
4407,613,BCA_CA_TQ_PC03,Phong Canh sat kinh te - Cong an Tinh Tuyen Quang,no_accent,auto_rule
4408,613,BCA_CA_TQ_PC03,PCSKTCATTQ,abbreviation,auto_rule
4409,613,BCA_CA_TQ_PC03,Phòng Cảnh sát inh tế - Côg an Tỉnh Tuyên Quang,typo_ocr,noise_injector
4410,614,BCA_CA_TQ_PC04,Phòng Cảnh sát điều tra tội phạm về ma túy - Công an Tỉnh Tuyên Quang,canonical,manual_registry
4411,614,BCA_CA_TQ_PC04,Phòng Cảnh sát điều tra tội phạm về ma túy - CA Tỉnh Tuyên Quang,alias,domain_rules
4412,614,BCA_CA_TQ_PC04,Phòng Cảnh sát điều tra tội phạm về ma túy - CA Tuyên Quang,abbreviation,domain_rules
4413,614,BCA_CA_TQ_PC04,PC04 - Công an Tỉnh Tuyên Quang,abbreviation,domain_rules
4414,614,BCA_CA_TQ_PC04,Phòng CS ma túy - Công an Tỉnh Tuyên Quang,alias,domain_rules
4415,614,BCA_CA_TQ_PC04,Phong Canh sat đieu tra toi pham ve ma tuy - Cong an Tinh Tuyen Quang,no_accent,auto_rule
4416,614,BCA_CA_TQ_PC04,PCSĐTTPMTCATTQ,abbreviation,auto_rule
4417,614,BCA_CA_TQ_PC04,Phòg Cảnh sát điều tra tội phạm về ma túy - Công an Tỉnh Tuyên Quang,typo_ocr,noise_injector
4418,615,BCA_CA_TQ_PC06,Phòng Cảnh sát quản lý hành chính về trật tự xã hội - Công an Tỉnh Tuyên Quang,canonical,manual_registry
4419,615,BCA_CA_TQ_PC06,Phòng Cảnh sát quản lý hành chính về trật tự xã hội - CA Tỉnh Tuyên Quang,alias,domain_rules
4420,615,BCA_CA_TQ_PC06,Phòng Cảnh sát quản lý hành chính về trật tự xã hội - CA Tuyên Quang,abbreviation,domain_rules
4421,615,BCA_CA_TQ_PC06,PC06 - Công an Tỉnh Tuyên Quang,abbreviation,domain_rules
4422,615,BCA_CA_TQ_PC06,Phòng CSQLHC - Công an Tỉnh Tuyên Quang,alias,domain_rules
4423,615,BCA_CA_TQ_PC06,Phong Canh sat quan ly hanh chinh ve trat tu xa hoi - Cong an Tinh Tuyen Quang,no_accent,auto_rule
4424,615,BCA_CA_TQ_PC06,PCSQLHCTTXHCATTQ,abbreviation,auto_rule
4425,615,BCA_CA_TQ_PC06,hòng Cảnh sát quản lý hành chính về trật tự xã hội - Công an Tỉnh Tuyên Quang,typo_ocr,noise_injector
4426,615,BCA_CA_TQ_PC06,Phòng Cản sát quản lý hành chính về trật tự xã hi - Công an Tỉnh Tuyên Quang,typo_ocr,noise_injector
4427,616,BCA_CA_TQ_PC08,Phòng Cảnh sát giao thông - Công an Tỉnh Tuyên Quang,canonical,manual_registry
4428,616,BCA_CA_TQ_PC08,Phòng Cảnh sát giao thông - CA Tỉnh Tuyên Quang,alias,domain_rules
4429,616,BCA_CA_TQ_PC08,Phòng Cảnh sát giao thông - CA Tuyên Quang,abbreviation,domain_rules
4430,616,BCA_CA_TQ_PC08,PC08 - Công an Tỉnh Tuyên Quang,abbreviation,domain_rules
4431,616,BCA_CA_TQ_PC08,Phòng CSGT - Công an Tỉnh Tuyên Quang,alias,domain_rules
4432,616,BCA_CA_TQ_PC08,Phong Canh sat giao thong - Cong an Tinh Tuyen Quang,no_accent,auto_rule
4433,616,BCA_CA_TQ_PC08,PCSGTCATTQ,abbreviation,auto_rule
4434,616,BCA_CA_TQ_PC08,Phòng Cảnh st giao thng - Công an Tỉnh Tuyên Quang,typo_ocr,noise_injector
4435,617,BCA_CA_TQ_PA01,Phòng An ninh đối ngoại - Công an Tỉnh Tuyên Quang,canonical,manual_registry
4436,617,BCA_CA_TQ_PA01,Phòng An ninh đối ngoại - CA Tỉnh Tuyên Quang,alias,domain_rules
4437,617,BCA_CA_TQ_PA01,Phòng An ninh đối ngoại - CA Tuyên Quang,abbreviation,domain_rules
4438,617,BCA_CA_TQ_PA01,Phong An ninh đoi ngoai - Cong an Tinh Tuyen Quang,no_accent,auto_rule
4439,617,BCA_CA_TQ_PA01,PANĐNCATTQ,abbreviation,auto_rule
4440,618,BCA_CA_TQ_PA02,Phòng An ninh nội địa - Công an Tỉnh Tuyên Quang,canonical,manual_registry
4441,618,BCA_CA_TQ_PA02,Phòng An ninh nội địa - CA Tỉnh Tuyên Quang,alias,domain_rules
4442,618,BCA_CA_TQ_PA02,Phòng An ninh nội địa - CA Tuyên Quang,abbreviation,domain_rules
4443,618,BCA_CA_TQ_PA02,Phong An ninh noi đia - Cong an Tinh Tuyen Quang,no_accent,auto_rule
4444,618,BCA_CA_TQ_PA02,PANNĐCATTQ,abbreviation,auto_rule
4445,618,BCA_CA_TQ_PA02,Phng An ninh nội địa - Công an Tỉnh Tuyên Quang,typo_ocr,noise_injector
4446,619,BCA_CA_TQ_PA03,Phòng An ninh chính trị nội bộ - Công an Tỉnh Tuyên Quang,canonical,manual_registry
4447,619,BCA_CA_TQ_PA03,Phòng An ninh chính trị nội bộ - CA Tỉnh Tuyên Quang,alias,domain_rules
4448,619,BCA_CA_TQ_PA03,Phòng An ninh chính trị nội bộ - CA Tuyên Quang,abbreviation,domain_rules
4449,619,BCA_CA_TQ_PA03,Phong An ninh chinh tri noi bo - Cong an Tinh Tuyen Quang,no_accent,auto_rule
4450,619,BCA_CA_TQ_PA03,PANCTNBCATTQ,abbreviation,auto_rule
4451,620,BCA_CA_TQ_PA05,Phòng An ninh mạng và phòng chống tội phạm công nghệ cao - Công an Tỉnh Tuyên Quang,canonical,manual_registry
4452,620,BCA_CA_TQ_PA05,Phòng An ninh mạng và phòng chống tội phạm công nghệ cao - CA Tỉnh Tuyên Quang,alias,domain_rules
4453,620,BCA_CA_TQ_PA05,Phòng An ninh mạng và phòng chống tội phạm công nghệ cao - CA Tuyên Quang,abbreviation,domain_rules
4454,620,BCA_CA_TQ_PA05,Phong An ninh mang va phong chong toi pham cong nghe cao - Cong an Tinh Tuyen Quang,no_accent,auto_rule
4455,620,BCA_CA_TQ_PA05,PANMPCTPCNCCATTQ,abbreviation,auto_rule
4456,620,BCA_CA_TQ_PA05,Phòng An ninh mạng và phòng chống tội phạm công ghệ cao - ông an Tỉnh Tuyên Quang,typo_ocr,noise_injector
4457,621,BCA_CA_HGI,Công an Tỉnh Hà Giang,canonical,manual_registry
4458,621,BCA_CA_HGI,CA Tỉnh Hà Giang,alias,domain_rules
4459,621,BCA_CA_HGI,CA Hà Giang,abbreviation,domain_rules
4460,621,BCA_CA_HGI,Cong an Tinh Ha Giang,no_accent,auto_rule
4461,621,BCA_CA_HGI,CATHG,abbreviation,auto_rule
4462,621,BCA_CA_HGI,Công an ỉnh H Giag,typo_ocr,noise_injector
4463,622,BCA_CA_HGI_PC01,Văn phòng Cơ quan Cảnh sát điều tra - Công an Tỉnh Hà Giang,canonical,manual_registry
4464,622,BCA_CA_HGI_PC01,Văn phòng Cơ quan Cảnh sát điều tra - CA Tỉnh Hà Giang,alias,domain_rules
4465,622,BCA_CA_HGI_PC01,Văn phòng Cơ quan Cảnh sát điều tra - CA Hà Giang,abbreviation,domain_rules
4466,622,BCA_CA_HGI_PC01,PC01 - Công an Tỉnh Hà Giang,abbreviation,domain_rules
4467,622,BCA_CA_HGI_PC01,Van phong Co quan Canh sat đieu tra - Cong an Tinh Ha Giang,no_accent,auto_rule
4468,622,BCA_CA_HGI_PC01,VPCSĐTCATHG,abbreviation,auto_rule
4469,622,BCA_CA_HGI_PC01,Văn phòng Cơ qua Cảnh sát điều tra - Công an Tỉnh Hà Gang,typo_ocr,noise_injector
4470,622,BCA_CA_HGI_PC01,Văn phòngCơ quan Cảnh st điều tra - Công an Tỉnh Hà Giang,typo_ocr,noise_injector
4471,623,BCA_CA_HGI_PC02,Phòng Cảnh sát hình sự - Công an Tỉnh Hà Giang,canonical,manual_registry
4472,623,BCA_CA_HGI_PC02,Phòng Cảnh sát hình sự - CA Tỉnh Hà Giang,alias,domain_rules
4473,623,BCA_CA_HGI_PC02,Phòng Cảnh sát hình sự - CA Hà Giang,abbreviation,domain_rules
4474,623,BCA_CA_HGI_PC02,PC02 - Công an Tỉnh Hà Giang,abbreviation,domain_rules
4475,623,BCA_CA_HGI_PC02,Phòng CSHS - Công an Tỉnh Hà Giang,alias,domain_rules
4476,623,BCA_CA_HGI_PC02,Phong Canh sat hinh su - Cong an Tinh Ha Giang,no_accent,auto_rule
4477,623,BCA_CA_HGI_PC02,PCSHSCATHG,abbreviation,auto_rule
4478,623,BCA_CA_HGI_PC02,Phòng Cảnh sát hình sự - Công an Tnh Hà iang,typo_ocr,noise_injector
4479,624,BCA_CA_HGI_PC03,Phòng Cảnh sát kinh tế - Công an Tỉnh Hà Giang,canonical,manual_registry
4480,624,BCA_CA_HGI_PC03,Phòng Cảnh sát kinh tế - CA Tỉnh Hà Giang,alias,domain_rules
4481,624,BCA_CA_HGI_PC03,Phòng Cảnh sát kinh tế - CA Hà Giang,abbreviation,domain_rules
4482,624,BCA_CA_HGI_PC03,Phong Canh sat kinh te - Cong an Tinh Ha Giang,no_accent,auto_rule
4483,624,BCA_CA_HGI_PC03,PCSKTCATHG,abbreviation,auto_rule
4484,624,BCA_CA_HGI_PC03,Phòng Cảnh sá kinh tế - Công an Tỉnh Hà Giang,typo_ocr,noise_injector
4485,624,BCA_CA_HGI_PC03,Phòng Cảnh sát kin tế - Công an Tỉnh Hà Giang,typo_ocr,noise_injector
4486,625,BCA_CA_HGI_PC04,Phòng Cảnh sát điều tra tội phạm về ma túy - Công an Tỉnh Hà Giang,canonical,manual_registry
4487,625,BCA_CA_HGI_PC04,Phòng Cảnh sát điều tra tội phạm về ma túy - CA Tỉnh Hà Giang,alias,domain_rules
4488,625,BCA_CA_HGI_PC04,Phòng Cảnh sát điều tra tội phạm về ma túy - CA Hà Giang,abbreviation,domain_rules
4489,625,BCA_CA_HGI_PC04,PC04 - Công an Tỉnh Hà Giang,abbreviation,domain_rules
4490,625,BCA_CA_HGI_PC04,Phòng CS ma túy - Công an Tỉnh Hà Giang,alias,domain_rules
4491,625,BCA_CA_HGI_PC04,Phong Canh sat đieu tra toi pham ve ma tuy - Cong an Tinh Ha Giang,no_accent,auto_rule
4492,625,BCA_CA_HGI_PC04,PCSĐTTPMTCATHG,abbreviation,auto_rule
4493,625,BCA_CA_HGI_PC04,Phòng Cảnh st điều tra tội phạm về ma túy - Công an Tỉnh Hà Giang,typo_ocr,noise_injector
4494,625,BCA_CA_HGI_PC04,Phòng Cảnh sát iều tra tội phạm về ma túy - Công an Tỉnh Hà Giang,typo_ocr,noise_injector
4495,626,BCA_CA_HGI_PC06,Phòng Cảnh sát quản lý hành chính về trật tự xã hội - Công an Tỉnh Hà Giang,canonical,manual_registry
4496,626,BCA_CA_HGI_PC06,Phòng Cảnh sát quản lý hành chính về trật tự xã hội - CA Tỉnh Hà Giang,alias,domain_rules
4497,626,BCA_CA_HGI_PC06,Phòng Cảnh sát quản lý hành chính về trật tự xã hội - CA Hà Giang,abbreviation,domain_rules
4498,626,BCA_CA_HGI_PC06,PC06 - Công an Tỉnh Hà Giang,abbreviation,domain_rules
4499,626,BCA_CA_HGI_PC06,Phòng CSQLHC - Công an Tỉnh Hà Giang,alias,domain_rules
4500,626,BCA_CA_HGI_PC06,Phong Canh sat quan ly hanh chinh ve trat tu xa hoi - Cong an Tinh Ha Giang,no_accent,auto_rule
4501,626,BCA_CA_HGI_PC06,PCSQLHCTTXHCATHG,abbreviation,auto_rule
4502,626,BCA_CA_HGI_PC06,Phòng Cảnh sát quản lý hàn chính về rật tự xã hội - Công an Tỉnh H Giang,typo_ocr,noise_injector
4503,626,BCA_CA_HGI_PC06,Phòng Cảnh sát quản lý hành chính về trật tự xã hội - Công an Tỉnh Hà Giag,typo_ocr,noise_injector
4504,627,BCA_CA_HGI_PC08,Phòng Cảnh sát giao thông - Công an Tỉnh Hà Giang,canonical,manual_registry
4505,627,BCA_CA_HGI_PC08,Phòng Cảnh sát giao thông - CA Tỉnh Hà Giang,alias,domain_rules
4506,627,BCA_CA_HGI_PC08,Phòng Cảnh sát giao thông - CA Hà Giang,abbreviation,domain_rules
4507,627,BCA_CA_HGI_PC08,PC08 - Công an Tỉnh Hà Giang,abbreviation,domain_rules
4508,627,BCA_CA_HGI_PC08,Phòng CSGT - Công an Tỉnh Hà Giang,alias,domain_rules
4509,627,BCA_CA_HGI_PC08,Phong Canh sat giao thong - Cong an Tinh Ha Giang,no_accent,auto_rule
4510,627,BCA_CA_HGI_PC08,PCSGTCATHG,abbreviation,auto_rule
4511,627,BCA_CA_HGI_PC08,Phòn Cảnh sá giao thông - Công an Tỉnh Hà Giang,typo_ocr,noise_injector
4512,628,BCA_CA_HGI_PA01,Phòng An ninh đối ngoại - Công an Tỉnh Hà Giang,canonical,manual_registry
4513,628,BCA_CA_HGI_PA01,Phòng An ninh đối ngoại - CA Tỉnh Hà Giang,alias,domain_rules
4514,628,BCA_CA_HGI_PA01,Phòng An ninh đối ngoại - CA Hà Giang,abbreviation,domain_rules
4515,628,BCA_CA_HGI_PA01,Phong An ninh đoi ngoai - Cong an Tinh Ha Giang,no_accent,auto_rule
4516,628,BCA_CA_HGI_PA01,PANĐNCATHG,abbreviation,auto_rule
4517,629,BCA_CA_HGI_PA02,Phòng An ninh nội địa - Công an Tỉnh Hà Giang,canonical,manual_registry
4518,629,BCA_CA_HGI_PA02,Phòng An ninh nội địa - CA Tỉnh Hà Giang,alias,domain_rules
4519,629,BCA_CA_HGI_PA02,Phòng An ninh nội địa - CA Hà Giang,abbreviation,domain_rules
4520,629,BCA_CA_HGI_PA02,Phong An ninh noi đia - Cong an Tinh Ha Giang,no_accent,auto_rule
4521,629,BCA_CA_HGI_PA02,PANNĐCATHG,abbreviation,auto_rule
4522,629,BCA_CA_HGI_PA02,Phòng An ninh nội địa -Công an Tỉnh Hà Giang,typo_ocr,noise_injector
4523,630,BCA_CA_HGI_PA03,Phòng An ninh chính trị nội bộ - Công an Tỉnh Hà Giang,canonical,manual_registry
4524,630,BCA_CA_HGI_PA03,Phòng An ninh chính trị nội bộ - CA Tỉnh Hà Giang,alias,domain_rules
4525,630,BCA_CA_HGI_PA03,Phòng An ninh chính trị nội bộ - CA Hà Giang,abbreviation,domain_rules
4526,630,BCA_CA_HGI_PA03,Phong An ninh chinh tri noi bo - Cong an Tinh Ha Giang,no_accent,auto_rule
4527,630,BCA_CA_HGI_PA03,PANCTNBCATHG,abbreviation,auto_rule
4528,630,BCA_CA_HGI_PA03,Phòng An ninh chính trị nộ b - Công an Tỉnh Hà Giag,typo_ocr,noise_injector
4529,631,BCA_CA_HGI_PA05,Phòng An ninh mạng và phòng chống tội phạm công nghệ cao - Công an Tỉnh Hà Giang,canonical,manual_registry
4530,631,BCA_CA_HGI_PA05,Phòng An ninh mạng và phòng chống tội phạm công nghệ cao - CA Tỉnh Hà Giang,alias,domain_rules
4531,631,BCA_CA_HGI_PA05,Phòng An ninh mạng và phòng chống tội phạm công nghệ cao - CA Hà Giang,abbreviation,domain_rules
4532,631,BCA_CA_HGI_PA05,Phong An ninh mang va phong chong toi pham cong nghe cao - Cong an Tinh Ha Giang,no_accent,auto_rule
4533,631,BCA_CA_HGI_PA05,PANMPCTPCNCCATHG,abbreviation,auto_rule
4534,631,BCA_CA_HGI_PA05,Phòng An ninh mạng và phòng chống tội phạm công nghệ cao - Công an Tnh Hà Giang,typo_ocr,noise_injector
4535,631,BCA_CA_HGI_PA05,Phòng An ninh mạng và phòng cống tội phạm công ghệ cao - Công an Tỉnh Hà Giang,typo_ocr,noise_injector
4536,632,BCA_CA_CBG,Công an Tỉnh Cao Bằng,canonical,manual_registry
4537,632,BCA_CA_CBG,CA Tỉnh Cao Bằng,alias,domain_rules
4538,632,BCA_CA_CBG,CA Cao Bằng,abbreviation,domain_rules
4539,632,BCA_CA_CBG,Cong an Tinh Cao Bang,no_accent,auto_rule
4540,632,BCA_CA_CBG,CATCB,abbreviation,auto_rule
4541,632,BCA_CA_CBG,Công an Tỉnh ao Bằng,typo_ocr,noise_injector
4542,633,BCA_CA_CBG_PC01,Văn phòng Cơ quan Cảnh sát điều tra - Công an Tỉnh Cao Bằng,canonical,manual_registry
4543,633,BCA_CA_CBG_PC01,Văn phòng Cơ quan Cảnh sát điều tra - CA Tỉnh Cao Bằng,alias,domain_rules
4544,633,BCA_CA_CBG_PC01,Văn phòng Cơ quan Cảnh sát điều tra - CA Cao Bằng,abbreviation,domain_rules
4545,633,BCA_CA_CBG_PC01,PC01 - Công an Tỉnh Cao Bằng,abbreviation,domain_rules
4546,633,BCA_CA_CBG_PC01,Van phong Co quan Canh sat đieu tra - Cong an Tinh Cao Bang,no_accent,auto_rule
4547,633,BCA_CA_CBG_PC01,VPCSĐTCATCB,abbreviation,auto_rule
4548,633,BCA_CA_CBG_PC01,Văn phòng Cơ quan Cảnh sát điều tra - ông an Tỉnh Cao Bằng,typo_ocr,noise_injector
4549,633,BCA_CA_CBG_PC01,Văn hòng Cơ quan Cảnh sát điều tra - Công an Tỉnh Cao Bằng,typo_ocr,noise_injector
4550,634,BCA_CA_CBG_PC02,Phòng Cảnh sát hình sự - Công an Tỉnh Cao Bằng,canonical,manual_registry
4551,634,BCA_CA_CBG_PC02,Phòng Cảnh sát hình sự - CA Tỉnh Cao Bằng,alias,domain_rules
4552,634,BCA_CA_CBG_PC02,Phòng Cảnh sát hình sự - CA Cao Bằng,abbreviation,domain_rules
4553,634,BCA_CA_CBG_PC02,PC02 - Công an Tỉnh Cao Bằng,abbreviation,domain_rules
4554,634,BCA_CA_CBG_PC02,Phòng CSHS - Công an Tỉnh Cao Bằng,alias,domain_rules
4555,634,BCA_CA_CBG_PC02,Phong Canh sat hinh su - Cong an Tinh Cao Bang,no_accent,auto_rule
4556,634,BCA_CA_CBG_PC02,PCSHSCATCB,abbreviation,auto_rule
4557,634,BCA_CA_CBG_PC02,Phòng Cảnh sát hình ự - Công an Tỉnh Cao Bằng,typo_ocr,noise_injector
4558,635,BCA_CA_CBG_PC03,Phòng Cảnh sát kinh tế - Công an Tỉnh Cao Bằng,canonical,manual_registry
4559,635,BCA_CA_CBG_PC03,Phòng Cảnh sát kinh tế - CA Tỉnh Cao Bằng,alias,domain_rules
4560,635,BCA_CA_CBG_PC03,Phòng Cảnh sát kinh tế - CA Cao Bằng,abbreviation,domain_rules
4561,635,BCA_CA_CBG_PC03,Phong Canh sat kinh te - Cong an Tinh Cao Bang,no_accent,auto_rule
4562,635,BCA_CA_CBG_PC03,PCSKTCATCB,abbreviation,auto_rule
4563,635,BCA_CA_CBG_PC03,Phòng Cảnh sá kinh tế - Công an Tỉnh Ca Bằng,typo_ocr,noise_injector
4564,635,BCA_CA_CBG_PC03,Pòng Cảnh sát kinh tế - Công an Tỉnh Cao Bằng,typo_ocr,noise_injector
4565,636,BCA_CA_CBG_PC04,Phòng Cảnh sát điều tra tội phạm về ma túy - Công an Tỉnh Cao Bằng,canonical,manual_registry
4566,636,BCA_CA_CBG_PC04,Phòng Cảnh sát điều tra tội phạm về ma túy - CA Tỉnh Cao Bằng,alias,domain_rules
4567,636,BCA_CA_CBG_PC04,Phòng Cảnh sát điều tra tội phạm về ma túy - CA Cao Bằng,abbreviation,domain_rules
4568,636,BCA_CA_CBG_PC04,PC04 - Công an Tỉnh Cao Bằng,abbreviation,domain_rules
4569,636,BCA_CA_CBG_PC04,Phòng CS ma túy - Công an Tỉnh Cao Bằng,alias,domain_rules
4570,636,BCA_CA_CBG_PC04,Phong Canh sat đieu tra toi pham ve ma tuy - Cong an Tinh Cao Bang,no_accent,auto_rule
4571,636,BCA_CA_CBG_PC04,PCSĐTTPMTCATCB,abbreviation,auto_rule
4572,636,BCA_CA_CBG_PC04,Phòng Cảnh st điều tratội phạm về ma túy - Công an Tỉh Cao Bằng,typo_ocr,noise_injector
4573,636,BCA_CA_CBG_PC04,Phòng Cảnh sát điều tra tội hạm về ma túy- Công an Tỉnh Cao Bằng,typo_ocr,noise_injector
4574,637,BCA_CA_CBG_PC06,Phòng Cảnh sát quản lý hành chính về trật tự xã hội - Công an Tỉnh Cao Bằng,canonical,manual_registry
4575,637,BCA_CA_CBG_PC06,Phòng Cảnh sát quản lý hành chính về trật tự xã hội - CA Tỉnh Cao Bằng,alias,domain_rules
4576,637,BCA_CA_CBG_PC06,Phòng Cảnh sát quản lý hành chính về trật tự xã hội - CA Cao Bằng,abbreviation,domain_rules
4577,637,BCA_CA_CBG_PC06,PC06 - Công an Tỉnh Cao Bằng,abbreviation,domain_rules
4578,637,BCA_CA_CBG_PC06,Phòng CSQLHC - Công an Tỉnh Cao Bằng,alias,domain_rules
4579,637,BCA_CA_CBG_PC06,Phong Canh sat quan ly hanh chinh ve trat tu xa hoi - Cong an Tinh Cao Bang,no_accent,auto_rule
4580,637,BCA_CA_CBG_PC06,PCSQLHCTTXHCATCB,abbreviation,auto_rule
4581,637,BCA_CA_CBG_PC06,Phòng Cảnh sát quản lý hành chính về trật tự xã hội - Công an TỉnhCao Bằng,typo_ocr,noise_injector
4582,637,BCA_CA_CBG_PC06,Phòng Cảnh sát quản lý hành chính về trật tự xã hộ - Công an Tỉnh Cao Bằn,typo_ocr,noise_injector
4583,638,BCA_CA_CBG_PC08,Phòng Cảnh sát giao thông - Công an Tỉnh Cao Bằng,canonical,manual_registry
4584,638,BCA_CA_CBG_PC08,Phòng Cảnh sát giao thông - CA Tỉnh Cao Bằng,alias,domain_rules
4585,638,BCA_CA_CBG_PC08,Phòng Cảnh sát giao thông - CA Cao Bằng,abbreviation,domain_rules
4586,638,BCA_CA_CBG_PC08,PC08 - Công an Tỉnh Cao Bằng,abbreviation,domain_rules
4587,638,BCA_CA_CBG_PC08,Phòng CSGT - Công an Tỉnh Cao Bằng,alias,domain_rules
4588,638,BCA_CA_CBG_PC08,Phong Canh sat giao thong - Cong an Tinh Cao Bang,no_accent,auto_rule
4589,638,BCA_CA_CBG_PC08,PCSGTCATCB,abbreviation,auto_rule
4590,638,BCA_CA_CBG_PC08,Phòng Cảnh sát giao thông - Công an Tỉnh Cao Bằg,typo_ocr,noise_injector
4591,639,BCA_CA_CBG_PA01,Phòng An ninh đối ngoại - Công an Tỉnh Cao Bằng,canonical,manual_registry
4592,639,BCA_CA_CBG_PA01,Phòng An ninh đối ngoại - CA Tỉnh Cao Bằng,alias,domain_rules
4593,639,BCA_CA_CBG_PA01,Phòng An ninh đối ngoại - CA Cao Bằng,abbreviation,domain_rules
4594,639,BCA_CA_CBG_PA01,Phong An ninh đoi ngoai - Cong an Tinh Cao Bang,no_accent,auto_rule
4595,639,BCA_CA_CBG_PA01,PANĐNCATCB,abbreviation,auto_rule
4596,639,BCA_CA_CBG_PA01,Phòng An ninh đối ngoại - Công an Tỉnh Co Bằng,typo_ocr,noise_injector
4597,639,BCA_CA_CBG_PA01,Phòng An ninh ối ngoại - Công an Tỉnh Cao Bằng,typo_ocr,noise_injector
4598,640,BCA_CA_CBG_PA02,Phòng An ninh nội địa - Công an Tỉnh Cao Bằng,canonical,manual_registry
4599,640,BCA_CA_CBG_PA02,Phòng An ninh nội địa - CA Tỉnh Cao Bằng,alias,domain_rules
4600,640,BCA_CA_CBG_PA02,Phòng An ninh nội địa - CA Cao Bằng,abbreviation,domain_rules
4601,640,BCA_CA_CBG_PA02,Phong An ninh noi đia - Cong an Tinh Cao Bang,no_accent,auto_rule
4602,640,BCA_CA_CBG_PA02,PANNĐCATCB,abbreviation,auto_rule
4603,640,BCA_CA_CBG_PA02,Phòng An nih nội địa - Công an Tỉnh Cao Bằng,typo_ocr,noise_injector
4604,641,BCA_CA_CBG_PA03,Phòng An ninh chính trị nội bộ - Công an Tỉnh Cao Bằng,canonical,manual_registry
4605,641,BCA_CA_CBG_PA03,Phòng An ninh chính trị nội bộ - CA Tỉnh Cao Bằng,alias,domain_rules
4606,641,BCA_CA_CBG_PA03,Phòng An ninh chính trị nội bộ - CA Cao Bằng,abbreviation,domain_rules
4607,641,BCA_CA_CBG_PA03,Phong An ninh chinh tri noi bo - Cong an Tinh Cao Bang,no_accent,auto_rule
4608,641,BCA_CA_CBG_PA03,PANCTNBCATCB,abbreviation,auto_rule
4609,641,BCA_CA_CBG_PA03,Phòng An ninh chính rị nội bộ - Công an Tỉnh Cao Bằng,typo_ocr,noise_injector
4610,641,BCA_CA_CBG_PA03,Phòng An ninh chính trị nội bộ - Công an Tỉnh Cao Bằn,typo_ocr,noise_injector
4611,642,BCA_CA_CBG_PA05,Phòng An ninh mạng và phòng chống tội phạm công nghệ cao - Công an Tỉnh Cao Bằng,canonical,manual_registry
4612,642,BCA_CA_CBG_PA05,Phòng An ninh mạng và phòng chống tội phạm công nghệ cao - CA Tỉnh Cao Bằng,alias,domain_rules
4613,642,BCA_CA_CBG_PA05,Phòng An ninh mạng và phòng chống tội phạm công nghệ cao - CA Cao Bằng,abbreviation,domain_rules
4614,642,BCA_CA_CBG_PA05,Phong An ninh mang va phong chong toi pham cong nghe cao - Cong an Tinh Cao Bang,no_accent,auto_rule
4615,642,BCA_CA_CBG_PA05,PANMPCTPCNCCATCB,abbreviation,auto_rule
4616,642,BCA_CA_CBG_PA05,Phòng An ninh mạng và phòng chống tội pạm công nghệ cao - Công anTỉnhCao Bằng,typo_ocr,noise_injector
4617,642,BCA_CA_CBG_PA05,Phòng An ninh mng và phòng chống tội phạm công nghệ cao - Công an Tỉnh CaoBằng,typo_ocr,noise_injector
4618,643,BCA_CA_LSO,Công an Tỉnh Lạng Sơn,canonical,manual_registry
4619,643,BCA_CA_LSO,CA Tỉnh Lạng Sơn,alias,domain_rules
4620,643,BCA_CA_LSO,CA Lạng Sơn,abbreviation,domain_rules
4621,643,BCA_CA_LSO,Cong an Tinh Lang Son,no_accent,auto_rule
4622,643,BCA_CA_LSO,CATLS,abbreviation,auto_rule
4623,643,BCA_CA_LSO,Công an Tỉnh ạng Sơn,typo_ocr,noise_injector
4624,644,BCA_CA_LSO_PC01,Văn phòng Cơ quan Cảnh sát điều tra - Công an Tỉnh Lạng Sơn,canonical,manual_registry
4625,644,BCA_CA_LSO_PC01,Văn phòng Cơ quan Cảnh sát điều tra - CA Tỉnh Lạng Sơn,alias,domain_rules
4626,644,BCA_CA_LSO_PC01,Văn phòng Cơ quan Cảnh sát điều tra - CA Lạng Sơn,abbreviation,domain_rules
4627,644,BCA_CA_LSO_PC01,PC01 - Công an Tỉnh Lạng Sơn,abbreviation,domain_rules
4628,644,BCA_CA_LSO_PC01,Van phong Co quan Canh sat đieu tra - Cong an Tinh Lang Son,no_accent,auto_rule
4629,644,BCA_CA_LSO_PC01,VPCSĐTCATLS,abbreviation,auto_rule
4630,644,BCA_CA_LSO_PC01,Văphòng Cơ quan Cảnh át điều tra - Công an Tỉnh Lạng Sơn,typo_ocr,noise_injector
4631,645,BCA_CA_LSO_PC02,Phòng Cảnh sát hình sự - Công an Tỉnh Lạng Sơn,canonical,manual_registry
4632,645,BCA_CA_LSO_PC02,Phòng Cảnh sát hình sự - CA Tỉnh Lạng Sơn,alias,domain_rules
4633,645,BCA_CA_LSO_PC02,Phòng Cảnh sát hình sự - CA Lạng Sơn,abbreviation,domain_rules
4634,645,BCA_CA_LSO_PC02,PC02 - Công an Tỉnh Lạng Sơn,abbreviation,domain_rules
4635,645,BCA_CA_LSO_PC02,Phòng CSHS - Công an Tỉnh Lạng Sơn,alias,domain_rules
4636,645,BCA_CA_LSO_PC02,Phong Canh sat hinh su - Cong an Tinh Lang Son,no_accent,auto_rule
4637,645,BCA_CA_LSO_PC02,PCSHSCATLS,abbreviation,auto_rule
4638,645,BCA_CA_LSO_PC02,Phòn Cảnh át hình sự  Công an Tỉnh Lạng Sơn,typo_ocr,noise_injector
4639,646,BCA_CA_LSO_PC03,Phòng Cảnh sát kinh tế - Công an Tỉnh Lạng Sơn,canonical,manual_registry
4640,646,BCA_CA_LSO_PC03,Phòng Cảnh sát kinh tế - CA Tỉnh Lạng Sơn,alias,domain_rules
4641,646,BCA_CA_LSO_PC03,Phòng Cảnh sát kinh tế - CA Lạng Sơn,abbreviation,domain_rules
4642,646,BCA_CA_LSO_PC03,Phong Canh sat kinh te - Cong an Tinh Lang Son,no_accent,auto_rule
4643,646,BCA_CA_LSO_PC03,PCSKTCATLS,abbreviation,auto_rule
4644,646,BCA_CA_LSO_PC03,Phòg Cản sát kinh tế- ông an Tỉnh Lạng Sơn,typo_ocr,noise_injector
4645,646,BCA_CA_LSO_PC03,PhòngCảnh sát kinh tế - Công an Tỉnh Lạng Sơn,typo_ocr,noise_injector
4646,647,BCA_CA_LSO_PC04,Phòng Cảnh sát điều tra tội phạm về ma túy - Công an Tỉnh Lạng Sơn,canonical,manual_registry
4647,647,BCA_CA_LSO_PC04,Phòng Cảnh sát điều tra tội phạm về ma túy - CA Tỉnh Lạng Sơn,alias,domain_rules
4648,647,BCA_CA_LSO_PC04,Phòng Cảnh sát điều tra tội phạm về ma túy - CA Lạng Sơn,abbreviation,domain_rules
4649,647,BCA_CA_LSO_PC04,PC04 - Công an Tỉnh Lạng Sơn,abbreviation,domain_rules
4650,647,BCA_CA_LSO_PC04,Phòng CS ma túy - Công an Tỉnh Lạng Sơn,alias,domain_rules
4651,647,BCA_CA_LSO_PC04,Phong Canh sat đieu tra toi pham ve ma tuy - Cong an Tinh Lang Son,no_accent,auto_rule
4652,647,BCA_CA_LSO_PC04,PCSĐTTPMTCATLS,abbreviation,auto_rule
4653,647,BCA_CA_LSO_PC04,Phòng Cảnh sát điề tra tội phạm về ma túy - Côn an Tỉnh Lạng Sơn,typo_ocr,noise_injector
4654,647,BCA_CA_LSO_PC04,Phòng Cảnh sát điề tra tội phạm về ma túy - Công an Tỉnh Lạng Sơn,typo_ocr,noise_injector
4655,648,BCA_CA_LSO_PC06,Phòng Cảnh sát quản lý hành chính về trật tự xã hội - Công an Tỉnh Lạng Sơn,canonical,manual_registry
4656,648,BCA_CA_LSO_PC06,Phòng Cảnh sát quản lý hành chính về trật tự xã hội - CA Tỉnh Lạng Sơn,alias,domain_rules
4657,648,BCA_CA_LSO_PC06,Phòng Cảnh sát quản lý hành chính về trật tự xã hội - CA Lạng Sơn,abbreviation,domain_rules
4658,648,BCA_CA_LSO_PC06,PC06 - Công an Tỉnh Lạng Sơn,abbreviation,domain_rules
4659,648,BCA_CA_LSO_PC06,Phòng CSQLHC - Công an Tỉnh Lạng Sơn,alias,domain_rules
4660,648,BCA_CA_LSO_PC06,Phong Canh sat quan ly hanh chinh ve trat tu xa hoi - Cong an Tinh Lang Son,no_accent,auto_rule
4661,648,BCA_CA_LSO_PC06,PCSQLHCTTXHCATLS,abbreviation,auto_rule
4662,648,BCA_CA_LSO_PC06,Phòng Cảnh sát quản lý hành chính về trật tự xã hội - Côn an Tỉnh Lạng Sơn,typo_ocr,noise_injector
4663,648,BCA_CA_LSO_PC06,Phòng Cảnh sát quản lý hành chín về rật tự xã hội - Công an Tỉnh Lạng Sơn,typo_ocr,noise_injector
4664,649,BCA_CA_LSO_PC08,Phòng Cảnh sát giao thông - Công an Tỉnh Lạng Sơn,canonical,manual_registry
4665,649,BCA_CA_LSO_PC08,Phòng Cảnh sát giao thông - CA Tỉnh Lạng Sơn,alias,domain_rules
4666,649,BCA_CA_LSO_PC08,Phòng Cảnh sát giao thông - CA Lạng Sơn,abbreviation,domain_rules
4667,649,BCA_CA_LSO_PC08,PC08 - Công an Tỉnh Lạng Sơn,abbreviation,domain_rules
4668,649,BCA_CA_LSO_PC08,Phòng CSGT - Công an Tỉnh Lạng Sơn,alias,domain_rules
4669,649,BCA_CA_LSO_PC08,Phong Canh sat giao thong - Cong an Tinh Lang Son,no_accent,auto_rule
4670,649,BCA_CA_LSO_PC08,PCSGTCATLS,abbreviation,auto_rule
4671,649,BCA_CA_LSO_PC08,Phòng Cảnh sát gio thông - Công an Tỉnh Lạng Sơn,typo_ocr,noise_injector
4672,650,BCA_CA_LSO_PA01,Phòng An ninh đối ngoại - Công an Tỉnh Lạng Sơn,canonical,manual_registry
4673,650,BCA_CA_LSO_PA01,Phòng An ninh đối ngoại - CA Tỉnh Lạng Sơn,alias,domain_rules
4674,650,BCA_CA_LSO_PA01,Phòng An ninh đối ngoại - CA Lạng Sơn,abbreviation,domain_rules
4675,650,BCA_CA_LSO_PA01,Phong An ninh đoi ngoai - Cong an Tinh Lang Son,no_accent,auto_rule
4676,650,BCA_CA_LSO_PA01,PANĐNCATLS,abbreviation,auto_rule
4677,650,BCA_CA_LSO_PA01,Phòng Anninh đối ngoại - Công an Tỉnh Lạng Sơn,typo_ocr,noise_injector
4678,651,BCA_CA_LSO_PA02,Phòng An ninh nội địa - Công an Tỉnh Lạng Sơn,canonical,manual_registry
4679,651,BCA_CA_LSO_PA02,Phòng An ninh nội địa - CA Tỉnh Lạng Sơn,alias,domain_rules
4680,651,BCA_CA_LSO_PA02,Phòng An ninh nội địa - CA Lạng Sơn,abbreviation,domain_rules
4681,651,BCA_CA_LSO_PA02,Phong An ninh noi đia - Cong an Tinh Lang Son,no_accent,auto_rule
4682,651,BCA_CA_LSO_PA02,PANNĐCATLS,abbreviation,auto_rule
4683,652,BCA_CA_LSO_PA03,Phòng An ninh chính trị nội bộ - Công an Tỉnh Lạng Sơn,canonical,manual_registry
4684,652,BCA_CA_LSO_PA03,Phòng An ninh chính trị nội bộ - CA Tỉnh Lạng Sơn,alias,domain_rules
4685,652,BCA_CA_LSO_PA03,Phòng An ninh chính trị nội bộ - CA Lạng Sơn,abbreviation,domain_rules
4686,652,BCA_CA_LSO_PA03,Phong An ninh chinh tri noi bo - Cong an Tinh Lang Son,no_accent,auto_rule
4687,652,BCA_CA_LSO_PA03,PANCTNBCATLS,abbreviation,auto_rule
4688,652,BCA_CA_LSO_PA03,Phòng An ninh chính trị nội bộ- Công an Tỉnh Lạng Sơn,typo_ocr,noise_injector
4689,652,BCA_CA_LSO_PA03,Phòng An ninh chính trịnội bộ - Công an Tỉnh Lạng Sơn,typo_ocr,noise_injector
4690,653,BCA_CA_LSO_PA05,Phòng An ninh mạng và phòng chống tội phạm công nghệ cao - Công an Tỉnh Lạng Sơn,canonical,manual_registry
4691,653,BCA_CA_LSO_PA05,Phòng An ninh mạng và phòng chống tội phạm công nghệ cao - CA Tỉnh Lạng Sơn,alias,domain_rules
4692,653,BCA_CA_LSO_PA05,Phòng An ninh mạng và phòng chống tội phạm công nghệ cao - CA Lạng Sơn,abbreviation,domain_rules
4693,653,BCA_CA_LSO_PA05,Phong An ninh mang va phong chong toi pham cong nghe cao - Cong an Tinh Lang Son,no_accent,auto_rule
4694,653,BCA_CA_LSO_PA05,PANMPCTPCNCCATLS,abbreviation,auto_rule
4695,653,BCA_CA_LSO_PA05,Phòng An inh mạng và phòng chống tội phạm công nghệ cao - Công an Tnh Lạng Sơn,typo_ocr,noise_injector
4696,654,BCA_CA_BKN,Công an Tỉnh Bắc Kạn,canonical,manual_registry
4697,654,BCA_CA_BKN,CA Tỉnh Bắc Kạn,alias,domain_rules
4698,654,BCA_CA_BKN,CA Bắc Kạn,abbreviation,domain_rules
4699,654,BCA_CA_BKN,Cong an Tinh Bac Kan,no_accent,auto_rule
4700,654,BCA_CA_BKN,CATBK,abbreviation,auto_rule
4701,654,BCA_CA_BKN,Công an Tỉnh Bắ Kạn,typo_ocr,noise_injector
4702,655,BCA_CA_BKN_PC01,Văn phòng Cơ quan Cảnh sát điều tra - Công an Tỉnh Bắc Kạn,canonical,manual_registry
4703,655,BCA_CA_BKN_PC01,Văn phòng Cơ quan Cảnh sát điều tra - CA Tỉnh Bắc Kạn,alias,domain_rules
4704,655,BCA_CA_BKN_PC01,Văn phòng Cơ quan Cảnh sát điều tra - CA Bắc Kạn,abbreviation,domain_rules
4705,655,BCA_CA_BKN_PC01,PC01 - Công an Tỉnh Bắc Kạn,abbreviation,domain_rules
4706,655,BCA_CA_BKN_PC01,Van phong Co quan Canh sat đieu tra - Cong an Tinh Bac Kan,no_accent,auto_rule
4707,655,BCA_CA_BKN_PC01,VPCSĐTCATBK,abbreviation,auto_rule
4708,655,BCA_CA_BKN_PC01,Văn phòng Cơ quan Cảnh sát điều tra - Côngan Tỉnh Bắc Kạn,typo_ocr,noise_injector
4709,655,BCA_CA_BKN_PC01,Văn pòng Cơ quan Cảnh sát điều tra - Công an Tỉnh Bắc Kạn,typo_ocr,noise_injector
4710,656,BCA_CA_BKN_PC02,Phòng Cảnh sát hình sự - Công an Tỉnh Bắc Kạn,canonical,manual_registry
4711,656,BCA_CA_BKN_PC02,Phòng Cảnh sát hình sự - CA Tỉnh Bắc Kạn,alias,domain_rules
4712,656,BCA_CA_BKN_PC02,Phòng Cảnh sát hình sự - CA Bắc Kạn,abbreviation,domain_rules
4713,656,BCA_CA_BKN_PC02,PC02 - Công an Tỉnh Bắc Kạn,abbreviation,domain_rules
4714,656,BCA_CA_BKN_PC02,Phòng CSHS - Công an Tỉnh Bắc Kạn,alias,domain_rules
4715,656,BCA_CA_BKN_PC02,Phong Canh sat hinh su - Cong an Tinh Bac Kan,no_accent,auto_rule
4716,656,BCA_CA_BKN_PC02,PCSHSCATBK,abbreviation,auto_rule
4717,657,BCA_CA_BKN_PC03,Phòng Cảnh sát kinh tế - Công an Tỉnh Bắc Kạn,canonical,manual_registry
4718,657,BCA_CA_BKN_PC03,Phòng Cảnh sát kinh tế - CA Tỉnh Bắc Kạn,alias,domain_rules
4719,657,BCA_CA_BKN_PC03,Phòng Cảnh sát kinh tế - CA Bắc Kạn,abbreviation,domain_rules
4720,657,BCA_CA_BKN_PC03,Phong Canh sat kinh te - Cong an Tinh Bac Kan,no_accent,auto_rule
4721,657,BCA_CA_BKN_PC03,PCSKTCATBK,abbreviation,auto_rule
4722,658,BCA_CA_BKN_PC04,Phòng Cảnh sát điều tra tội phạm về ma túy - Công an Tỉnh Bắc Kạn,canonical,manual_registry
4723,658,BCA_CA_BKN_PC04,Phòng Cảnh sát điều tra tội phạm về ma túy - CA Tỉnh Bắc Kạn,alias,domain_rules
4724,658,BCA_CA_BKN_PC04,Phòng Cảnh sát điều tra tội phạm về ma túy - CA Bắc Kạn,abbreviation,domain_rules
4725,658,BCA_CA_BKN_PC04,PC04 - Công an Tỉnh Bắc Kạn,abbreviation,domain_rules
4726,658,BCA_CA_BKN_PC04,Phòng CS ma túy - Công an Tỉnh Bắc Kạn,alias,domain_rules
4727,658,BCA_CA_BKN_PC04,Phong Canh sat đieu tra toi pham ve ma tuy - Cong an Tinh Bac Kan,no_accent,auto_rule
4728,658,BCA_CA_BKN_PC04,PCSĐTTPMTCATBK,abbreviation,auto_rule
4729,658,BCA_CA_BKN_PC04,Phòng Cảnh sát điều trati phạm về ma túy - Công an Tỉnh Bắc Kạn,typo_ocr,noise_injector
4730,659,BCA_CA_BKN_PC06,Phòng Cảnh sát quản lý hành chính về trật tự xã hội - Công an Tỉnh Bắc Kạn,canonical,manual_registry
4731,659,BCA_CA_BKN_PC06,Phòng Cảnh sát quản lý hành chính về trật tự xã hội - CA Tỉnh Bắc Kạn,alias,domain_rules
4732,659,BCA_CA_BKN_PC06,Phòng Cảnh sát quản lý hành chính về trật tự xã hội - CA Bắc Kạn,abbreviation,domain_rules
4733,659,BCA_CA_BKN_PC06,PC06 - Công an Tỉnh Bắc Kạn,abbreviation,domain_rules
4734,659,BCA_CA_BKN_PC06,Phòng CSQLHC - Công an Tỉnh Bắc Kạn,alias,domain_rules
4735,659,BCA_CA_BKN_PC06,Phong Canh sat quan ly hanh chinh ve trat tu xa hoi - Cong an Tinh Bac Kan,no_accent,auto_rule
4736,659,BCA_CA_BKN_PC06,PCSQLHCTTXHCATBK,abbreviation,auto_rule
4737,659,BCA_CA_BKN_PC06,Phòng Cảnh sát quản lý hành chính v trật tự xã hội - Côg anTỉh BắcKạn,typo_ocr,noise_injector
4738,660,BCA_CA_BKN_PC08,Phòng Cảnh sát giao thông - Công an Tỉnh Bắc Kạn,canonical,manual_registry
4739,660,BCA_CA_BKN_PC08,Phòng Cảnh sát giao thông - CA Tỉnh Bắc Kạn,alias,domain_rules
4740,660,BCA_CA_BKN_PC08,Phòng Cảnh sát giao thông - CA Bắc Kạn,abbreviation,domain_rules
4741,660,BCA_CA_BKN_PC08,PC08 - Công an Tỉnh Bắc Kạn,abbreviation,domain_rules
4742,660,BCA_CA_BKN_PC08,Phòng CSGT - Công an Tỉnh Bắc Kạn,alias,domain_rules
4743,660,BCA_CA_BKN_PC08,Phong Canh sat giao thong - Cong an Tinh Bac Kan,no_accent,auto_rule
4744,660,BCA_CA_BKN_PC08,PCSGTCATBK,abbreviation,auto_rule
4745,661,BCA_CA_BKN_PA01,Phòng An ninh đối ngoại - Công an Tỉnh Bắc Kạn,canonical,manual_registry
4746,661,BCA_CA_BKN_PA01,Phòng An ninh đối ngoại - CA Tỉnh Bắc Kạn,alias,domain_rules
4747,661,BCA_CA_BKN_PA01,Phòng An ninh đối ngoại - CA Bắc Kạn,abbreviation,domain_rules
4748,661,BCA_CA_BKN_PA01,Phong An ninh đoi ngoai - Cong an Tinh Bac Kan,no_accent,auto_rule
4749,661,BCA_CA_BKN_PA01,PANĐNCATBK,abbreviation,auto_rule
4750,661,BCA_CA_BKN_PA01,Phòng An ninh đối ngoại - Công anTỉnh Bắc Kạn,typo_ocr,noise_injector
4751,662,BCA_CA_BKN_PA02,Phòng An ninh nội địa - Công an Tỉnh Bắc Kạn,canonical,manual_registry
4752,662,BCA_CA_BKN_PA02,Phòng An ninh nội địa - CA Tỉnh Bắc Kạn,alias,domain_rules
4753,662,BCA_CA_BKN_PA02,Phòng An ninh nội địa - CA Bắc Kạn,abbreviation,domain_rules
4754,662,BCA_CA_BKN_PA02,Phong An ninh noi đia - Cong an Tinh Bac Kan,no_accent,auto_rule
4755,662,BCA_CA_BKN_PA02,PANNĐCATBK,abbreviation,auto_rule
4756,662,BCA_CA_BKN_PA02,hòng Anninh nội địa - Công an Tỉn Bắc Kạn,typo_ocr,noise_injector
4757,663,BCA_CA_BKN_PA03,Phòng An ninh chính trị nội bộ - Công an Tỉnh Bắc Kạn,canonical,manual_registry
4758,663,BCA_CA_BKN_PA03,Phòng An ninh chính trị nội bộ - CA Tỉnh Bắc Kạn,alias,domain_rules
4759,663,BCA_CA_BKN_PA03,Phòng An ninh chính trị nội bộ - CA Bắc Kạn,abbreviation,domain_rules
4760,663,BCA_CA_BKN_PA03,Phong An ninh chinh tri noi bo - Cong an Tinh Bac Kan,no_accent,auto_rule
4761,663,BCA_CA_BKN_PA03,PANCTNBCATBK,abbreviation,auto_rule
4762,663,BCA_CA_BKN_PA03,Phòng An ninh chính rị nội bộ - Công an Tỉnh Bắc Kạn,typo_ocr,noise_injector
4763,664,BCA_CA_BKN_PA05,Phòng An ninh mạng và phòng chống tội phạm công nghệ cao - Công an Tỉnh Bắc Kạn,canonical,manual_registry
4764,664,BCA_CA_BKN_PA05,Phòng An ninh mạng và phòng chống tội phạm công nghệ cao - CA Tỉnh Bắc Kạn,alias,domain_rules
4765,664,BCA_CA_BKN_PA05,Phòng An ninh mạng và phòng chống tội phạm công nghệ cao - CA Bắc Kạn,abbreviation,domain_rules
4766,664,BCA_CA_BKN_PA05,Phong An ninh mang va phong chong toi pham cong nghe cao - Cong an Tinh Bac Kan,no_accent,auto_rule
4767,664,BCA_CA_BKN_PA05,PANMPCTPCNCCATBK,abbreviation,auto_rule
4768,664,BCA_CA_BKN_PA05,Phòng An ninh mạng và phòng chống tội phạm công nghệ cao - Công an Tỉn Bắc Kạn,typo_ocr,noise_injector
4769,665,BCA_CA_SLA,Công an Tỉnh Sơn La,canonical,manual_registry
4770,665,BCA_CA_SLA,CA Tỉnh Sơn La,alias,domain_rules
4771,665,BCA_CA_SLA,CA Sơn La,abbreviation,domain_rules
4772,665,BCA_CA_SLA,Cong an Tinh Son La,no_accent,auto_rule
4773,665,BCA_CA_SLA,CATSL,abbreviation,auto_rule
4774,666,BCA_CA_SLA_PC01,Văn phòng Cơ quan Cảnh sát điều tra - Công an Tỉnh Sơn La,canonical,manual_registry
4775,666,BCA_CA_SLA_PC01,Văn phòng Cơ quan Cảnh sát điều tra - CA Tỉnh Sơn La,alias,domain_rules
4776,666,BCA_CA_SLA_PC01,Văn phòng Cơ quan Cảnh sát điều tra - CA Sơn La,abbreviation,domain_rules
4777,666,BCA_CA_SLA_PC01,PC01 - Công an Tỉnh Sơn La,abbreviation,domain_rules
4778,666,BCA_CA_SLA_PC01,Van phong Co quan Canh sat đieu tra - Cong an Tinh Son La,no_accent,auto_rule
4779,666,BCA_CA_SLA_PC01,VPCSĐTCATSL,abbreviation,auto_rule
4780,666,BCA_CA_SLA_PC01,Văn phòng Cơ quan Cảnh sát điều tra - Công a Tỉn SơnLa,typo_ocr,noise_injector
4781,666,BCA_CA_SLA_PC01,Văn phòg C qun Cảnh sát điều tra - Công an Tỉnh Sơn La,typo_ocr,noise_injector
4782,667,BCA_CA_SLA_PC02,Phòng Cảnh sát hình sự - Công an Tỉnh Sơn La,canonical,manual_registry
4783,667,BCA_CA_SLA_PC02,Phòng Cảnh sát hình sự - CA Tỉnh Sơn La,alias,domain_rules
4784,667,BCA_CA_SLA_PC02,Phòng Cảnh sát hình sự - CA Sơn La,abbreviation,domain_rules
4785,667,BCA_CA_SLA_PC02,PC02 - Công an Tỉnh Sơn La,abbreviation,domain_rules
4786,667,BCA_CA_SLA_PC02,Phòng CSHS - Công an Tỉnh Sơn La,alias,domain_rules
4787,667,BCA_CA_SLA_PC02,Phong Canh sat hinh su - Cong an Tinh Son La,no_accent,auto_rule
4788,667,BCA_CA_SLA_PC02,PCSHSCATSL,abbreviation,auto_rule
4789,667,BCA_CA_SLA_PC02,Phòng Cảnh sát hình sự- Công an Tỉnh Sơn La,typo_ocr,noise_injector
4790,668,BCA_CA_SLA_PC03,Phòng Cảnh sát kinh tế - Công an Tỉnh Sơn La,canonical,manual_registry
4791,668,BCA_CA_SLA_PC03,Phòng Cảnh sát kinh tế - CA Tỉnh Sơn La,alias,domain_rules
4792,668,BCA_CA_SLA_PC03,Phòng Cảnh sát kinh tế - CA Sơn La,abbreviation,domain_rules
4793,668,BCA_CA_SLA_PC03,Phong Canh sat kinh te - Cong an Tinh Son La,no_accent,auto_rule
4794,668,BCA_CA_SLA_PC03,PCSKTCATSL,abbreviation,auto_rule
4795,668,BCA_CA_SLA_PC03,Phng Cảnh sát kinh tế - Công an Tỉnh ơn La,typo_ocr,noise_injector
4796,668,BCA_CA_SLA_PC03,Phòng Cảnh sát kinh tế - Côn an Tỉnh Sơn La,typo_ocr,noise_injector
4797,669,BCA_CA_SLA_PC04,Phòng Cảnh sát điều tra tội phạm về ma túy - Công an Tỉnh Sơn La,canonical,manual_registry
4798,669,BCA_CA_SLA_PC04,Phòng Cảnh sát điều tra tội phạm về ma túy - CA Tỉnh Sơn La,alias,domain_rules
4799,669,BCA_CA_SLA_PC04,Phòng Cảnh sát điều tra tội phạm về ma túy - CA Sơn La,abbreviation,domain_rules
4800,669,BCA_CA_SLA_PC04,PC04 - Công an Tỉnh Sơn La,abbreviation,domain_rules
4801,669,BCA_CA_SLA_PC04,Phòng CS ma túy - Công an Tỉnh Sơn La,alias,domain_rules
4802,669,BCA_CA_SLA_PC04,Phong Canh sat đieu tra toi pham ve ma tuy - Cong an Tinh Son La,no_accent,auto_rule
4803,669,BCA_CA_SLA_PC04,PCSĐTTPMTCATSL,abbreviation,auto_rule
4804,669,BCA_CA_SLA_PC04,Phòng Cảnh sát điều tra ội phạm ề ma túy - Công an Tỉnh Sn La,typo_ocr,noise_injector
4805,670,BCA_CA_SLA_PC06,Phòng Cảnh sát quản lý hành chính về trật tự xã hội - Công an Tỉnh Sơn La,canonical,manual_registry
4806,670,BCA_CA_SLA_PC06,Phòng Cảnh sát quản lý hành chính về trật tự xã hội - CA Tỉnh Sơn La,alias,domain_rules
4807,670,BCA_CA_SLA_PC06,Phòng Cảnh sát quản lý hành chính về trật tự xã hội - CA Sơn La,abbreviation,domain_rules
4808,670,BCA_CA_SLA_PC06,PC06 - Công an Tỉnh Sơn La,abbreviation,domain_rules
4809,670,BCA_CA_SLA_PC06,Phòng CSQLHC - Công an Tỉnh Sơn La,alias,domain_rules
4810,670,BCA_CA_SLA_PC06,Phong Canh sat quan ly hanh chinh ve trat tu xa hoi - Cong an Tinh Son La,no_accent,auto_rule
4811,670,BCA_CA_SLA_PC06,PCSQLHCTTXHCATSL,abbreviation,auto_rule
4812,670,BCA_CA_SLA_PC06,PhòngCảnh sát uản lý hành chính về trật tự xã hộ - Công an Tỉnh Sơ La,typo_ocr,noise_injector
4813,671,BCA_CA_SLA_PC08,Phòng Cảnh sát giao thông - Công an Tỉnh Sơn La,canonical,manual_registry
4814,671,BCA_CA_SLA_PC08,Phòng Cảnh sát giao thông - CA Tỉnh Sơn La,alias,domain_rules
4815,671,BCA_CA_SLA_PC08,Phòng Cảnh sát giao thông - CA Sơn La,abbreviation,domain_rules
4816,671,BCA_CA_SLA_PC08,PC08 - Công an Tỉnh Sơn La,abbreviation,domain_rules
4817,671,BCA_CA_SLA_PC08,Phòng CSGT - Công an Tỉnh Sơn La,alias,domain_rules
4818,671,BCA_CA_SLA_PC08,Phong Canh sat giao thong - Cong an Tinh Son La,no_accent,auto_rule
4819,671,BCA_CA_SLA_PC08,PCSGTCATSL,abbreviation,auto_rule
4820,671,BCA_CA_SLA_PC08,Phòng Cảnh sát giao thông - Công an ỉnh Sơn La,typo_ocr,noise_injector
4821,672,BCA_CA_SLA_PA01,Phòng An ninh đối ngoại - Công an Tỉnh Sơn La,canonical,manual_registry
4822,672,BCA_CA_SLA_PA01,Phòng An ninh đối ngoại - CA Tỉnh Sơn La,alias,domain_rules
4823,672,BCA_CA_SLA_PA01,Phòng An ninh đối ngoại - CA Sơn La,abbreviation,domain_rules
4824,672,BCA_CA_SLA_PA01,Phong An ninh đoi ngoai - Cong an Tinh Son La,no_accent,auto_rule
4825,672,BCA_CA_SLA_PA01,PANĐNCATSL,abbreviation,auto_rule
4826,672,BCA_CA_SLA_PA01,Phòng An ninh đối ngại - Công an Tỉnh Sơn La,typo_ocr,noise_injector
4827,672,BCA_CA_SLA_PA01,Phòng An ninh đối ngoại - Công nTỉnh ơn La,typo_ocr,noise_injector
4828,673,BCA_CA_SLA_PA02,Phòng An ninh nội địa - Công an Tỉnh Sơn La,canonical,manual_registry
4829,673,BCA_CA_SLA_PA02,Phòng An ninh nội địa - CA Tỉnh Sơn La,alias,domain_rules
4830,673,BCA_CA_SLA_PA02,Phòng An ninh nội địa - CA Sơn La,abbreviation,domain_rules
4831,673,BCA_CA_SLA_PA02,Phong An ninh noi đia - Cong an Tinh Son La,no_accent,auto_rule
4832,673,BCA_CA_SLA_PA02,PANNĐCATSL,abbreviation,auto_rule
4833,673,BCA_CA_SLA_PA02,Phòng A ninh nội địa - Công an Tỉnh SơnLa,typo_ocr,noise_injector
4834,674,BCA_CA_SLA_PA03,Phòng An ninh chính trị nội bộ - Công an Tỉnh Sơn La,canonical,manual_registry
4835,674,BCA_CA_SLA_PA03,Phòng An ninh chính trị nội bộ - CA Tỉnh Sơn La,alias,domain_rules
4836,674,BCA_CA_SLA_PA03,Phòng An ninh chính trị nội bộ - CA Sơn La,abbreviation,domain_rules
4837,674,BCA_CA_SLA_PA03,Phong An ninh chinh tri noi bo - Cong an Tinh Son La,no_accent,auto_rule
4838,674,BCA_CA_SLA_PA03,PANCTNBCATSL,abbreviation,auto_rule
4839,674,BCA_CA_SLA_PA03,Pòng An ninh chính trị nội bộ - Công an Tỉnh Sơn La,typo_ocr,noise_injector
4840,675,BCA_CA_SLA_PA05,Phòng An ninh mạng và phòng chống tội phạm công nghệ cao - Công an Tỉnh Sơn La,canonical,manual_registry
4841,675,BCA_CA_SLA_PA05,Phòng An ninh mạng và phòng chống tội phạm công nghệ cao - CA Tỉnh Sơn La,alias,domain_rules
4842,675,BCA_CA_SLA_PA05,Phòng An ninh mạng và phòng chống tội phạm công nghệ cao - CA Sơn La,abbreviation,domain_rules
4843,675,BCA_CA_SLA_PA05,Phong An ninh mang va phong chong toi pham cong nghe cao - Cong an Tinh Son La,no_accent,auto_rule
4844,675,BCA_CA_SLA_PA05,PANMPCTPCNCCATSL,abbreviation,auto_rule
4845,675,BCA_CA_SLA_PA05,Phòng An ninh mạng và phòng chống tội phạm côg nghệ cao - Công an Tỉnh Sơn La,typo_ocr,noise_injector
4846,675,BCA_CA_SLA_PA05,Phòng An ninh mạng và phòng chống tội phạm công nghệ cao - Cng an Tỉnh Sơn La,typo_ocr,noise_injector
4847,676,BCA_CA_DB,Công an Tỉnh Điện Biên,canonical,manual_registry
4848,676,BCA_CA_DB,CA Tỉnh Điện Biên,alias,domain_rules
4849,676,BCA_CA_DB,CA Điện Biên,abbreviation,domain_rules
4850,676,BCA_CA_DB,Cong an Tinh Đien Bien,no_accent,auto_rule
4851,676,BCA_CA_DB,CATĐB,abbreviation,auto_rule
4852,676,BCA_CA_DB,Công an TỉnhĐiện Biên,typo_ocr,noise_injector
4853,677,BCA_CA_DB_PC01,Văn phòng Cơ quan Cảnh sát điều tra - Công an Tỉnh Điện Biên,canonical,manual_registry
4854,677,BCA_CA_DB_PC01,Văn phòng Cơ quan Cảnh sát điều tra - CA Tỉnh Điện Biên,alias,domain_rules
4855,677,BCA_CA_DB_PC01,Văn phòng Cơ quan Cảnh sát điều tra - CA Điện Biên,abbreviation,domain_rules
4856,677,BCA_CA_DB_PC01,PC01 - Công an Tỉnh Điện Biên,abbreviation,domain_rules
4857,677,BCA_CA_DB_PC01,Van phong Co quan Canh sat đieu tra - Cong an Tinh Đien Bien,no_accent,auto_rule
4858,677,BCA_CA_DB_PC01,VPCSĐTCATĐB,abbreviation,auto_rule
4859,677,BCA_CA_DB_PC01,Văn phòn Cơ quan Cảnh sát điều tra - Công an Tỉnh Điện Biên,typo_ocr,noise_injector
4860,677,BCA_CA_DB_PC01,Văn phòng Cơ quan Cnh sát điều tra - Công an Tỉnh Điện Biên,typo_ocr,noise_injector
4861,678,BCA_CA_DB_PC02,Phòng Cảnh sát hình sự - Công an Tỉnh Điện Biên,canonical,manual_registry
4862,678,BCA_CA_DB_PC02,Phòng Cảnh sát hình sự - CA Tỉnh Điện Biên,alias,domain_rules
4863,678,BCA_CA_DB_PC02,Phòng Cảnh sát hình sự - CA Điện Biên,abbreviation,domain_rules
4864,678,BCA_CA_DB_PC02,PC02 - Công an Tỉnh Điện Biên,abbreviation,domain_rules
4865,678,BCA_CA_DB_PC02,Phòng CSHS - Công an Tỉnh Điện Biên,alias,domain_rules
4866,678,BCA_CA_DB_PC02,Phong Canh sat hinh su - Cong an Tinh Đien Bien,no_accent,auto_rule
4867,678,BCA_CA_DB_PC02,PCSHSCATĐB,abbreviation,auto_rule
4868,678,BCA_CA_DB_PC02,Phòng Cảnh sát hình sự  Công an Tỉnh Điện Biên,typo_ocr,noise_injector
4869,678,BCA_CA_DB_PC02,Phòng ảnh sát hình sự - Công an Tỉnh iện Biên,typo_ocr,noise_injector
4870,679,BCA_CA_DB_PC03,Phòng Cảnh sát kinh tế - Công an Tỉnh Điện Biên,canonical,manual_registry
4871,679,BCA_CA_DB_PC03,Phòng Cảnh sát kinh tế - CA Tỉnh Điện Biên,alias,domain_rules
4872,679,BCA_CA_DB_PC03,Phòng Cảnh sát kinh tế - CA Điện Biên,abbreviation,domain_rules
4873,679,BCA_CA_DB_PC03,Phong Canh sat kinh te - Cong an Tinh Đien Bien,no_accent,auto_rule
4874,679,BCA_CA_DB_PC03,PCSKTCATĐB,abbreviation,auto_rule
4875,679,BCA_CA_DB_PC03,Phòng Cảnh sát kih tế - Công an Tỉnh Điện Biê,typo_ocr,noise_injector
4876,679,BCA_CA_DB_PC03,Phòng Cảnhsát knh tế - Công an Tỉnh ĐiệnBiên,typo_ocr,noise_injector
4877,680,BCA_CA_DB_PC04,Phòng Cảnh sát điều tra tội phạm về ma túy - Công an Tỉnh Điện Biên,canonical,manual_registry
4878,680,BCA_CA_DB_PC04,Phòng Cảnh sát điều tra tội phạm về ma túy - CA Tỉnh Điện Biên,alias,domain_rules
4879,680,BCA_CA_DB_PC04,Phòng Cảnh sát điều tra tội phạm về ma túy - CA Điện Biên,abbreviation,domain_rules
4880,680,BCA_CA_DB_PC04,PC04 - Công an Tỉnh Điện Biên,abbreviation,domain_rules
4881,680,BCA_CA_DB_PC04,Phòng CS ma túy - Công an Tỉnh Điện Biên,alias,domain_rules
4882,680,BCA_CA_DB_PC04,Phong Canh sat đieu tra toi pham ve ma tuy - Cong an Tinh Đien Bien,no_accent,auto_rule
4883,680,BCA_CA_DB_PC04,PCSĐTTPMTCATĐB,abbreviation,auto_rule
4884,680,BCA_CA_DB_PC04,Phòng Cảnh sát điều tra tội phạm về ma túy - Cng an Tỉnh Điện Biên,typo_ocr,noise_injector
4885,680,BCA_CA_DB_PC04,Phòng ảnh sát điều tra tội phạm ề ma túy - Công an Tỉnh Điện Biên,typo_ocr,noise_injector
4886,681,BCA_CA_DB_PC06,Phòng Cảnh sát quản lý hành chính về trật tự xã hội - Công an Tỉnh Điện Biên,canonical,manual_registry
4887,681,BCA_CA_DB_PC06,Phòng Cảnh sát quản lý hành chính về trật tự xã hội - CA Tỉnh Điện Biên,alias,domain_rules
4888,681,BCA_CA_DB_PC06,Phòng Cảnh sát quản lý hành chính về trật tự xã hội - CA Điện Biên,abbreviation,domain_rules
4889,681,BCA_CA_DB_PC06,PC06 - Công an Tỉnh Điện Biên,abbreviation,domain_rules
4890,681,BCA_CA_DB_PC06,Phòng CSQLHC - Công an Tỉnh Điện Biên,alias,domain_rules
4891,681,BCA_CA_DB_PC06,Phong Canh sat quan ly hanh chinh ve trat tu xa hoi - Cong an Tinh Đien Bien,no_accent,auto_rule
4892,681,BCA_CA_DB_PC06,PCSQLHCTTXHCATĐB,abbreviation,auto_rule
4893,682,BCA_CA_DB_PC08,Phòng Cảnh sát giao thông - Công an Tỉnh Điện Biên,canonical,manual_registry
4894,682,BCA_CA_DB_PC08,Phòng Cảnh sát giao thông - CA Tỉnh Điện Biên,alias,domain_rules
4895,682,BCA_CA_DB_PC08,Phòng Cảnh sát giao thông - CA Điện Biên,abbreviation,domain_rules
4896,682,BCA_CA_DB_PC08,PC08 - Công an Tỉnh Điện Biên,abbreviation,domain_rules
4897,682,BCA_CA_DB_PC08,Phòng CSGT - Công an Tỉnh Điện Biên,alias,domain_rules
4898,682,BCA_CA_DB_PC08,Phong Canh sat giao thong - Cong an Tinh Đien Bien,no_accent,auto_rule
4899,682,BCA_CA_DB_PC08,PCSGTCATĐB,abbreviation,auto_rule
4900,682,BCA_CA_DB_PC08,Phòng Cảnh sát gia thông - Công an Tỉnh Điện Biên,typo_ocr,noise_injector
4901,682,BCA_CA_DB_PC08,Phòng Cảnh sá giao thông - Công an Tỉnh Điện Biên,typo_ocr,noise_injector
4902,683,BCA_CA_DB_PA01,Phòng An ninh đối ngoại - Công an Tỉnh Điện Biên,canonical,manual_registry
4903,683,BCA_CA_DB_PA01,Phòng An ninh đối ngoại - CA Tỉnh Điện Biên,alias,domain_rules
4904,683,BCA_CA_DB_PA01,Phòng An ninh đối ngoại - CA Điện Biên,abbreviation,domain_rules
4905,683,BCA_CA_DB_PA01,Phong An ninh đoi ngoai - Cong an Tinh Đien Bien,no_accent,auto_rule
4906,683,BCA_CA_DB_PA01,PANĐNCATĐB,abbreviation,auto_rule
4907,683,BCA_CA_DB_PA01,hòng An ninh ốingoại - Công an Tỉnh Điện Biên,typo_ocr,noise_injector
4908,684,BCA_CA_DB_PA02,Phòng An ninh nội địa - Công an Tỉnh Điện Biên,canonical,manual_registry
4909,684,BCA_CA_DB_PA02,Phòng An ninh nội địa - CA Tỉnh Điện Biên,alias,domain_rules
4910,684,BCA_CA_DB_PA02,Phòng An ninh nội địa - CA Điện Biên,abbreviation,domain_rules
4911,684,BCA_CA_DB_PA02,Phong An ninh noi đia - Cong an Tinh Đien Bien,no_accent,auto_rule
4912,684,BCA_CA_DB_PA02,PANNĐCATĐB,abbreviation,auto_rule
4913,684,BCA_CA_DB_PA02,Phòng An ninh nội địa - Công an Tỉn Điện Biên,typo_ocr,noise_injector
4914,685,BCA_CA_DB_PA03,Phòng An ninh chính trị nội bộ - Công an Tỉnh Điện Biên,canonical,manual_registry
4915,685,BCA_CA_DB_PA03,Phòng An ninh chính trị nội bộ - CA Tỉnh Điện Biên,alias,domain_rules
4916,685,BCA_CA_DB_PA03,Phòng An ninh chính trị nội bộ - CA Điện Biên,abbreviation,domain_rules
4917,685,BCA_CA_DB_PA03,Phong An ninh chinh tri noi bo - Cong an Tinh Đien Bien,no_accent,auto_rule
4918,685,BCA_CA_DB_PA03,PANCTNBCATĐB,abbreviation,auto_rule
4919,685,BCA_CA_DB_PA03,PhòngAn ninh chính trị nộibộ- Công an Tỉnh Điện Biên,typo_ocr,noise_injector
4920,685,BCA_CA_DB_PA03,Phòng An ninh hính trị nội bộ  Công an Tỉnh Điện Biên,typo_ocr,noise_injector
4921,686,BCA_CA_DB_PA05,Phòng An ninh mạng và phòng chống tội phạm công nghệ cao - Công an Tỉnh Điện Biên,canonical,manual_registry
4922,686,BCA_CA_DB_PA05,Phòng An ninh mạng và phòng chống tội phạm công nghệ cao - CA Tỉnh Điện Biên,alias,domain_rules
4923,686,BCA_CA_DB_PA05,Phòng An ninh mạng và phòng chống tội phạm công nghệ cao - CA Điện Biên,abbreviation,domain_rules
4924,686,BCA_CA_DB_PA05,Phong An ninh mang va phong chong toi pham cong nghe cao - Cong an Tinh Đien Bien,no_accent,auto_rule
4925,686,BCA_CA_DB_PA05,PANMPCTPCNCCATĐB,abbreviation,auto_rule
4926,686,BCA_CA_DB_PA05,Phòng An ninh mạng và phòng chng tội phạm công nghệ cao - Công an Tỉnh Điện Biên,typo_ocr,noise_injector
4927,686,BCA_CA_DB_PA05,Phòng An ninh mạng và phòng chống tội phạm công nghệ ca - Công an Tỉnh Điện Biên,typo_ocr,noise_injector
4928,687,BCA_CA_LCH,Công an Tỉnh Lai Châu,canonical,manual_registry
4929,687,BCA_CA_LCH,CA Tỉnh Lai Châu,alias,domain_rules
4930,687,BCA_CA_LCH,CA Lai Châu,abbreviation,domain_rules
4931,687,BCA_CA_LCH,Cong an Tinh Lai Chau,no_accent,auto_rule
4932,687,BCA_CA_LCH,CATLC,abbreviation,auto_rule
4933,687,BCA_CA_LCH,Công an Tỉnh LaiChâu,typo_ocr,noise_injector
4934,688,BCA_CA_LCH_PC01,Văn phòng Cơ quan Cảnh sát điều tra - Công an Tỉnh Lai Châu,canonical,manual_registry
4935,688,BCA_CA_LCH_PC01,Văn phòng Cơ quan Cảnh sát điều tra - CA Tỉnh Lai Châu,alias,domain_rules
4936,688,BCA_CA_LCH_PC01,Văn phòng Cơ quan Cảnh sát điều tra - CA Lai Châu,abbreviation,domain_rules
4937,688,BCA_CA_LCH_PC01,PC01 - Công an Tỉnh Lai Châu,abbreviation,domain_rules
4938,688,BCA_CA_LCH_PC01,Van phong Co quan Canh sat đieu tra - Cong an Tinh Lai Chau,no_accent,auto_rule
4939,688,BCA_CA_LCH_PC01,VPCSĐTCATLC,abbreviation,auto_rule
4940,688,BCA_CA_LCH_PC01,Văn phòng Cơ quan Cnh sát điều tra - Công an Tỉnh Lai Châu,typo_ocr,noise_injector
4941,688,BCA_CA_LCH_PC01,Văn phòng Cơ quan Cảnh sát điều tra- Công an Tỉnh Lai Châu,typo_ocr,noise_injector
4942,689,BCA_CA_LCH_PC02,Phòng Cảnh sát hình sự - Công an Tỉnh Lai Châu,canonical,manual_registry
4943,689,BCA_CA_LCH_PC02,Phòng Cảnh sát hình sự - CA Tỉnh Lai Châu,alias,domain_rules
4944,689,BCA_CA_LCH_PC02,Phòng Cảnh sát hình sự - CA Lai Châu,abbreviation,domain_rules
4945,689,BCA_CA_LCH_PC02,PC02 - Công an Tỉnh Lai Châu,abbreviation,domain_rules
4946,689,BCA_CA_LCH_PC02,Phòng CSHS - Công an Tỉnh Lai Châu,alias,domain_rules
4947,689,BCA_CA_LCH_PC02,Phong Canh sat hinh su - Cong an Tinh Lai Chau,no_accent,auto_rule
4948,689,BCA_CA_LCH_PC02,PCSHSCATLC,abbreviation,auto_rule
4949,689,BCA_CA_LCH_PC02,hòng Cảnh sát hình ự - Công an Tỉnh Lai Châu,typo_ocr,noise_injector
4950,690,BCA_CA_LCH_PC03,Phòng Cảnh sát kinh tế - Công an Tỉnh Lai Châu,canonical,manual_registry
4951,690,BCA_CA_LCH_PC03,Phòng Cảnh sát kinh tế - CA Tỉnh Lai Châu,alias,domain_rules
4952,690,BCA_CA_LCH_PC03,Phòng Cảnh sát kinh tế - CA Lai Châu,abbreviation,domain_rules
4953,690,BCA_CA_LCH_PC03,Phong Canh sat kinh te - Cong an Tinh Lai Chau,no_accent,auto_rule
4954,690,BCA_CA_LCH_PC03,PCSKTCATLC,abbreviation,auto_rule
4955,691,BCA_CA_LCH_PC04,Phòng Cảnh sát điều tra tội phạm về ma túy - Công an Tỉnh Lai Châu,canonical,manual_registry
4956,691,BCA_CA_LCH_PC04,Phòng Cảnh sát điều tra tội phạm về ma túy - CA Tỉnh Lai Châu,alias,domain_rules
4957,691,BCA_CA_LCH_PC04,Phòng Cảnh sát điều tra tội phạm về ma túy - CA Lai Châu,abbreviation,domain_rules
4958,691,BCA_CA_LCH_PC04,PC04 - Công an Tỉnh Lai Châu,abbreviation,domain_rules
4959,691,BCA_CA_LCH_PC04,Phòng CS ma túy - Công an Tỉnh Lai Châu,alias,domain_rules
4960,691,BCA_CA_LCH_PC04,Phong Canh sat đieu tra toi pham ve ma tuy - Cong an Tinh Lai Chau,no_accent,auto_rule
4961,691,BCA_CA_LCH_PC04,PCSĐTTPMTCATLC,abbreviation,auto_rule
4962,691,BCA_CA_LCH_PC04,Phòng Cảnh sát điu tra tội phạm về ma túy - Công an Tỉnh LiChâu,typo_ocr,noise_injector
4963,691,BCA_CA_LCH_PC04,Phòng Cảh sát điều tra tội phạm về ma túy - Công an Tỉnh Lai Châu,typo_ocr,noise_injector
4964,692,BCA_CA_LCH_PC06,Phòng Cảnh sát quản lý hành chính về trật tự xã hội - Công an Tỉnh Lai Châu,canonical,manual_registry
4965,692,BCA_CA_LCH_PC06,Phòng Cảnh sát quản lý hành chính về trật tự xã hội - CA Tỉnh Lai Châu,alias,domain_rules
4966,692,BCA_CA_LCH_PC06,Phòng Cảnh sát quản lý hành chính về trật tự xã hội - CA Lai Châu,abbreviation,domain_rules
4967,692,BCA_CA_LCH_PC06,PC06 - Công an Tỉnh Lai Châu,abbreviation,domain_rules
4968,692,BCA_CA_LCH_PC06,Phòng CSQLHC - Công an Tỉnh Lai Châu,alias,domain_rules
4969,692,BCA_CA_LCH_PC06,Phong Canh sat quan ly hanh chinh ve trat tu xa hoi - Cong an Tinh Lai Chau,no_accent,auto_rule
4970,692,BCA_CA_LCH_PC06,PCSQLHCTTXHCATLC,abbreviation,auto_rule
4971,692,BCA_CA_LCH_PC06,Phòng Cảnh sát quản lý hành chính về trậ tự xã hội - Công an Tỉnh Lai Châu,typo_ocr,noise_injector
4972,692,BCA_CA_LCH_PC06,Phòng Cảnh sát quản lý hành chnh về trật tự xã hội- Công an Tỉnh Lai Châu,typo_ocr,noise_injector
4973,693,BCA_CA_LCH_PC08,Phòng Cảnh sát giao thông - Công an Tỉnh Lai Châu,canonical,manual_registry
4974,693,BCA_CA_LCH_PC08,Phòng Cảnh sát giao thông - CA Tỉnh Lai Châu,alias,domain_rules
4975,693,BCA_CA_LCH_PC08,Phòng Cảnh sát giao thông - CA Lai Châu,abbreviation,domain_rules
4976,693,BCA_CA_LCH_PC08,PC08 - Công an Tỉnh Lai Châu,abbreviation,domain_rules
4977,693,BCA_CA_LCH_PC08,Phòng CSGT - Công an Tỉnh Lai Châu,alias,domain_rules
4978,693,BCA_CA_LCH_PC08,Phong Canh sat giao thong - Cong an Tinh Lai Chau,no_accent,auto_rule
4979,693,BCA_CA_LCH_PC08,PCSGTCATLC,abbreviation,auto_rule
4980,693,BCA_CA_LCH_PC08,Phòng Cảnh sát giao thông - Cng an Tỉnh Lai Câu,typo_ocr,noise_injector
4981,693,BCA_CA_LCH_PC08,Phòng Cảnh sát giao thông - Công an TỉnhLai Châu,typo_ocr,noise_injector
4982,694,BCA_CA_LCH_PA01,Phòng An ninh đối ngoại - Công an Tỉnh Lai Châu,canonical,manual_registry
4983,694,BCA_CA_LCH_PA01,Phòng An ninh đối ngoại - CA Tỉnh Lai Châu,alias,domain_rules
4984,694,BCA_CA_LCH_PA01,Phòng An ninh đối ngoại - CA Lai Châu,abbreviation,domain_rules
4985,694,BCA_CA_LCH_PA01,Phong An ninh đoi ngoai - Cong an Tinh Lai Chau,no_accent,auto_rule
4986,694,BCA_CA_LCH_PA01,PANĐNCATLC,abbreviation,auto_rule
4987,694,BCA_CA_LCH_PA01,Phòng An ninh đối ngoại - Công an Tỉnh La Châu,typo_ocr,noise_injector
4988,695,BCA_CA_LCH_PA02,Phòng An ninh nội địa - Công an Tỉnh Lai Châu,canonical,manual_registry
4989,695,BCA_CA_LCH_PA02,Phòng An ninh nội địa - CA Tỉnh Lai Châu,alias,domain_rules
4990,695,BCA_CA_LCH_PA02,Phòng An ninh nội địa - CA Lai Châu,abbreviation,domain_rules
4991,695,BCA_CA_LCH_PA02,Phong An ninh noi đia - Cong an Tinh Lai Chau,no_accent,auto_rule
4992,695,BCA_CA_LCH_PA02,PANNĐCATLC,abbreviation,auto_rule
4993,696,BCA_CA_LCH_PA03,Phòng An ninh chính trị nội bộ - Công an Tỉnh Lai Châu,canonical,manual_registry
4994,696,BCA_CA_LCH_PA03,Phòng An ninh chính trị nội bộ - CA Tỉnh Lai Châu,alias,domain_rules
4995,696,BCA_CA_LCH_PA03,Phòng An ninh chính trị nội bộ - CA Lai Châu,abbreviation,domain_rules
4996,696,BCA_CA_LCH_PA03,Phong An ninh chinh tri noi bo - Cong an Tinh Lai Chau,no_accent,auto_rule
4997,696,BCA_CA_LCH_PA03,PANCTNBCATLC,abbreviation,auto_rule
4998,696,BCA_CA_LCH_PA03,Phòng An ninh chính trị nội bộ - Công an Tỉnh Li Châu,typo_ocr,noise_injector
4999,697,BCA_CA_LCH_PA05,Phòng An ninh mạng và phòng chống tội phạm công nghệ cao - Công an Tỉnh Lai Châu,canonical,manual_registry
5000,697,BCA_CA_LCH_PA05,Phòng An ninh mạng và phòng chống tội phạm công nghệ cao - CA Tỉnh Lai Châu,alias,domain_rules
5001,697,BCA_CA_LCH_PA05,Phòng An ninh mạng và phòng chống tội phạm công nghệ cao - CA Lai Châu,abbreviation,domain_rules
5002,697,BCA_CA_LCH_PA05,Phong An ninh mang va phong chong toi pham cong nghe cao - Cong an Tinh Lai Chau,no_accent,auto_rule
5003,697,BCA_CA_LCH_PA05,PANMPCTPCNCCATLC,abbreviation,auto_rule
5004,697,BCA_CA_LCH_PA05,Phòng An ninh ạn và phòng chống tội phạm công nghệ cao - Công an Tỉnh Lai Châu,typo_ocr,noise_injector
5005,697,BCA_CA_LCH_PA05,Phòng An ninh mạng và phòng chống tội phạm công nghệcao - Công an Tỉnh Lai Châu,typo_ocr,noise_injector
5006,698,BCA_CA_LCA,Công an Tỉnh Lào Cai,canonical,manual_registry
5007,698,BCA_CA_LCA,CA Tỉnh Lào Cai,alias,domain_rules
5008,698,BCA_CA_LCA,CA Lào Cai,abbreviation,domain_rules
5009,698,BCA_CA_LCA,Cong an Tinh Lao Cai,no_accent,auto_rule
5010,698,BCA_CA_LCA,CATLC,abbreviation,auto_rule
5011,698,BCA_CA_LCA,Côg an Tỉnh Lào Cai,typo_ocr,noise_injector
5012,699,BCA_CA_LCA_PC01,Văn phòng Cơ quan Cảnh sát điều tra - Công an Tỉnh Lào Cai,canonical,manual_registry
5013,699,BCA_CA_LCA_PC01,Văn phòng Cơ quan Cảnh sát điều tra - CA Tỉnh Lào Cai,alias,domain_rules
5014,699,BCA_CA_LCA_PC01,Văn phòng Cơ quan Cảnh sát điều tra - CA Lào Cai,abbreviation,domain_rules
5015,699,BCA_CA_LCA_PC01,PC01 - Công an Tỉnh Lào Cai,abbreviation,domain_rules
5016,699,BCA_CA_LCA_PC01,Van phong Co quan Canh sat đieu tra - Cong an Tinh Lao Cai,no_accent,auto_rule
5017,699,BCA_CA_LCA_PC01,VPCSĐTCATLC,abbreviation,auto_rule
5018,699,BCA_CA_LCA_PC01,Vn phòng Cơ quan Cảnh sát điều tra - Công an Tỉnh Lào Cai,typo_ocr,noise_injector
5019,699,BCA_CA_LCA_PC01,Văn phòng Cơ quan Cảnh sát điều tra - Công an Tỉnh Lào Ci,typo_ocr,noise_injector
5020,700,BCA_CA_LCA_PC02,Phòng Cảnh sát hình sự - Công an Tỉnh Lào Cai,canonical,manual_registry
5021,700,BCA_CA_LCA_PC02,Phòng Cảnh sát hình sự - CA Tỉnh Lào Cai,alias,domain_rules
5022,700,BCA_CA_LCA_PC02,Phòng Cảnh sát hình sự - CA Lào Cai,abbreviation,domain_rules
5023,700,BCA_CA_LCA_PC02,PC02 - Công an Tỉnh Lào Cai,abbreviation,domain_rules
5024,700,BCA_CA_LCA_PC02,Phòng CSHS - Công an Tỉnh Lào Cai,alias,domain_rules
5025,700,BCA_CA_LCA_PC02,Phong Canh sat hinh su - Cong an Tinh Lao Cai,no_accent,auto_rule
5026,700,BCA_CA_LCA_PC02,PCSHSCATLC,abbreviation,auto_rule
5027,700,BCA_CA_LCA_PC02,Phòng Cnh sát hình sự - Công a Tỉnh Lào Cai,typo_ocr,noise_injector
5028,701,BCA_CA_LCA_PC03,Phòng Cảnh sát kinh tế - Công an Tỉnh Lào Cai,canonical,manual_registry
5029,701,BCA_CA_LCA_PC03,Phòng Cảnh sát kinh tế - CA Tỉnh Lào Cai,alias,domain_rules
5030,701,BCA_CA_LCA_PC03,Phòng Cảnh sát kinh tế - CA Lào Cai,abbreviation,domain_rules
5031,701,BCA_CA_LCA_PC03,Phong Canh sat kinh te - Cong an Tinh Lao Cai,no_accent,auto_rule
5032,701,BCA_CA_LCA_PC03,PCSKTCATLC,abbreviation,auto_rule
5033,702,BCA_CA_LCA_PC04,Phòng Cảnh sát điều tra tội phạm về ma túy - Công an Tỉnh Lào Cai,canonical,manual_registry
5034,702,BCA_CA_LCA_PC04,Phòng Cảnh sát điều tra tội phạm về ma túy - CA Tỉnh Lào Cai,alias,domain_rules
5035,702,BCA_CA_LCA_PC04,Phòng Cảnh sát điều tra tội phạm về ma túy - CA Lào Cai,abbreviation,domain_rules
5036,702,BCA_CA_LCA_PC04,PC04 - Công an Tỉnh Lào Cai,abbreviation,domain_rules
5037,702,BCA_CA_LCA_PC04,Phòng CS ma túy - Công an Tỉnh Lào Cai,alias,domain_rules
5038,702,BCA_CA_LCA_PC04,Phong Canh sat đieu tra toi pham ve ma tuy - Cong an Tinh Lao Cai,no_accent,auto_rule
5039,702,BCA_CA_LCA_PC04,PCSĐTTPMTCATLC,abbreviation,auto_rule
5040,702,BCA_CA_LCA_PC04,Phòng Cảnh sát điều tra tộ phạm về ma túy - Công an Tỉnh Lào Ca,typo_ocr,noise_injector
5041,702,BCA_CA_LCA_PC04,Phòng Cảnh sát điều tra ội phm về ma túy - Công an Tỉnh Lào Cai,typo_ocr,noise_injector
5042,703,BCA_CA_LCA_PC06,Phòng Cảnh sát quản lý hành chính về trật tự xã hội - Công an Tỉnh Lào Cai,canonical,manual_registry
5043,703,BCA_CA_LCA_PC06,Phòng Cảnh sát quản lý hành chính về trật tự xã hội - CA Tỉnh Lào Cai,alias,domain_rules
5044,703,BCA_CA_LCA_PC06,Phòng Cảnh sát quản lý hành chính về trật tự xã hội - CA Lào Cai,abbreviation,domain_rules
5045,703,BCA_CA_LCA_PC06,PC06 - Công an Tỉnh Lào Cai,abbreviation,domain_rules
5046,703,BCA_CA_LCA_PC06,Phòng CSQLHC - Công an Tỉnh Lào Cai,alias,domain_rules
5047,703,BCA_CA_LCA_PC06,Phong Canh sat quan ly hanh chinh ve trat tu xa hoi - Cong an Tinh Lao Cai,no_accent,auto_rule
5048,703,BCA_CA_LCA_PC06,PCSQLHCTTXHCATLC,abbreviation,auto_rule
5049,703,BCA_CA_LCA_PC06,Phòng Cảnh sát qun lý hành chính về trật t xã hội - Công an Tỉnh Lào Cai,typo_ocr,noise_injector
5050,703,BCA_CA_LCA_PC06,Phòng Cảnh sát quản lý hành chính vềtrật tự xã hội - Công an Tỉh Lào Cai,typo_ocr,noise_injector
5051,704,BCA_CA_LCA_PC08,Phòng Cảnh sát giao thông - Công an Tỉnh Lào Cai,canonical,manual_registry
5052,704,BCA_CA_LCA_PC08,Phòng Cảnh sát giao thông - CA Tỉnh Lào Cai,alias,domain_rules
5053,704,BCA_CA_LCA_PC08,Phòng Cảnh sát giao thông - CA Lào Cai,abbreviation,domain_rules
5054,704,BCA_CA_LCA_PC08,PC08 - Công an Tỉnh Lào Cai,abbreviation,domain_rules
5055,704,BCA_CA_LCA_PC08,Phòng CSGT - Công an Tỉnh Lào Cai,alias,domain_rules
5056,704,BCA_CA_LCA_PC08,Phong Canh sat giao thong - Cong an Tinh Lao Cai,no_accent,auto_rule
5057,704,BCA_CA_LCA_PC08,PCSGTCATLC,abbreviation,auto_rule
5058,704,BCA_CA_LCA_PC08,Phòn Cảnh sát giao thông - Công an Tỉnh ào Cai,typo_ocr,noise_injector
5059,705,BCA_CA_LCA_PA01,Phòng An ninh đối ngoại - Công an Tỉnh Lào Cai,canonical,manual_registry
5060,705,BCA_CA_LCA_PA01,Phòng An ninh đối ngoại - CA Tỉnh Lào Cai,alias,domain_rules
5061,705,BCA_CA_LCA_PA01,Phòng An ninh đối ngoại - CA Lào Cai,abbreviation,domain_rules
5062,705,BCA_CA_LCA_PA01,Phong An ninh đoi ngoai - Cong an Tinh Lao Cai,no_accent,auto_rule
5063,705,BCA_CA_LCA_PA01,PANĐNCATLC,abbreviation,auto_rule
5064,705,BCA_CA_LCA_PA01,Phòng An ninh đối ngoại - Công n Tỉnh Lào Cai,typo_ocr,noise_injector
5065,705,BCA_CA_LCA_PA01,Phòng An nih đối ngoại - Công an Tỉnh Lào Cai,typo_ocr,noise_injector
5066,706,BCA_CA_LCA_PA02,Phòng An ninh nội địa - Công an Tỉnh Lào Cai,canonical,manual_registry
5067,706,BCA_CA_LCA_PA02,Phòng An ninh nội địa - CA Tỉnh Lào Cai,alias,domain_rules
5068,706,BCA_CA_LCA_PA02,Phòng An ninh nội địa - CA Lào Cai,abbreviation,domain_rules
5069,706,BCA_CA_LCA_PA02,Phong An ninh noi đia - Cong an Tinh Lao Cai,no_accent,auto_rule
5070,706,BCA_CA_LCA_PA02,PANNĐCATLC,abbreviation,auto_rule
5071,706,BCA_CA_LCA_PA02,Phòn An ninh nội địa - Công an Tỉnh Lào ai,typo_ocr,noise_injector
5072,706,BCA_CA_LCA_PA02,Phòng Anninh nội địa - Công an Tỉnh Là Cai,typo_ocr,noise_injector
5073,707,BCA_CA_LCA_PA03,Phòng An ninh chính trị nội bộ - Công an Tỉnh Lào Cai,canonical,manual_registry
5074,707,BCA_CA_LCA_PA03,Phòng An ninh chính trị nội bộ - CA Tỉnh Lào Cai,alias,domain_rules
5075,707,BCA_CA_LCA_PA03,Phòng An ninh chính trị nội bộ - CA Lào Cai,abbreviation,domain_rules
5076,707,BCA_CA_LCA_PA03,Phong An ninh chinh tri noi bo - Cong an Tinh Lao Cai,no_accent,auto_rule
5077,707,BCA_CA_LCA_PA03,PANCTNBCATLC,abbreviation,auto_rule
5078,707,BCA_CA_LCA_PA03,Phòng Anninh chính trị nội bộ - Công an Tỉnh Lào Cai,typo_ocr,noise_injector
5079,707,BCA_CA_LCA_PA03,Phòng An ninh chính trị nộibộ - Công an Tỉnh Lào Ca,typo_ocr,noise_injector
5080,708,BCA_CA_LCA_PA05,Phòng An ninh mạng và phòng chống tội phạm công nghệ cao - Công an Tỉnh Lào Cai,canonical,manual_registry
5081,708,BCA_CA_LCA_PA05,Phòng An ninh mạng và phòng chống tội phạm công nghệ cao - CA Tỉnh Lào Cai,alias,domain_rules
5082,708,BCA_CA_LCA_PA05,Phòng An ninh mạng và phòng chống tội phạm công nghệ cao - CA Lào Cai,abbreviation,domain_rules
5083,708,BCA_CA_LCA_PA05,Phong An ninh mang va phong chong toi pham cong nghe cao - Cong an Tinh Lao Cai,no_accent,auto_rule
5084,708,BCA_CA_LCA_PA05,PANMPCTPCNCCATLC,abbreviation,auto_rule
5085,708,BCA_CA_LCA_PA05,Phòng An ninh mạng và phòg chống tội phạm ôngnghệ cao - Công an Tỉnh Lào Cai,typo_ocr,noise_injector
5086,709,BCA_CA_HN_BDG,Công an Huyện Ba Đình - Hà Nội,canonical,manual_registry
5087,709,BCA_CA_HN_BDG,CAH Ba Đình - Hà Nội,abbreviation,domain_rules
5088,709,BCA_CA_HN_BDG,Công an H. Ba Đình - Hà Nội,alias,domain_rules
5089,709,BCA_CA_HN_BDG,Cong an Huyen Ba Đinh - Ha Noi,no_accent,auto_rule
5090,709,BCA_CA_HN_BDG,CAHBĐHN,abbreviation,auto_rule
5091,709,BCA_CA_HN_BDG,Cng an Huyện Ba Đnh - Hà Nội,typo_ocr,noise_injector
5092,710,BCA_CA_HN_HK,Công an Huyện Hoàn Kiếm - Hà Nội,canonical,manual_registry
5093,710,BCA_CA_HN_HK,CAH Hoàn Kiếm - Hà Nội,abbreviation,domain_rules
5094,710,BCA_CA_HN_HK,Công an H. Hoàn Kiếm - Hà Nội,alias,domain_rules
5095,710,BCA_CA_HN_HK,Cong an Huyen Hoan Kiem - Ha Noi,no_accent,auto_rule
5096,710,BCA_CA_HN_HK,CAHHKHN,abbreviation,auto_rule
5097,710,BCA_CA_HN_HK,Công an Hyện Hoàn Kiếm - Hà Nội,typo_ocr,noise_injector
5098,711,BCA_CA_HN_CG,Công an Huyện Cầu Giấy - Hà Nội,canonical,manual_registry
5099,711,BCA_CA_HN_CG,CAQ Cầu Giấy,abbreviation,manual_domain
5100,711,BCA_CA_HN_CG,Công an Q. Cầu Giấy,alias,manual_domain
5101,711,BCA_CA_HN_CG,CA Q Cầu Giấy,abbreviation,manual_domain
5102,711,BCA_CA_HN_CG,CAH Cầu Giấy - Hà Nội,abbreviation,domain_rules
5103,711,BCA_CA_HN_CG,Công an H. Cầu Giấy - Hà Nội,alias,domain_rules
5104,711,BCA_CA_HN_CG,Cong an Huyen Cau Giay - Ha Noi,no_accent,auto_rule
5105,711,BCA_CA_HN_CG,CAHCGHN,abbreviation,auto_rule
5106,712,BCA_CA_HN_DD,Công an Huyện Đống Đa - Hà Nội,canonical,manual_registry
5107,712,BCA_CA_HN_DD,CAH Đống Đa - Hà Nội,abbreviation,domain_rules
5108,712,BCA_CA_HN_DD,Công an H. Đống Đa - Hà Nội,alias,domain_rules
5109,712,BCA_CA_HN_DD,Cong an Huyen Đong Đa - Ha Noi,no_accent,auto_rule
5110,712,BCA_CA_HN_DD,CAHĐĐHN,abbreviation,auto_rule
5111,712,BCA_CA_HN_DD,Công an Huyện ĐốngĐa - Hà Nội,typo_ocr,noise_injector
5112,712,BCA_CA_HN_DD,Công an HuyệnĐốngĐa- Hà Nội,typo_ocr,noise_injector
5113,713,BCA_CA_HN_TX,Công an Huyện Thanh Xuân - Hà Nội,canonical,manual_registry
5114,713,BCA_CA_HN_TX,CA Q Thanh Xuân,abbreviation,manual_domain
5115,713,BCA_CA_HN_TX,CAQ Thanh Xuân,abbreviation,manual_domain
5116,713,BCA_CA_HN_TX,CAH Thanh Xuân - Hà Nội,abbreviation,domain_rules
5117,713,BCA_CA_HN_TX,Công an H. Thanh Xuân - Hà Nội,alias,domain_rules
5118,713,BCA_CA_HN_TX,Cong an Huyen Thanh Xuan - Ha Noi,no_accent,auto_rule
5119,713,BCA_CA_HN_TX,CAHTXHN,abbreviation,auto_rule
5120,714,BCA_CA_HN_GL,Công an Huyện Gia Lâm - Hà Nội,canonical,manual_registry
5121,714,BCA_CA_HN_GL,CAH Gia Lâm,abbreviation,manual_domain
5122,714,BCA_CA_HN_GL,Công an H. Gia Lâm,alias,manual_domain
5123,714,BCA_CA_HN_GL,CAH Gia Lâm - Hà Nội,abbreviation,domain_rules
5124,714,BCA_CA_HN_GL,Công an H. Gia Lâm - Hà Nội,alias,domain_rules
5125,714,BCA_CA_HN_GL,Cong an Huyen Gia Lam - Ha Noi,no_accent,auto_rule
5126,714,BCA_CA_HN_GL,CAHGLHN,abbreviation,auto_rule
5127,714,BCA_CA_HN_GL,Côngan Huyện Gia Lâ - Hà Nội,typo_ocr,noise_injector
5128,715,BCA_CA_HN_SOC,Công an Huyện Sóc Sơn - Hà Nội,canonical,manual_registry
5129,715,BCA_CA_HN_SOC,CAH Sóc Sơn - Hà Nội,abbreviation,domain_rules
5130,715,BCA_CA_HN_SOC,Công an H. Sóc Sơn - Hà Nội,alias,domain_rules
5131,715,BCA_CA_HN_SOC,Cong an Huyen Soc Son - Ha Noi,no_accent,auto_rule
5132,715,BCA_CA_HN_SOC,CAHSSHN,abbreviation,auto_rule
5133,715,BCA_CA_HN_SOC,Công an HuyệnSóc Sơn - Hà Nội,typo_ocr,noise_injector
5134,716,BCA_CA_HN_DDA,Công an Huyện Đông Anh - Hà Nội,canonical,manual_registry
5135,716,BCA_CA_HN_DDA,CAH Đông Anh - Hà Nội,abbreviation,domain_rules
5136,716,BCA_CA_HN_DDA,Công an H. Đông Anh - Hà Nội,alias,domain_rules
5137,716,BCA_CA_HN_DDA,Cong an Huyen Đong Anh - Ha Noi,no_accent,auto_rule
5138,716,BCA_CA_HN_DDA,CAHĐAHN,abbreviation,auto_rule
5139,717,BCA_CA_HTAY_HDO,Công an Huyện Hà Đông - Hà Tây,canonical,manual_registry
5140,717,BCA_CA_HTAY_HDO,CAH Hà Đông - Hà Tây,abbreviation,domain_rules
5141,717,BCA_CA_HTAY_HDO,Công an H. Hà Đông - Hà Tây,alias,domain_rules
5142,717,BCA_CA_HTAY_HDO,Cong an Huyen Ha Đong - Ha Tay,no_accent,auto_rule
5143,717,BCA_CA_HTAY_HDO,CAHHĐHT,abbreviation,auto_rule
5144,717,BCA_CA_HTAY_HDO,Công an Huyn Hà Đôg - Hà Tây,typo_ocr,noise_injector
5145,717,BCA_CA_HTAY_HDO,Côn an Huyện Hà Đông - Hà Tây,typo_ocr,noise_injector
5146,718,BCA_CA_HTAY_ST,Công an Huyện Sơn Tây - Hà Tây,canonical,manual_registry
5147,718,BCA_CA_HTAY_ST,CAH Sơn Tây - Hà Tây,abbreviation,domain_rules
5148,718,BCA_CA_HTAY_ST,Công an H. Sơn Tây - Hà Tây,alias,domain_rules
5149,718,BCA_CA_HTAY_ST,Cong an Huyen Son Tay - Ha Tay,no_accent,auto_rule
5150,718,BCA_CA_HTAY_ST,CAHSTHT,abbreviation,auto_rule
5151,719,BCA_CA_HTAY_BV,Công an Huyện Ba Vì - Hà Tây,canonical,manual_registry
5152,719,BCA_CA_HTAY_BV,CAH Ba Vì - Hà Tây,abbreviation,domain_rules
5153,719,BCA_CA_HTAY_BV,Công an H. Ba Vì - Hà Tây,alias,domain_rules
5154,719,BCA_CA_HTAY_BV,Cong an Huyen Ba Vi - Ha Tay,no_accent,auto_rule
5155,719,BCA_CA_HTAY_BV,CAHBVHT,abbreviation,auto_rule
5156,719,BCA_CA_HTAY_BV,Công an uyện Ba Vì - H Tây,typo_ocr,noise_injector
5157,720,BCA_CA_HTAY_CT,Công an Huyện Chương Mỹ - Hà Tây,canonical,manual_registry
5158,720,BCA_CA_HTAY_CT,CAH Chương Mỹ - Hà Tây,abbreviation,domain_rules
5159,720,BCA_CA_HTAY_CT,Công an H. Chương Mỹ - Hà Tây,alias,domain_rules
5160,720,BCA_CA_HTAY_CT,Cong an Huyen Chuong My - Ha Tay,no_accent,auto_rule
5161,720,BCA_CA_HTAY_CT,CAHCMHT,abbreviation,auto_rule
5162,720,BCA_CA_HTAY_CT,Công an Huyện Chương Mỹ - HàTây,typo_ocr,noise_injector
5163,721,BCA_CA_HCM_Q1,Công an Quận Quận 1 - Thành phố Hồ Chí Minh,canonical,manual_registry
5164,721,BCA_CA_HCM_Q1,CAQ Quận 1 - Thành phố Hồ Chí Minh,abbreviation,domain_rules
5165,721,BCA_CA_HCM_Q1,Công an Q. Quận 1 - Thành phố Hồ Chí Minh,alias,domain_rules
5166,721,BCA_CA_HCM_Q1,Cong an Quan Quan 1 - Thanh pho Ho Chi Minh,no_accent,auto_rule
5167,721,BCA_CA_HCM_Q1,CAQQTPHCM,abbreviation,auto_rule
5168,722,BCA_CA_HCM_Q3,Công an Quận Quận 3 - Thành phố Hồ Chí Minh,canonical,manual_registry
5169,722,BCA_CA_HCM_Q3,CAQ Quận 3 - Thành phố Hồ Chí Minh,abbreviation,domain_rules
5170,722,BCA_CA_HCM_Q3,Công an Q. Quận 3 - Thành phố Hồ Chí Minh,alias,domain_rules
5171,722,BCA_CA_HCM_Q3,Cong an Quan Quan 3 - Thanh pho Ho Chi Minh,no_accent,auto_rule
5172,722,BCA_CA_HCM_Q3,CAQQTPHCM,abbreviation,auto_rule
5173,723,BCA_CA_HCM_Q7,Công an Quận Quận 7 - Thành phố Hồ Chí Minh,canonical,manual_registry
5174,723,BCA_CA_HCM_Q7,CAQ Quận 7 - Thành phố Hồ Chí Minh,abbreviation,domain_rules
5175,723,BCA_CA_HCM_Q7,Công an Q. Quận 7 - Thành phố Hồ Chí Minh,alias,domain_rules
5176,723,BCA_CA_HCM_Q7,Cong an Quan Quan 7 - Thanh pho Ho Chi Minh,no_accent,auto_rule
5177,723,BCA_CA_HCM_Q7,CAQQTPHCM,abbreviation,auto_rule
5178,723,BCA_CA_HCM_Q7,Công an Quận Quận 7- Thành phố Hồ Chí Minh,typo_ocr,noise_injector
5179,724,BCA_CA_HCM_BT,Công an Huyện Bình Thạnh - Thành phố Hồ Chí Minh,canonical,manual_registry
5180,724,BCA_CA_HCM_BT,CAH Bình Thạnh - Thành phố Hồ Chí Minh,abbreviation,domain_rules
5181,724,BCA_CA_HCM_BT,Công an H. Bình Thạnh - Thành phố Hồ Chí Minh,alias,domain_rules
5182,724,BCA_CA_HCM_BT,Cong an Huyen Binh Thanh - Thanh pho Ho Chi Minh,no_accent,auto_rule
5183,724,BCA_CA_HCM_BT,CAHBTTPHCM,abbreviation,auto_rule
5184,724,BCA_CA_HCM_BT,Côn an Huyện Bình Thạnh - Thành phố Hồ Chí Minh,typo_ocr,noise_injector
5185,724,BCA_CA_HCM_BT,Công an Huyện Bình Thạnh - Thành phố HồChí Minh,typo_ocr,noise_injector
5186,725,BCA_CA_HCM_TB,Công an Huyện Tân Bình - Thành phố Hồ Chí Minh,canonical,manual_registry
5187,725,BCA_CA_HCM_TB,CAH Tân Bình - Thành phố Hồ Chí Minh,abbreviation,domain_rules
5188,725,BCA_CA_HCM_TB,Công an H. Tân Bình - Thành phố Hồ Chí Minh,alias,domain_rules
5189,725,BCA_CA_HCM_TB,Cong an Huyen Tan Binh - Thanh pho Ho Chi Minh,no_accent,auto_rule
5190,725,BCA_CA_HCM_TB,CAHTBTPHCM,abbreviation,auto_rule
5191,725,BCA_CA_HCM_TB,Công an Huyện Tân Bình - Tành phố Hồ Chí Minh,typo_ocr,noise_injector
5192,725,BCA_CA_HCM_TB,Công an Huyện Tân Bình -Thàh phố Hồ Chí Mnh,typo_ocr,noise_injector
5193,726,BCA_CA_HCM_GV,Công an Huyện Gò Vấp - Thành phố Hồ Chí Minh,canonical,manual_registry
5194,726,BCA_CA_HCM_GV,CAH Gò Vấp - Thành phố Hồ Chí Minh,abbreviation,domain_rules
5195,726,BCA_CA_HCM_GV,Công an H. Gò Vấp - Thành phố Hồ Chí Minh,alias,domain_rules
5196,726,BCA_CA_HCM_GV,Cong an Huyen Go Vap - Thanh pho Ho Chi Minh,no_accent,auto_rule
5197,726,BCA_CA_HCM_GV,CAHGVTPHCM,abbreviation,auto_rule
5198,727,BCA_CA_HCM_BC,Công an Huyện Bình Chánh - Thành phố Hồ Chí Minh,canonical,manual_registry
5199,727,BCA_CA_HCM_BC,CAH Bình Chánh - Thành phố Hồ Chí Minh,abbreviation,domain_rules
5200,727,BCA_CA_HCM_BC,Công an H. Bình Chánh - Thành phố Hồ Chí Minh,alias,domain_rules
5201,727,BCA_CA_HCM_BC,Cong an Huyen Binh Chanh - Thanh pho Ho Chi Minh,no_accent,auto_rule
5202,727,BCA_CA_HCM_BC,CAHBCTPHCM,abbreviation,auto_rule
5203,727,BCA_CA_HCM_BC,ông an Huyện Bình Chánh - Thành phố Hồ Chí Minh,typo_ocr,noise_injector
5204,727,BCA_CA_HCM_BC,Công an Huyện Bình Chánh - Thành hố Hồ Chí Minh,typo_ocr,noise_injector
5205,728,BCA_CA_HCM_HM,Công an Huyện Hóc Môn - Thành phố Hồ Chí Minh,canonical,manual_registry
5206,728,BCA_CA_HCM_HM,CAH Hóc Môn - Thành phố Hồ Chí Minh,abbreviation,domain_rules
5207,728,BCA_CA_HCM_HM,Công an H. Hóc Môn - Thành phố Hồ Chí Minh,alias,domain_rules
5208,728,BCA_CA_HCM_HM,Cong an Huyen Hoc Mon - Thanh pho Ho Chi Minh,no_accent,auto_rule
5209,728,BCA_CA_HCM_HM,CAHHMTPHCM,abbreviation,auto_rule
5210,728,BCA_CA_HCM_HM,Công n Huyện Hóc Môn - Tành pố Hồ Chí Minh,typo_ocr,noise_injector
5211,729,BCA_CA_DN_HC,Công an Huyện Hải Châu - Đà Nẵng,canonical,manual_registry
5212,729,BCA_CA_DN_HC,CAH Hải Châu - Đà Nẵng,abbreviation,domain_rules
5213,729,BCA_CA_DN_HC,Công an H. Hải Châu - Đà Nẵng,alias,domain_rules
5214,729,BCA_CA_DN_HC,Cong an Huyen Hai Chau - Đa Nang,no_accent,auto_rule
5215,729,BCA_CA_DN_HC,CAHHCĐN,abbreviation,auto_rule
5216,730,BCA_CA_DN_TK,Công an Huyện Thanh Khê - Đà Nẵng,canonical,manual_registry
5217,730,BCA_CA_DN_TK,CAH Thanh Khê - Đà Nẵng,abbreviation,domain_rules
5218,730,BCA_CA_DN_TK,Công an H. Thanh Khê - Đà Nẵng,alias,domain_rules
5219,730,BCA_CA_DN_TK,Cong an Huyen Thanh Khe - Đa Nang,no_accent,auto_rule
5220,730,BCA_CA_DN_TK,CAHTKĐN,abbreviation,auto_rule
5221,731,BCA_CA_DN_NHS,Công an Huyện Ngũ Hành Sơn - Đà Nẵng,canonical,manual_registry
5222,731,BCA_CA_DN_NHS,CAH Ngũ Hành Sơn - Đà Nẵng,abbreviation,domain_rules
5223,731,BCA_CA_DN_NHS,Công an H. Ngũ Hành Sơn - Đà Nẵng,alias,domain_rules
5224,731,BCA_CA_DN_NHS,Cong an Huyen Ngu Hanh Son - Đa Nang,no_accent,auto_rule
5225,731,BCA_CA_DN_NHS,CAHNHSĐN,abbreviation,auto_rule
5226,732,BCA_CA_DN_CL,Công an Huyện Cẩm Lệ - Đà Nẵng,canonical,manual_registry
5227,732,BCA_CA_DN_CL,CAH Cẩm Lệ - Đà Nẵng,abbreviation,domain_rules
5228,732,BCA_CA_DN_CL,Công an H. Cẩm Lệ - Đà Nẵng,alias,domain_rules
5229,732,BCA_CA_DN_CL,Cong an Huyen Cam Le - Đa Nang,no_accent,auto_rule
5230,732,BCA_CA_DN_CL,CAHCLĐN,abbreviation,auto_rule
5231,733,BCA_CA_HP_HB,Công an Huyện Hồng Bàng - Hải Phòng,canonical,manual_registry
5232,733,BCA_CA_HP_HB,CAH Hồng Bàng - Hải Phòng,abbreviation,domain_rules
5233,733,BCA_CA_HP_HB,Công an H. Hồng Bàng - Hải Phòng,alias,domain_rules
5234,733,BCA_CA_HP_HB,Cong an Huyen Hong Bang - Hai Phong,no_accent,auto_rule
5235,733,BCA_CA_HP_HB,CAHHBHP,abbreviation,auto_rule
5236,734,BCA_CA_HP_NG,Công an Huyện Ngô Quyền - Hải Phòng,canonical,manual_registry
5237,734,BCA_CA_HP_NG,CAH Ngô Quyền - Hải Phòng,abbreviation,domain_rules
5238,734,BCA_CA_HP_NG,Công an H. Ngô Quyền - Hải Phòng,alias,domain_rules
5239,734,BCA_CA_HP_NG,Cong an Huyen Ngo Quyen - Hai Phong,no_accent,auto_rule
5240,734,BCA_CA_HP_NG,CAHNQHP,abbreviation,auto_rule
5241,734,BCA_CA_HP_NG,Côg an Huyện Ngô Quyền - Hải Phòng,typo_ocr,noise_injector
5242,735,BCA_CA_HP_LC,Công an Huyện Lê Chân - Hải Phòng,canonical,manual_registry
5243,735,BCA_CA_HP_LC,CAH Lê Chân - Hải Phòng,abbreviation,domain_rules
5244,735,BCA_CA_HP_LC,Công an H. Lê Chân - Hải Phòng,alias,domain_rules
5245,735,BCA_CA_HP_LC,Cong an Huyen Le Chan - Hai Phong,no_accent,auto_rule
5246,735,BCA_CA_HP_LC,CAHLCHP,abbreviation,auto_rule
5247,735,BCA_CA_HP_LC,Công an Huyện LêChân - Hải Phng,typo_ocr,noise_injector
5248,735,BCA_CA_HP_LC,Công an HuyệnLê Chân - Hải Phòng,typo_ocr,noise_injector
5249,736,BCA_CA_HP_AD,Công an Huyện An Dương - Hải Phòng,canonical,manual_registry
5250,736,BCA_CA_HP_AD,CAH An Dương - Hải Phòng,abbreviation,domain_rules
5251,736,BCA_CA_HP_AD,Công an H. An Dương - Hải Phòng,alias,domain_rules
5252,736,BCA_CA_HP_AD,Cong an Huyen An Duong - Hai Phong,no_accent,auto_rule
5253,736,BCA_CA_HP_AD,CAHADHP,abbreviation,auto_rule
5254,736,BCA_CA_HP_AD,Công an Huyện A Dương - Hải Phòng,typo_ocr,noise_injector
5255,737,BCA_CA_DNAI_BH,Công an Huyện Biên Hòa - Đồng Nai,canonical,manual_registry
5256,737,BCA_CA_DNAI_BH,CAH Biên Hòa - Đồng Nai,abbreviation,domain_rules
5257,737,BCA_CA_DNAI_BH,Công an H. Biên Hòa - Đồng Nai,alias,domain_rules
5258,737,BCA_CA_DNAI_BH,Cong an Huyen Bien Hoa - Đong Nai,no_accent,auto_rule
5259,737,BCA_CA_DNAI_BH,CAHBHĐN,abbreviation,auto_rule
5260,737,BCA_CA_DNAI_BH,Công an Huyn Biên Hòa - Đồng Nai,typo_ocr,noise_injector
5261,737,BCA_CA_DNAI_BH,Công an Huyện Biên Ha - Đồng Nai,typo_ocr,noise_injector
5262,738,BCA_CA_DNAI_LK,Công an Huyện Long Khánh - Đồng Nai,canonical,manual_registry
5263,738,BCA_CA_DNAI_LK,CAH Long Khánh - Đồng Nai,abbreviation,domain_rules
5264,738,BCA_CA_DNAI_LK,Công an H. Long Khánh - Đồng Nai,alias,domain_rules
5265,738,BCA_CA_DNAI_LK,Cong an Huyen Long Khanh - Đong Nai,no_accent,auto_rule
5266,738,BCA_CA_DNAI_LK,CAHLKĐN,abbreviation,auto_rule
5267,738,BCA_CA_DNAI_LK,Công an Huyện Long Khánh- Đồng Nai,typo_ocr,noise_injector
5268,739,BCA_CA_DNAI_LT,Công an Huyện Long Thành - Đồng Nai,canonical,manual_registry
5269,739,BCA_CA_DNAI_LT,CAH Long Thành - Đồng Nai,abbreviation,domain_rules
5270,739,BCA_CA_DNAI_LT,Công an H. Long Thành - Đồng Nai,alias,domain_rules
5271,739,BCA_CA_DNAI_LT,Cong an Huyen Long Thanh - Đong Nai,no_accent,auto_rule
5272,739,BCA_CA_DNAI_LT,CAHLTĐN,abbreviation,auto_rule
5273,739,BCA_CA_DNAI_LT,Công an Huyện Log Thành - Đồng Nai,typo_ocr,noise_injector
5274,740,BCA_CA_DNAI_TRB,Công an Huyện Trảng Bom - Đồng Nai,canonical,manual_registry
5275,740,BCA_CA_DNAI_TRB,CAH Trảng Bom - Đồng Nai,abbreviation,domain_rules
5276,740,BCA_CA_DNAI_TRB,Công an H. Trảng Bom - Đồng Nai,alias,domain_rules
5277,740,BCA_CA_DNAI_TRB,Cong an Huyen Trang Bom - Đong Nai,no_accent,auto_rule
5278,740,BCA_CA_DNAI_TRB,CAHTBĐN,abbreviation,auto_rule
5279,741,BCA_CA_BD_TDM,Công an Huyện Thủ Dầu Một - Bình Dương,canonical,manual_registry
5280,741,BCA_CA_BD_TDM,CAH Thủ Dầu Một - Bình Dương,abbreviation,domain_rules
5281,741,BCA_CA_BD_TDM,Công an H. Thủ Dầu Một - Bình Dương,alias,domain_rules
5282,741,BCA_CA_BD_TDM,Cong an Huyen Thu Dau Mot - Binh Duong,no_accent,auto_rule
5283,741,BCA_CA_BD_TDM,CAHTDMBD,abbreviation,auto_rule
5284,741,BCA_CA_BD_TDM,Côg an Huyện Thủ Dầu Một - ình Dương,typo_ocr,noise_injector
5285,742,BCA_CA_BD_DA,Công an Huyện Dĩ An - Bình Dương,canonical,manual_registry
5286,742,BCA_CA_BD_DA,CAH Dĩ An - Bình Dương,abbreviation,domain_rules
5287,742,BCA_CA_BD_DA,Công an H. Dĩ An - Bình Dương,alias,domain_rules
5288,742,BCA_CA_BD_DA,Cong an Huyen Di An - Binh Duong,no_accent,auto_rule
5289,742,BCA_CA_BD_DA,CAHDABD,abbreviation,auto_rule
5290,742,BCA_CA_BD_DA,Công an Hyện Dĩ An - Bình Dương,typo_ocr,noise_injector
5291,742,BCA_CA_BD_DA,Công an Huyện Dĩ An - ình Dương,typo_ocr,noise_injector
5292,743,BCA_CA_BD_TA,Công an Huyện Thuận An - Bình Dương,canonical,manual_registry
5293,743,BCA_CA_BD_TA,CAH Thuận An - Bình Dương,abbreviation,domain_rules
5294,743,BCA_CA_BD_TA,Công an H. Thuận An - Bình Dương,alias,domain_rules
5295,743,BCA_CA_BD_TA,Cong an Huyen Thuan An - Binh Duong,no_accent,auto_rule
5296,743,BCA_CA_BD_TA,CAHTABD,abbreviation,auto_rule
5297,743,BCA_CA_BD_TA,Công n Huyện ThậnAn -Bình Dương,typo_ocr,noise_injector
5298,744,BCA_CA_BD_BCT,Công an Huyện Bến Cát - Bình Dương,canonical,manual_registry
5299,744,BCA_CA_BD_BCT,CAH Bến Cát - Bình Dương,abbreviation,domain_rules
5300,744,BCA_CA_BD_BCT,Công an H. Bến Cát - Bình Dương,alias,domain_rules
5301,744,BCA_CA_BD_BCT,Cong an Huyen Ben Cat - Binh Duong,no_accent,auto_rule
5302,744,BCA_CA_BD_BCT,CAHBCBD,abbreviation,auto_rule
5303,745,BQP_BTTM,Bộ Tổng Tham mưu Quân đội nhân dân Việt Nam,canonical,manual_registry
5304,745,BQP_BTTM,BTTM,abbreviation,manual_domain
5305,745,BQP_BTTM,Bộ Tổng Tham mưu,alias,manual_domain
5306,745,BQP_BTTM,BTT Mưu,typo_ocr,manual_domain
5307,745,BQP_BTTM,Bo Tong Tham muu Quan đoi nhan dan Viet Nam,no_accent,auto_rule
5308,745,BQP_BTTM,BTTMVN,abbreviation,auto_rule
5309,745,BQP_BTTM,Bộ Tổng Tham mưu Quân đi nhân dân Việt Nam,typo_ocr,noise_injector
5310,746,BQP_TCCT,Tổng cục Chính trị Quân đội nhân dân Việt Nam,canonical,manual_registry
5311,746,BQP_TCCT,TCCT,abbreviation,manual_domain
5312,746,BQP_TCCT,Tổng cục Chính trị,alias,manual_domain
5313,746,BQP_TCCT,Tong cuc Chinh tri Quan đoi nhan dan Viet Nam,no_accent,auto_rule
5314,746,BQP_TCCT,TCCTVN,abbreviation,auto_rule
5315,747,BQP_TCHQ,Tổng cục Hậu cần,canonical,manual_registry
5316,747,BQP_TCHQ,Tong cuc Hau can,no_accent,auto_rule
5317,747,BQP_TCHQ,TCHC,abbreviation,auto_rule
5318,747,BQP_TCHQ,ổng cục Hậu cần,typo_ocr,noise_injector
5319,748,BQP_TCKT,Tổng cục Kỹ thuật,canonical,manual_registry
5320,748,BQP_TCKT,Tong cuc Ky thuat,no_accent,auto_rule
5321,748,BQP_TCKT,TCKT,abbreviation,auto_rule
5322,748,BQP_TCKT,Tổng cục Kỹ tuật,typo_ocr,noise_injector
5323,749,BQP_TCCNQP,Tổng cục Công nghiệp Quốc phòng,canonical,manual_registry
5324,749,BQP_TCCNQP,Tong cuc Cong nghiep Quoc phong,no_accent,auto_rule
5325,749,BQP_TCCNQP,TCCNQP,abbreviation,auto_rule
5326,749,BQP_TCCNQP,Tổng cục Cng nghiệp Quốc phòng,typo_ocr,noise_injector
5327,750,BQP_BTL_QK1,Bộ Tư lệnh Quân khu 1,canonical,manual_registry
5328,750,BQP_BTL_QK1,Bo Tu lenh Quan khu 1,no_accent,auto_rule
5329,750,BQP_BTL_QK1,BTLK,abbreviation,auto_rule
5330,750,BQP_BTL_QK1,Bộ Tưlệh Quân khu 1,typo_ocr,noise_injector
5331,750,BQP_BTL_QK1,B Tư lệnh Quân khu 1,typo_ocr,noise_injector
5332,751,BQP_BTL_QK2,Bộ Tư lệnh Quân khu 2,canonical,manual_registry
5333,751,BQP_BTL_QK2,Bo Tu lenh Quan khu 2,no_accent,auto_rule
5334,751,BQP_BTL_QK2,BTLK,abbreviation,auto_rule
5335,752,BQP_BTL_QK3,Bộ Tư lệnh Quân khu 3,canonical,manual_registry
5336,752,BQP_BTL_QK3,Bo Tu lenh Quan khu 3,no_accent,auto_rule
5337,752,BQP_BTL_QK3,BTLK,abbreviation,auto_rule
5338,753,BQP_BTL_QK4,Bộ Tư lệnh Quân khu 4,canonical,manual_registry
5339,753,BQP_BTL_QK4,Bo Tu lenh Quan khu 4,no_accent,auto_rule
5340,753,BQP_BTL_QK4,BTLK,abbreviation,auto_rule
5341,753,BQP_BTL_QK4,Bộ Tư lnh Quân kh 4,typo_ocr,noise_injector
5342,754,BQP_BTL_QK5,Bộ Tư lệnh Quân khu 5,canonical,manual_registry
5343,754,BQP_BTL_QK5,Bo Tu lenh Quan khu 5,no_accent,auto_rule
5344,754,BQP_BTL_QK5,BTLK,abbreviation,auto_rule
5345,754,BQP_BTL_QK5,ộ Tư lệnh Quân khu 5,typo_ocr,noise_injector
5346,755,BQP_BTL_QK7,Bộ Tư lệnh Quân khu 7,canonical,manual_registry
5347,755,BQP_BTL_QK7,Bo Tu lenh Quan khu 7,no_accent,auto_rule
5348,755,BQP_BTL_QK7,BTLK,abbreviation,auto_rule
5349,755,BQP_BTL_QK7,B Tư lệnh Quân khu 7,typo_ocr,noise_injector
5350,756,BQP_BTL_QK9,Bộ Tư lệnh Quân khu 9,canonical,manual_registry
5351,756,BQP_BTL_QK9,Bo Tu lenh Quan khu 9,no_accent,auto_rule
5352,756,BQP_BTL_QK9,BTLK,abbreviation,auto_rule
5353,756,BQP_BTL_QK9,Bộ Tư lệh Quân khu 9,typo_ocr,noise_injector
5354,757,BQP_BTL_TDHN,Bộ Tư lệnh Thủ đô Hà Nội,canonical,manual_registry
5355,757,BQP_BTL_TDHN,BTL Thủ đô,abbreviation,manual_domain
5356,757,BQP_BTL_TDHN,Bộ TL Thủ đô HN,alias,manual_domain
5357,757,BQP_BTL_TDHN,Bộ Tư lệnh Thủ đô,alias,manual_domain
5358,757,BQP_BTL_TDHN,Bo Tu lenh Thu đo Ha Noi,no_accent,auto_rule
5359,757,BQP_BTL_TDHN,BTLTĐHN,abbreviation,auto_rule
5360,757,BQP_BTL_TDHN,Bộ Tư lnh Thủ đô Hà Nội,typo_ocr,noise_injector
5361,758,BQP_BTL_BDBP,Bộ Tư lệnh Bộ đội Biên phòng,canonical,manual_registry
5362,758,BQP_BTL_BDBP,Bộ Tư lệnh BĐBP,abbreviation,domain_rules
5363,758,BQP_BTL_BDBP,Bộ Tư lệnh Biên phòng,alias,domain_rules
5364,758,BQP_BTL_BDBP,Bo Tu lenh Bo đoi Bien phong,no_accent,auto_rule
5365,758,BQP_BTL_BDBP,BTLBBP,abbreviation,auto_rule
5366,758,BQP_BTL_BDBP,Bộ Tư lệnh ộ đội Biên phòng,typo_ocr,noise_injector
5367,758,BQP_BTL_BDBP,Bộ Tưlệh Bộ đội Biên phòng,typo_ocr,noise_injector
5368,759,BQP_BTL_CSB,Bộ Tư lệnh Cảnh sát biển Việt Nam,canonical,manual_registry
5369,759,BQP_BTL_CSB,Bo Tu lenh Canh sat bien Viet Nam,no_accent,auto_rule
5370,759,BQP_BTL_CSB,BTLCSBVN,abbreviation,auto_rule
5371,760,BQP_QD1,Quân đoàn 1 (Binh đoàn Quyết Thắng),canonical,manual_registry
5372,760,BQP_QD1,Quân đoàn 1,alias,manual_domain
5373,760,BQP_QD1,QĐ 1,abbreviation,manual_domain
5374,760,BQP_QD1,QD1,short_code,manual_domain
5375,760,BQP_QD1,Binh đoàn Quyết Thắng,alias,manual_domain
5376,760,BQP_QD1,Quan đoan 1 (Binh đoan Quyet Thang),no_accent,auto_rule
5377,760,BQP_QD1,Đ(ĐQT,abbreviation,auto_rule
5378,760,BQP_QD1,Quân đoàn 1 (Binh đoàn Quết Thắng),typo_ocr,noise_injector
5379,761,BQP_QD2,Quân đoàn 2 (Binh đoàn Hương Giang),canonical,manual_registry
5380,761,BQP_QD2,Quân đoàn 2,alias,manual_domain
5381,761,BQP_QD2,QĐ 2,abbreviation,manual_domain
5382,761,BQP_QD2,QD2,short_code,manual_domain
5383,761,BQP_QD2,Binh đoàn Hương Giang,alias,manual_domain
5384,761,BQP_QD2,Quan đoan 2 (Binh đoan Huong Giang),no_accent,auto_rule
5385,761,BQP_QD2,Đ(ĐHG,abbreviation,auto_rule
5386,762,BQP_QD3,Quân đoàn 3 (Binh đoàn Tây Nguyên),canonical,manual_registry
5387,762,BQP_QD3,Quân đoàn 3,alias,manual_domain
5388,762,BQP_QD3,QĐ 3,abbreviation,manual_domain
5389,762,BQP_QD3,Binh đoàn Tây Nguyên,alias,manual_domain
5390,762,BQP_QD3,Quan đoan 3 (Binh đoan Tay Nguyen),no_accent,auto_rule
5391,762,BQP_QD3,Đ(ĐTN,abbreviation,auto_rule
5392,763,BQP_QD4,Quân đoàn 4 (Binh đoàn Cửu Long),canonical,manual_registry
5393,763,BQP_QD4,Quân đoàn 4,alias,manual_domain
5394,763,BQP_QD4,QĐ 4,abbreviation,manual_domain
5395,763,BQP_QD4,Binh đoàn Cửu Long,alias,manual_domain
5396,763,BQP_QD4,Quan đoan 4 (Binh đoan Cuu Long),no_accent,auto_rule
5397,763,BQP_QD4,Đ(ĐCL,abbreviation,auto_rule
5398,764,BQP_F308,Sư đoàn 308 Quân đoàn 1,canonical,manual_registry
5399,764,BQP_F308,Sư đoàn 308,alias,manual_domain
5400,764,BQP_F308,f308,abbreviation,manual_domain
5401,764,BQP_F308,Su doan 308,no_accent,manual_domain
5402,764,BQP_F308,Su đoan 308 Quan đoan 1,no_accent,auto_rule
5403,764,BQP_F308,SĐ3Đ,abbreviation,auto_rule
5404,765,BQP_F312,Sư đoàn 312 Quân đoàn 1,canonical,manual_registry
5405,765,BQP_F312,Sư đoàn 312,alias,manual_domain
5406,765,BQP_F312,f312,abbreviation,manual_domain
5407,765,BQP_F312,Su đoan 312 Quan đoan 1,no_accent,auto_rule
5408,765,BQP_F312,SĐ3Đ,abbreviation,auto_rule
5409,765,BQP_F312,Sư đoàn 312 Qun đoàn 1,typo_ocr,noise_injector
5410,765,BQP_F312,Sư đoàn 312Quân đoàn,typo_ocr,noise_injector
5411,766,BQP_E141,Trung đoàn 141 Sư đoàn 312,canonical,manual_registry
5412,766,BQP_E141,Trung đoàn 141,alias,manual_domain
5413,766,BQP_E141,e141,abbreviation,manual_domain
5414,766,BQP_E141,e141 f312,short_code,manual_domain
5415,766,BQP_E141,Trung đoan 141 Su đoan 312,no_accent,auto_rule
5416,766,BQP_E141,TĐ1SĐ3,abbreviation,auto_rule
5417,766,BQP_E141,Trung đàn 141 Sưđoàn 312,typo_ocr,noise_injector
5418,767,BQP_HVQP,Học viện Quốc phòng,canonical,manual_registry
5419,767,BQP_HVQP,Hoc vien Quoc phong,no_accent,auto_rule
5420,767,BQP_HVQP,HVQP,abbreviation,auto_rule
5421,767,BQP_HVQP,Học viện Quốc phò,typo_ocr,noise_injector
5422,768,BQP_HVKTHS,Học viện Kỹ thuật Quân sự,canonical,manual_registry
5423,768,BQP_HVKTHS,Hoc vien Ky thuat Quan su,no_accent,auto_rule
5424,768,BQP_HVKTHS,HVKTS,abbreviation,auto_rule
5425,768,BQP_HVKTHS,ọc viện Kỹ thuật Quân sự,typo_ocr,noise_injector
5426,768,BQP_HVKTHS,Học viện Kỹ thuật Qân sự,typo_ocr,noise_injector
5427,769,BQP_HVQY,Học viện Quân y,canonical,manual_registry
5428,769,BQP_HVQY,Hoc vien Quan y,no_accent,auto_rule
5429,769,BQP_HVQY,HV,abbreviation,auto_rule
5430,769,BQP_HVQY,Học viện Quâ y,typo_ocr,noise_injector
5431,770,BQP_BV108,Bệnh viện Trung ương Quân đội 108,canonical,manual_registry
5432,770,BQP_BV108,BV 108,alias,manual_domain
5433,770,BQP_BV108,Viện 108,alias,manual_domain
5434,770,BQP_BV108,BV TƯQĐ 108,abbreviation,manual_domain
5435,770,BQP_BV108,Bệnh viện 108,alias,manual_domain
5436,770,BQP_BV108,Benh vien Trung uong Quan đoi 108,no_accent,auto_rule
5437,770,BQP_BV108,BVTƯ1,abbreviation,auto_rule
5438,771,BQP_BV103,Bệnh viện Quân y 103,canonical,manual_registry
5439,771,BQP_BV103,BV Quân y 103,alias,manual_domain
5440,771,BQP_BV103,Viện 103,alias,manual_domain
5441,771,BQP_BV103,BV 103,alias,manual_domain
5442,771,BQP_BV103,Benh vien Quan y 103,no_accent,auto_rule
5443,771,BQP_BV103,BV1,abbreviation,auto_rule
5444,771,BQP_BV103,Bnh viện Quân y 103,typo_ocr,noise_injector
5445,772,BQP_BV175,Bệnh viện Quân y 175,canonical,manual_registry
5446,772,BQP_BV175,BV Quân y 175,alias,manual_domain
5447,772,BQP_BV175,Viện 175,alias,manual_domain
5448,772,BQP_BV175,BV 175,alias,manual_domain
5449,772,BQP_BV175,Benh vien Quan y 175,no_accent,auto_rule
5450,772,BQP_BV175,BV1,abbreviation,auto_rule
5451,772,BQP_BV175,ệnh viện Quân y 175,typo_ocr,noise_injector
5452,773,BQP_BCH_HN,Bộ Chỉ huy Quân sự Hà Nội,canonical,manual_registry
5453,773,BQP_BCH_HN,BCHQS Hà Nội,abbreviation,domain_rules
5454,773,BQP_BCH_HN,Bộ CHQS Hà Nội,alias,domain_rules
5455,773,BQP_BCH_HN,BCH Quân sự Hà Nội,alias,domain_rules
5456,773,BQP_BCH_HN,Bo Chi huy Quan su Ha Noi,no_accent,auto_rule
5457,773,BQP_BCH_HN,BCHSHN,abbreviation,auto_rule
5458,774,BQP_BDBP_HN,Bộ Chỉ huy Bộ đội Biên phòng Hà Nội,canonical,manual_registry
5459,774,BQP_BDBP_HN,BĐBP Hà Nội,abbreviation,domain_rules
5460,774,BQP_BDBP_HN,Biên phòng Hà Nội,alias,domain_rules
5461,774,BQP_BDBP_HN,Bộ Chỉ huy BĐBP Hà Nội,abbreviation,domain_rules
5462,774,BQP_BDBP_HN,Bộ Chỉ huy Biên phòng Hà Nội,alias,domain_rules
5463,774,BQP_BDBP_HN,Bo Chi huy Bo đoi Bien phong Ha Noi,no_accent,auto_rule
5464,774,BQP_BDBP_HN,BCHBBPHN,abbreviation,auto_rule
5465,774,BQP_BDBP_HN,Bộ Chỉ huy Bộ độ Biên phòng Hà Nội,typo_ocr,noise_injector
5466,775,BQP_BCH_HTAY,Bộ Chỉ huy Quân sự Hà Tây,canonical,manual_registry
5467,775,BQP_BCH_HTAY,BCHQS Hà Tây,abbreviation,domain_rules
5468,775,BQP_BCH_HTAY,Bộ CHQS Hà Tây,alias,domain_rules
5469,775,BQP_BCH_HTAY,BCH Quân sự Hà Tây,alias,domain_rules
5470,775,BQP_BCH_HTAY,Bo Chi huy Quan su Ha Tay,no_accent,auto_rule
5471,775,BQP_BCH_HTAY,BCHSHT,abbreviation,auto_rule
5472,776,BQP_BCH_HCM,Bộ Chỉ huy Quân sự Thành phố Hồ Chí Minh,canonical,manual_registry
5473,776,BQP_BCH_HCM,BCHQS Thành phố Hồ Chí Minh,abbreviation,domain_rules
5474,776,BQP_BCH_HCM,Bộ CHQS Thành phố Hồ Chí Minh,alias,domain_rules
5475,776,BQP_BCH_HCM,BCH Quân sự Thành phố Hồ Chí Minh,alias,domain_rules
5476,776,BQP_BCH_HCM,Bo Chi huy Quan su Thanh pho Ho Chi Minh,no_accent,auto_rule
5477,776,BQP_BCH_HCM,BCHSTPHCM,abbreviation,auto_rule
5478,776,BQP_BCH_HCM,Bộ Chỉ huy Quân sự Thành phố Hồ hí Minh,typo_ocr,noise_injector
5479,776,BQP_BCH_HCM,Bộ Cỉ huy Quân sự Thành phố Hồ Chí Minh,typo_ocr,noise_injector
5480,777,BQP_BDBP_HCM,Bộ Chỉ huy Bộ đội Biên phòng Thành phố Hồ Chí Minh,canonical,manual_registry
5481,777,BQP_BDBP_HCM,BĐBP Thành phố Hồ Chí Minh,abbreviation,domain_rules
5482,777,BQP_BDBP_HCM,Biên phòng Thành phố Hồ Chí Minh,alias,domain_rules
5483,777,BQP_BDBP_HCM,Bộ Chỉ huy BĐBP Thành phố Hồ Chí Minh,abbreviation,domain_rules
5484,777,BQP_BDBP_HCM,Bộ Chỉ huy Biên phòng Thành phố Hồ Chí Minh,alias,domain_rules
5485,777,BQP_BDBP_HCM,Bo Chi huy Bo đoi Bien phong Thanh pho Ho Chi Minh,no_accent,auto_rule
5486,777,BQP_BDBP_HCM,BCHBBPTPHCM,abbreviation,auto_rule
5487,777,BQP_BDBP_HCM,Bộ Chỉ huy Bộ ội Biên phòng Thành phố ồ Chí Minh,typo_ocr,noise_injector
5488,777,BQP_BDBP_HCM,Bộ hỉ huy Bộ đội Biên phòng Thành phố Hồ Chí Minh,typo_ocr,noise_injector
5489,778,BQP_BCH_DN,Bộ Chỉ huy Quân sự Đà Nẵng,canonical,manual_registry
5490,778,BQP_BCH_DN,BCHQS Đà Nẵng,abbreviation,domain_rules
5491,778,BQP_BCH_DN,Bộ CHQS Đà Nẵng,alias,domain_rules
5492,778,BQP_BCH_DN,BCH Quân sự Đà Nẵng,alias,domain_rules
5493,778,BQP_BCH_DN,Bo Chi huy Quan su Đa Nang,no_accent,auto_rule
5494,778,BQP_BCH_DN,BCHSĐN,abbreviation,auto_rule
5495,778,BQP_BCH_DN,Bộ Chỉ huy Quâ sự Đà Nẵng,typo_ocr,noise_injector
5496,779,BQP_BDBP_DN,Bộ Chỉ huy Bộ đội Biên phòng Đà Nẵng,canonical,manual_registry
5497,779,BQP_BDBP_DN,BĐBP Đà Nẵng,abbreviation,domain_rules
5498,779,BQP_BDBP_DN,Biên phòng Đà Nẵng,alias,domain_rules
5499,779,BQP_BDBP_DN,Bộ Chỉ huy BĐBP Đà Nẵng,abbreviation,domain_rules
5500,779,BQP_BDBP_DN,Bộ Chỉ huy Biên phòng Đà Nẵng,alias,domain_rules
5501,779,BQP_BDBP_DN,Bo Chi huy Bo đoi Bien phong Đa Nang,no_accent,auto_rule
5502,779,BQP_BDBP_DN,BCHBBPĐN,abbreviation,auto_rule
5503,779,BQP_BDBP_DN,Bộ Chỉ huy Bộđội Biên phòng ĐàNẵng,typo_ocr,noise_injector
5504,780,BQP_BCH_HP,Bộ Chỉ huy Quân sự Hải Phòng,canonical,manual_registry
5505,780,BQP_BCH_HP,BCHQS Hải Phòng,abbreviation,domain_rules
5506,780,BQP_BCH_HP,Bộ CHQS Hải Phòng,alias,domain_rules
5507,780,BQP_BCH_HP,BCH Quân sự Hải Phòng,alias,domain_rules
5508,780,BQP_BCH_HP,Bo Chi huy Quan su Hai Phong,no_accent,auto_rule
5509,780,BQP_BCH_HP,BCHSHP,abbreviation,auto_rule
5510,781,BQP_BDBP_HP,Bộ Chỉ huy Bộ đội Biên phòng Hải Phòng,canonical,manual_registry
5511,781,BQP_BDBP_HP,BĐBP Hải Phòng,abbreviation,domain_rules
5512,781,BQP_BDBP_HP,Biên phòng Hải Phòng,alias,domain_rules
5513,781,BQP_BDBP_HP,Bộ Chỉ huy BĐBP Hải Phòng,abbreviation,domain_rules
5514,781,BQP_BDBP_HP,Bộ Chỉ huy Biên phòng Hải Phòng,alias,domain_rules
5515,781,BQP_BDBP_HP,Bo Chi huy Bo đoi Bien phong Hai Phong,no_accent,auto_rule
5516,781,BQP_BDBP_HP,BCHBBPHP,abbreviation,auto_rule
5517,782,BQP_BCH_CT,Bộ Chỉ huy Quân sự Cần Thơ,canonical,manual_registry
5518,782,BQP_BCH_CT,BCHQS Cần Thơ,abbreviation,domain_rules
5519,782,BQP_BCH_CT,Bộ CHQS Cần Thơ,alias,domain_rules
5520,782,BQP_BCH_CT,BCH Quân sự Cần Thơ,alias,domain_rules
5521,782,BQP_BCH_CT,Bo Chi huy Quan su Can Tho,no_accent,auto_rule
5522,782,BQP_BCH_CT,BCHSCT,abbreviation,auto_rule
5523,783,BQP_BDBP_CT,Bộ Chỉ huy Bộ đội Biên phòng Cần Thơ,canonical,manual_registry
5524,783,BQP_BDBP_CT,BĐBP Cần Thơ,abbreviation,domain_rules
5525,783,BQP_BDBP_CT,Biên phòng Cần Thơ,alias,domain_rules
5526,783,BQP_BDBP_CT,Bộ Chỉ huy BĐBP Cần Thơ,abbreviation,domain_rules
5527,783,BQP_BDBP_CT,Bộ Chỉ huy Biên phòng Cần Thơ,alias,domain_rules
5528,783,BQP_BDBP_CT,Bo Chi huy Bo đoi Bien phong Can Tho,no_accent,auto_rule
5529,783,BQP_BDBP_CT,BCHBBPCT,abbreviation,auto_rule
5530,784,BQP_BCH_DNAI,Bộ Chỉ huy Quân sự Đồng Nai,canonical,manual_registry
5531,784,BQP_BCH_DNAI,BCHQS Đồng Nai,abbreviation,domain_rules
5532,784,BQP_BCH_DNAI,Bộ CHQS Đồng Nai,alias,domain_rules
5533,784,BQP_BCH_DNAI,BCH Quân sự Đồng Nai,alias,domain_rules
5534,784,BQP_BCH_DNAI,Bo Chi huy Quan su Đong Nai,no_accent,auto_rule
5535,784,BQP_BCH_DNAI,BCHSĐN,abbreviation,auto_rule
5536,785,BQP_BDBP_DNAI,Bộ Chỉ huy Bộ đội Biên phòng Đồng Nai,canonical,manual_registry
5537,785,BQP_BDBP_DNAI,BĐBP Đồng Nai,abbreviation,domain_rules
5538,785,BQP_BDBP_DNAI,Biên phòng Đồng Nai,alias,domain_rules
5539,785,BQP_BDBP_DNAI,Bộ Chỉ huy BĐBP Đồng Nai,abbreviation,domain_rules
5540,785,BQP_BDBP_DNAI,Bộ Chỉ huy Biên phòng Đồng Nai,alias,domain_rules
5541,785,BQP_BDBP_DNAI,Bo Chi huy Bo đoi Bien phong Đong Nai,no_accent,auto_rule
5542,785,BQP_BDBP_DNAI,BCHBBPĐN,abbreviation,auto_rule
5543,786,BQP_BCH_BD,Bộ Chỉ huy Quân sự Bình Dương,canonical,manual_registry
5544,786,BQP_BCH_BD,BCHQS Bình Dương,abbreviation,domain_rules
5545,786,BQP_BCH_BD,Bộ CHQS Bình Dương,alias,domain_rules
5546,786,BQP_BCH_BD,BCH Quân sự Bình Dương,alias,domain_rules
5547,786,BQP_BCH_BD,Bo Chi huy Quan su Binh Duong,no_accent,auto_rule
5548,786,BQP_BCH_BD,BCHSBD,abbreviation,auto_rule
5549,786,BQP_BCH_BD,Bộ Chỉ huy Quân s Bình Dương,typo_ocr,noise_injector
5550,787,BQP_BDBP_BD,Bộ Chỉ huy Bộ đội Biên phòng Bình Dương,canonical,manual_registry
5551,787,BQP_BDBP_BD,BĐBP Bình Dương,abbreviation,domain_rules
5552,787,BQP_BDBP_BD,Biên phòng Bình Dương,alias,domain_rules
5553,787,BQP_BDBP_BD,Bộ Chỉ huy BĐBP Bình Dương,abbreviation,domain_rules
5554,787,BQP_BDBP_BD,Bộ Chỉ huy Biên phòng Bình Dương,alias,domain_rules
5555,787,BQP_BDBP_BD,Bo Chi huy Bo đoi Bien phong Binh Duong,no_accent,auto_rule
5556,787,BQP_BDBP_BD,BCHBBPBD,abbreviation,auto_rule
5557,787,BQP_BDBP_BD,Bộ Chỉ huy Bộ đội Biênphòng Bình Dương,typo_ocr,noise_injector
5558,788,BQP_BCH_VT,Bộ Chỉ huy Quân sự Bà Rịa - Vũng Tàu,canonical,manual_registry
5559,788,BQP_BCH_VT,BCHQS Bà Rịa - Vũng Tàu,abbreviation,domain_rules
5560,788,BQP_BCH_VT,Bộ CHQS Bà Rịa - Vũng Tàu,alias,domain_rules
5561,788,BQP_BCH_VT,BCH Quân sự Bà Rịa - Vũng Tàu,alias,domain_rules
5562,788,BQP_BCH_VT,Bo Chi huy Quan su Ba Ria - Vung Tau,no_accent,auto_rule
5563,788,BQP_BCH_VT,BCHSBRVT,abbreviation,auto_rule
5564,788,BQP_BCH_VT,Bộ Chỉhuy Quân sự Bà Rịa - Vũng Tàu,typo_ocr,noise_injector
5565,788,BQP_BCH_VT,Bộ Chỉ huy Quân sự Bà Ra - Vũng Tàu,typo_ocr,noise_injector
5566,789,BQP_BDBP_VT,Bộ Chỉ huy Bộ đội Biên phòng Bà Rịa - Vũng Tàu,canonical,manual_registry
5567,789,BQP_BDBP_VT,BĐBP Bà Rịa - Vũng Tàu,abbreviation,domain_rules
5568,789,BQP_BDBP_VT,Biên phòng Bà Rịa - Vũng Tàu,alias,domain_rules
5569,789,BQP_BDBP_VT,Bộ Chỉ huy BĐBP Bà Rịa - Vũng Tàu,abbreviation,domain_rules
5570,789,BQP_BDBP_VT,Bộ Chỉ huy Biên phòng Bà Rịa - Vũng Tàu,alias,domain_rules
5571,789,BQP_BDBP_VT,Bo Chi huy Bo đoi Bien phong Ba Ria - Vung Tau,no_accent,auto_rule
5572,789,BQP_BDBP_VT,BCHBBPBRVT,abbreviation,auto_rule
5573,789,BQP_BDBP_VT,Bộ Chỉ huy Bộ đội Biên pòng Bà Rịa - Vũng Tàu,typo_ocr,noise_injector
5574,789,BQP_BDBP_VT,Bộ Chỉ huy Bộ đội Biên phòng Bà Rịa - Vũng àu,typo_ocr,noise_injector
5575,790,BQP_BCH_TNI,Bộ Chỉ huy Quân sự Tây Ninh,canonical,manual_registry
5576,790,BQP_BCH_TNI,BCHQS Tây Ninh,abbreviation,domain_rules
5577,790,BQP_BCH_TNI,Bộ CHQS Tây Ninh,alias,domain_rules
5578,790,BQP_BCH_TNI,BCH Quân sự Tây Ninh,alias,domain_rules
5579,790,BQP_BCH_TNI,Bo Chi huy Quan su Tay Ninh,no_accent,auto_rule
5580,790,BQP_BCH_TNI,BCHSTN,abbreviation,auto_rule
5581,790,BQP_BCH_TNI,B Chỉ huy Quân sự Tây Ninh,typo_ocr,noise_injector
5582,791,BQP_BDBP_TNI,Bộ Chỉ huy Bộ đội Biên phòng Tây Ninh,canonical,manual_registry
5583,791,BQP_BDBP_TNI,BĐBP Tây Ninh,abbreviation,domain_rules
5584,791,BQP_BDBP_TNI,Biên phòng Tây Ninh,alias,domain_rules
5585,791,BQP_BDBP_TNI,Bộ Chỉ huy BĐBP Tây Ninh,abbreviation,domain_rules
5586,791,BQP_BDBP_TNI,Bộ Chỉ huy Biên phòng Tây Ninh,alias,domain_rules
5587,791,BQP_BDBP_TNI,Bo Chi huy Bo đoi Bien phong Tay Ninh,no_accent,auto_rule
5588,791,BQP_BDBP_TNI,BCHBBPTN,abbreviation,auto_rule
5589,791,BQP_BDBP_TNI,Bộ Chỉ huy Bộ đội Biê phòng Tây Ninh,typo_ocr,noise_injector
5590,791,BQP_BDBP_TNI,Bộ Chỉ huy Bộ đội Biên hòng Tây Ninh,typo_ocr,noise_injector
5591,792,BQP_BCH_BPC,Bộ Chỉ huy Quân sự Bình Phước,canonical,manual_registry
5592,792,BQP_BCH_BPC,BCHQS Bình Phước,abbreviation,domain_rules
5593,792,BQP_BCH_BPC,Bộ CHQS Bình Phước,alias,domain_rules
5594,792,BQP_BCH_BPC,BCH Quân sự Bình Phước,alias,domain_rules
5595,792,BQP_BCH_BPC,Bo Chi huy Quan su Binh Phuoc,no_accent,auto_rule
5596,792,BQP_BCH_BPC,BCHSBP,abbreviation,auto_rule
5597,792,BQP_BCH_BPC,Bộ Chỉhuy Quânsự Bình Phước,typo_ocr,noise_injector
5598,793,BQP_BCH_AGI,Bộ Chỉ huy Quân sự An Giang,canonical,manual_registry
5599,793,BQP_BCH_AGI,BCHQS An Giang,abbreviation,domain_rules
5600,793,BQP_BCH_AGI,Bộ CHQS An Giang,alias,domain_rules
5601,793,BQP_BCH_AGI,BCH Quân sự An Giang,alias,domain_rules
5602,793,BQP_BCH_AGI,Bo Chi huy Quan su An Giang,no_accent,auto_rule
5603,793,BQP_BCH_AGI,BCHSAG,abbreviation,auto_rule
5604,793,BQP_BCH_AGI,Bộ Chỉ huy Quân sự n Giang,typo_ocr,noise_injector
5605,793,BQP_BCH_AGI,Bộ Chỉ hu Quân sự An Giang,typo_ocr,noise_injector
5606,794,BQP_BDBP_AGI,Bộ Chỉ huy Bộ đội Biên phòng An Giang,canonical,manual_registry
5607,794,BQP_BDBP_AGI,BĐBP An Giang,abbreviation,manual_domain
5608,794,BQP_BDBP_AGI,Biên phòng An Giang,alias,manual_domain
5609,794,BQP_BDBP_AGI,Bộ Chỉ huy BĐBP An Giang,abbreviation,domain_rules
5610,794,BQP_BDBP_AGI,Bộ Chỉ huy Biên phòng An Giang,alias,domain_rules
5611,794,BQP_BDBP_AGI,Bo Chi huy Bo đoi Bien phong An Giang,no_accent,auto_rule
5612,794,BQP_BDBP_AGI,BCHBBPAG,abbreviation,auto_rule
5613,794,BQP_BDBP_AGI,Bộ Chỉ huy Bộ đội Biên phòng An Ging,typo_ocr,noise_injector
5614,795,BQP_BCH_KGI,Bộ Chỉ huy Quân sự Kiên Giang,canonical,manual_registry
5615,795,BQP_BCH_KGI,BCHQS Kiên Giang,abbreviation,domain_rules
5616,795,BQP_BCH_KGI,Bộ CHQS Kiên Giang,alias,domain_rules
5617,795,BQP_BCH_KGI,BCH Quân sự Kiên Giang,alias,domain_rules
5618,795,BQP_BCH_KGI,Bo Chi huy Quan su Kien Giang,no_accent,auto_rule
5619,795,BQP_BCH_KGI,BCHSKG,abbreviation,auto_rule
5620,795,BQP_BCH_KGI,B Chỉ huy Quâ sự Kiên Giang,typo_ocr,noise_injector
5621,796,BQP_BDBP_KGI,Bộ Chỉ huy Bộ đội Biên phòng Kiên Giang,canonical,manual_registry
5622,796,BQP_BDBP_KGI,BĐBP Kiên Giang,abbreviation,domain_rules
5623,796,BQP_BDBP_KGI,Biên phòng Kiên Giang,alias,domain_rules
5624,796,BQP_BDBP_KGI,Bộ Chỉ huy BĐBP Kiên Giang,abbreviation,domain_rules
5625,796,BQP_BDBP_KGI,Bộ Chỉ huy Biên phòng Kiên Giang,alias,domain_rules
5626,796,BQP_BDBP_KGI,Bo Chi huy Bo đoi Bien phong Kien Giang,no_accent,auto_rule
5627,796,BQP_BDBP_KGI,BCHBBPKG,abbreviation,auto_rule
5628,796,BQP_BDBP_KGI,Bộ Ch huy Bộ đội Biên phòng Kiên Giang,typo_ocr,noise_injector
5629,797,BQP_BCH_CM,Bộ Chỉ huy Quân sự Cà Mau,canonical,manual_registry
5630,797,BQP_BCH_CM,BCHQS Cà Mau,abbreviation,domain_rules
5631,797,BQP_BCH_CM,Bộ CHQS Cà Mau,alias,domain_rules
5632,797,BQP_BCH_CM,BCH Quân sự Cà Mau,alias,domain_rules
5633,797,BQP_BCH_CM,Bo Chi huy Quan su Ca Mau,no_accent,auto_rule
5634,797,BQP_BCH_CM,BCHSCM,abbreviation,auto_rule
5635,798,BQP_BDBP_CM,Bộ Chỉ huy Bộ đội Biên phòng Cà Mau,canonical,manual_registry
5636,798,BQP_BDBP_CM,BĐBP Cà Mau,abbreviation,domain_rules
5637,798,BQP_BDBP_CM,Biên phòng Cà Mau,alias,domain_rules
5638,798,BQP_BDBP_CM,Bộ Chỉ huy BĐBP Cà Mau,abbreviation,domain_rules
5639,798,BQP_BDBP_CM,Bộ Chỉ huy Biên phòng Cà Mau,alias,domain_rules
5640,798,BQP_BDBP_CM,Bo Chi huy Bo đoi Bien phong Ca Mau,no_accent,auto_rule
5641,798,BQP_BDBP_CM,BCHBBPCM,abbreviation,auto_rule
5642,798,BQP_BDBP_CM,Bộ Chỉ huy Bộ đội Biê phòng Cà Mau,typo_ocr,noise_injector
5643,798,BQP_BDBP_CM,Bộ Chỉ huy ộ ộiBiên phòng Cà Mau,typo_ocr,noise_injector
5644,799,BQP_BCH_HAG,Bộ Chỉ huy Quân sự Hậu Giang,canonical,manual_registry
5645,799,BQP_BCH_HAG,BCHQS Hậu Giang,abbreviation,domain_rules
5646,799,BQP_BCH_HAG,Bộ CHQS Hậu Giang,alias,domain_rules
5647,799,BQP_BCH_HAG,BCH Quân sự Hậu Giang,alias,domain_rules
5648,799,BQP_BCH_HAG,Bo Chi huy Quan su Hau Giang,no_accent,auto_rule
5649,799,BQP_BCH_HAG,BCHSHG,abbreviation,auto_rule
5650,799,BQP_BCH_HAG,Bộ Chỉ huy Quân s Hậu Giang,typo_ocr,noise_injector
5651,799,BQP_BCH_HAG,BộChỉ huy Quân sự Hậu Giang,typo_ocr,noise_injector
5652,800,BQP_BDBP_HAG,Bộ Chỉ huy Bộ đội Biên phòng Hậu Giang,canonical,manual_registry
5653,800,BQP_BDBP_HAG,BĐBP Hậu Giang,abbreviation,domain_rules
5654,800,BQP_BDBP_HAG,Biên phòng Hậu Giang,alias,domain_rules
5655,800,BQP_BDBP_HAG,Bộ Chỉ huy BĐBP Hậu Giang,abbreviation,domain_rules
5656,800,BQP_BDBP_HAG,Bộ Chỉ huy Biên phòng Hậu Giang,alias,domain_rules
5657,800,BQP_BDBP_HAG,Bo Chi huy Bo đoi Bien phong Hau Giang,no_accent,auto_rule
5658,800,BQP_BDBP_HAG,BCHBBPHG,abbreviation,auto_rule
5659,800,BQP_BDBP_HAG,Bộ hỉ huy Bộ đội Biên phòngHậu Giang,typo_ocr,noise_injector
5660,801,BQP_BCH_ST,Bộ Chỉ huy Quân sự Sóc Trăng,canonical,manual_registry
5661,801,BQP_BCH_ST,BCHQS Sóc Trăng,abbreviation,domain_rules
5662,801,BQP_BCH_ST,Bộ CHQS Sóc Trăng,alias,domain_rules
5663,801,BQP_BCH_ST,BCH Quân sự Sóc Trăng,alias,domain_rules
5664,801,BQP_BCH_ST,Bo Chi huy Quan su Soc Trang,no_accent,auto_rule
5665,801,BQP_BCH_ST,BCHSST,abbreviation,auto_rule
5666,801,BQP_BCH_ST,Bộ Chỉ huy Qân sự Sóc Trăng,typo_ocr,noise_injector
5667,802,BQP_BDBP_ST,Bộ Chỉ huy Bộ đội Biên phòng Sóc Trăng,canonical,manual_registry
5668,802,BQP_BDBP_ST,BĐBP Sóc Trăng,abbreviation,domain_rules
5669,802,BQP_BDBP_ST,Biên phòng Sóc Trăng,alias,domain_rules
5670,802,BQP_BDBP_ST,Bộ Chỉ huy BĐBP Sóc Trăng,abbreviation,domain_rules
5671,802,BQP_BDBP_ST,Bộ Chỉ huy Biên phòng Sóc Trăng,alias,domain_rules
5672,802,BQP_BDBP_ST,Bo Chi huy Bo đoi Bien phong Soc Trang,no_accent,auto_rule
5673,802,BQP_BDBP_ST,BCHBBPST,abbreviation,auto_rule
5674,802,BQP_BDBP_ST,Bộ Chỉ huy Bộ đội Biên hòng Sóc Trăng,typo_ocr,noise_injector
5675,803,BQP_BCH_BL,Bộ Chỉ huy Quân sự Bạc Liêu,canonical,manual_registry
5676,803,BQP_BCH_BL,BCHQS Bạc Liêu,abbreviation,domain_rules
5677,803,BQP_BCH_BL,Bộ CHQS Bạc Liêu,alias,domain_rules
5678,803,BQP_BCH_BL,BCH Quân sự Bạc Liêu,alias,domain_rules
5679,803,BQP_BCH_BL,Bo Chi huy Quan su Bac Lieu,no_accent,auto_rule
5680,803,BQP_BCH_BL,BCHSBL,abbreviation,auto_rule
5681,803,BQP_BCH_BL,Bộ Chỉ huy Quân ự Bạc Liêu,typo_ocr,noise_injector
5682,804,BQP_BDBP_BL,Bộ Chỉ huy Bộ đội Biên phòng Bạc Liêu,canonical,manual_registry
5683,804,BQP_BDBP_BL,BĐBP Bạc Liêu,abbreviation,domain_rules
5684,804,BQP_BDBP_BL,Biên phòng Bạc Liêu,alias,domain_rules
5685,804,BQP_BDBP_BL,Bộ Chỉ huy BĐBP Bạc Liêu,abbreviation,domain_rules
5686,804,BQP_BDBP_BL,Bộ Chỉ huy Biên phòng Bạc Liêu,alias,domain_rules
5687,804,BQP_BDBP_BL,Bo Chi huy Bo đoi Bien phong Bac Lieu,no_accent,auto_rule
5688,804,BQP_BDBP_BL,BCHBBPBL,abbreviation,auto_rule
5689,805,BQP_BCH_TV,Bộ Chỉ huy Quân sự Trà Vinh,canonical,manual_registry
5690,805,BQP_BCH_TV,BCHQS Trà Vinh,abbreviation,domain_rules
5691,805,BQP_BCH_TV,Bộ CHQS Trà Vinh,alias,domain_rules
5692,805,BQP_BCH_TV,BCH Quân sự Trà Vinh,alias,domain_rules
5693,805,BQP_BCH_TV,Bo Chi huy Quan su Tra Vinh,no_accent,auto_rule
5694,805,BQP_BCH_TV,BCHSTV,abbreviation,auto_rule
5695,806,BQP_BDBP_TV,Bộ Chỉ huy Bộ đội Biên phòng Trà Vinh,canonical,manual_registry
5696,806,BQP_BDBP_TV,BĐBP Trà Vinh,abbreviation,domain_rules
5697,806,BQP_BDBP_TV,Biên phòng Trà Vinh,alias,domain_rules
5698,806,BQP_BDBP_TV,Bộ Chỉ huy BĐBP Trà Vinh,abbreviation,domain_rules
5699,806,BQP_BDBP_TV,Bộ Chỉ huy Biên phòng Trà Vinh,alias,domain_rules
5700,806,BQP_BDBP_TV,Bo Chi huy Bo đoi Bien phong Tra Vinh,no_accent,auto_rule
5701,806,BQP_BDBP_TV,BCHBBPTV,abbreviation,auto_rule
5702,807,BQP_BCH_VL,Bộ Chỉ huy Quân sự Vĩnh Long,canonical,manual_registry
5703,807,BQP_BCH_VL,BCHQS Vĩnh Long,abbreviation,domain_rules
5704,807,BQP_BCH_VL,Bộ CHQS Vĩnh Long,alias,domain_rules
5705,807,BQP_BCH_VL,BCH Quân sự Vĩnh Long,alias,domain_rules
5706,807,BQP_BCH_VL,Bo Chi huy Quan su Vinh Long,no_accent,auto_rule
5707,807,BQP_BCH_VL,BCHSVL,abbreviation,auto_rule
5708,807,BQP_BCH_VL,Bộ Chỉ huy Quân sự Vĩnh Log,typo_ocr,noise_injector
5709,807,BQP_BCH_VL,Bộ hỉ huy Quâ sự Vĩnh Long,typo_ocr,noise_injector
5710,808,BQP_BDBP_VL,Bộ Chỉ huy Bộ đội Biên phòng Vĩnh Long,canonical,manual_registry
5711,808,BQP_BDBP_VL,BĐBP Vĩnh Long,abbreviation,domain_rules
5712,808,BQP_BDBP_VL,Biên phòng Vĩnh Long,alias,domain_rules
5713,808,BQP_BDBP_VL,Bộ Chỉ huy BĐBP Vĩnh Long,abbreviation,domain_rules
5714,808,BQP_BDBP_VL,Bộ Chỉ huy Biên phòng Vĩnh Long,alias,domain_rules
5715,808,BQP_BDBP_VL,Bo Chi huy Bo đoi Bien phong Vinh Long,no_accent,auto_rule
5716,808,BQP_BDBP_VL,BCHBBPVL,abbreviation,auto_rule
5717,808,BQP_BDBP_VL,Bộ Chỉ huy Bộ đội iên phòng Vĩnh ong,typo_ocr,noise_injector
5718,809,BQP_BCH_BT,Bộ Chỉ huy Quân sự Bến Tre,canonical,manual_registry
5719,809,BQP_BCH_BT,BCHQS Bến Tre,abbreviation,domain_rules
5720,809,BQP_BCH_BT,Bộ CHQS Bến Tre,alias,domain_rules
5721,809,BQP_BCH_BT,BCH Quân sự Bến Tre,alias,domain_rules
5722,809,BQP_BCH_BT,Bo Chi huy Quan su Ben Tre,no_accent,auto_rule
5723,809,BQP_BCH_BT,BCHSBT,abbreviation,auto_rule
5724,810,BQP_BDBP_BT,Bộ Chỉ huy Bộ đội Biên phòng Bến Tre,canonical,manual_registry
5725,810,BQP_BDBP_BT,BĐBP Bến Tre,abbreviation,domain_rules
5726,810,BQP_BDBP_BT,Biên phòng Bến Tre,alias,domain_rules
5727,810,BQP_BDBP_BT,Bộ Chỉ huy BĐBP Bến Tre,abbreviation,domain_rules
5728,810,BQP_BDBP_BT,Bộ Chỉ huy Biên phòng Bến Tre,alias,domain_rules
5729,810,BQP_BDBP_BT,Bo Chi huy Bo đoi Bien phong Ben Tre,no_accent,auto_rule
5730,810,BQP_BDBP_BT,BCHBBPBT,abbreviation,auto_rule
5731,811,BQP_BCH_TG,Bộ Chỉ huy Quân sự Tiền Giang,canonical,manual_registry
5732,811,BQP_BCH_TG,BCHQS Tiền Giang,abbreviation,domain_rules
5733,811,BQP_BCH_TG,Bộ CHQS Tiền Giang,alias,domain_rules
5734,811,BQP_BCH_TG,BCH Quân sự Tiền Giang,alias,domain_rules
5735,811,BQP_BCH_TG,Bo Chi huy Quan su Tien Giang,no_accent,auto_rule
5736,811,BQP_BCH_TG,BCHSTG,abbreviation,auto_rule
5737,811,BQP_BCH_TG,Bộ Chỉ huy Quân sự Tiền Gian,typo_ocr,noise_injector
5738,812,BQP_BDBP_TG,Bộ Chỉ huy Bộ đội Biên phòng Tiền Giang,canonical,manual_registry
5739,812,BQP_BDBP_TG,BĐBP Tiền Giang,abbreviation,domain_rules
5740,812,BQP_BDBP_TG,Biên phòng Tiền Giang,alias,domain_rules
5741,812,BQP_BDBP_TG,Bộ Chỉ huy BĐBP Tiền Giang,abbreviation,domain_rules
5742,812,BQP_BDBP_TG,Bộ Chỉ huy Biên phòng Tiền Giang,alias,domain_rules
5743,812,BQP_BDBP_TG,Bo Chi huy Bo đoi Bien phong Tien Giang,no_accent,auto_rule
5744,812,BQP_BDBP_TG,BCHBBPTG,abbreviation,auto_rule
5745,812,BQP_BDBP_TG,Bộ Chỉ huyBộ đội Biên phòng TiềnGiang,typo_ocr,noise_injector
5746,813,BQP_BCH_DT,Bộ Chỉ huy Quân sự Đồng Tháp,canonical,manual_registry
5747,813,BQP_BCH_DT,BCHQS Đồng Tháp,abbreviation,domain_rules
5748,813,BQP_BCH_DT,Bộ CHQS Đồng Tháp,alias,domain_rules
5749,813,BQP_BCH_DT,BCH Quân sự Đồng Tháp,alias,domain_rules
5750,813,BQP_BCH_DT,Bo Chi huy Quan su Đong Thap,no_accent,auto_rule
5751,813,BQP_BCH_DT,BCHSĐT,abbreviation,auto_rule
5752,814,BQP_BDBP_DT,Bộ Chỉ huy Bộ đội Biên phòng Đồng Tháp,canonical,manual_registry
5753,814,BQP_BDBP_DT,BĐBP Đồng Tháp,abbreviation,domain_rules
5754,814,BQP_BDBP_DT,Biên phòng Đồng Tháp,alias,domain_rules
5755,814,BQP_BDBP_DT,Bộ Chỉ huy BĐBP Đồng Tháp,abbreviation,domain_rules
5756,814,BQP_BDBP_DT,Bộ Chỉ huy Biên phòng Đồng Tháp,alias,domain_rules
5757,814,BQP_BDBP_DT,Bo Chi huy Bo đoi Bien phong Đong Thap,no_accent,auto_rule
5758,814,BQP_BDBP_DT,BCHBBPĐT,abbreviation,auto_rule
5759,814,BQP_BDBP_DT,Bộ Chỉ huy Bộđội Biên phòng Đồng Thá,typo_ocr,noise_injector
5760,815,BQP_BCH_LA,Bộ Chỉ huy Quân sự Long An,canonical,manual_registry
5761,815,BQP_BCH_LA,BCHQS Long An,abbreviation,domain_rules
5762,815,BQP_BCH_LA,Bộ CHQS Long An,alias,domain_rules
5763,815,BQP_BCH_LA,BCH Quân sự Long An,alias,domain_rules
5764,815,BQP_BCH_LA,Bo Chi huy Quan su Long An,no_accent,auto_rule
5765,815,BQP_BCH_LA,BCHSLA,abbreviation,auto_rule
5766,816,BQP_BDBP_LA,Bộ Chỉ huy Bộ đội Biên phòng Long An,canonical,manual_registry
5767,816,BQP_BDBP_LA,BĐBP Long An,abbreviation,domain_rules
5768,816,BQP_BDBP_LA,Biên phòng Long An,alias,domain_rules
5769,816,BQP_BDBP_LA,Bộ Chỉ huy BĐBP Long An,abbreviation,domain_rules
5770,816,BQP_BDBP_LA,Bộ Chỉ huy Biên phòng Long An,alias,domain_rules
5771,816,BQP_BDBP_LA,Bo Chi huy Bo đoi Bien phong Long An,no_accent,auto_rule
5772,816,BQP_BDBP_LA,BCHBBPLA,abbreviation,auto_rule
5773,816,BQP_BDBP_LA,Bộ Chỉ huy Bộ đội Biênphòng LongA,typo_ocr,noise_injector
5774,817,BQP_BCH_DLA,Bộ Chỉ huy Quân sự Đắk Lắk,canonical,manual_registry
5775,817,BQP_BCH_DLA,BCHQS Đắk Lắk,abbreviation,domain_rules
5776,817,BQP_BCH_DLA,Bộ CHQS Đắk Lắk,alias,domain_rules
5777,817,BQP_BCH_DLA,BCH Quân sự Đắk Lắk,alias,domain_rules
5778,817,BQP_BCH_DLA,Bo Chi huy Quan su Đak Lak,no_accent,auto_rule
5779,817,BQP_BCH_DLA,BCHSĐL,abbreviation,auto_rule
5780,817,BQP_BCH_DLA,Bộ Chỉ huy Quâ sự Đắk Lắk,typo_ocr,noise_injector
5781,818,BQP_BCH_GLA,Bộ Chỉ huy Quân sự Gia Lai,canonical,manual_registry
5782,818,BQP_BCH_GLA,BCHQS Gia Lai,abbreviation,domain_rules
5783,818,BQP_BCH_GLA,Bộ CHQS Gia Lai,alias,domain_rules
5784,818,BQP_BCH_GLA,BCH Quân sự Gia Lai,alias,domain_rules
5785,818,BQP_BCH_GLA,Bo Chi huy Quan su Gia Lai,no_accent,auto_rule
5786,818,BQP_BCH_GLA,BCHSGL,abbreviation,auto_rule
5787,818,BQP_BCH_GLA,Bộ Chỉ huy Quân sự Gi Lai,typo_ocr,noise_injector
5788,818,BQP_BCH_GLA,Bộ Chỉ huyQuân sự Gia Lai,typo_ocr,noise_injector
5789,819,BQP_BCH_LD,Bộ Chỉ huy Quân sự Lâm Đồng,canonical,manual_registry
5790,819,BQP_BCH_LD,BCHQS Lâm Đồng,abbreviation,domain_rules
5791,819,BQP_BCH_LD,Bộ CHQS Lâm Đồng,alias,domain_rules
5792,819,BQP_BCH_LD,BCH Quân sự Lâm Đồng,alias,domain_rules
5793,819,BQP_BCH_LD,Bo Chi huy Quan su Lam Đong,no_accent,auto_rule
5794,819,BQP_BCH_LD,BCHSLĐ,abbreviation,auto_rule
5795,819,BQP_BCH_LD,Bộ Chỉ huy Quân sự âm Đồng,typo_ocr,noise_injector
5796,820,BQP_BCH_KT,Bộ Chỉ huy Quân sự Kon Tum,canonical,manual_registry
5797,820,BQP_BCH_KT,BCHQS Kon Tum,abbreviation,domain_rules
5798,820,BQP_BCH_KT,Bộ CHQS Kon Tum,alias,domain_rules
5799,820,BQP_BCH_KT,BCH Quân sự Kon Tum,alias,domain_rules
5800,820,BQP_BCH_KT,Bo Chi huy Quan su Kon Tum,no_accent,auto_rule
5801,820,BQP_BCH_KT,BCHSKT,abbreviation,auto_rule
5802,820,BQP_BCH_KT,Bộ Cỉhuy Quân sự Kon Tum,typo_ocr,noise_injector
5803,820,BQP_BCH_KT,Bộ Chỉ huy Quâ sự Kon Tum,typo_ocr,noise_injector
5804,821,BQP_BCH_DNO,Bộ Chỉ huy Quân sự Đắk Nông,canonical,manual_registry
5805,821,BQP_BCH_DNO,BCHQS Đắk Nông,abbreviation,domain_rules
5806,821,BQP_BCH_DNO,Bộ CHQS Đắk Nông,alias,domain_rules
5807,821,BQP_BCH_DNO,BCH Quân sự Đắk Nông,alias,domain_rules
5808,821,BQP_BCH_DNO,Bo Chi huy Quan su Đak Nong,no_accent,auto_rule
5809,821,BQP_BCH_DNO,BCHSĐN,abbreviation,auto_rule
5810,822,BQP_BCH_KHA,Bộ Chỉ huy Quân sự Khánh Hòa,canonical,manual_registry
5811,822,BQP_BCH_KHA,BCHQS Khánh Hòa,abbreviation,domain_rules
5812,822,BQP_BCH_KHA,Bộ CHQS Khánh Hòa,alias,domain_rules
5813,822,BQP_BCH_KHA,BCH Quân sự Khánh Hòa,alias,domain_rules
5814,822,BQP_BCH_KHA,Bo Chi huy Quan su Khanh Hoa,no_accent,auto_rule
5815,822,BQP_BCH_KHA,BCHSKH,abbreviation,auto_rule
5816,822,BQP_BCH_KHA,Bộ Chỉ huy Quân sự Khnh Hòa,typo_ocr,noise_injector
5817,822,BQP_BCH_KHA,Bộ hỉ huy Quân sự Khánh Hòa,typo_ocr,noise_injector
5818,823,BQP_BDBP_KHA,Bộ Chỉ huy Bộ đội Biên phòng Khánh Hòa,canonical,manual_registry
5819,823,BQP_BDBP_KHA,BĐBP Khánh Hòa,abbreviation,domain_rules
5820,823,BQP_BDBP_KHA,Biên phòng Khánh Hòa,alias,domain_rules
5821,823,BQP_BDBP_KHA,Bộ Chỉ huy BĐBP Khánh Hòa,abbreviation,domain_rules
5822,823,BQP_BDBP_KHA,Bộ Chỉ huy Biên phòng Khánh Hòa,alias,domain_rules
5823,823,BQP_BDBP_KHA,Bo Chi huy Bo đoi Bien phong Khanh Hoa,no_accent,auto_rule
5824,823,BQP_BDBP_KHA,BCHBBPKH,abbreviation,auto_rule
5825,823,BQP_BDBP_KHA,Bộ Chỉ huy Bộ đội Biên phòng Khánh òa,typo_ocr,noise_injector
5826,824,BQP_BCH_BTN,Bộ Chỉ huy Quân sự Bình Thuận,canonical,manual_registry
5827,824,BQP_BCH_BTN,BCHQS Bình Thuận,abbreviation,domain_rules
5828,824,BQP_BCH_BTN,Bộ CHQS Bình Thuận,alias,domain_rules
5829,824,BQP_BCH_BTN,BCH Quân sự Bình Thuận,alias,domain_rules
5830,824,BQP_BCH_BTN,Bo Chi huy Quan su Binh Thuan,no_accent,auto_rule
5831,824,BQP_BCH_BTN,BCHSBT,abbreviation,auto_rule
5832,825,BQP_BDBP_BTN,Bộ Chỉ huy Bộ đội Biên phòng Bình Thuận,canonical,manual_registry
5833,825,BQP_BDBP_BTN,BĐBP Bình Thuận,abbreviation,domain_rules
5834,825,BQP_BDBP_BTN,Biên phòng Bình Thuận,alias,domain_rules
5835,825,BQP_BDBP_BTN,Bộ Chỉ huy BĐBP Bình Thuận,abbreviation,domain_rules
5836,825,BQP_BDBP_BTN,Bộ Chỉ huy Biên phòng Bình Thuận,alias,domain_rules
5837,825,BQP_BDBP_BTN,Bo Chi huy Bo đoi Bien phong Binh Thuan,no_accent,auto_rule
5838,825,BQP_BDBP_BTN,BCHBBPBT,abbreviation,auto_rule
5839,826,BQP_BCH_NTN,Bộ Chỉ huy Quân sự Ninh Thuận,canonical,manual_registry
5840,826,BQP_BCH_NTN,BCHQS Ninh Thuận,abbreviation,domain_rules
5841,826,BQP_BCH_NTN,Bộ CHQS Ninh Thuận,alias,domain_rules
5842,826,BQP_BCH_NTN,BCH Quân sự Ninh Thuận,alias,domain_rules
5843,826,BQP_BCH_NTN,Bo Chi huy Quan su Ninh Thuan,no_accent,auto_rule
5844,826,BQP_BCH_NTN,BCHSNT,abbreviation,auto_rule
5845,826,BQP_BCH_NTN,Bộ Chỉ huy Quân sự Ninh Thun,typo_ocr,noise_injector
5846,827,BQP_BDBP_NTN,Bộ Chỉ huy Bộ đội Biên phòng Ninh Thuận,canonical,manual_registry
5847,827,BQP_BDBP_NTN,BĐBP Ninh Thuận,abbreviation,domain_rules
5848,827,BQP_BDBP_NTN,Biên phòng Ninh Thuận,alias,domain_rules
5849,827,BQP_BDBP_NTN,Bộ Chỉ huy BĐBP Ninh Thuận,abbreviation,domain_rules
5850,827,BQP_BDBP_NTN,Bộ Chỉ huy Biên phòng Ninh Thuận,alias,domain_rules
5851,827,BQP_BDBP_NTN,Bo Chi huy Bo đoi Bien phong Ninh Thuan,no_accent,auto_rule
5852,827,BQP_BDBP_NTN,BCHBBPNT,abbreviation,auto_rule
5853,827,BQP_BDBP_NTN,Bộ Chỉ huy Bộ đội Biên phòng Ninh Thuậ,typo_ocr,noise_injector
5854,827,BQP_BDBP_NTN,Bộ Chỉ huy Bộ đội Biên phòn Ninh Thuận,typo_ocr,noise_injector
5855,828,BQP_BCH_PY,Bộ Chỉ huy Quân sự Phú Yên,canonical,manual_registry
5856,828,BQP_BCH_PY,BCHQS Phú Yên,abbreviation,domain_rules
5857,828,BQP_BCH_PY,Bộ CHQS Phú Yên,alias,domain_rules
5858,828,BQP_BCH_PY,BCH Quân sự Phú Yên,alias,domain_rules
5859,828,BQP_BCH_PY,Bo Chi huy Quan su Phu Yen,no_accent,auto_rule
5860,828,BQP_BCH_PY,BCHSPY,abbreviation,auto_rule
5861,829,BQP_BDBP_PY,Bộ Chỉ huy Bộ đội Biên phòng Phú Yên,canonical,manual_registry
5862,829,BQP_BDBP_PY,BĐBP Phú Yên,abbreviation,domain_rules
5863,829,BQP_BDBP_PY,Biên phòng Phú Yên,alias,domain_rules
5864,829,BQP_BDBP_PY,Bộ Chỉ huy BĐBP Phú Yên,abbreviation,domain_rules
5865,829,BQP_BDBP_PY,Bộ Chỉ huy Biên phòng Phú Yên,alias,domain_rules
5866,829,BQP_BDBP_PY,Bo Chi huy Bo đoi Bien phong Phu Yen,no_accent,auto_rule
5867,829,BQP_BDBP_PY,BCHBBPPY,abbreviation,auto_rule
5868,829,BQP_BDBP_PY,Bộ Chỉ huy Bộ đội Biên phòng Phú ên,typo_ocr,noise_injector
5869,829,BQP_BDBP_PY,Bộ Chỉ huy Bộ đi Biên phòng Phú Yên,typo_ocr,noise_injector
5870,830,BQP_BCH_BDH,Bộ Chỉ huy Quân sự Bình Định,canonical,manual_registry
5871,830,BQP_BCH_BDH,BCHQS Bình Định,abbreviation,domain_rules
5872,830,BQP_BCH_BDH,Bộ CHQS Bình Định,alias,domain_rules
5873,830,BQP_BCH_BDH,BCH Quân sự Bình Định,alias,domain_rules
5874,830,BQP_BCH_BDH,Bo Chi huy Quan su Binh Đinh,no_accent,auto_rule
5875,830,BQP_BCH_BDH,BCHSBĐ,abbreviation,auto_rule
5876,831,BQP_BDBP_BDH,Bộ Chỉ huy Bộ đội Biên phòng Bình Định,canonical,manual_registry
5877,831,BQP_BDBP_BDH,BĐBP Bình Định,abbreviation,domain_rules
5878,831,BQP_BDBP_BDH,Biên phòng Bình Định,alias,domain_rules
5879,831,BQP_BDBP_BDH,Bộ Chỉ huy BĐBP Bình Định,abbreviation,domain_rules
5880,831,BQP_BDBP_BDH,Bộ Chỉ huy Biên phòng Bình Định,alias,domain_rules
5881,831,BQP_BDBP_BDH,Bo Chi huy Bo đoi Bien phong Binh Đinh,no_accent,auto_rule
5882,831,BQP_BDBP_BDH,BCHBBPBĐ,abbreviation,auto_rule
5883,831,BQP_BDBP_BDH,BộChỉ huy Bộ đội Biên phòg Bình Định,typo_ocr,noise_injector
5884,832,BQP_BCH_QNG,Bộ Chỉ huy Quân sự Quảng Ngãi,canonical,manual_registry
5885,832,BQP_BCH_QNG,BCHQS Quảng Ngãi,abbreviation,domain_rules
5886,832,BQP_BCH_QNG,Bộ CHQS Quảng Ngãi,alias,domain_rules
5887,832,BQP_BCH_QNG,BCH Quân sự Quảng Ngãi,alias,domain_rules
5888,832,BQP_BCH_QNG,Bo Chi huy Quan su Quang Ngai,no_accent,auto_rule
5889,832,BQP_BCH_QNG,BCHSQN,abbreviation,auto_rule
5890,832,BQP_BCH_QNG,Bộ Chỉ hy Quân sự Quảng Ngãi,typo_ocr,noise_injector
5891,832,BQP_BCH_QNG,Bộ Chỉ huy Quâ sự Quảng Ngãi,typo_ocr,noise_injector
5892,833,BQP_BDBP_QNG,Bộ Chỉ huy Bộ đội Biên phòng Quảng Ngãi,canonical,manual_registry
5893,833,BQP_BDBP_QNG,BĐBP Quảng Ngãi,abbreviation,domain_rules
5894,833,BQP_BDBP_QNG,Biên phòng Quảng Ngãi,alias,domain_rules
5895,833,BQP_BDBP_QNG,Bộ Chỉ huy BĐBP Quảng Ngãi,abbreviation,domain_rules
5896,833,BQP_BDBP_QNG,Bộ Chỉ huy Biên phòng Quảng Ngãi,alias,domain_rules
5897,833,BQP_BDBP_QNG,Bo Chi huy Bo đoi Bien phong Quang Ngai,no_accent,auto_rule
5898,833,BQP_BDBP_QNG,BCHBBPQN,abbreviation,auto_rule
5899,833,BQP_BDBP_QNG,BộChỉ huy Bộ độ Biên phòng Quảng Ngãi,typo_ocr,noise_injector
5900,834,BQP_BCH_QNA,Bộ Chỉ huy Quân sự Quảng Nam,canonical,manual_registry
5901,834,BQP_BCH_QNA,BCHQS Quảng Nam,abbreviation,domain_rules
5902,834,BQP_BCH_QNA,Bộ CHQS Quảng Nam,alias,domain_rules
5903,834,BQP_BCH_QNA,BCH Quân sự Quảng Nam,alias,domain_rules
5904,834,BQP_BCH_QNA,Bo Chi huy Quan su Quang Nam,no_accent,auto_rule
5905,834,BQP_BCH_QNA,BCHSQN,abbreviation,auto_rule
5906,834,BQP_BCH_QNA,Bộ Chỉ huy Quân sự Quảg Nam,typo_ocr,noise_injector
5907,834,BQP_BCH_QNA,B Chỉ huy Quân sự Quảng Nam,typo_ocr,noise_injector
5908,835,BQP_BDBP_QNA,Bộ Chỉ huy Bộ đội Biên phòng Quảng Nam,canonical,manual_registry
5909,835,BQP_BDBP_QNA,BĐBP Quảng Nam,abbreviation,domain_rules
5910,835,BQP_BDBP_QNA,Biên phòng Quảng Nam,alias,domain_rules
5911,835,BQP_BDBP_QNA,Bộ Chỉ huy BĐBP Quảng Nam,abbreviation,domain_rules
5912,835,BQP_BDBP_QNA,Bộ Chỉ huy Biên phòng Quảng Nam,alias,domain_rules
5913,835,BQP_BDBP_QNA,Bo Chi huy Bo đoi Bien phong Quang Nam,no_accent,auto_rule
5914,835,BQP_BDBP_QNA,BCHBBPQN,abbreviation,auto_rule
5915,836,BQP_BCH_TTH,Bộ Chỉ huy Quân sự Thừa Thiên Huế,canonical,manual_registry
5916,836,BQP_BCH_TTH,BCHQS Thừa Thiên Huế,abbreviation,domain_rules
5917,836,BQP_BCH_TTH,Bộ CHQS Thừa Thiên Huế,alias,domain_rules
5918,836,BQP_BCH_TTH,BCH Quân sự Thừa Thiên Huế,alias,domain_rules
5919,836,BQP_BCH_TTH,Bo Chi huy Quan su Thua Thien Hue,no_accent,auto_rule
5920,836,BQP_BCH_TTH,BCHSTTH,abbreviation,auto_rule
5921,836,BQP_BCH_TTH,Bộ Ch huy Quân sự Thừa Thiên Hu,typo_ocr,noise_injector
5922,836,BQP_BCH_TTH,Bộ hỉ huy Quân sự Thừa Thiên Huế,typo_ocr,noise_injector
5923,837,BQP_BDBP_TTH,Bộ Chỉ huy Bộ đội Biên phòng Thừa Thiên Huế,canonical,manual_registry
5924,837,BQP_BDBP_TTH,BĐBP Thừa Thiên Huế,abbreviation,domain_rules
5925,837,BQP_BDBP_TTH,Biên phòng Thừa Thiên Huế,alias,domain_rules
5926,837,BQP_BDBP_TTH,Bộ Chỉ huy BĐBP Thừa Thiên Huế,abbreviation,domain_rules
5927,837,BQP_BDBP_TTH,Bộ Chỉ huy Biên phòng Thừa Thiên Huế,alias,domain_rules
5928,837,BQP_BDBP_TTH,Bo Chi huy Bo đoi Bien phong Thua Thien Hue,no_accent,auto_rule
5929,837,BQP_BDBP_TTH,BCHBBPTTH,abbreviation,auto_rule
5930,837,BQP_BDBP_TTH,Bộ Chỉ huy Bộđội Biên phòng Thừa Thiên Huế,typo_ocr,noise_injector
5931,838,BQP_BCH_QTR,Bộ Chỉ huy Quân sự Quảng Trị,canonical,manual_registry
5932,838,BQP_BCH_QTR,BCHQS Quảng Trị,abbreviation,domain_rules
5933,838,BQP_BCH_QTR,Bộ CHQS Quảng Trị,alias,domain_rules
5934,838,BQP_BCH_QTR,BCH Quân sự Quảng Trị,alias,domain_rules
5935,838,BQP_BCH_QTR,Bo Chi huy Quan su Quang Tri,no_accent,auto_rule
5936,838,BQP_BCH_QTR,BCHSQT,abbreviation,auto_rule
5937,838,BQP_BCH_QTR,Bộ Chỉ huy Qun sự Quảng Trị,typo_ocr,noise_injector
5938,839,BQP_BDBP_QTR,Bộ Chỉ huy Bộ đội Biên phòng Quảng Trị,canonical,manual_registry
5939,839,BQP_BDBP_QTR,BĐBP Quảng Trị,abbreviation,domain_rules
5940,839,BQP_BDBP_QTR,Biên phòng Quảng Trị,alias,domain_rules
5941,839,BQP_BDBP_QTR,Bộ Chỉ huy BĐBP Quảng Trị,abbreviation,domain_rules
5942,839,BQP_BDBP_QTR,Bộ Chỉ huy Biên phòng Quảng Trị,alias,domain_rules
5943,839,BQP_BDBP_QTR,Bo Chi huy Bo đoi Bien phong Quang Tri,no_accent,auto_rule
5944,839,BQP_BDBP_QTR,BCHBBPQT,abbreviation,auto_rule
5945,839,BQP_BDBP_QTR,Bộ Chỉ hy Bộ đội Biên phòng Qug Trị,typo_ocr,noise_injector
5946,840,BQP_BCH_QBI,Bộ Chỉ huy Quân sự Quảng Bình,canonical,manual_registry
5947,840,BQP_BCH_QBI,BCHQS Quảng Bình,abbreviation,domain_rules
5948,840,BQP_BCH_QBI,Bộ CHQS Quảng Bình,alias,domain_rules
5949,840,BQP_BCH_QBI,BCH Quân sự Quảng Bình,alias,domain_rules
5950,840,BQP_BCH_QBI,Bo Chi huy Quan su Quang Binh,no_accent,auto_rule
5951,840,BQP_BCH_QBI,BCHSQB,abbreviation,auto_rule
5952,840,BQP_BCH_QBI,Bộ Chỉhuy Quân sự Quảng Bình,typo_ocr,noise_injector
5953,840,BQP_BCH_QBI,Bộ Chỉ huy Quân sự Qảng Bình,typo_ocr,noise_injector
5954,841,BQP_BDBP_QBI,Bộ Chỉ huy Bộ đội Biên phòng Quảng Bình,canonical,manual_registry
5955,841,BQP_BDBP_QBI,BĐBP Quảng Bình,abbreviation,domain_rules
5956,841,BQP_BDBP_QBI,Biên phòng Quảng Bình,alias,domain_rules
5957,841,BQP_BDBP_QBI,Bộ Chỉ huy BĐBP Quảng Bình,abbreviation,domain_rules
5958,841,BQP_BDBP_QBI,Bộ Chỉ huy Biên phòng Quảng Bình,alias,domain_rules
5959,841,BQP_BDBP_QBI,Bo Chi huy Bo đoi Bien phong Quang Binh,no_accent,auto_rule
5960,841,BQP_BDBP_QBI,BCHBBPQB,abbreviation,auto_rule
5961,841,BQP_BDBP_QBI,Bộ Chỉ huy Bộ đội Biên phòng Quảng Bnh,typo_ocr,noise_injector
5962,841,BQP_BDBP_QBI,Bộ Chỉ huy Bộ đội Biên phòngQuảng Bình,typo_ocr,noise_injector
5963,842,BQP_BCH_HT,Bộ Chỉ huy Quân sự Hà Tĩnh,canonical,manual_registry
5964,842,BQP_BCH_HT,BCHQS Hà Tĩnh,abbreviation,domain_rules
5965,842,BQP_BCH_HT,Bộ CHQS Hà Tĩnh,alias,domain_rules
5966,842,BQP_BCH_HT,BCH Quân sự Hà Tĩnh,alias,domain_rules
5967,842,BQP_BCH_HT,Bo Chi huy Quan su Ha Tinh,no_accent,auto_rule
5968,842,BQP_BCH_HT,BCHSHT,abbreviation,auto_rule
5969,842,BQP_BCH_HT,B Chỉ huy Quân sự Hà Tĩnh,typo_ocr,noise_injector
5970,842,BQP_BCH_HT,Bộ ỉ huy Quân sự Hà Tĩnh,typo_ocr,noise_injector
5971,843,BQP_BDBP_HT,Bộ Chỉ huy Bộ đội Biên phòng Hà Tĩnh,canonical,manual_registry
5972,843,BQP_BDBP_HT,BĐBP Hà Tĩnh,abbreviation,domain_rules
5973,843,BQP_BDBP_HT,Biên phòng Hà Tĩnh,alias,domain_rules
5974,843,BQP_BDBP_HT,Bộ Chỉ huy BĐBP Hà Tĩnh,abbreviation,domain_rules
5975,843,BQP_BDBP_HT,Bộ Chỉ huy Biên phòng Hà Tĩnh,alias,domain_rules
5976,843,BQP_BDBP_HT,Bo Chi huy Bo đoi Bien phong Ha Tinh,no_accent,auto_rule
5977,843,BQP_BDBP_HT,BCHBBPHT,abbreviation,auto_rule
5978,843,BQP_BDBP_HT,Bộ Chỉ huy Bộ đội Biên phòn Hà Tĩnh,typo_ocr,noise_injector
5979,844,BQP_BCH_NA,Bộ Chỉ huy Quân sự Nghệ An,canonical,manual_registry
5980,844,BQP_BCH_NA,BCHQS Nghệ An,abbreviation,domain_rules
5981,844,BQP_BCH_NA,Bộ CHQS Nghệ An,alias,domain_rules
5982,844,BQP_BCH_NA,BCH Quân sự Nghệ An,alias,domain_rules
5983,844,BQP_BCH_NA,Bo Chi huy Quan su Nghe An,no_accent,auto_rule
5984,844,BQP_BCH_NA,BCHSNA,abbreviation,auto_rule
5985,844,BQP_BCH_NA,Bộ Chỉ huy Quân sự ghệ An,typo_ocr,noise_injector
5986,844,BQP_BCH_NA,Bộ Chỉ huy Quâ sự Nghệ An,typo_ocr,noise_injector
5987,845,BQP_BDBP_NA,Bộ Chỉ huy Bộ đội Biên phòng Nghệ An,canonical,manual_registry
5988,845,BQP_BDBP_NA,BĐBP Nghệ An,abbreviation,domain_rules
5989,845,BQP_BDBP_NA,Biên phòng Nghệ An,alias,domain_rules
5990,845,BQP_BDBP_NA,Bộ Chỉ huy BĐBP Nghệ An,abbreviation,domain_rules
5991,845,BQP_BDBP_NA,Bộ Chỉ huy Biên phòng Nghệ An,alias,domain_rules
5992,845,BQP_BDBP_NA,Bo Chi huy Bo đoi Bien phong Nghe An,no_accent,auto_rule
5993,845,BQP_BDBP_NA,BCHBBPNA,abbreviation,auto_rule
5994,846,BQP_BCH_TH,Bộ Chỉ huy Quân sự Thanh Hóa,canonical,manual_registry
5995,846,BQP_BCH_TH,BCHQS Thanh Hóa,abbreviation,domain_rules
5996,846,BQP_BCH_TH,Bộ CHQS Thanh Hóa,alias,domain_rules
5997,846,BQP_BCH_TH,BCH Quân sự Thanh Hóa,alias,domain_rules
5998,846,BQP_BCH_TH,Bo Chi huy Quan su Thanh Hoa,no_accent,auto_rule
5999,846,BQP_BCH_TH,BCHSTH,abbreviation,auto_rule
6000,846,BQP_BCH_TH,Bộ hỉ huy Quân sự Thanh Hóa,typo_ocr,noise_injector
6001,847,BQP_BDBP_TH,Bộ Chỉ huy Bộ đội Biên phòng Thanh Hóa,canonical,manual_registry
6002,847,BQP_BDBP_TH,BĐBP Thanh Hóa,abbreviation,domain_rules
6003,847,BQP_BDBP_TH,Biên phòng Thanh Hóa,alias,domain_rules
6004,847,BQP_BDBP_TH,Bộ Chỉ huy BĐBP Thanh Hóa,abbreviation,domain_rules
6005,847,BQP_BDBP_TH,Bộ Chỉ huy Biên phòng Thanh Hóa,alias,domain_rules
6006,847,BQP_BDBP_TH,Bo Chi huy Bo đoi Bien phong Thanh Hoa,no_accent,auto_rule
6007,847,BQP_BDBP_TH,BCHBBPTH,abbreviation,auto_rule
6008,848,BQP_BCH_QNH,Bộ Chỉ huy Quân sự Quảng Ninh,canonical,manual_registry
6009,848,BQP_BCH_QNH,BCHQS Quảng Ninh,abbreviation,domain_rules
6010,848,BQP_BCH_QNH,Bộ CHQS Quảng Ninh,alias,domain_rules
6011,848,BQP_BCH_QNH,BCH Quân sự Quảng Ninh,alias,domain_rules
6012,848,BQP_BCH_QNH,Bo Chi huy Quan su Quang Ninh,no_accent,auto_rule
6013,848,BQP_BCH_QNH,BCHSQN,abbreviation,auto_rule
6014,849,BQP_BDBP_QNH,Bộ Chỉ huy Bộ đội Biên phòng Quảng Ninh,canonical,manual_registry
6015,849,BQP_BDBP_QNH,BĐBP Quảng Ninh,abbreviation,domain_rules
6016,849,BQP_BDBP_QNH,Biên phòng Quảng Ninh,alias,domain_rules
6017,849,BQP_BDBP_QNH,Bộ Chỉ huy BĐBP Quảng Ninh,abbreviation,domain_rules
6018,849,BQP_BDBP_QNH,Bộ Chỉ huy Biên phòng Quảng Ninh,alias,domain_rules
6019,849,BQP_BDBP_QNH,Bo Chi huy Bo đoi Bien phong Quang Ninh,no_accent,auto_rule
6020,849,BQP_BDBP_QNH,BCHBBPQN,abbreviation,auto_rule
6021,849,BQP_BDBP_QNH,Bộ Chỉ huy Bộ ội Biên phòngQuảng Ninh,typo_ocr,noise_injector
6022,850,BQP_BCH_HD,Bộ Chỉ huy Quân sự Hải Dương,canonical,manual_registry
6023,850,BQP_BCH_HD,BCHQS Hải Dương,abbreviation,domain_rules
6024,850,BQP_BCH_HD,Bộ CHQS Hải Dương,alias,domain_rules
6025,850,BQP_BCH_HD,BCH Quân sự Hải Dương,alias,domain_rules
6026,850,BQP_BCH_HD,Bo Chi huy Quan su Hai Duong,no_accent,auto_rule
6027,850,BQP_BCH_HD,BCHSHD,abbreviation,auto_rule
6028,850,BQP_BCH_HD,Bộ Chỉ huy Quân sự Hải Dươn,typo_ocr,noise_injector
6029,851,BQP_BCH_HY,Bộ Chỉ huy Quân sự Hưng Yên,canonical,manual_registry
6030,851,BQP_BCH_HY,BCHQS Hưng Yên,abbreviation,domain_rules
6031,851,BQP_BCH_HY,Bộ CHQS Hưng Yên,alias,domain_rules
6032,851,BQP_BCH_HY,BCH Quân sự Hưng Yên,alias,domain_rules
6033,851,BQP_BCH_HY,Bo Chi huy Quan su Hung Yen,no_accent,auto_rule
6034,851,BQP_BCH_HY,BCHSHY,abbreviation,auto_rule
6035,852,BQP_BCH_TBI,Bộ Chỉ huy Quân sự Thái Bình,canonical,manual_registry
6036,852,BQP_BCH_TBI,BCHQS Thái Bình,abbreviation,domain_rules
6037,852,BQP_BCH_TBI,Bộ CHQS Thái Bình,alias,domain_rules
6038,852,BQP_BCH_TBI,BCH Quân sự Thái Bình,alias,domain_rules
6039,852,BQP_BCH_TBI,Bo Chi huy Quan su Thai Binh,no_accent,auto_rule
6040,852,BQP_BCH_TBI,BCHSTB,abbreviation,auto_rule
6041,852,BQP_BCH_TBI,Bộ Chỉ huy Quân sựThái ình,typo_ocr,noise_injector
6042,853,BQP_BCH_NDI,Bộ Chỉ huy Quân sự Nam Định,canonical,manual_registry
6043,853,BQP_BCH_NDI,BCHQS Nam Định,abbreviation,domain_rules
6044,853,BQP_BCH_NDI,Bộ CHQS Nam Định,alias,domain_rules
6045,853,BQP_BCH_NDI,BCH Quân sự Nam Định,alias,domain_rules
6046,853,BQP_BCH_NDI,Bo Chi huy Quan su Nam Đinh,no_accent,auto_rule
6047,853,BQP_BCH_NDI,BCHSNĐ,abbreviation,auto_rule
6048,854,BQP_BCH_HNA,Bộ Chỉ huy Quân sự Hà Nam,canonical,manual_registry
6049,854,BQP_BCH_HNA,BCHQS Hà Nam,abbreviation,domain_rules
6050,854,BQP_BCH_HNA,Bộ CHQS Hà Nam,alias,domain_rules
6051,854,BQP_BCH_HNA,BCH Quân sự Hà Nam,alias,domain_rules
6052,854,BQP_BCH_HNA,Bo Chi huy Quan su Ha Nam,no_accent,auto_rule
6053,854,BQP_BCH_HNA,BCHSHN,abbreviation,auto_rule
6054,854,BQP_BCH_HNA,Bộ Chỉ huy Quân sự HàNam,typo_ocr,noise_injector
6055,855,BQP_BCH_NB,Bộ Chỉ huy Quân sự Ninh Bình,canonical,manual_registry
6056,855,BQP_BCH_NB,BCHQS Ninh Bình,abbreviation,domain_rules
6057,855,BQP_BCH_NB,Bộ CHQS Ninh Bình,alias,domain_rules
6058,855,BQP_BCH_NB,BCH Quân sự Ninh Bình,alias,domain_rules
6059,855,BQP_BCH_NB,Bo Chi huy Quan su Ninh Binh,no_accent,auto_rule
6060,855,BQP_BCH_NB,BCHSNB,abbreviation,auto_rule
6061,856,BQP_BCH_VP,Bộ Chỉ huy Quân sự Vĩnh Phúc,canonical,manual_registry
6062,856,BQP_BCH_VP,BCHQS Vĩnh Phúc,abbreviation,domain_rules
6063,856,BQP_BCH_VP,Bộ CHQS Vĩnh Phúc,alias,domain_rules
6064,856,BQP_BCH_VP,BCH Quân sự Vĩnh Phúc,alias,domain_rules
6065,856,BQP_BCH_VP,Bo Chi huy Quan su Vinh Phuc,no_accent,auto_rule
6066,856,BQP_BCH_VP,BCHSVP,abbreviation,auto_rule
6067,856,BQP_BCH_VP,Bộ Chỉ uy Quân sự VĩnhPhúc,typo_ocr,noise_injector
6068,857,BQP_BCH_BNI,Bộ Chỉ huy Quân sự Bắc Ninh,canonical,manual_registry
6069,857,BQP_BCH_BNI,BCHQS Bắc Ninh,abbreviation,domain_rules
6070,857,BQP_BCH_BNI,Bộ CHQS Bắc Ninh,alias,domain_rules
6071,857,BQP_BCH_BNI,BCH Quân sự Bắc Ninh,alias,domain_rules
6072,857,BQP_BCH_BNI,Bo Chi huy Quan su Bac Ninh,no_accent,auto_rule
6073,857,BQP_BCH_BNI,BCHSBN,abbreviation,auto_rule
6074,857,BQP_BCH_BNI,Bộ Chỉ huy Quân sự Bắc inh,typo_ocr,noise_injector
6075,858,BQP_BCH_BGI,Bộ Chỉ huy Quân sự Bắc Giang,canonical,manual_registry
6076,858,BQP_BCH_BGI,BCHQS Bắc Giang,abbreviation,domain_rules
6077,858,BQP_BCH_BGI,Bộ CHQS Bắc Giang,alias,domain_rules
6078,858,BQP_BCH_BGI,BCH Quân sự Bắc Giang,alias,domain_rules
6079,858,BQP_BCH_BGI,Bo Chi huy Quan su Bac Giang,no_accent,auto_rule
6080,858,BQP_BCH_BGI,BCHSBG,abbreviation,auto_rule
6081,858,BQP_BCH_BGI,Bộ Chỉ huy Quân sự Bc Giang,typo_ocr,noise_injector
6082,858,BQP_BCH_BGI,Bộ Chỉ huy Quânsự Bc Giag,typo_ocr,noise_injector
6083,859,BQP_BCH_PTH,Bộ Chỉ huy Quân sự Phú Thọ,canonical,manual_registry
6084,859,BQP_BCH_PTH,BCHQS Phú Thọ,abbreviation,domain_rules
6085,859,BQP_BCH_PTH,Bộ CHQS Phú Thọ,alias,domain_rules
6086,859,BQP_BCH_PTH,BCH Quân sự Phú Thọ,alias,domain_rules
6087,859,BQP_BCH_PTH,Bo Chi huy Quan su Phu Tho,no_accent,auto_rule
6088,859,BQP_BCH_PTH,BCHSPT,abbreviation,auto_rule
6089,859,BQP_BCH_PTH,Bộ Chỉ huy Qun sự Phú Thọ,typo_ocr,noise_injector
6090,860,BQP_BCH_TNG,Bộ Chỉ huy Quân sự Thái Nguyên,canonical,manual_registry
6091,860,BQP_BCH_TNG,BCHQS Thái Nguyên,abbreviation,domain_rules
6092,860,BQP_BCH_TNG,Bộ CHQS Thái Nguyên,alias,domain_rules
6093,860,BQP_BCH_TNG,BCH Quân sự Thái Nguyên,alias,domain_rules
6094,860,BQP_BCH_TNG,Bo Chi huy Quan su Thai Nguyen,no_accent,auto_rule
6095,860,BQP_BCH_TNG,BCHSTN,abbreviation,auto_rule
6096,861,BQP_BCH_YBI,Bộ Chỉ huy Quân sự Yên Bái,canonical,manual_registry
6097,861,BQP_BCH_YBI,BCHQS Yên Bái,abbreviation,domain_rules
6098,861,BQP_BCH_YBI,Bộ CHQS Yên Bái,alias,domain_rules
6099,861,BQP_BCH_YBI,BCH Quân sự Yên Bái,alias,domain_rules
6100,861,BQP_BCH_YBI,Bo Chi huy Quan su Yen Bai,no_accent,auto_rule
6101,861,BQP_BCH_YBI,BCHSYB,abbreviation,auto_rule
6102,862,BQP_BCH_TQ,Bộ Chỉ huy Quân sự Tuyên Quang,canonical,manual_registry
6103,862,BQP_BCH_TQ,BCHQS Tuyên Quang,abbreviation,domain_rules
6104,862,BQP_BCH_TQ,Bộ CHQS Tuyên Quang,alias,domain_rules
6105,862,BQP_BCH_TQ,BCH Quân sự Tuyên Quang,alias,domain_rules
6106,862,BQP_BCH_TQ,Bo Chi huy Quan su Tuyen Quang,no_accent,auto_rule
6107,862,BQP_BCH_TQ,BCHSTQ,abbreviation,auto_rule
6108,862,BQP_BCH_TQ,Bộ Chỉhuy Quân sự Tuyên Quang,typo_ocr,noise_injector
6109,862,BQP_BCH_TQ,Bộ Chỉ huy uân sự Tuyên Quang,typo_ocr,noise_injector
6110,863,BQP_BCH_HGI,Bộ Chỉ huy Quân sự Hà Giang,canonical,manual_registry
6111,863,BQP_BCH_HGI,BCHQS Hà Giang,abbreviation,domain_rules
6112,863,BQP_BCH_HGI,Bộ CHQS Hà Giang,alias,domain_rules
6113,863,BQP_BCH_HGI,BCH Quân sự Hà Giang,alias,domain_rules
6114,863,BQP_BCH_HGI,Bo Chi huy Quan su Ha Giang,no_accent,auto_rule
6115,863,BQP_BCH_HGI,BCHSHG,abbreviation,auto_rule
6116,863,BQP_BCH_HGI,Bộ Chỉ huy Quân sự HàGiang,typo_ocr,noise_injector
6117,864,BQP_BDBP_HGI,Bộ Chỉ huy Bộ đội Biên phòng Hà Giang,canonical,manual_registry
6118,864,BQP_BDBP_HGI,BĐBP Hà Giang,abbreviation,domain_rules
6119,864,BQP_BDBP_HGI,Biên phòng Hà Giang,alias,domain_rules
6120,864,BQP_BDBP_HGI,Bộ Chỉ huy BĐBP Hà Giang,abbreviation,domain_rules
6121,864,BQP_BDBP_HGI,Bộ Chỉ huy Biên phòng Hà Giang,alias,domain_rules
6122,864,BQP_BDBP_HGI,Bo Chi huy Bo đoi Bien phong Ha Giang,no_accent,auto_rule
6123,864,BQP_BDBP_HGI,BCHBBPHG,abbreviation,auto_rule
6124,864,BQP_BDBP_HGI,Bộ Chỉ huy Bộ đội Biên phòn à Giang,typo_ocr,noise_injector
6125,865,BQP_BCH_CBG,Bộ Chỉ huy Quân sự Cao Bằng,canonical,manual_registry
6126,865,BQP_BCH_CBG,BCHQS Cao Bằng,abbreviation,domain_rules
6127,865,BQP_BCH_CBG,Bộ CHQS Cao Bằng,alias,domain_rules
6128,865,BQP_BCH_CBG,BCH Quân sự Cao Bằng,alias,domain_rules
6129,865,BQP_BCH_CBG,Bo Chi huy Quan su Cao Bang,no_accent,auto_rule
6130,865,BQP_BCH_CBG,BCHSCB,abbreviation,auto_rule
6131,865,BQP_BCH_CBG,Bộ Chỉhuy Quân sự Cao Bằng,typo_ocr,noise_injector
6132,866,BQP_BDBP_CBG,Bộ Chỉ huy Bộ đội Biên phòng Cao Bằng,canonical,manual_registry
6133,866,BQP_BDBP_CBG,BĐBP Cao Bằng,abbreviation,domain_rules
6134,866,BQP_BDBP_CBG,Biên phòng Cao Bằng,alias,domain_rules
6135,866,BQP_BDBP_CBG,Bộ Chỉ huy BĐBP Cao Bằng,abbreviation,domain_rules
6136,866,BQP_BDBP_CBG,Bộ Chỉ huy Biên phòng Cao Bằng,alias,domain_rules
6137,866,BQP_BDBP_CBG,Bo Chi huy Bo đoi Bien phong Cao Bang,no_accent,auto_rule
6138,866,BQP_BDBP_CBG,BCHBBPCB,abbreviation,auto_rule
6139,866,BQP_BDBP_CBG,Bộ Chỉ huy Bộ đội Biê phòng Cao Bằng,typo_ocr,noise_injector
6140,866,BQP_BDBP_CBG,Bộ Chỉ huy Bộ đội Biên pòng Cao Bằn,typo_ocr,noise_injector
6141,867,BQP_BCH_LSO,Bộ Chỉ huy Quân sự Lạng Sơn,canonical,manual_registry
6142,867,BQP_BCH_LSO,BCHQS Lạng Sơn,abbreviation,domain_rules
6143,867,BQP_BCH_LSO,Bộ CHQS Lạng Sơn,alias,domain_rules
6144,867,BQP_BCH_LSO,BCH Quân sự Lạng Sơn,alias,domain_rules
6145,867,BQP_BCH_LSO,Bo Chi huy Quan su Lang Son,no_accent,auto_rule
6146,867,BQP_BCH_LSO,BCHSLS,abbreviation,auto_rule
6147,867,BQP_BCH_LSO,Bộ Ch huy Quân sự Lạng Sơn,typo_ocr,noise_injector
6148,868,BQP_BDBP_LSO,Bộ Chỉ huy Bộ đội Biên phòng Lạng Sơn,canonical,manual_registry
6149,868,BQP_BDBP_LSO,BĐBP Lạng Sơn,abbreviation,domain_rules
6150,868,BQP_BDBP_LSO,Biên phòng Lạng Sơn,alias,domain_rules
6151,868,BQP_BDBP_LSO,Bộ Chỉ huy BĐBP Lạng Sơn,abbreviation,domain_rules
6152,868,BQP_BDBP_LSO,Bộ Chỉ huy Biên phòng Lạng Sơn,alias,domain_rules
6153,868,BQP_BDBP_LSO,Bo Chi huy Bo đoi Bien phong Lang Son,no_accent,auto_rule
6154,868,BQP_BDBP_LSO,BCHBBPLS,abbreviation,auto_rule
6155,868,BQP_BDBP_LSO,Bộ Chỉ huy Bộ đội Biên phòng Lạng ơn,typo_ocr,noise_injector
6156,868,BQP_BDBP_LSO,Bộ Chỉ huy Bộ đội Biên hòng Lạng ơn,typo_ocr,noise_injector
6157,869,BQP_BCH_BKN,Bộ Chỉ huy Quân sự Bắc Kạn,canonical,manual_registry
6158,869,BQP_BCH_BKN,BCHQS Bắc Kạn,abbreviation,domain_rules
6159,869,BQP_BCH_BKN,Bộ CHQS Bắc Kạn,alias,domain_rules
6160,869,BQP_BCH_BKN,BCH Quân sự Bắc Kạn,alias,domain_rules
6161,869,BQP_BCH_BKN,Bo Chi huy Quan su Bac Kan,no_accent,auto_rule
6162,869,BQP_BCH_BKN,BCHSBK,abbreviation,auto_rule
6163,870,BQP_BCH_SLA,Bộ Chỉ huy Quân sự Sơn La,canonical,manual_registry
6164,870,BQP_BCH_SLA,BCHQS Sơn La,abbreviation,domain_rules
6165,870,BQP_BCH_SLA,Bộ CHQS Sơn La,alias,domain_rules
6166,870,BQP_BCH_SLA,BCH Quân sự Sơn La,alias,domain_rules
6167,870,BQP_BCH_SLA,Bo Chi huy Quan su Son La,no_accent,auto_rule
6168,870,BQP_BCH_SLA,BCHSSL,abbreviation,auto_rule
6169,870,BQP_BCH_SLA,Bộ Chỉ huy Quân ự Sơn La,typo_ocr,noise_injector
6170,870,BQP_BCH_SLA,Bộ Chỉ uy Quân sự Sơn La,typo_ocr,noise_injector
6171,871,BQP_BCH_DB,Bộ Chỉ huy Quân sự Điện Biên,canonical,manual_registry
6172,871,BQP_BCH_DB,BCHQS Điện Biên,abbreviation,domain_rules
6173,871,BQP_BCH_DB,Bộ CHQS Điện Biên,alias,domain_rules
6174,871,BQP_BCH_DB,BCH Quân sự Điện Biên,alias,domain_rules
6175,871,BQP_BCH_DB,Bo Chi huy Quan su Đien Bien,no_accent,auto_rule
6176,871,BQP_BCH_DB,BCHSĐB,abbreviation,auto_rule
6177,871,BQP_BCH_DB,Bộ Chỉ huy Quân sự Điện Bin,typo_ocr,noise_injector
6178,871,BQP_BCH_DB,Bộ Chỉ hu Quân sự Điện Biên,typo_ocr,noise_injector
6179,872,BQP_BDBP_DB,Bộ Chỉ huy Bộ đội Biên phòng Điện Biên,canonical,manual_registry
6180,872,BQP_BDBP_DB,BĐBP Điện Biên,abbreviation,domain_rules
6181,872,BQP_BDBP_DB,Biên phòng Điện Biên,alias,domain_rules
6182,872,BQP_BDBP_DB,Bộ Chỉ huy BĐBP Điện Biên,abbreviation,domain_rules
6183,872,BQP_BDBP_DB,Bộ Chỉ huy Biên phòng Điện Biên,alias,domain_rules
6184,872,BQP_BDBP_DB,Bo Chi huy Bo đoi Bien phong Đien Bien,no_accent,auto_rule
6185,872,BQP_BDBP_DB,BCHBBPĐB,abbreviation,auto_rule
6186,872,BQP_BDBP_DB,Bộ Cỉ huy Bộ đội Biên phòng Điện Biên,typo_ocr,noise_injector
6187,872,BQP_BDBP_DB,Bộ Chỉ huy Bộ đội Bin phòng Điện Biên,typo_ocr,noise_injector
6188,873,BQP_BCH_LCH,Bộ Chỉ huy Quân sự Lai Châu,canonical,manual_registry
6189,873,BQP_BCH_LCH,BCHQS Lai Châu,abbreviation,domain_rules
6190,873,BQP_BCH_LCH,Bộ CHQS Lai Châu,alias,domain_rules
6191,873,BQP_BCH_LCH,BCH Quân sự Lai Châu,alias,domain_rules
6192,873,BQP_BCH_LCH,Bo Chi huy Quan su Lai Chau,no_accent,auto_rule
6193,873,BQP_BCH_LCH,BCHSLC,abbreviation,auto_rule
6194,873,BQP_BCH_LCH,Bộ Chỉ huy Quâ sự Lai Châ,typo_ocr,noise_injector
6195,874,BQP_BDBP_LCH,Bộ Chỉ huy Bộ đội Biên phòng Lai Châu,canonical,manual_registry
6196,874,BQP_BDBP_LCH,BĐBP Lai Châu,abbreviation,domain_rules
6197,874,BQP_BDBP_LCH,Biên phòng Lai Châu,alias,domain_rules
6198,874,BQP_BDBP_LCH,Bộ Chỉ huy BĐBP Lai Châu,abbreviation,domain_rules
6199,874,BQP_BDBP_LCH,Bộ Chỉ huy Biên phòng Lai Châu,alias,domain_rules
6200,874,BQP_BDBP_LCH,Bo Chi huy Bo đoi Bien phong Lai Chau,no_accent,auto_rule
6201,874,BQP_BDBP_LCH,BCHBBPLC,abbreviation,auto_rule
6202,874,BQP_BDBP_LCH,Bộ hỉ huy Bộ đội Biên phòng Lai Châu,typo_ocr,noise_injector
6203,875,BQP_BCH_LCA,Bộ Chỉ huy Quân sự Lào Cai,canonical,manual_registry
6204,875,BQP_BCH_LCA,BCHQS Lào Cai,abbreviation,domain_rules
6205,875,BQP_BCH_LCA,Bộ CHQS Lào Cai,alias,domain_rules
6206,875,BQP_BCH_LCA,BCH Quân sự Lào Cai,alias,domain_rules
6207,875,BQP_BCH_LCA,Bo Chi huy Quan su Lao Cai,no_accent,auto_rule
6208,875,BQP_BCH_LCA,BCHSLC,abbreviation,auto_rule
6209,876,BQP_BDBP_LCA,Bộ Chỉ huy Bộ đội Biên phòng Lào Cai,canonical,manual_registry
6210,876,BQP_BDBP_LCA,BĐBP Lào Cai,abbreviation,manual_domain
6211,876,BQP_BDBP_LCA,Biên phòng Lào Cai,alias,manual_domain
6212,876,BQP_BDBP_LCA,Bộ Chỉ huy BĐBP Lào Cai,abbreviation,domain_rules
6213,876,BQP_BDBP_LCA,Bộ Chỉ huy Biên phòng Lào Cai,alias,domain_rules
6214,876,BQP_BDBP_LCA,Bo Chi huy Bo đoi Bien phong Lao Cai,no_accent,auto_rule
6215,876,BQP_BDBP_LCA,BCHBBPLC,abbreviation,auto_rule
6216,877,BQP_BCH_HN_BDG,Ban Chỉ huy Quân sự Ba Đình - Hà Nội,canonical,manual_registry
6217,877,BQP_BCH_HN_BDG,Ban CHQS Ba Đình - Hà Nội,alias,domain_rules
6218,877,BQP_BCH_HN_BDG,BCHQS Ba Đình - Hà Nội,abbreviation,domain_rules
6219,877,BQP_BCH_HN_BDG,Ban Chi huy Quan su Ba Đinh - Ha Noi,no_accent,auto_rule
6220,877,BQP_BCH_HN_BDG,BCHSBĐHN,abbreviation,auto_rule
6221,877,BQP_BCH_HN_BDG,Ban Chỉ huy uân sự Ba Đình - Hà Nội,typo_ocr,noise_injector
6222,877,BQP_BCH_HN_BDG,Ban Chỉ huy Quân sự Ba Đn - Hà Nội,typo_ocr,noise_injector
6223,878,BQP_BCH_HN_HK,Ban Chỉ huy Quân sự Hoàn Kiếm - Hà Nội,canonical,manual_registry
6224,878,BQP_BCH_HN_HK,Ban CHQS Hoàn Kiếm - Hà Nội,alias,domain_rules
6225,878,BQP_BCH_HN_HK,BCHQS Hoàn Kiếm - Hà Nội,abbreviation,domain_rules
6226,878,BQP_BCH_HN_HK,Ban Chi huy Quan su Hoan Kiem - Ha Noi,no_accent,auto_rule
6227,878,BQP_BCH_HN_HK,BCHSHKHN,abbreviation,auto_rule
6228,878,BQP_BCH_HN_HK,Ban Chỉ huy Quân sự Hoàn Kiếm - H Nội,typo_ocr,noise_injector
6229,879,BQP_BCH_HN_CG,Ban Chỉ huy Quân sự Cầu Giấy - Hà Nội,canonical,manual_registry
6230,879,BQP_BCH_HN_CG,Ban CHQS Cầu Giấy - Hà Nội,alias,domain_rules
6231,879,BQP_BCH_HN_CG,BCHQS Cầu Giấy - Hà Nội,abbreviation,domain_rules
6232,879,BQP_BCH_HN_CG,Ban Chi huy Quan su Cau Giay - Ha Noi,no_accent,auto_rule
6233,879,BQP_BCH_HN_CG,BCHSCGHN,abbreviation,auto_rule
6234,879,BQP_BCH_HN_CG,Ban Chỉ huy Quân sự Cầu Gấy - Hà Nội,typo_ocr,noise_injector
6235,879,BQP_BCH_HN_CG,Ban Chỉ hu Quân sự Cầu Giấy - à Nội,typo_ocr,noise_injector
6236,880,BQP_BCH_HN_DD,Ban Chỉ huy Quân sự Đống Đa - Hà Nội,canonical,manual_registry
6237,880,BQP_BCH_HN_DD,Ban CHQS Đống Đa - Hà Nội,alias,domain_rules
6238,880,BQP_BCH_HN_DD,BCHQS Đống Đa - Hà Nội,abbreviation,domain_rules
6239,880,BQP_BCH_HN_DD,Ban Chi huy Quan su Đong Đa - Ha Noi,no_accent,auto_rule
6240,880,BQP_BCH_HN_DD,BCHSĐĐHN,abbreviation,auto_rule
6241,880,BQP_BCH_HN_DD,Ban Chỉ hu Quân sự Đống Đ - Hà Nội,typo_ocr,noise_injector
6242,880,BQP_BCH_HN_DD,Ban Chỉ huy Quân sựĐống Đa - Hà Nội,typo_ocr,noise_injector
6243,881,BQP_BCH_HN_TX,Ban Chỉ huy Quân sự Thanh Xuân - Hà Nội,canonical,manual_registry
6244,881,BQP_BCH_HN_TX,Ban CHQS Thanh Xuân - Hà Nội,alias,domain_rules
6245,881,BQP_BCH_HN_TX,BCHQS Thanh Xuân - Hà Nội,abbreviation,domain_rules
6246,881,BQP_BCH_HN_TX,Ban Chi huy Quan su Thanh Xuan - Ha Noi,no_accent,auto_rule
6247,881,BQP_BCH_HN_TX,BCHSTXHN,abbreviation,auto_rule
6248,881,BQP_BCH_HN_TX,Ban Chỉ hy Quân sự Thanh Xuân - Hà Nội,typo_ocr,noise_injector
6249,882,BQP_BCH_HN_GL,Ban Chỉ huy Quân sự Gia Lâm - Hà Nội,canonical,manual_registry
6250,882,BQP_BCH_HN_GL,Ban CHQS Gia Lâm - Hà Nội,alias,domain_rules
6251,882,BQP_BCH_HN_GL,BCHQS Gia Lâm - Hà Nội,abbreviation,domain_rules
6252,882,BQP_BCH_HN_GL,Ban Chi huy Quan su Gia Lam - Ha Noi,no_accent,auto_rule
6253,882,BQP_BCH_HN_GL,BCHSGLHN,abbreviation,auto_rule
6254,882,BQP_BCH_HN_GL,Ban Chỉ huy Quân sự Gia Lâm - à Nội,typo_ocr,noise_injector
6255,882,BQP_BCH_HN_GL,Ban Chỉ huy Quân s Gia Lâm - Hà ội,typo_ocr,noise_injector
6256,883,BQP_BCH_HN_SOC,Ban Chỉ huy Quân sự Sóc Sơn - Hà Nội,canonical,manual_registry
6257,883,BQP_BCH_HN_SOC,Ban CHQS Sóc Sơn - Hà Nội,alias,domain_rules
6258,883,BQP_BCH_HN_SOC,BCHQS Sóc Sơn - Hà Nội,abbreviation,domain_rules
6259,883,BQP_BCH_HN_SOC,Ban Chi huy Quan su Soc Son - Ha Noi,no_accent,auto_rule
6260,883,BQP_BCH_HN_SOC,BCHSSSHN,abbreviation,auto_rule
6261,883,BQP_BCH_HN_SOC,Ban hỉ huy Quân sự Sóc Sơn - Hà Nội,typo_ocr,noise_injector
6262,884,BQP_BCH_HN_DDA,Ban Chỉ huy Quân sự Đông Anh - Hà Nội,canonical,manual_registry
6263,884,BQP_BCH_HN_DDA,Ban CHQS Đông Anh - Hà Nội,alias,domain_rules
6264,884,BQP_BCH_HN_DDA,BCHQS Đông Anh - Hà Nội,abbreviation,domain_rules
6265,884,BQP_BCH_HN_DDA,Ban Chi huy Quan su Đong Anh - Ha Noi,no_accent,auto_rule
6266,884,BQP_BCH_HN_DDA,BCHSĐAHN,abbreviation,auto_rule
6267,885,BQP_BCH_HTAY_HDO,Ban Chỉ huy Quân sự Hà Đông - Hà Tây,canonical,manual_registry
6268,885,BQP_BCH_HTAY_HDO,Ban CHQS Hà Đông - Hà Tây,alias,domain_rules
6269,885,BQP_BCH_HTAY_HDO,BCHQS Hà Đông - Hà Tây,abbreviation,domain_rules
6270,885,BQP_BCH_HTAY_HDO,Ban Chi huy Quan su Ha Đong - Ha Tay,no_accent,auto_rule
6271,885,BQP_BCH_HTAY_HDO,BCHSHĐHT,abbreviation,auto_rule
6272,885,BQP_BCH_HTAY_HDO,Ban Chỉ huy Quân sự à ông - Hà Tây,typo_ocr,noise_injector
6273,885,BQP_BCH_HTAY_HDO,Ban Chỉ huy Quân sựHà Đông - Hà Tây,typo_ocr,noise_injector
6274,886,BQP_BCH_HTAY_ST,Ban Chỉ huy Quân sự Sơn Tây - Hà Tây,canonical,manual_registry
6275,886,BQP_BCH_HTAY_ST,Ban CHQS Sơn Tây - Hà Tây,alias,domain_rules
6276,886,BQP_BCH_HTAY_ST,BCHQS Sơn Tây - Hà Tây,abbreviation,domain_rules
6277,886,BQP_BCH_HTAY_ST,Ban Chi huy Quan su Son Tay - Ha Tay,no_accent,auto_rule
6278,886,BQP_BCH_HTAY_ST,BCHSSTHT,abbreviation,auto_rule
6279,886,BQP_BCH_HTAY_ST,Ban Chỉ huy Quânsự Sơn Tây -Hà Tây,typo_ocr,noise_injector
6280,887,BQP_BCH_HTAY_BV,Ban Chỉ huy Quân sự Ba Vì - Hà Tây,canonical,manual_registry
6281,887,BQP_BCH_HTAY_BV,Ban CHQS Ba Vì - Hà Tây,alias,domain_rules
6282,887,BQP_BCH_HTAY_BV,BCHQS Ba Vì - Hà Tây,abbreviation,domain_rules
6283,887,BQP_BCH_HTAY_BV,Ban Chi huy Quan su Ba Vi - Ha Tay,no_accent,auto_rule
6284,887,BQP_BCH_HTAY_BV,BCHSBVHT,abbreviation,auto_rule
6285,887,BQP_BCH_HTAY_BV,Ban Chỉ huy Quân sự Ba Vì -Hà Tây,typo_ocr,noise_injector
6286,887,BQP_BCH_HTAY_BV,Ban hỉ huy Quân s Ba Vì - Hà Tây,typo_ocr,noise_injector
6287,888,BQP_BCH_HTAY_CT,Ban Chỉ huy Quân sự Chương Mỹ - Hà Tây,canonical,manual_registry
6288,888,BQP_BCH_HTAY_CT,Ban CHQS Chương Mỹ - Hà Tây,alias,domain_rules
6289,888,BQP_BCH_HTAY_CT,BCHQS Chương Mỹ - Hà Tây,abbreviation,domain_rules
6290,888,BQP_BCH_HTAY_CT,Ban Chi huy Quan su Chuong My - Ha Tay,no_accent,auto_rule
6291,888,BQP_BCH_HTAY_CT,BCHSCMHT,abbreviation,auto_rule
6292,889,BQP_BCH_HCM_Q1,Ban Chỉ huy Quân sự Quận 1 - Thành phố Hồ Chí Minh,canonical,manual_registry
6293,889,BQP_BCH_HCM_Q1,Ban CHQS Quận 1 - Thành phố Hồ Chí Minh,alias,domain_rules
6294,889,BQP_BCH_HCM_Q1,BCHQS Quận 1 - Thành phố Hồ Chí Minh,abbreviation,domain_rules
6295,889,BQP_BCH_HCM_Q1,Ban Chi huy Quan su Quan 1 - Thanh pho Ho Chi Minh,no_accent,auto_rule
6296,889,BQP_BCH_HCM_Q1,BCHSQTPHCM,abbreviation,auto_rule
6297,889,BQP_BCH_HCM_Q1,Ban Chỉ huy Quân sự Quận 1 - Thành hố Hồ Chí Minh,typo_ocr,noise_injector
6298,890,BQP_BCH_HCM_Q3,Ban Chỉ huy Quân sự Quận 3 - Thành phố Hồ Chí Minh,canonical,manual_registry
6299,890,BQP_BCH_HCM_Q3,Ban CHQS Quận 3 - Thành phố Hồ Chí Minh,alias,domain_rules
6300,890,BQP_BCH_HCM_Q3,BCHQS Quận 3 - Thành phố Hồ Chí Minh,abbreviation,domain_rules
6301,890,BQP_BCH_HCM_Q3,Ban Chi huy Quan su Quan 3 - Thanh pho Ho Chi Minh,no_accent,auto_rule
6302,890,BQP_BCH_HCM_Q3,BCHSQTPHCM,abbreviation,auto_rule
6303,890,BQP_BCH_HCM_Q3,Ban Chỉ huy Quân sự Quận 3 - Thàn phố Hồ Chí Minh,typo_ocr,noise_injector
6304,891,BQP_BCH_HCM_Q7,Ban Chỉ huy Quân sự Quận 7 - Thành phố Hồ Chí Minh,canonical,manual_registry
6305,891,BQP_BCH_HCM_Q7,Ban CHQS Quận 7 - Thành phố Hồ Chí Minh,alias,domain_rules
6306,891,BQP_BCH_HCM_Q7,BCHQS Quận 7 - Thành phố Hồ Chí Minh,abbreviation,domain_rules
6307,891,BQP_BCH_HCM_Q7,Ban Chi huy Quan su Quan 7 - Thanh pho Ho Chi Minh,no_accent,auto_rule
6308,891,BQP_BCH_HCM_Q7,BCHSQTPHCM,abbreviation,auto_rule
6309,891,BQP_BCH_HCM_Q7,BanChỉ huy Quân sự Quận 7 - Thành phố Hồ Chí inh,typo_ocr,noise_injector
6310,891,BQP_BCH_HCM_Q7,Ban Chỉ huy Quân sựQuận 7 - Thành phố Hồ Chí Minh,typo_ocr,noise_injector
6311,892,BQP_BCH_HCM_BT,Ban Chỉ huy Quân sự Bình Thạnh - Thành phố Hồ Chí Minh,canonical,manual_registry
6312,892,BQP_BCH_HCM_BT,Ban CHQS Bình Thạnh - Thành phố Hồ Chí Minh,alias,domain_rules
6313,892,BQP_BCH_HCM_BT,BCHQS Bình Thạnh - Thành phố Hồ Chí Minh,abbreviation,domain_rules
6314,892,BQP_BCH_HCM_BT,Ban Chi huy Quan su Binh Thanh - Thanh pho Ho Chi Minh,no_accent,auto_rule
6315,892,BQP_BCH_HCM_BT,BCHSBTTPHCM,abbreviation,auto_rule
6316,892,BQP_BCH_HCM_BT,Ban Chỉ huy Quân sự Bình hạnh - Thành phố Hồ Chí Minh,typo_ocr,noise_injector
6317,893,BQP_BCH_HCM_TB,Ban Chỉ huy Quân sự Tân Bình - Thành phố Hồ Chí Minh,canonical,manual_registry
6318,893,BQP_BCH_HCM_TB,Ban CHQS Tân Bình - Thành phố Hồ Chí Minh,alias,domain_rules
6319,893,BQP_BCH_HCM_TB,BCHQS Tân Bình - Thành phố Hồ Chí Minh,abbreviation,domain_rules
6320,893,BQP_BCH_HCM_TB,Ban Chi huy Quan su Tan Binh - Thanh pho Ho Chi Minh,no_accent,auto_rule
6321,893,BQP_BCH_HCM_TB,BCHSTBTPHCM,abbreviation,auto_rule
6322,893,BQP_BCH_HCM_TB,Ban Chỉ huyQuân sự Tân Bình - Thành phố Hồ Chí Minh,typo_ocr,noise_injector
6323,893,BQP_BCH_HCM_TB,Ban Chỉ huy Quân s Tân Bình - Thành phố Hồ Chí Minh,typo_ocr,noise_injector
6324,894,BQP_BCH_HCM_GV,Ban Chỉ huy Quân sự Gò Vấp - Thành phố Hồ Chí Minh,canonical,manual_registry
6325,894,BQP_BCH_HCM_GV,Ban CHQS Gò Vấp - Thành phố Hồ Chí Minh,alias,domain_rules
6326,894,BQP_BCH_HCM_GV,BCHQS Gò Vấp - Thành phố Hồ Chí Minh,abbreviation,domain_rules
6327,894,BQP_BCH_HCM_GV,Ban Chi huy Quan su Go Vap - Thanh pho Ho Chi Minh,no_accent,auto_rule
6328,894,BQP_BCH_HCM_GV,BCHSGVTPHCM,abbreviation,auto_rule
6329,894,BQP_BCH_HCM_GV,Ban Chỉ uy Quân sự Gò Vấp - Thành phố Hồ Chí Minh,typo_ocr,noise_injector
6330,895,BQP_BCH_HCM_BC,Ban Chỉ huy Quân sự Bình Chánh - Thành phố Hồ Chí Minh,canonical,manual_registry
6331,895,BQP_BCH_HCM_BC,Ban CHQS Bình Chánh - Thành phố Hồ Chí Minh,alias,domain_rules
6332,895,BQP_BCH_HCM_BC,BCHQS Bình Chánh - Thành phố Hồ Chí Minh,abbreviation,domain_rules
6333,895,BQP_BCH_HCM_BC,Ban Chi huy Quan su Binh Chanh - Thanh pho Ho Chi Minh,no_accent,auto_rule
6334,895,BQP_BCH_HCM_BC,BCHSBCTPHCM,abbreviation,auto_rule
6335,895,BQP_BCH_HCM_BC,Ban Chỉ huy Quân sự Bình Chánh - Thànhphố HồChí Minh,typo_ocr,noise_injector
6336,896,BQP_BCH_HCM_HM,Ban Chỉ huy Quân sự Hóc Môn - Thành phố Hồ Chí Minh,canonical,manual_registry
6337,896,BQP_BCH_HCM_HM,Ban CHQS Hóc Môn - Thành phố Hồ Chí Minh,alias,domain_rules
6338,896,BQP_BCH_HCM_HM,BCHQS Hóc Môn - Thành phố Hồ Chí Minh,abbreviation,domain_rules
6339,896,BQP_BCH_HCM_HM,Ban Chi huy Quan su Hoc Mon - Thanh pho Ho Chi Minh,no_accent,auto_rule
6340,896,BQP_BCH_HCM_HM,BCHSHMTPHCM,abbreviation,auto_rule
6341,896,BQP_BCH_HCM_HM,Ban Chỉ huy Quân sự Hóc Môn - Thành phố Hồ Chí inh,typo_ocr,noise_injector
6342,897,BQP_BCH_DN_HC,Ban Chỉ huy Quân sự Hải Châu - Đà Nẵng,canonical,manual_registry
6343,897,BQP_BCH_DN_HC,Ban CHQS Hải Châu - Đà Nẵng,alias,domain_rules
6344,897,BQP_BCH_DN_HC,BCHQS Hải Châu - Đà Nẵng,abbreviation,domain_rules
6345,897,BQP_BCH_DN_HC,Ban Chi huy Quan su Hai Chau - Đa Nang,no_accent,auto_rule
6346,897,BQP_BCH_DN_HC,BCHSHCĐN,abbreviation,auto_rule
6347,897,BQP_BCH_DN_HC,Ban Chỉ huy Quân ự Hải Châu - Đà Nẵng,typo_ocr,noise_injector
6348,897,BQP_BCH_DN_HC,Ban Chỉ huy Quân sự Hải hâu - Đà Nẵng,typo_ocr,noise_injector
6349,898,BQP_BCH_DN_TK,Ban Chỉ huy Quân sự Thanh Khê - Đà Nẵng,canonical,manual_registry
6350,898,BQP_BCH_DN_TK,Ban CHQS Thanh Khê - Đà Nẵng,alias,domain_rules
6351,898,BQP_BCH_DN_TK,BCHQS Thanh Khê - Đà Nẵng,abbreviation,domain_rules
6352,898,BQP_BCH_DN_TK,Ban Chi huy Quan su Thanh Khe - Đa Nang,no_accent,auto_rule
6353,898,BQP_BCH_DN_TK,BCHSTKĐN,abbreviation,auto_rule
6354,899,BQP_BCH_DN_NHS,Ban Chỉ huy Quân sự Ngũ Hành Sơn - Đà Nẵng,canonical,manual_registry
6355,899,BQP_BCH_DN_NHS,Ban CHQS Ngũ Hành Sơn - Đà Nẵng,alias,domain_rules
6356,899,BQP_BCH_DN_NHS,BCHQS Ngũ Hành Sơn - Đà Nẵng,abbreviation,domain_rules
6357,899,BQP_BCH_DN_NHS,Ban Chi huy Quan su Ngu Hanh Son - Đa Nang,no_accent,auto_rule
6358,899,BQP_BCH_DN_NHS,BCHSNHSĐN,abbreviation,auto_rule
6359,899,BQP_BCH_DN_NHS,Ban Cỉ huy uân sự Ngũ Hàn Sơn - Đà Nẵng,typo_ocr,noise_injector
6360,899,BQP_BCH_DN_NHS,Ban Chỉ huy Quân sựNgũ HànhSơn - Đà Nẵg,typo_ocr,noise_injector
6361,900,BQP_BCH_DN_CL,Ban Chỉ huy Quân sự Cẩm Lệ - Đà Nẵng,canonical,manual_registry
6362,900,BQP_BCH_DN_CL,Ban CHQS Cẩm Lệ - Đà Nẵng,alias,domain_rules
6363,900,BQP_BCH_DN_CL,BCHQS Cẩm Lệ - Đà Nẵng,abbreviation,domain_rules
6364,900,BQP_BCH_DN_CL,Ban Chi huy Quan su Cam Le - Đa Nang,no_accent,auto_rule
6365,900,BQP_BCH_DN_CL,BCHSCLĐN,abbreviation,auto_rule
6366,900,BQP_BCH_DN_CL,Ban Chỉ hu Quân sự Cẩm Lệ - Đà Nẵng,typo_ocr,noise_injector
6367,901,BQP_BCH_HP_HB,Ban Chỉ huy Quân sự Hồng Bàng - Hải Phòng,canonical,manual_registry
6368,901,BQP_BCH_HP_HB,Ban CHQS Hồng Bàng - Hải Phòng,alias,domain_rules
6369,901,BQP_BCH_HP_HB,BCHQS Hồng Bàng - Hải Phòng,abbreviation,domain_rules
6370,901,BQP_BCH_HP_HB,Ban Chi huy Quan su Hong Bang - Hai Phong,no_accent,auto_rule
6371,901,BQP_BCH_HP_HB,BCHSHBHP,abbreviation,auto_rule
6372,902,BQP_BCH_HP_NG,Ban Chỉ huy Quân sự Ngô Quyền - Hải Phòng,canonical,manual_registry
6373,902,BQP_BCH_HP_NG,Ban CHQS Ngô Quyền - Hải Phòng,alias,domain_rules
6374,902,BQP_BCH_HP_NG,BCHQS Ngô Quyền - Hải Phòng,abbreviation,domain_rules
6375,902,BQP_BCH_HP_NG,Ban Chi huy Quan su Ngo Quyen - Hai Phong,no_accent,auto_rule
6376,902,BQP_BCH_HP_NG,BCHSNQHP,abbreviation,auto_rule
6377,903,BQP_BCH_HP_LC,Ban Chỉ huy Quân sự Lê Chân - Hải Phòng,canonical,manual_registry
6378,903,BQP_BCH_HP_LC,Ban CHQS Lê Chân - Hải Phòng,alias,domain_rules
6379,903,BQP_BCH_HP_LC,BCHQS Lê Chân - Hải Phòng,abbreviation,domain_rules
6380,903,BQP_BCH_HP_LC,Ban Chi huy Quan su Le Chan - Hai Phong,no_accent,auto_rule
6381,903,BQP_BCH_HP_LC,BCHSLCHP,abbreviation,auto_rule
6382,904,BQP_BCH_HP_AD,Ban Chỉ huy Quân sự An Dương - Hải Phòng,canonical,manual_registry
6383,904,BQP_BCH_HP_AD,Ban CHQS An Dương - Hải Phòng,alias,domain_rules
6384,904,BQP_BCH_HP_AD,BCHQS An Dương - Hải Phòng,abbreviation,domain_rules
6385,904,BQP_BCH_HP_AD,Ban Chi huy Quan su An Duong - Hai Phong,no_accent,auto_rule
6386,904,BQP_BCH_HP_AD,BCHSADHP,abbreviation,auto_rule
6387,905,BQP_BCH_DNAI_BH,Ban Chỉ huy Quân sự Biên Hòa - Đồng Nai,canonical,manual_registry
6388,905,BQP_BCH_DNAI_BH,Ban CHQS Biên Hòa - Đồng Nai,alias,domain_rules
6389,905,BQP_BCH_DNAI_BH,BCHQS Biên Hòa - Đồng Nai,abbreviation,domain_rules
6390,905,BQP_BCH_DNAI_BH,Ban Chi huy Quan su Bien Hoa - Đong Nai,no_accent,auto_rule
6391,905,BQP_BCH_DNAI_BH,BCHSBHĐN,abbreviation,auto_rule
6392,905,BQP_BCH_DNAI_BH,Ban Chỉ huy Quân sự Biên Hòa - Đồng ai,typo_ocr,noise_injector
6393,905,BQP_BCH_DNAI_BH,Ban Chỉ huy Quân sự Biên Hò - Đồng ai,typo_ocr,noise_injector
6394,906,BQP_BCH_DNAI_LK,Ban Chỉ huy Quân sự Long Khánh - Đồng Nai,canonical,manual_registry
6395,906,BQP_BCH_DNAI_LK,Ban CHQS Long Khánh - Đồng Nai,alias,domain_rules
6396,906,BQP_BCH_DNAI_LK,BCHQS Long Khánh - Đồng Nai,abbreviation,domain_rules
6397,906,BQP_BCH_DNAI_LK,Ban Chi huy Quan su Long Khanh - Đong Nai,no_accent,auto_rule
6398,906,BQP_BCH_DNAI_LK,BCHSLKĐN,abbreviation,auto_rule
6399,906,BQP_BCH_DNAI_LK,Ban Chỉ huy Quân sự Long Khánh - Đồng ai,typo_ocr,noise_injector
6400,906,BQP_BCH_DNAI_LK,Ban Chỉhuy Quân sự Long Khánh - Đồng Ni,typo_ocr,noise_injector
6401,907,BQP_BCH_DNAI_LT,Ban Chỉ huy Quân sự Long Thành - Đồng Nai,canonical,manual_registry
6402,907,BQP_BCH_DNAI_LT,Ban CHQS Long Thành - Đồng Nai,alias,domain_rules
6403,907,BQP_BCH_DNAI_LT,BCHQS Long Thành - Đồng Nai,abbreviation,domain_rules
6404,907,BQP_BCH_DNAI_LT,Ban Chi huy Quan su Long Thanh - Đong Nai,no_accent,auto_rule
6405,907,BQP_BCH_DNAI_LT,BCHSLTĐN,abbreviation,auto_rule
6406,907,BQP_BCH_DNAI_LT,Ban Chỉ huy Quân sự Long Thành- ĐồngNai,typo_ocr,noise_injector
6407,908,BQP_BCH_DNAI_TRB,Ban Chỉ huy Quân sự Trảng Bom - Đồng Nai,canonical,manual_registry
6408,908,BQP_BCH_DNAI_TRB,Ban CHQS Trảng Bom - Đồng Nai,alias,domain_rules
6409,908,BQP_BCH_DNAI_TRB,BCHQS Trảng Bom - Đồng Nai,abbreviation,domain_rules
6410,908,BQP_BCH_DNAI_TRB,Ban Chi huy Quan su Trang Bom - Đong Nai,no_accent,auto_rule
6411,908,BQP_BCH_DNAI_TRB,BCHSTBĐN,abbreviation,auto_rule
6412,908,BQP_BCH_DNAI_TRB,Ban Chỉ huy Qân sự Trảng Bom - Đồng Nai,typo_ocr,noise_injector
6413,909,BQP_BCH_BD_TDM,Ban Chỉ huy Quân sự Thủ Dầu Một - Bình Dương,canonical,manual_registry
6414,909,BQP_BCH_BD_TDM,Ban CHQS Thủ Dầu Một - Bình Dương,alias,domain_rules
6415,909,BQP_BCH_BD_TDM,BCHQS Thủ Dầu Một - Bình Dương,abbreviation,domain_rules
6416,909,BQP_BCH_BD_TDM,Ban Chi huy Quan su Thu Dau Mot - Binh Duong,no_accent,auto_rule
6417,909,BQP_BCH_BD_TDM,BCHSTDMBD,abbreviation,auto_rule
6418,909,BQP_BCH_BD_TDM,Ban Chỉ huy Quânsự Thủ Du Một - Bình Dương,typo_ocr,noise_injector
6419,909,BQP_BCH_BD_TDM,Ban hỉ huy Qun sự Thủ Dầu Một - Bình Dương,typo_ocr,noise_injector
6420,910,BQP_BCH_BD_DA,Ban Chỉ huy Quân sự Dĩ An - Bình Dương,canonical,manual_registry
6421,910,BQP_BCH_BD_DA,Ban CHQS Dĩ An - Bình Dương,alias,domain_rules
6422,910,BQP_BCH_BD_DA,BCHQS Dĩ An - Bình Dương,abbreviation,domain_rules
6423,910,BQP_BCH_BD_DA,Ban Chi huy Quan su Di An - Binh Duong,no_accent,auto_rule
6424,910,BQP_BCH_BD_DA,BCHSDABD,abbreviation,auto_rule
6425,910,BQP_BCH_BD_DA,Ban Chỉ huy Quân sự Dĩ An - Bình Dươn,typo_ocr,noise_injector
6426,911,BQP_BCH_BD_TA,Ban Chỉ huy Quân sự Thuận An - Bình Dương,canonical,manual_registry
6427,911,BQP_BCH_BD_TA,Ban CHQS Thuận An - Bình Dương,alias,domain_rules
6428,911,BQP_BCH_BD_TA,BCHQS Thuận An - Bình Dương,abbreviation,domain_rules
6429,911,BQP_BCH_BD_TA,Ban Chi huy Quan su Thuan An - Binh Duong,no_accent,auto_rule
6430,911,BQP_BCH_BD_TA,BCHSTABD,abbreviation,auto_rule
6431,911,BQP_BCH_BD_TA,Ban Ch huy Quân s Thuận An - Bình Dương,typo_ocr,noise_injector
6432,912,BQP_BCH_BD_BCT,Ban Chỉ huy Quân sự Bến Cát - Bình Dương,canonical,manual_registry
6433,912,BQP_BCH_BD_BCT,Ban CHQS Bến Cát - Bình Dương,alias,domain_rules
6434,912,BQP_BCH_BD_BCT,BCHQS Bến Cát - Bình Dương,abbreviation,domain_rules
6435,912,BQP_BCH_BD_BCT,Ban Chi huy Quan su Ben Cat - Binh Duong,no_accent,auto_rule
6436,912,BQP_BCH_BD_BCT,BCHSBCBD,abbreviation,auto_rule
6437,912,BQP_BCH_BD_BCT,Ban Chỉ huy Quân sự Bến Cát - Bình Dươg,typo_ocr,noise_injector
6438,913,OTH_BHXH_VN,Bảo hiểm Xã hội Việt Nam,canonical,manual_registry
6439,913,OTH_BHXH_VN,BHXH Việt Nam,abbreviation,manual_domain
6440,913,OTH_BHXH_VN,Bảo hiểm XH VN,alias,manual_domain
6441,913,OTH_BHXH_VN,Bao hiem Xa hoi Viet Nam,no_accent,auto_rule
6442,913,OTH_BHXH_VN,BHXHVN,abbreviation,auto_rule
6443,913,OTH_BHXH_VN,Bảo hiểm Xã hội Việt am,typo_ocr,noise_injector
6444,914,OTH_TCHQ_VN,Tổng cục Hải quan,canonical,manual_registry
6445,914,OTH_TCHQ_VN,Tong cuc Hai quan,no_accent,auto_rule
6446,914,OTH_TCHQ_VN,TCH,abbreviation,auto_rule
6447,914,OTH_TCHQ_VN,Tổn cục Hải quan,typo_ocr,noise_injector
6448,915,OTH_TCT_VN,Tổng cục Thuế,canonical,manual_registry
6449,915,OTH_TCT_VN,Tong cuc Thue,no_accent,auto_rule
6450,915,OTH_TCT_VN,TCT,abbreviation,auto_rule
6451,916,OTH_KBNN_VN,Kho bạc Nhà nước,canonical,manual_registry
6452,916,OTH_KBNN_VN,Kho bac Nha nuoc,no_accent,auto_rule
6453,916,OTH_KBNN_VN,KBNN,abbreviation,auto_rule
6454,917,OTH_TANDTC,Tòa án nhân dân tối cao,canonical,manual_registry
6455,917,OTH_TANDTC,Toa an nhan dan toi cao,no_accent,auto_rule
6456,917,OTH_TANDTC,TÁTC,abbreviation,auto_rule
6457,917,OTH_TANDTC,òa án nhân dân ối cao,typo_ocr,noise_injector
6458,918,OTH_VKSNDTC,Viện kiểm sát nhân dân tối cao,canonical,manual_registry
6459,918,OTH_VKSNDTC,Vien kiem sat nhan dan toi cao,no_accent,auto_rule
6460,918,OTH_VKSNDTC,VKSTC,abbreviation,auto_rule
6461,918,OTH_VKSNDTC,Viện kiểm sát nhândân tối cao,typo_ocr,noise_injector
6462,918,OTH_VKSNDTC,Viện iểm sát nhân dân tối cao,typo_ocr,noise_injector
6463,919,OTH_BV_BM,Bệnh viện Bạch Mai,canonical,manual_registry
6464,919,OTH_BV_BM,Benh vien Bach Mai,no_accent,auto_rule
6465,919,OTH_BV_BM,BVBM,abbreviation,auto_rule
6466,919,OTH_BV_BM,Bệnh viện Bạh Mai,typo_ocr,noise_injector
6467,920,OTH_BV_CR,Bệnh viện Chợ Rẫy,canonical,manual_registry
6468,920,OTH_BV_CR,Benh vien Cho Ray,no_accent,auto_rule
6469,920,OTH_BV_CR,BVCR,abbreviation,auto_rule
6470,921,OTH_BV_K,Bệnh viện K,canonical,manual_registry
6471,921,OTH_BV_K,Benh vien K,no_accent,auto_rule
6472,921,OTH_BV_K,BV,abbreviation,auto_rule
6473,922,OTH_DH_BKHN,Đại học Bách khoa Hà Nội,canonical,manual_registry
6474,922,OTH_DH_BKHN,ĐHBK Hà Nội,abbreviation,manual_domain
6475,922,OTH_DH_BKHN,Bách Khoa HN,alias,manual_domain
6476,922,OTH_DH_BKHN,HUST,short_code,manual_domain
6477,922,OTH_DH_BKHN,Đai hoc Bach khoa Ha Noi,no_accent,auto_rule
6478,922,OTH_DH_BKHN,ĐHBKHN,abbreviation,auto_rule
6479,922,OTH_DH_BKHN,Đại hc Bách khoa Hà Nội,typo_ocr,noise_injector
6480,923,OTH_DH_QGHN,Đại học Quốc gia Hà Nội,canonical,manual_registry
6481,923,OTH_DH_QGHN,Đai hoc Quoc gia Ha Noi,no_accent,auto_rule
6482,923,OTH_DH_QGHN,ĐHQGHN,abbreviation,auto_rule
6483,924,OTH_DH_QGHCM,Đại học Quốc gia Thành phố Hồ Chí Minh,canonical,manual_registry
6484,924,OTH_DH_QGHCM,Đai hoc Quoc gia Thanh pho Ho Chi Minh,no_accent,auto_rule
6485,924,OTH_DH_QGHCM,ĐHQGTPHCM,abbreviation,auto_rule
6486,924,OTH_DH_QGHCM,Đạihọc Quốc gia Thành phố Hồ Chí Minh,typo_ocr,noise_injector
6487,924,OTH_DH_QGHCM,Đại học Quốc ga Thành phố Hồ Chí Minh,typo_ocr,noise_injector
6488,925,OTH_UBND_HN,Ủy ban nhân dân Hà Nội,canonical,manual_registry
6489,925,OTH_UBND_HN,UBND Hà Nội,abbreviation,domain_rules
6490,925,OTH_UBND_HN,UB Hà Nội,alias,domain_rules
6491,925,OTH_UBND_HN,Uy ban nhan dan Ha Noi,no_accent,auto_rule
6492,925,OTH_UBND_HN,ỦBHN,abbreviation,auto_rule
6493,925,OTH_UBND_HN,Ủy ban nhân dn Hà Nội,typo_ocr,noise_injector
6494,926,OTH_BHXH_HN,Bảo hiểm Xã hội Hà Nội,canonical,manual_registry
6495,926,OTH_BHXH_HN,BHXH Hà Nội,abbreviation,domain_rules
6496,926,OTH_BHXH_HN,Bao hiem Xa hoi Ha Noi,no_accent,auto_rule
6497,926,OTH_BHXH_HN,BHXHHN,abbreviation,auto_rule
6498,927,OTH_SYT_HN,Sở Y tế Hà Nội,canonical,manual_registry
6499,927,OTH_SYT_HN,SYT Hà Nội,abbreviation,domain_rules
6500,927,OTH_SYT_HN,So Y te Ha Noi,no_accent,auto_rule
6501,927,OTH_SYT_HN,STHN,abbreviation,auto_rule
6502,928,OTH_SGD_HN,Sở Giáo dục và Đào tạo Hà Nội,canonical,manual_registry
6503,928,OTH_SGD_HN,Sở GD&ĐT Hà Nội,alias,domain_rules
6504,928,OTH_SGD_HN,SGD&ĐT Hà Nội,abbreviation,domain_rules
6505,928,OTH_SGD_HN,So Giao duc va Đao tao Ha Noi,no_accent,auto_rule
6506,928,OTH_SGD_HN,SGDĐTHN,abbreviation,auto_rule
6507,929,OTH_STC_HN,Sở Tài chính Hà Nội,canonical,manual_registry
6508,929,OTH_STC_HN,STC Hà Nội,abbreviation,domain_rules
6509,929,OTH_STC_HN,So Tai chinh Ha Noi,no_accent,auto_rule
6510,929,OTH_STC_HN,STCHN,abbreviation,auto_rule
6511,930,OTH_STP_HN,Sở Tư pháp Hà Nội,canonical,manual_registry
6512,930,OTH_STP_HN,STP Hà Nội,abbreviation,domain_rules
6513,930,OTH_STP_HN,So Tu phap Ha Noi,no_accent,auto_rule
6514,930,OTH_STP_HN,STPHN,abbreviation,auto_rule
6515,931,OTH_SKH_HN,Sở Kế hoạch và Đầu tư Hà Nội,canonical,manual_registry
6516,931,OTH_SKH_HN,SKH&ĐT Hà Nội,abbreviation,domain_rules
6517,931,OTH_SKH_HN,SKHĐT Hà Nội,abbreviation,domain_rules
6518,931,OTH_SKH_HN,So Ke hoach va Đau tu Ha Noi,no_accent,auto_rule
6519,931,OTH_SKH_HN,SKHĐTHN,abbreviation,auto_rule
6520,931,OTH_SKH_HN,Sở Kế hoạh và Đầu tư Hà Nội,typo_ocr,noise_injector
6521,932,OTH_SXD_HN,Sở Xây dựng Hà Nội,canonical,manual_registry
6522,932,OTH_SXD_HN,SXD Hà Nội,abbreviation,domain_rules
6523,932,OTH_SXD_HN,So Xay dung Ha Noi,no_accent,auto_rule
6524,932,OTH_SXD_HN,SXDHN,abbreviation,auto_rule
6525,933,OTH_STNMT_HN,Sở Tài nguyên và Môi trường Hà Nội,canonical,manual_registry
6526,933,OTH_STNMT_HN,STNMT Hà Nội,abbreviation,domain_rules
6527,933,OTH_STNMT_HN,So Tai nguyen va Moi truong Ha Noi,no_accent,auto_rule
6528,933,OTH_STNMT_HN,STNMTHN,abbreviation,auto_rule
6529,933,OTH_STNMT_HN,Sở Tài nguyên và Môitrường Hà Nội,typo_ocr,noise_injector
6530,933,OTH_STNMT_HN,S Tài nguyên à Môi trường Hà ội,typo_ocr,noise_injector
6531,934,OTH_SNV_HN,Sở Nội vụ Hà Nội,canonical,manual_registry
6532,934,OTH_SNV_HN,SNV Hà Nội,abbreviation,domain_rules
6533,934,OTH_SNV_HN,So Noi vu Ha Noi,no_accent,auto_rule
6534,934,OTH_SNV_HN,SNVHN,abbreviation,auto_rule
6535,935,OTH_UBND_HTAY,Ủy ban nhân dân Hà Tây,canonical,manual_registry
6536,935,OTH_UBND_HTAY,UBND Hà Tây,abbreviation,domain_rules
6537,935,OTH_UBND_HTAY,UB Hà Tây,alias,domain_rules
6538,935,OTH_UBND_HTAY,Uy ban nhan dan Ha Tay,no_accent,auto_rule
6539,935,OTH_UBND_HTAY,ỦBHT,abbreviation,auto_rule
6540,935,OTH_UBND_HTAY,Ủy ban nhân dân HàTây,typo_ocr,noise_injector
6541,936,OTH_BHXH_HTAY,Bảo hiểm Xã hội Hà Tây,canonical,manual_registry
6542,936,OTH_BHXH_HTAY,BHXH Hà Tây,abbreviation,domain_rules
6543,936,OTH_BHXH_HTAY,Bao hiem Xa hoi Ha Tay,no_accent,auto_rule
6544,936,OTH_BHXH_HTAY,BHXHHT,abbreviation,auto_rule
6545,936,OTH_BHXH_HTAY,Bảo iểm Xã hội Hà Tây,typo_ocr,noise_injector
6546,937,OTH_SYT_HTAY,Sở Y tế Hà Tây,canonical,manual_registry
6547,937,OTH_SYT_HTAY,SYT Hà Tây,abbreviation,domain_rules
6548,937,OTH_SYT_HTAY,So Y te Ha Tay,no_accent,auto_rule
6549,937,OTH_SYT_HTAY,STHT,abbreviation,auto_rule
6550,938,OTH_SGD_HTAY,Sở Giáo dục và Đào tạo Hà Tây,canonical,manual_registry
6551,938,OTH_SGD_HTAY,Sở GD&ĐT Hà Tây,alias,domain_rules
6552,938,OTH_SGD_HTAY,SGD&ĐT Hà Tây,abbreviation,domain_rules
6553,938,OTH_SGD_HTAY,So Giao duc va Đao tao Ha Tay,no_accent,auto_rule
6554,938,OTH_SGD_HTAY,SGDĐTHT,abbreviation,auto_rule
6555,938,OTH_SGD_HTAY,ở Giáo dục và Đào tạo Hà Tây,typo_ocr,noise_injector
6556,939,OTH_STC_HTAY,Sở Tài chính Hà Tây,canonical,manual_registry
6557,939,OTH_STC_HTAY,STC Hà Tây,abbreviation,domain_rules
6558,939,OTH_STC_HTAY,So Tai chinh Ha Tay,no_accent,auto_rule
6559,939,OTH_STC_HTAY,STCHT,abbreviation,auto_rule
6560,939,OTH_STC_HTAY,Sở Tài chính HàTây,typo_ocr,noise_injector
6561,940,OTH_STP_HTAY,Sở Tư pháp Hà Tây,canonical,manual_registry
6562,940,OTH_STP_HTAY,STP Hà Tây,abbreviation,domain_rules
6563,940,OTH_STP_HTAY,So Tu phap Ha Tay,no_accent,auto_rule
6564,940,OTH_STP_HTAY,STPHT,abbreviation,auto_rule
6565,941,OTH_SKH_HTAY,Sở Kế hoạch và Đầu tư Hà Tây,canonical,manual_registry
6566,941,OTH_SKH_HTAY,SKH&ĐT Hà Tây,abbreviation,domain_rules
6567,941,OTH_SKH_HTAY,SKHĐT Hà Tây,abbreviation,domain_rules
6568,941,OTH_SKH_HTAY,So Ke hoach va Đau tu Ha Tay,no_accent,auto_rule
6569,941,OTH_SKH_HTAY,SKHĐTHT,abbreviation,auto_rule
6570,941,OTH_SKH_HTAY,Sở Kế hoch và Đầu tư Hà Tây,typo_ocr,noise_injector
6571,941,OTH_SKH_HTAY,Sở Kế hoạch v Đầu tư Hà Tây,typo_ocr,noise_injector
6572,942,OTH_SXD_HTAY,Sở Xây dựng Hà Tây,canonical,manual_registry
6573,942,OTH_SXD_HTAY,SXD Hà Tây,abbreviation,domain_rules
6574,942,OTH_SXD_HTAY,So Xay dung Ha Tay,no_accent,auto_rule
6575,942,OTH_SXD_HTAY,SXDHT,abbreviation,auto_rule
6576,942,OTH_SXD_HTAY,S Xây dựng Hà Tây,typo_ocr,noise_injector
6577,943,OTH_STNMT_HTAY,Sở Tài nguyên và Môi trường Hà Tây,canonical,manual_registry
6578,943,OTH_STNMT_HTAY,STNMT Hà Tây,abbreviation,domain_rules
6579,943,OTH_STNMT_HTAY,So Tai nguyen va Moi truong Ha Tay,no_accent,auto_rule
6580,943,OTH_STNMT_HTAY,STNMTHT,abbreviation,auto_rule
6581,943,OTH_STNMT_HTAY,ở Tài nguyênvà Môi trường Hà Tây,typo_ocr,noise_injector
6582,944,OTH_SNV_HTAY,Sở Nội vụ Hà Tây,canonical,manual_registry
6583,944,OTH_SNV_HTAY,SNV Hà Tây,abbreviation,domain_rules
6584,944,OTH_SNV_HTAY,So Noi vu Ha Tay,no_accent,auto_rule
6585,944,OTH_SNV_HTAY,SNVHT,abbreviation,auto_rule
6586,944,OTH_SNV_HTAY,S Nội vụ Hà Tây,typo_ocr,noise_injector
6587,945,OTH_UBND_HCM,Ủy ban nhân dân Thành phố Hồ Chí Minh,canonical,manual_registry
6588,945,OTH_UBND_HCM,UBND Thành phố Hồ Chí Minh,abbreviation,domain_rules
6589,945,OTH_UBND_HCM,UB Thành phố Hồ Chí Minh,alias,domain_rules
6590,945,OTH_UBND_HCM,Uy ban nhan dan Thanh pho Ho Chi Minh,no_accent,auto_rule
6591,945,OTH_UBND_HCM,ỦBTPHCM,abbreviation,auto_rule
6592,945,OTH_UBND_HCM,Ủy ban nhân dân Thành phố Hồ Chí Mnh,typo_ocr,noise_injector
6593,946,OTH_BHXH_HCM,Bảo hiểm Xã hội Thành phố Hồ Chí Minh,canonical,manual_registry
6594,946,OTH_BHXH_HCM,BHXH Thành phố Hồ Chí Minh,abbreviation,domain_rules
6595,946,OTH_BHXH_HCM,Bao hiem Xa hoi Thanh pho Ho Chi Minh,no_accent,auto_rule
6596,946,OTH_BHXH_HCM,BHXHTPHCM,abbreviation,auto_rule
6597,946,OTH_BHXH_HCM,Bo hiểm Xã hội Thành phố ồ Chí Minh,typo_ocr,noise_injector
6598,947,OTH_SYT_HCM,Sở Y tế Thành phố Hồ Chí Minh,canonical,manual_registry
6599,947,OTH_SYT_HCM,SYT Thành phố Hồ Chí Minh,abbreviation,domain_rules
6600,947,OTH_SYT_HCM,So Y te Thanh pho Ho Chi Minh,no_accent,auto_rule
6601,947,OTH_SYT_HCM,STTPHCM,abbreviation,auto_rule
6602,947,OTH_SYT_HCM,Sở Y tế hành phố Hồ Chí Minh,typo_ocr,noise_injector
6603,948,OTH_SGD_HCM,Sở Giáo dục và Đào tạo Thành phố Hồ Chí Minh,canonical,manual_registry
6604,948,OTH_SGD_HCM,Sở GD&ĐT Thành phố Hồ Chí Minh,alias,domain_rules
6605,948,OTH_SGD_HCM,SGD&ĐT Thành phố Hồ Chí Minh,abbreviation,domain_rules
6606,948,OTH_SGD_HCM,So Giao duc va Đao tao Thanh pho Ho Chi Minh,no_accent,auto_rule
6607,948,OTH_SGD_HCM,SGDĐTTPHCM,abbreviation,auto_rule
6608,948,OTH_SGD_HCM,Sở Giáo dục và Đào tạo Thành phố Hồ Chí inh,typo_ocr,noise_injector
6609,949,OTH_STC_HCM,Sở Tài chính Thành phố Hồ Chí Minh,canonical,manual_registry
6610,949,OTH_STC_HCM,STC Thành phố Hồ Chí Minh,abbreviation,domain_rules
6611,949,OTH_STC_HCM,So Tai chinh Thanh pho Ho Chi Minh,no_accent,auto_rule
6612,949,OTH_STC_HCM,STCTPHCM,abbreviation,auto_rule
6613,949,OTH_STC_HCM,Sở Tà chính Thành phố Hồ Chí Minh,typo_ocr,noise_injector
6614,950,OTH_STP_HCM,Sở Tư pháp Thành phố Hồ Chí Minh,canonical,manual_registry
6615,950,OTH_STP_HCM,STP Thành phố Hồ Chí Minh,abbreviation,domain_rules
6616,950,OTH_STP_HCM,So Tu phap Thanh pho Ho Chi Minh,no_accent,auto_rule
6617,950,OTH_STP_HCM,STPTPHCM,abbreviation,auto_rule
6618,950,OTH_STP_HCM,Sở Tư pháp Thàn phố Hồ Chí Minh,typo_ocr,noise_injector
6619,951,OTH_SKH_HCM,Sở Kế hoạch và Đầu tư Thành phố Hồ Chí Minh,canonical,manual_registry
6620,951,OTH_SKH_HCM,SKH&ĐT Thành phố Hồ Chí Minh,abbreviation,domain_rules
6621,951,OTH_SKH_HCM,SKHĐT Thành phố Hồ Chí Minh,abbreviation,domain_rules
6622,951,OTH_SKH_HCM,So Ke hoach va Đau tu Thanh pho Ho Chi Minh,no_accent,auto_rule
6623,951,OTH_SKH_HCM,SKHĐTTPHCM,abbreviation,auto_rule
6624,951,OTH_SKH_HCM,Sở Kế hoạh và Đầu tư Thành phố Hồ Chí Minh,typo_ocr,noise_injector
6625,951,OTH_SKH_HCM,Sở Kế hoạch và Đầu tư hànhphố Hồ Chí Minh,typo_ocr,noise_injector
6626,952,OTH_SXD_HCM,Sở Xây dựng Thành phố Hồ Chí Minh,canonical,manual_registry
6627,952,OTH_SXD_HCM,SXD Thành phố Hồ Chí Minh,abbreviation,domain_rules
6628,952,OTH_SXD_HCM,So Xay dung Thanh pho Ho Chi Minh,no_accent,auto_rule
6629,952,OTH_SXD_HCM,SXDTPHCM,abbreviation,auto_rule
6630,952,OTH_SXD_HCM,Sở Xây dựng nh phố Hồ Chí Minh,typo_ocr,noise_injector
6631,952,OTH_SXD_HCM,Sở Xây dựng Thành pố Hồ Chí Minh,typo_ocr,noise_injector
6632,953,OTH_STNMT_HCM,Sở Tài nguyên và Môi trường Thành phố Hồ Chí Minh,canonical,manual_registry
6633,953,OTH_STNMT_HCM,STNMT Thành phố Hồ Chí Minh,abbreviation,domain_rules
6634,953,OTH_STNMT_HCM,So Tai nguyen va Moi truong Thanh pho Ho Chi Minh,no_accent,auto_rule
6635,953,OTH_STNMT_HCM,STNMTTPHCM,abbreviation,auto_rule
6636,953,OTH_STNMT_HCM,Sở Tài nguyên và Môi trưng Thành phố Hồ Chí Minh,typo_ocr,noise_injector
6637,953,OTH_STNMT_HCM,Sở Tài nguyên và Môi trường Thành phố HồChí Minh,typo_ocr,noise_injector
6638,954,OTH_SNV_HCM,Sở Nội vụ Thành phố Hồ Chí Minh,canonical,manual_registry
6639,954,OTH_SNV_HCM,SNV Thành phố Hồ Chí Minh,abbreviation,domain_rules
6640,954,OTH_SNV_HCM,So Noi vu Thanh pho Ho Chi Minh,no_accent,auto_rule
6641,954,OTH_SNV_HCM,SNVTPHCM,abbreviation,auto_rule
6642,954,OTH_SNV_HCM,Sở Nội vụ Thành phố Hồ ChíMinh,typo_ocr,noise_injector
6643,954,OTH_SNV_HCM,Sở Nội vụ Thành phố Hồ Ch Minh,typo_ocr,noise_injector
6644,955,OTH_UBND_DN,Ủy ban nhân dân Đà Nẵng,canonical,manual_registry
6645,955,OTH_UBND_DN,UBND Đà Nẵng,abbreviation,domain_rules
6646,955,OTH_UBND_DN,UB Đà Nẵng,alias,domain_rules
6647,955,OTH_UBND_DN,Uy ban nhan dan Đa Nang,no_accent,auto_rule
6648,955,OTH_UBND_DN,ỦBĐN,abbreviation,auto_rule
6649,956,OTH_BHXH_DN,Bảo hiểm Xã hội Đà Nẵng,canonical,manual_registry
6650,956,OTH_BHXH_DN,BHXH Đà Nẵng,abbreviation,domain_rules
6651,956,OTH_BHXH_DN,Bao hiem Xa hoi Đa Nang,no_accent,auto_rule
6652,956,OTH_BHXH_DN,BHXHĐN,abbreviation,auto_rule
6653,956,OTH_BHXH_DN,Bảo hiểm ã hội Đà Nẵng,typo_ocr,noise_injector
6654,957,OTH_SYT_DN,Sở Y tế Đà Nẵng,canonical,manual_registry
6655,957,OTH_SYT_DN,SYT Đà Nẵng,abbreviation,domain_rules
6656,957,OTH_SYT_DN,So Y te Đa Nang,no_accent,auto_rule
6657,957,OTH_SYT_DN,STĐN,abbreviation,auto_rule
6658,958,OTH_SGD_DN,Sở Giáo dục và Đào tạo Đà Nẵng,canonical,manual_registry
6659,958,OTH_SGD_DN,Sở GD&ĐT Đà Nẵng,alias,domain_rules
6660,958,OTH_SGD_DN,SGD&ĐT Đà Nẵng,abbreviation,domain_rules
6661,958,OTH_SGD_DN,So Giao duc va Đao tao Đa Nang,no_accent,auto_rule
6662,958,OTH_SGD_DN,SGDĐTĐN,abbreviation,auto_rule
6663,959,OTH_STC_DN,Sở Tài chính Đà Nẵng,canonical,manual_registry
6664,959,OTH_STC_DN,STC Đà Nẵng,abbreviation,domain_rules
6665,959,OTH_STC_DN,So Tai chinh Đa Nang,no_accent,auto_rule
6666,959,OTH_STC_DN,STCĐN,abbreviation,auto_rule
6667,959,OTH_STC_DN,S Tài chính Đà Nẵng,typo_ocr,noise_injector
6668,960,OTH_STP_DN,Sở Tư pháp Đà Nẵng,canonical,manual_registry
6669,960,OTH_STP_DN,STP Đà Nẵng,abbreviation,domain_rules
6670,960,OTH_STP_DN,So Tu phap Đa Nang,no_accent,auto_rule
6671,960,OTH_STP_DN,STPĐN,abbreviation,auto_rule
6672,961,OTH_SKH_DN,Sở Kế hoạch và Đầu tư Đà Nẵng,canonical,manual_registry
6673,961,OTH_SKH_DN,SKH&ĐT Đà Nẵng,abbreviation,domain_rules
6674,961,OTH_SKH_DN,SKHĐT Đà Nẵng,abbreviation,domain_rules
6675,961,OTH_SKH_DN,So Ke hoach va Đau tu Đa Nang,no_accent,auto_rule
6676,961,OTH_SKH_DN,SKHĐTĐN,abbreviation,auto_rule
6677,961,OTH_SKH_DN,Sở K hoạch và Đầu tư Đà Nẵng,typo_ocr,noise_injector
6678,961,OTH_SKH_DN,Sở Kế hoạch à Đầu tư Đà Nẵng,typo_ocr,noise_injector
6679,962,OTH_SXD_DN,Sở Xây dựng Đà Nẵng,canonical,manual_registry
6680,962,OTH_SXD_DN,SXD Đà Nẵng,abbreviation,domain_rules
6681,962,OTH_SXD_DN,So Xay dung Đa Nang,no_accent,auto_rule
6682,962,OTH_SXD_DN,SXDĐN,abbreviation,auto_rule
6683,962,OTH_SXD_DN,Sở Xây dựng Đà Nng,typo_ocr,noise_injector
6684,962,OTH_SXD_DN,SởXây dựng Đà Nẵng,typo_ocr,noise_injector
6685,963,OTH_STNMT_DN,Sở Tài nguyên và Môi trường Đà Nẵng,canonical,manual_registry
6686,963,OTH_STNMT_DN,STNMT Đà Nẵng,abbreviation,domain_rules
6687,963,OTH_STNMT_DN,So Tai nguyen va Moi truong Đa Nang,no_accent,auto_rule
6688,963,OTH_STNMT_DN,STNMTĐN,abbreviation,auto_rule
6689,964,OTH_SNV_DN,Sở Nội vụ Đà Nẵng,canonical,manual_registry
6690,964,OTH_SNV_DN,SNV Đà Nẵng,abbreviation,domain_rules
6691,964,OTH_SNV_DN,So Noi vu Đa Nang,no_accent,auto_rule
6692,964,OTH_SNV_DN,SNVĐN,abbreviation,auto_rule
6693,965,OTH_UBND_HP,Ủy ban nhân dân Hải Phòng,canonical,manual_registry
6694,965,OTH_UBND_HP,UBND Hải Phòng,abbreviation,domain_rules
6695,965,OTH_UBND_HP,UB Hải Phòng,alias,domain_rules
6696,965,OTH_UBND_HP,Uy ban nhan dan Hai Phong,no_accent,auto_rule
6697,965,OTH_UBND_HP,ỦBHP,abbreviation,auto_rule
6698,965,OTH_UBND_HP,Ủy ban nhân dân Hải Phòg,typo_ocr,noise_injector
6699,966,OTH_BHXH_HP,Bảo hiểm Xã hội Hải Phòng,canonical,manual_registry
6700,966,OTH_BHXH_HP,BHXH Hải Phòng,abbreviation,domain_rules
6701,966,OTH_BHXH_HP,Bao hiem Xa hoi Hai Phong,no_accent,auto_rule
6702,966,OTH_BHXH_HP,BHXHHP,abbreviation,auto_rule
6703,966,OTH_BHXH_HP,Bảo hểm Xã hội Hải Phòng,typo_ocr,noise_injector
6704,967,OTH_SYT_HP,Sở Y tế Hải Phòng,canonical,manual_registry
6705,967,OTH_SYT_HP,SYT Hải Phòng,abbreviation,domain_rules
6706,967,OTH_SYT_HP,So Y te Hai Phong,no_accent,auto_rule
6707,967,OTH_SYT_HP,STHP,abbreviation,auto_rule
6708,968,OTH_SGD_HP,Sở Giáo dục và Đào tạo Hải Phòng,canonical,manual_registry
6709,968,OTH_SGD_HP,Sở GD&ĐT Hải Phòng,alias,domain_rules
6710,968,OTH_SGD_HP,SGD&ĐT Hải Phòng,abbreviation,domain_rules
6711,968,OTH_SGD_HP,So Giao duc va Đao tao Hai Phong,no_accent,auto_rule
6712,968,OTH_SGD_HP,SGDĐTHP,abbreviation,auto_rule
6713,968,OTH_SGD_HP,Sở Giáo dục và Đà tạo Hải Phòng,typo_ocr,noise_injector
6714,969,OTH_STC_HP,Sở Tài chính Hải Phòng,canonical,manual_registry
6715,969,OTH_STC_HP,STC Hải Phòng,abbreviation,domain_rules
6716,969,OTH_STC_HP,So Tai chinh Hai Phong,no_accent,auto_rule
6717,969,OTH_STC_HP,STCHP,abbreviation,auto_rule
6718,970,OTH_STP_HP,Sở Tư pháp Hải Phòng,canonical,manual_registry
6719,970,OTH_STP_HP,STP Hải Phòng,abbreviation,domain_rules
6720,970,OTH_STP_HP,So Tu phap Hai Phong,no_accent,auto_rule
6721,970,OTH_STP_HP,STPHP,abbreviation,auto_rule
6722,970,OTH_STP_HP,Sở Tư pháp Hải hòng,typo_ocr,noise_injector
6723,971,OTH_SKH_HP,Sở Kế hoạch và Đầu tư Hải Phòng,canonical,manual_registry
6724,971,OTH_SKH_HP,SKH&ĐT Hải Phòng,abbreviation,domain_rules
6725,971,OTH_SKH_HP,SKHĐT Hải Phòng,abbreviation,domain_rules
6726,971,OTH_SKH_HP,So Ke hoach va Đau tu Hai Phong,no_accent,auto_rule
6727,971,OTH_SKH_HP,SKHĐTHP,abbreviation,auto_rule
6728,971,OTH_SKH_HP,Sở Kế hoạch và ầu tư Hải Phòng,typo_ocr,noise_injector
6729,972,OTH_SXD_HP,Sở Xây dựng Hải Phòng,canonical,manual_registry
6730,972,OTH_SXD_HP,SXD Hải Phòng,abbreviation,domain_rules
6731,972,OTH_SXD_HP,So Xay dung Hai Phong,no_accent,auto_rule
6732,972,OTH_SXD_HP,SXDHP,abbreviation,auto_rule
6733,972,OTH_SXD_HP,Sở Xây dựng ải Phòng,typo_ocr,noise_injector
6734,973,OTH_STNMT_HP,Sở Tài nguyên và Môi trường Hải Phòng,canonical,manual_registry
6735,973,OTH_STNMT_HP,STNMT Hải Phòng,abbreviation,domain_rules
6736,973,OTH_STNMT_HP,So Tai nguyen va Moi truong Hai Phong,no_accent,auto_rule
6737,973,OTH_STNMT_HP,STNMTHP,abbreviation,auto_rule
6738,973,OTH_STNMT_HP,Sở Tài nguyên và Mi trường Hải Phòng,typo_ocr,noise_injector
6739,974,OTH_SNV_HP,Sở Nội vụ Hải Phòng,canonical,manual_registry
6740,974,OTH_SNV_HP,SNV Hải Phòng,abbreviation,domain_rules
6741,974,OTH_SNV_HP,So Noi vu Hai Phong,no_accent,auto_rule
6742,974,OTH_SNV_HP,SNVHP,abbreviation,auto_rule
6743,974,OTH_SNV_HP,Sở Nộivụ Hải Phòng,typo_ocr,noise_injector
6744,975,OTH_UBND_CT,Ủy ban nhân dân Cần Thơ,canonical,manual_registry
6745,975,OTH_UBND_CT,UBND Cần Thơ,abbreviation,domain_rules
6746,975,OTH_UBND_CT,UB Cần Thơ,alias,domain_rules
6747,975,OTH_UBND_CT,Uy ban nhan dan Can Tho,no_accent,auto_rule
6748,975,OTH_UBND_CT,ỦBCT,abbreviation,auto_rule
6749,976,OTH_BHXH_CT,Bảo hiểm Xã hội Cần Thơ,canonical,manual_registry
6750,976,OTH_BHXH_CT,BHXH Cần Thơ,abbreviation,domain_rules
6751,976,OTH_BHXH_CT,Bao hiem Xa hoi Can Tho,no_accent,auto_rule
6752,976,OTH_BHXH_CT,BHXHCT,abbreviation,auto_rule
6753,977,OTH_SYT_CT,Sở Y tế Cần Thơ,canonical,manual_registry
6754,977,OTH_SYT_CT,SYT Cần Thơ,abbreviation,domain_rules
6755,977,OTH_SYT_CT,So Y te Can Tho,no_accent,auto_rule
6756,977,OTH_SYT_CT,STCT,abbreviation,auto_rule
6757,978,OTH_SGD_CT,Sở Giáo dục và Đào tạo Cần Thơ,canonical,manual_registry
6758,978,OTH_SGD_CT,Sở GD&ĐT Cần Thơ,alias,domain_rules
6759,978,OTH_SGD_CT,SGD&ĐT Cần Thơ,abbreviation,domain_rules
6760,978,OTH_SGD_CT,So Giao duc va Đao tao Can Tho,no_accent,auto_rule
6761,978,OTH_SGD_CT,SGDĐTCT,abbreviation,auto_rule
6762,979,OTH_STC_CT,Sở Tài chính Cần Thơ,canonical,manual_registry
6763,979,OTH_STC_CT,STC Cần Thơ,abbreviation,domain_rules
6764,979,OTH_STC_CT,So Tai chinh Can Tho,no_accent,auto_rule
6765,979,OTH_STC_CT,STCCT,abbreviation,auto_rule
6766,979,OTH_STC_CT,Sở Tài chíh Cần Thơ,typo_ocr,noise_injector
6767,980,OTH_STP_CT,Sở Tư pháp Cần Thơ,canonical,manual_registry
6768,980,OTH_STP_CT,STP Cần Thơ,abbreviation,domain_rules
6769,980,OTH_STP_CT,So Tu phap Can Tho,no_accent,auto_rule
6770,980,OTH_STP_CT,STPCT,abbreviation,auto_rule
6771,980,OTH_STP_CT,Sở Tư phápCần Thơ,typo_ocr,noise_injector
6772,981,OTH_SKH_CT,Sở Kế hoạch và Đầu tư Cần Thơ,canonical,manual_registry
6773,981,OTH_SKH_CT,SKH&ĐT Cần Thơ,abbreviation,domain_rules
6774,981,OTH_SKH_CT,SKHĐT Cần Thơ,abbreviation,domain_rules
6775,981,OTH_SKH_CT,So Ke hoach va Đau tu Can Tho,no_accent,auto_rule
6776,981,OTH_SKH_CT,SKHĐTCT,abbreviation,auto_rule
6777,981,OTH_SKH_CT,Sở Kế hoạch và Đầ tư Cần Thơ,typo_ocr,noise_injector
6778,982,OTH_SXD_CT,Sở Xây dựng Cần Thơ,canonical,manual_registry
6779,982,OTH_SXD_CT,SXD Cần Thơ,abbreviation,domain_rules
6780,982,OTH_SXD_CT,So Xay dung Can Tho,no_accent,auto_rule
6781,982,OTH_SXD_CT,SXDCT,abbreviation,auto_rule
6782,982,OTH_SXD_CT,Sở Xây dựng ần Thơ,typo_ocr,noise_injector
6783,982,OTH_SXD_CT,ở Xây dựng Cần Thơ,typo_ocr,noise_injector
6784,983,OTH_STNMT_CT,Sở Tài nguyên và Môi trường Cần Thơ,canonical,manual_registry
6785,983,OTH_STNMT_CT,STNMT Cần Thơ,abbreviation,domain_rules
6786,983,OTH_STNMT_CT,So Tai nguyen va Moi truong Can Tho,no_accent,auto_rule
6787,983,OTH_STNMT_CT,STNMTCT,abbreviation,auto_rule
6788,983,OTH_STNMT_CT,Sở Tài nguyên và Môitrường Cần Thơ,typo_ocr,noise_injector
6789,984,OTH_SNV_CT,Sở Nội vụ Cần Thơ,canonical,manual_registry
6790,984,OTH_SNV_CT,SNV Cần Thơ,abbreviation,domain_rules
6791,984,OTH_SNV_CT,So Noi vu Can Tho,no_accent,auto_rule
6792,984,OTH_SNV_CT,SNVCT,abbreviation,auto_rule
6793,985,OTH_UBND_DNAI,Ủy ban nhân dân Đồng Nai,canonical,manual_registry
6794,985,OTH_UBND_DNAI,UBND Đồng Nai,abbreviation,domain_rules
6795,985,OTH_UBND_DNAI,UB Đồng Nai,alias,domain_rules
6796,985,OTH_UBND_DNAI,Uy ban nhan dan Đong Nai,no_accent,auto_rule
6797,985,OTH_UBND_DNAI,ỦBĐN,abbreviation,auto_rule
6798,985,OTH_UBND_DNAI,Ủy ban nhân dân Đồng ai,typo_ocr,noise_injector
6799,986,OTH_BHXH_DNAI,Bảo hiểm Xã hội Đồng Nai,canonical,manual_registry
6800,986,OTH_BHXH_DNAI,BHXH Đồng Nai,abbreviation,domain_rules
6801,986,OTH_BHXH_DNAI,Bao hiem Xa hoi Đong Nai,no_accent,auto_rule
6802,986,OTH_BHXH_DNAI,BHXHĐN,abbreviation,auto_rule
6803,987,OTH_SYT_DNAI,Sở Y tế Đồng Nai,canonical,manual_registry
6804,987,OTH_SYT_DNAI,SYT Đồng Nai,abbreviation,domain_rules
6805,987,OTH_SYT_DNAI,So Y te Đong Nai,no_accent,auto_rule
6806,987,OTH_SYT_DNAI,STĐN,abbreviation,auto_rule
6807,988,OTH_SGD_DNAI,Sở Giáo dục và Đào tạo Đồng Nai,canonical,manual_registry
6808,988,OTH_SGD_DNAI,Sở GD&ĐT Đồng Nai,alias,domain_rules
6809,988,OTH_SGD_DNAI,SGD&ĐT Đồng Nai,abbreviation,domain_rules
6810,988,OTH_SGD_DNAI,So Giao duc va Đao tao Đong Nai,no_accent,auto_rule
6811,988,OTH_SGD_DNAI,SGDĐTĐN,abbreviation,auto_rule
6812,989,OTH_STC_DNAI,Sở Tài chính Đồng Nai,canonical,manual_registry
6813,989,OTH_STC_DNAI,STC Đồng Nai,abbreviation,domain_rules
6814,989,OTH_STC_DNAI,So Tai chinh Đong Nai,no_accent,auto_rule
6815,989,OTH_STC_DNAI,STCĐN,abbreviation,auto_rule
6816,989,OTH_STC_DNAI,Sở Tài cính Đồng Nai,typo_ocr,noise_injector
6817,990,OTH_STP_DNAI,Sở Tư pháp Đồng Nai,canonical,manual_registry
6818,990,OTH_STP_DNAI,STP Đồng Nai,abbreviation,domain_rules
6819,990,OTH_STP_DNAI,So Tu phap Đong Nai,no_accent,auto_rule
6820,990,OTH_STP_DNAI,STPĐN,abbreviation,auto_rule
6821,990,OTH_STP_DNAI,Sở ư pháp Đồng Nai,typo_ocr,noise_injector
6822,991,OTH_SKH_DNAI,Sở Kế hoạch và Đầu tư Đồng Nai,canonical,manual_registry
6823,991,OTH_SKH_DNAI,SKH&ĐT Đồng Nai,abbreviation,domain_rules
6824,991,OTH_SKH_DNAI,SKHĐT Đồng Nai,abbreviation,domain_rules
6825,991,OTH_SKH_DNAI,So Ke hoach va Đau tu Đong Nai,no_accent,auto_rule
6826,991,OTH_SKH_DNAI,SKHĐTĐN,abbreviation,auto_rule
6827,992,OTH_SXD_DNAI,Sở Xây dựng Đồng Nai,canonical,manual_registry
6828,992,OTH_SXD_DNAI,SXD Đồng Nai,abbreviation,domain_rules
6829,992,OTH_SXD_DNAI,So Xay dung Đong Nai,no_accent,auto_rule
6830,992,OTH_SXD_DNAI,SXDĐN,abbreviation,auto_rule
6831,993,OTH_STNMT_DNAI,Sở Tài nguyên và Môi trường Đồng Nai,canonical,manual_registry
6832,993,OTH_STNMT_DNAI,STNMT Đồng Nai,abbreviation,domain_rules
6833,993,OTH_STNMT_DNAI,So Tai nguyen va Moi truong Đong Nai,no_accent,auto_rule
6834,993,OTH_STNMT_DNAI,STNMTĐN,abbreviation,auto_rule
6835,993,OTH_STNMT_DNAI,SởTài nguên và Môi trường Đồn Nai,typo_ocr,noise_injector
6836,994,OTH_SNV_DNAI,Sở Nội vụ Đồng Nai,canonical,manual_registry
6837,994,OTH_SNV_DNAI,SNV Đồng Nai,abbreviation,domain_rules
6838,994,OTH_SNV_DNAI,So Noi vu Đong Nai,no_accent,auto_rule
6839,994,OTH_SNV_DNAI,SNVĐN,abbreviation,auto_rule
6840,994,OTH_SNV_DNAI,Sở Nội vụ Đng Nai,typo_ocr,noise_injector
6841,995,OTH_UBND_BD,Ủy ban nhân dân Bình Dương,canonical,manual_registry
6842,995,OTH_UBND_BD,UBND Bình Dương,abbreviation,domain_rules
6843,995,OTH_UBND_BD,UB Bình Dương,alias,domain_rules
6844,995,OTH_UBND_BD,Uy ban nhan dan Binh Duong,no_accent,auto_rule
6845,995,OTH_UBND_BD,ỦBBD,abbreviation,auto_rule
6846,995,OTH_UBND_BD,Ủy bannhân dân Bình Dương,typo_ocr,noise_injector
6847,996,OTH_BHXH_BD,Bảo hiểm Xã hội Bình Dương,canonical,manual_registry
6848,996,OTH_BHXH_BD,BHXH Bình Dương,abbreviation,domain_rules
6849,996,OTH_BHXH_BD,Bao hiem Xa hoi Binh Duong,no_accent,auto_rule
6850,996,OTH_BHXH_BD,BHXHBD,abbreviation,auto_rule
6851,996,OTH_BHXH_BD,Bảo hiểm Xã hộiBình Dương,typo_ocr,noise_injector
6852,996,OTH_BHXH_BD,Bảo hiểm Xã hội Bnh Dương,typo_ocr,noise_injector
6853,997,OTH_SYT_BD,Sở Y tế Bình Dương,canonical,manual_registry
6854,997,OTH_SYT_BD,SYT Bình Dương,abbreviation,domain_rules
6855,997,OTH_SYT_BD,So Y te Binh Duong,no_accent,auto_rule
6856,997,OTH_SYT_BD,STBD,abbreviation,auto_rule
6857,998,OTH_SGD_BD,Sở Giáo dục và Đào tạo Bình Dương,canonical,manual_registry
6858,998,OTH_SGD_BD,Sở GD&ĐT Bình Dương,alias,domain_rules
6859,998,OTH_SGD_BD,SGD&ĐT Bình Dương,abbreviation,domain_rules
6860,998,OTH_SGD_BD,So Giao duc va Đao tao Binh Duong,no_accent,auto_rule
6861,998,OTH_SGD_BD,SGDĐTBD,abbreviation,auto_rule
6862,999,OTH_STC_BD,Sở Tài chính Bình Dương,canonical,manual_registry
6863,999,OTH_STC_BD,STC Bình Dương,abbreviation,domain_rules
6864,999,OTH_STC_BD,So Tai chinh Binh Duong,no_accent,auto_rule
6865,999,OTH_STC_BD,STCBD,abbreviation,auto_rule
6866,999,OTH_STC_BD,Sở Tài chính Bình Dươg,typo_ocr,noise_injector
6867,1000,OTH_STP_BD,Sở Tư pháp Bình Dương,canonical,manual_registry
6868,1000,OTH_STP_BD,STP Bình Dương,abbreviation,domain_rules
6869,1000,OTH_STP_BD,So Tu phap Binh Duong,no_accent,auto_rule
6870,1000,OTH_STP_BD,STPBD,abbreviation,auto_rule
6871,1000,OTH_STP_BD,Sở Tư páp Bình Dương,typo_ocr,noise_injector
6872,1000,OTH_STP_BD,Sở Tư pháp Bìh Dương,typo_ocr,noise_injector
6873,1001,OTH_SKH_BD,Sở Kế hoạch và Đầu tư Bình Dương,canonical,manual_registry
6874,1001,OTH_SKH_BD,SKH&ĐT Bình Dương,abbreviation,domain_rules
6875,1001,OTH_SKH_BD,SKHĐT Bình Dương,abbreviation,domain_rules
6876,1001,OTH_SKH_BD,So Ke hoach va Đau tu Binh Duong,no_accent,auto_rule
6877,1001,OTH_SKH_BD,SKHĐTBD,abbreviation,auto_rule
6878,1001,OTH_SKH_BD,SởKế hoạch và Đầu tư Bình Dương,typo_ocr,noise_injector
6879,1002,OTH_SXD_BD,Sở Xây dựng Bình Dương,canonical,manual_registry
6880,1002,OTH_SXD_BD,SXD Bình Dương,abbreviation,domain_rules
6881,1002,OTH_SXD_BD,So Xay dung Binh Duong,no_accent,auto_rule
6882,1002,OTH_SXD_BD,SXDBD,abbreviation,auto_rule
6883,1002,OTH_SXD_BD,ở Xây dựng Bình Dương,typo_ocr,noise_injector
6884,1002,OTH_SXD_BD,Sở Xây dựng Bnh Dương,typo_ocr,noise_injector
6885,1003,OTH_STNMT_BD,Sở Tài nguyên và Môi trường Bình Dương,canonical,manual_registry
6886,1003,OTH_STNMT_BD,STNMT Bình Dương,abbreviation,domain_rules
6887,1003,OTH_STNMT_BD,So Tai nguyen va Moi truong Binh Duong,no_accent,auto_rule
6888,1003,OTH_STNMT_BD,STNMTBD,abbreviation,auto_rule
6889,1003,OTH_STNMT_BD,Sở Tài nguyên và Môi trường Bìh Dương,typo_ocr,noise_injector
6890,1004,OTH_SNV_BD,Sở Nội vụ Bình Dương,canonical,manual_registry
6891,1004,OTH_SNV_BD,SNV Bình Dương,abbreviation,domain_rules
6892,1004,OTH_SNV_BD,So Noi vu Binh Duong,no_accent,auto_rule
6893,1004,OTH_SNV_BD,SNVBD,abbreviation,auto_rule
6894,1004,OTH_SNV_BD,SởNội vụ Bình Dương,typo_ocr,noise_injector
6895,1005,OTH_UBND_VT,Ủy ban nhân dân Bà Rịa - Vũng Tàu,canonical,manual_registry
6896,1005,OTH_UBND_VT,UBND Bà Rịa - Vũng Tàu,abbreviation,domain_rules
6897,1005,OTH_UBND_VT,UB Bà Rịa - Vũng Tàu,alias,domain_rules
6898,1005,OTH_UBND_VT,Uy ban nhan dan Ba Ria - Vung Tau,no_accent,auto_rule
6899,1005,OTH_UBND_VT,ỦBBRVT,abbreviation,auto_rule
6900,1005,OTH_UBND_VT,Ủy an nhân dân Bà ịa - Vũng Tàu,typo_ocr,noise_injector
6901,1006,OTH_BHXH_VT,Bảo hiểm Xã hội Bà Rịa - Vũng Tàu,canonical,manual_registry
6902,1006,OTH_BHXH_VT,BHXH Bà Rịa - Vũng Tàu,abbreviation,domain_rules
6903,1006,OTH_BHXH_VT,Bao hiem Xa hoi Ba Ria - Vung Tau,no_accent,auto_rule
6904,1006,OTH_BHXH_VT,BHXHBRVT,abbreviation,auto_rule
6905,1006,OTH_BHXH_VT,Bảo hiểm Xã hội B Rịa - Vũng Tàu,typo_ocr,noise_injector
6906,1006,OTH_BHXH_VT,Bảo hiểm Xã hội Bà Ra- Vũng Tàu,typo_ocr,noise_injector
6907,1007,OTH_SYT_VT,Sở Y tế Bà Rịa - Vũng Tàu,canonical,manual_registry
6908,1007,OTH_SYT_VT,SYT Bà Rịa - Vũng Tàu,abbreviation,domain_rules
6909,1007,OTH_SYT_VT,So Y te Ba Ria - Vung Tau,no_accent,auto_rule
6910,1007,OTH_SYT_VT,STBRVT,abbreviation,auto_rule
6911,1007,OTH_SYT_VT,Sở Y ế Bà Rịa- Vũng Tàu,typo_ocr,noise_injector
6912,1008,OTH_SGD_VT,Sở Giáo dục và Đào tạo Bà Rịa - Vũng Tàu,canonical,manual_registry
6913,1008,OTH_SGD_VT,Sở GD&ĐT Bà Rịa - Vũng Tàu,alias,domain_rules
6914,1008,OTH_SGD_VT,SGD&ĐT Bà Rịa - Vũng Tàu,abbreviation,domain_rules
6915,1008,OTH_SGD_VT,So Giao duc va Đao tao Ba Ria - Vung Tau,no_accent,auto_rule
6916,1008,OTH_SGD_VT,SGDĐTBRVT,abbreviation,auto_rule
6917,1008,OTH_SGD_VT,Sở Giáo dục và Đào tạo Bà Rịa - Vũn Tàu,typo_ocr,noise_injector
6918,1009,OTH_STC_VT,Sở Tài chính Bà Rịa - Vũng Tàu,canonical,manual_registry
6919,1009,OTH_STC_VT,STC Bà Rịa - Vũng Tàu,abbreviation,domain_rules
6920,1009,OTH_STC_VT,So Tai chinh Ba Ria - Vung Tau,no_accent,auto_rule
6921,1009,OTH_STC_VT,STCBRVT,abbreviation,auto_rule
6922,1009,OTH_STC_VT,Sở Tài chính Bà Rịa - Vng Tàu,typo_ocr,noise_injector
6923,1010,OTH_STP_VT,Sở Tư pháp Bà Rịa - Vũng Tàu,canonical,manual_registry
6924,1010,OTH_STP_VT,STP Bà Rịa - Vũng Tàu,abbreviation,domain_rules
6925,1010,OTH_STP_VT,So Tu phap Ba Ria - Vung Tau,no_accent,auto_rule
6926,1010,OTH_STP_VT,STPBRVT,abbreviation,auto_rule
6927,1010,OTH_STP_VT,Sở ư pháp Bà Rịa - Vũng Tàu,typo_ocr,noise_injector
6928,1011,OTH_SKH_VT,Sở Kế hoạch và Đầu tư Bà Rịa - Vũng Tàu,canonical,manual_registry
6929,1011,OTH_SKH_VT,SKH&ĐT Bà Rịa - Vũng Tàu,abbreviation,domain_rules
6930,1011,OTH_SKH_VT,SKHĐT Bà Rịa - Vũng Tàu,abbreviation,domain_rules
6931,1011,OTH_SKH_VT,So Ke hoach va Đau tu Ba Ria - Vung Tau,no_accent,auto_rule
6932,1011,OTH_SKH_VT,SKHĐTBRVT,abbreviation,auto_rule
6933,1012,OTH_SXD_VT,Sở Xây dựng Bà Rịa - Vũng Tàu,canonical,manual_registry
6934,1012,OTH_SXD_VT,SXD Bà Rịa - Vũng Tàu,abbreviation,domain_rules
6935,1012,OTH_SXD_VT,So Xay dung Ba Ria - Vung Tau,no_accent,auto_rule
6936,1012,OTH_SXD_VT,SXDBRVT,abbreviation,auto_rule
6937,1013,OTH_STNMT_VT,Sở Tài nguyên và Môi trường Bà Rịa - Vũng Tàu,canonical,manual_registry
6938,1013,OTH_STNMT_VT,STNMT Bà Rịa - Vũng Tàu,abbreviation,domain_rules
6939,1013,OTH_STNMT_VT,So Tai nguyen va Moi truong Ba Ria - Vung Tau,no_accent,auto_rule
6940,1013,OTH_STNMT_VT,STNMTBRVT,abbreviation,auto_rule
6941,1013,OTH_STNMT_VT,Sở Tài nguyên và Môi trường Bà Rịa  Vũng Tàu,typo_ocr,noise_injector
6942,1014,OTH_SNV_VT,Sở Nội vụ Bà Rịa - Vũng Tàu,canonical,manual_registry
6943,1014,OTH_SNV_VT,SNV Bà Rịa - Vũng Tàu,abbreviation,domain_rules
6944,1014,OTH_SNV_VT,So Noi vu Ba Ria - Vung Tau,no_accent,auto_rule
6945,1014,OTH_SNV_VT,SNVBRVT,abbreviation,auto_rule
6946,1014,OTH_SNV_VT,Sở Nội vụ BàRịa - Vũng Tàu,typo_ocr,noise_injector
6947,1014,OTH_SNV_VT,S Nội vụ Bà Rịa - Vũng Tàu,typo_ocr,noise_injector
6948,1015,OTH_UBND_TNI,Ủy ban nhân dân Tây Ninh,canonical,manual_registry
6949,1015,OTH_UBND_TNI,UBND Tây Ninh,abbreviation,domain_rules
6950,1015,OTH_UBND_TNI,UB Tây Ninh,alias,domain_rules
6951,1015,OTH_UBND_TNI,Uy ban nhan dan Tay Ninh,no_accent,auto_rule
6952,1015,OTH_UBND_TNI,ỦBTN,abbreviation,auto_rule
6953,1016,OTH_BHXH_TNI,Bảo hiểm Xã hội Tây Ninh,canonical,manual_registry
6954,1016,OTH_BHXH_TNI,BHXH Tây Ninh,abbreviation,domain_rules
6955,1016,OTH_BHXH_TNI,Bao hiem Xa hoi Tay Ninh,no_accent,auto_rule
6956,1016,OTH_BHXH_TNI,BHXHTN,abbreviation,auto_rule
6957,1016,OTH_BHXH_TNI,Bảo hiểmXã hội Tây Ninh,typo_ocr,noise_injector
6958,1017,OTH_SYT_TNI,Sở Y tế Tây Ninh,canonical,manual_registry
6959,1017,OTH_SYT_TNI,SYT Tây Ninh,abbreviation,domain_rules
6960,1017,OTH_SYT_TNI,So Y te Tay Ninh,no_accent,auto_rule
6961,1017,OTH_SYT_TNI,STTN,abbreviation,auto_rule
6962,1017,OTH_SYT_TNI,Sở Ytế Tây Ninh,typo_ocr,noise_injector
6963,1018,OTH_SGD_TNI,Sở Giáo dục và Đào tạo Tây Ninh,canonical,manual_registry
6964,1018,OTH_SGD_TNI,Sở GD&ĐT Tây Ninh,alias,domain_rules
6965,1018,OTH_SGD_TNI,SGD&ĐT Tây Ninh,abbreviation,domain_rules
6966,1018,OTH_SGD_TNI,So Giao duc va Đao tao Tay Ninh,no_accent,auto_rule
6967,1018,OTH_SGD_TNI,SGDĐTTN,abbreviation,auto_rule
6968,1018,OTH_SGD_TNI,S iáo dục và Đào tạo Tây Ninh,typo_ocr,noise_injector
6969,1018,OTH_SGD_TNI,Sở Giáo ục và Đào tạo Ty Ninh,typo_ocr,noise_injector
6970,1019,OTH_STC_TNI,Sở Tài chính Tây Ninh,canonical,manual_registry
6971,1019,OTH_STC_TNI,STC Tây Ninh,abbreviation,domain_rules
6972,1019,OTH_STC_TNI,So Tai chinh Tay Ninh,no_accent,auto_rule
6973,1019,OTH_STC_TNI,STCTN,abbreviation,auto_rule
6974,1020,OTH_STP_TNI,Sở Tư pháp Tây Ninh,canonical,manual_registry
6975,1020,OTH_STP_TNI,STP Tây Ninh,abbreviation,domain_rules
6976,1020,OTH_STP_TNI,So Tu phap Tay Ninh,no_accent,auto_rule
6977,1020,OTH_STP_TNI,STPTN,abbreviation,auto_rule
6978,1020,OTH_STP_TNI,Sở Tư pháp Tây Nnh,typo_ocr,noise_injector
6979,1021,OTH_SKH_TNI,Sở Kế hoạch và Đầu tư Tây Ninh,canonical,manual_registry
6980,1021,OTH_SKH_TNI,SKH&ĐT Tây Ninh,abbreviation,domain_rules
6981,1021,OTH_SKH_TNI,SKHĐT Tây Ninh,abbreviation,domain_rules
6982,1021,OTH_SKH_TNI,So Ke hoach va Đau tu Tay Ninh,no_accent,auto_rule
6983,1021,OTH_SKH_TNI,SKHĐTTN,abbreviation,auto_rule
6984,1021,OTH_SKH_TNI,Sở Kế hoạch và Đầu tư ây Ninh,typo_ocr,noise_injector
6985,1022,OTH_SXD_TNI,Sở Xây dựng Tây Ninh,canonical,manual_registry
6986,1022,OTH_SXD_TNI,SXD Tây Ninh,abbreviation,domain_rules
6987,1022,OTH_SXD_TNI,So Xay dung Tay Ninh,no_accent,auto_rule
6988,1022,OTH_SXD_TNI,SXDTN,abbreviation,auto_rule
6989,1023,OTH_STNMT_TNI,Sở Tài nguyên và Môi trường Tây Ninh,canonical,manual_registry
6990,1023,OTH_STNMT_TNI,STNMT Tây Ninh,abbreviation,domain_rules
6991,1023,OTH_STNMT_TNI,So Tai nguyen va Moi truong Tay Ninh,no_accent,auto_rule
6992,1023,OTH_STNMT_TNI,STNMTTN,abbreviation,auto_rule
6993,1023,OTH_STNMT_TNI,ở Tài nguyên và Môi trường Tây Ninh,typo_ocr,noise_injector
6994,1024,OTH_SNV_TNI,Sở Nội vụ Tây Ninh,canonical,manual_registry
6995,1024,OTH_SNV_TNI,SNV Tây Ninh,abbreviation,domain_rules
6996,1024,OTH_SNV_TNI,So Noi vu Tay Ninh,no_accent,auto_rule
6997,1024,OTH_SNV_TNI,SNVTN,abbreviation,auto_rule
6998,1025,OTH_UBND_BPC,Ủy ban nhân dân Bình Phước,canonical,manual_registry
6999,1025,OTH_UBND_BPC,UBND Bình Phước,abbreviation,domain_rules
7000,1025,OTH_UBND_BPC,UB Bình Phước,alias,domain_rules
7001,1025,OTH_UBND_BPC,Uy ban nhan dan Binh Phuoc,no_accent,auto_rule
7002,1025,OTH_UBND_BPC,ỦBBP,abbreviation,auto_rule
7003,1026,OTH_BHXH_BPC,Bảo hiểm Xã hội Bình Phước,canonical,manual_registry
7004,1026,OTH_BHXH_BPC,BHXH Bình Phước,abbreviation,domain_rules
7005,1026,OTH_BHXH_BPC,Bao hiem Xa hoi Binh Phuoc,no_accent,auto_rule
7006,1026,OTH_BHXH_BPC,BHXHBP,abbreviation,auto_rule
7007,1027,OTH_SYT_BPC,Sở Y tế Bình Phước,canonical,manual_registry
7008,1027,OTH_SYT_BPC,SYT Bình Phước,abbreviation,domain_rules
7009,1027,OTH_SYT_BPC,So Y te Binh Phuoc,no_accent,auto_rule
7010,1027,OTH_SYT_BPC,STBP,abbreviation,auto_rule
7011,1028,OTH_SGD_BPC,Sở Giáo dục và Đào tạo Bình Phước,canonical,manual_registry
7012,1028,OTH_SGD_BPC,Sở GD&ĐT Bình Phước,alias,domain_rules
7013,1028,OTH_SGD_BPC,SGD&ĐT Bình Phước,abbreviation,domain_rules
7014,1028,OTH_SGD_BPC,So Giao duc va Đao tao Binh Phuoc,no_accent,auto_rule
7015,1028,OTH_SGD_BPC,SGDĐTBP,abbreviation,auto_rule
7016,1028,OTH_SGD_BPC,Sở Giáo dụcvà Đào tạo Bìh Phước,typo_ocr,noise_injector
7017,1028,OTH_SGD_BPC,Sở Giáo dục và Đào tạ Bình Phước,typo_ocr,noise_injector
7018,1029,OTH_STC_BPC,Sở Tài chính Bình Phước,canonical,manual_registry
7019,1029,OTH_STC_BPC,STC Bình Phước,abbreviation,domain_rules
7020,1029,OTH_STC_BPC,So Tai chinh Binh Phuoc,no_accent,auto_rule
7021,1029,OTH_STC_BPC,STCBP,abbreviation,auto_rule
7022,1030,OTH_STP_BPC,Sở Tư pháp Bình Phước,canonical,manual_registry
7023,1030,OTH_STP_BPC,STP Bình Phước,abbreviation,domain_rules
7024,1030,OTH_STP_BPC,So Tu phap Binh Phuoc,no_accent,auto_rule
7025,1030,OTH_STP_BPC,STPBP,abbreviation,auto_rule
7026,1030,OTH_STP_BPC,Sở Tư háp Bình Phước,typo_ocr,noise_injector
7027,1030,OTH_STP_BPC,ở Tư pháp Bìh Phước,typo_ocr,noise_injector
7028,1031,OTH_SKH_BPC,Sở Kế hoạch và Đầu tư Bình Phước,canonical,manual_registry
7029,1031,OTH_SKH_BPC,SKH&ĐT Bình Phước,abbreviation,domain_rules
7030,1031,OTH_SKH_BPC,SKHĐT Bình Phước,abbreviation,domain_rules
7031,1031,OTH_SKH_BPC,So Ke hoach va Đau tu Binh Phuoc,no_accent,auto_rule
7032,1031,OTH_SKH_BPC,SKHĐTBP,abbreviation,auto_rule
7033,1031,OTH_SKH_BPC,Sở K hoạch và Đầu tư Bình Phước,typo_ocr,noise_injector
7034,1031,OTH_SKH_BPC,Sở K oạch à Đầu tư Bình Phước,typo_ocr,noise_injector
7035,1032,OTH_SXD_BPC,Sở Xây dựng Bình Phước,canonical,manual_registry
7036,1032,OTH_SXD_BPC,SXD Bình Phước,abbreviation,domain_rules
7037,1032,OTH_SXD_BPC,So Xay dung Binh Phuoc,no_accent,auto_rule
7038,1032,OTH_SXD_BPC,SXDBP,abbreviation,auto_rule
7039,1032,OTH_SXD_BPC,Sở Xây dựng ình Phước,typo_ocr,noise_injector
7040,1033,OTH_STNMT_BPC,Sở Tài nguyên và Môi trường Bình Phước,canonical,manual_registry
7041,1033,OTH_STNMT_BPC,STNMT Bình Phước,abbreviation,domain_rules
7042,1033,OTH_STNMT_BPC,So Tai nguyen va Moi truong Binh Phuoc,no_accent,auto_rule
7043,1033,OTH_STNMT_BPC,STNMTBP,abbreviation,auto_rule
7044,1033,OTH_STNMT_BPC,Sở Tài nuyên àMôi trường Bình Phước,typo_ocr,noise_injector
7045,1034,OTH_SNV_BPC,Sở Nội vụ Bình Phước,canonical,manual_registry
7046,1034,OTH_SNV_BPC,SNV Bình Phước,abbreviation,domain_rules
7047,1034,OTH_SNV_BPC,So Noi vu Binh Phuoc,no_accent,auto_rule
7048,1034,OTH_SNV_BPC,SNVBP,abbreviation,auto_rule
7049,1034,OTH_SNV_BPC,Sở Nội vụ Bình Phưc,typo_ocr,noise_injector
7050,1035,OTH_UBND_AGI,Ủy ban nhân dân An Giang,canonical,manual_registry
7051,1035,OTH_UBND_AGI,UBND An Giang,abbreviation,domain_rules
7052,1035,OTH_UBND_AGI,UB An Giang,alias,domain_rules
7053,1035,OTH_UBND_AGI,Uy ban nhan dan An Giang,no_accent,auto_rule
7054,1035,OTH_UBND_AGI,ỦBAG,abbreviation,auto_rule
7055,1035,OTH_UBND_AGI,Ủy ban nhân dân An Gang,typo_ocr,noise_injector
7056,1036,OTH_BHXH_AGI,Bảo hiểm Xã hội An Giang,canonical,manual_registry
7057,1036,OTH_BHXH_AGI,BHXH An Giang,abbreviation,domain_rules
7058,1036,OTH_BHXH_AGI,Bao hiem Xa hoi An Giang,no_accent,auto_rule
7059,1036,OTH_BHXH_AGI,BHXHAG,abbreviation,auto_rule
7060,1036,OTH_BHXH_AGI,Bảo hiể Xã hi An Giang,typo_ocr,noise_injector
7061,1037,OTH_SYT_AGI,Sở Y tế An Giang,canonical,manual_registry
7062,1037,OTH_SYT_AGI,SYT An Giang,abbreviation,domain_rules
7063,1037,OTH_SYT_AGI,So Y te An Giang,no_accent,auto_rule
7064,1037,OTH_SYT_AGI,STAG,abbreviation,auto_rule
7065,1038,OTH_SGD_AGI,Sở Giáo dục và Đào tạo An Giang,canonical,manual_registry
7066,1038,OTH_SGD_AGI,Sở GD&ĐT An Giang,alias,domain_rules
7067,1038,OTH_SGD_AGI,SGD&ĐT An Giang,abbreviation,domain_rules
7068,1038,OTH_SGD_AGI,So Giao duc va Đao tao An Giang,no_accent,auto_rule
7069,1038,OTH_SGD_AGI,SGDĐTAG,abbreviation,auto_rule
7070,1039,OTH_STC_AGI,Sở Tài chính An Giang,canonical,manual_registry
7071,1039,OTH_STC_AGI,STC An Giang,abbreviation,domain_rules
7072,1039,OTH_STC_AGI,So Tai chinh An Giang,no_accent,auto_rule
7073,1039,OTH_STC_AGI,STCAG,abbreviation,auto_rule
7074,1039,OTH_STC_AGI,Sở Tài chnh An Giang,typo_ocr,noise_injector
7075,1040,OTH_STP_AGI,Sở Tư pháp An Giang,canonical,manual_registry
7076,1040,OTH_STP_AGI,STP An Giang,abbreviation,domain_rules
7077,1040,OTH_STP_AGI,So Tu phap An Giang,no_accent,auto_rule
7078,1040,OTH_STP_AGI,STPAG,abbreviation,auto_rule
7079,1041,OTH_SKH_AGI,Sở Kế hoạch và Đầu tư An Giang,canonical,manual_registry
7080,1041,OTH_SKH_AGI,SKH&ĐT An Giang,abbreviation,domain_rules
7081,1041,OTH_SKH_AGI,SKHĐT An Giang,abbreviation,domain_rules
7082,1041,OTH_SKH_AGI,So Ke hoach va Đau tu An Giang,no_accent,auto_rule
7083,1041,OTH_SKH_AGI,SKHĐTAG,abbreviation,auto_rule
7084,1041,OTH_SKH_AGI,Sở K hoạch và Đầu tư An Ging,typo_ocr,noise_injector
7085,1042,OTH_SXD_AGI,Sở Xây dựng An Giang,canonical,manual_registry
7086,1042,OTH_SXD_AGI,SXD An Giang,abbreviation,domain_rules
7087,1042,OTH_SXD_AGI,So Xay dung An Giang,no_accent,auto_rule
7088,1042,OTH_SXD_AGI,SXDAG,abbreviation,auto_rule
7089,1042,OTH_SXD_AGI,Sở Xây dựng A Giang,typo_ocr,noise_injector
7090,1043,OTH_STNMT_AGI,Sở Tài nguyên và Môi trường An Giang,canonical,manual_registry
7091,1043,OTH_STNMT_AGI,STNMT An Giang,abbreviation,domain_rules
7092,1043,OTH_STNMT_AGI,So Tai nguyen va Moi truong An Giang,no_accent,auto_rule
7093,1043,OTH_STNMT_AGI,STNMTAG,abbreviation,auto_rule
7094,1044,OTH_SNV_AGI,Sở Nội vụ An Giang,canonical,manual_registry
7095,1044,OTH_SNV_AGI,SNV An Giang,abbreviation,domain_rules
7096,1044,OTH_SNV_AGI,So Noi vu An Giang,no_accent,auto_rule
7097,1044,OTH_SNV_AGI,SNVAG,abbreviation,auto_rule
7098,1045,OTH_UBND_KGI,Ủy ban nhân dân Kiên Giang,canonical,manual_registry
7099,1045,OTH_UBND_KGI,UBND Kiên Giang,abbreviation,domain_rules
7100,1045,OTH_UBND_KGI,UB Kiên Giang,alias,domain_rules
7101,1045,OTH_UBND_KGI,Uy ban nhan dan Kien Giang,no_accent,auto_rule
7102,1045,OTH_UBND_KGI,ỦBKG,abbreviation,auto_rule
7103,1045,OTH_UBND_KGI,Ủy ban nhân dân Kiên Gian,typo_ocr,noise_injector
7104,1046,OTH_BHXH_KGI,Bảo hiểm Xã hội Kiên Giang,canonical,manual_registry
7105,1046,OTH_BHXH_KGI,BHXH Kiên Giang,abbreviation,domain_rules
7106,1046,OTH_BHXH_KGI,Bao hiem Xa hoi Kien Giang,no_accent,auto_rule
7107,1046,OTH_BHXH_KGI,BHXHKG,abbreviation,auto_rule
7108,1046,OTH_BHXH_KGI,Bảo hiểm Xã hộ Kiên Giang,typo_ocr,noise_injector
7109,1047,OTH_SYT_KGI,Sở Y tế Kiên Giang,canonical,manual_registry
7110,1047,OTH_SYT_KGI,SYT Kiên Giang,abbreviation,domain_rules
7111,1047,OTH_SYT_KGI,So Y te Kien Giang,no_accent,auto_rule
7112,1047,OTH_SYT_KGI,STKG,abbreviation,auto_rule
7113,1047,OTH_SYT_KGI,Sở Y t Kiên Giang,typo_ocr,noise_injector
7114,1048,OTH_SGD_KGI,Sở Giáo dục và Đào tạo Kiên Giang,canonical,manual_registry
7115,1048,OTH_SGD_KGI,Sở GD&ĐT Kiên Giang,alias,domain_rules
7116,1048,OTH_SGD_KGI,SGD&ĐT Kiên Giang,abbreviation,domain_rules
7117,1048,OTH_SGD_KGI,So Giao duc va Đao tao Kien Giang,no_accent,auto_rule
7118,1048,OTH_SGD_KGI,SGDĐTKG,abbreviation,auto_rule
7119,1049,OTH_STC_KGI,Sở Tài chính Kiên Giang,canonical,manual_registry
7120,1049,OTH_STC_KGI,STC Kiên Giang,abbreviation,domain_rules
7121,1049,OTH_STC_KGI,So Tai chinh Kien Giang,no_accent,auto_rule
7122,1049,OTH_STC_KGI,STCKG,abbreviation,auto_rule
7123,1049,OTH_STC_KGI,Sở Tàichính Kiên Giang,typo_ocr,noise_injector
7124,1050,OTH_STP_KGI,Sở Tư pháp Kiên Giang,canonical,manual_registry
7125,1050,OTH_STP_KGI,STP Kiên Giang,abbreviation,domain_rules
7126,1050,OTH_STP_KGI,So Tu phap Kien Giang,no_accent,auto_rule
7127,1050,OTH_STP_KGI,STPKG,abbreviation,auto_rule
7128,1050,OTH_STP_KGI,Sở Tư pháp KiênGiang,typo_ocr,noise_injector
7129,1051,OTH_SKH_KGI,Sở Kế hoạch và Đầu tư Kiên Giang,canonical,manual_registry
7130,1051,OTH_SKH_KGI,SKH&ĐT Kiên Giang,abbreviation,domain_rules
7131,1051,OTH_SKH_KGI,SKHĐT Kiên Giang,abbreviation,domain_rules
7132,1051,OTH_SKH_KGI,So Ke hoach va Đau tu Kien Giang,no_accent,auto_rule
7133,1051,OTH_SKH_KGI,SKHĐTKG,abbreviation,auto_rule
7134,1051,OTH_SKH_KGI,Sở Kế hoạch và Đầu tư Kiên Gian,typo_ocr,noise_injector
7135,1052,OTH_SXD_KGI,Sở Xây dựng Kiên Giang,canonical,manual_registry
7136,1052,OTH_SXD_KGI,SXD Kiên Giang,abbreviation,domain_rules
7137,1052,OTH_SXD_KGI,So Xay dung Kien Giang,no_accent,auto_rule
7138,1052,OTH_SXD_KGI,SXDKG,abbreviation,auto_rule
7139,1053,OTH_STNMT_KGI,Sở Tài nguyên và Môi trường Kiên Giang,canonical,manual_registry
7140,1053,OTH_STNMT_KGI,STNMT Kiên Giang,abbreviation,domain_rules
7141,1053,OTH_STNMT_KGI,So Tai nguyen va Moi truong Kien Giang,no_accent,auto_rule
7142,1053,OTH_STNMT_KGI,STNMTKG,abbreviation,auto_rule
7143,1053,OTH_STNMT_KGI,Sở Tài nguyên và Môi trường Kiên iang,typo_ocr,noise_injector
7144,1054,OTH_SNV_KGI,Sở Nội vụ Kiên Giang,canonical,manual_registry
7145,1054,OTH_SNV_KGI,SNV Kiên Giang,abbreviation,domain_rules
7146,1054,OTH_SNV_KGI,So Noi vu Kien Giang,no_accent,auto_rule
7147,1054,OTH_SNV_KGI,SNVKG,abbreviation,auto_rule
7148,1055,OTH_UBND_CM,Ủy ban nhân dân Cà Mau,canonical,manual_registry
7149,1055,OTH_UBND_CM,UBND Cà Mau,abbreviation,domain_rules
7150,1055,OTH_UBND_CM,UB Cà Mau,alias,domain_rules
7151,1055,OTH_UBND_CM,Uy ban nhan dan Ca Mau,no_accent,auto_rule
7152,1055,OTH_UBND_CM,ỦBCM,abbreviation,auto_rule
7153,1055,OTH_UBND_CM,Ủy ban nhândân Cà Mau,typo_ocr,noise_injector
7154,1055,OTH_UBND_CM,Ủy bannhân dân Cà Mau,typo_ocr,noise_injector
7155,1056,OTH_BHXH_CM,Bảo hiểm Xã hội Cà Mau,canonical,manual_registry
7156,1056,OTH_BHXH_CM,BHXH Cà Mau,abbreviation,domain_rules
7157,1056,OTH_BHXH_CM,Bao hiem Xa hoi Ca Mau,no_accent,auto_rule
7158,1056,OTH_BHXH_CM,BHXHCM,abbreviation,auto_rule
7159,1056,OTH_BHXH_CM,Bảo hiểm Xã hội Cà au,typo_ocr,noise_injector
7160,1057,OTH_SYT_CM,Sở Y tế Cà Mau,canonical,manual_registry
7161,1057,OTH_SYT_CM,SYT Cà Mau,abbreviation,domain_rules
7162,1057,OTH_SYT_CM,So Y te Ca Mau,no_accent,auto_rule
7163,1057,OTH_SYT_CM,STCM,abbreviation,auto_rule
7164,1057,OTH_SYT_CM,Sở Y tế Cà Ma,typo_ocr,noise_injector
7165,1058,OTH_SGD_CM,Sở Giáo dục và Đào tạo Cà Mau,canonical,manual_registry
7166,1058,OTH_SGD_CM,Sở GD&ĐT Cà Mau,alias,domain_rules
7167,1058,OTH_SGD_CM,SGD&ĐT Cà Mau,abbreviation,domain_rules
7168,1058,OTH_SGD_CM,So Giao duc va Đao tao Ca Mau,no_accent,auto_rule
7169,1058,OTH_SGD_CM,SGDĐTCM,abbreviation,auto_rule
7170,1059,OTH_STC_CM,Sở Tài chính Cà Mau,canonical,manual_registry
7171,1059,OTH_STC_CM,STC Cà Mau,abbreviation,domain_rules
7172,1059,OTH_STC_CM,So Tai chinh Ca Mau,no_accent,auto_rule
7173,1059,OTH_STC_CM,STCCM,abbreviation,auto_rule
7174,1060,OTH_STP_CM,Sở Tư pháp Cà Mau,canonical,manual_registry
7175,1060,OTH_STP_CM,STP Cà Mau,abbreviation,domain_rules
7176,1060,OTH_STP_CM,So Tu phap Ca Mau,no_accent,auto_rule
7177,1060,OTH_STP_CM,STPCM,abbreviation,auto_rule
7178,1061,OTH_SKH_CM,Sở Kế hoạch và Đầu tư Cà Mau,canonical,manual_registry
7179,1061,OTH_SKH_CM,SKH&ĐT Cà Mau,abbreviation,domain_rules
7180,1061,OTH_SKH_CM,SKHĐT Cà Mau,abbreviation,domain_rules
7181,1061,OTH_SKH_CM,So Ke hoach va Đau tu Ca Mau,no_accent,auto_rule
7182,1061,OTH_SKH_CM,SKHĐTCM,abbreviation,auto_rule
7183,1061,OTH_SKH_CM,SởKế hoạch và Đầu tư Cà Mau,typo_ocr,noise_injector
7184,1062,OTH_SXD_CM,Sở Xây dựng Cà Mau,canonical,manual_registry
7185,1062,OTH_SXD_CM,SXD Cà Mau,abbreviation,domain_rules
7186,1062,OTH_SXD_CM,So Xay dung Ca Mau,no_accent,auto_rule
7187,1062,OTH_SXD_CM,SXDCM,abbreviation,auto_rule
7188,1063,OTH_STNMT_CM,Sở Tài nguyên và Môi trường Cà Mau,canonical,manual_registry
7189,1063,OTH_STNMT_CM,STNMT Cà Mau,abbreviation,domain_rules
7190,1063,OTH_STNMT_CM,So Tai nguyen va Moi truong Ca Mau,no_accent,auto_rule
7191,1063,OTH_STNMT_CM,STNMTCM,abbreviation,auto_rule
7192,1063,OTH_STNMT_CM,Sở Tài nguyên và Môi trường Cà au,typo_ocr,noise_injector
7193,1064,OTH_SNV_CM,Sở Nội vụ Cà Mau,canonical,manual_registry
7194,1064,OTH_SNV_CM,SNV Cà Mau,abbreviation,domain_rules
7195,1064,OTH_SNV_CM,So Noi vu Ca Mau,no_accent,auto_rule
7196,1064,OTH_SNV_CM,SNVCM,abbreviation,auto_rule
7197,1064,OTH_SNV_CM,Sở Nội vụ Cà Ma,typo_ocr,noise_injector
7198,1065,OTH_UBND_HAG,Ủy ban nhân dân Hậu Giang,canonical,manual_registry
7199,1065,OTH_UBND_HAG,UBND Hậu Giang,abbreviation,domain_rules
7200,1065,OTH_UBND_HAG,UB Hậu Giang,alias,domain_rules
7201,1065,OTH_UBND_HAG,Uy ban nhan dan Hau Giang,no_accent,auto_rule
7202,1065,OTH_UBND_HAG,ỦBHG,abbreviation,auto_rule
7203,1065,OTH_UBND_HAG,Ủy ba nhân dân Hậu Giang,typo_ocr,noise_injector
7204,1066,OTH_BHXH_HAG,Bảo hiểm Xã hội Hậu Giang,canonical,manual_registry
7205,1066,OTH_BHXH_HAG,BHXH Hậu Giang,abbreviation,domain_rules
7206,1066,OTH_BHXH_HAG,Bao hiem Xa hoi Hau Giang,no_accent,auto_rule
7207,1066,OTH_BHXH_HAG,BHXHHG,abbreviation,auto_rule
7208,1067,OTH_SYT_HAG,Sở Y tế Hậu Giang,canonical,manual_registry
7209,1067,OTH_SYT_HAG,SYT Hậu Giang,abbreviation,domain_rules
7210,1067,OTH_SYT_HAG,So Y te Hau Giang,no_accent,auto_rule
7211,1067,OTH_SYT_HAG,STHG,abbreviation,auto_rule
7212,1067,OTH_SYT_HAG,Sở Y tế u Giang,typo_ocr,noise_injector
7213,1067,OTH_SYT_HAG,Sở Y tế Hậu iang,typo_ocr,noise_injector
7214,1068,OTH_SGD_HAG,Sở Giáo dục và Đào tạo Hậu Giang,canonical,manual_registry
7215,1068,OTH_SGD_HAG,Sở GD&ĐT Hậu Giang,alias,domain_rules
7216,1068,OTH_SGD_HAG,SGD&ĐT Hậu Giang,abbreviation,domain_rules
7217,1068,OTH_SGD_HAG,So Giao duc va Đao tao Hau Giang,no_accent,auto_rule
7218,1068,OTH_SGD_HAG,SGDĐTHG,abbreviation,auto_rule
7219,1068,OTH_SGD_HAG,Sở Giáo dục và Đào tạo Hậu Giag,typo_ocr,noise_injector
7220,1069,OTH_STC_HAG,Sở Tài chính Hậu Giang,canonical,manual_registry
7221,1069,OTH_STC_HAG,STC Hậu Giang,abbreviation,domain_rules
7222,1069,OTH_STC_HAG,So Tai chinh Hau Giang,no_accent,auto_rule
7223,1069,OTH_STC_HAG,STCHG,abbreviation,auto_rule
7224,1070,OTH_STP_HAG,Sở Tư pháp Hậu Giang,canonical,manual_registry
7225,1070,OTH_STP_HAG,STP Hậu Giang,abbreviation,domain_rules
7226,1070,OTH_STP_HAG,So Tu phap Hau Giang,no_accent,auto_rule
7227,1070,OTH_STP_HAG,STPHG,abbreviation,auto_rule
7228,1071,OTH_SKH_HAG,Sở Kế hoạch và Đầu tư Hậu Giang,canonical,manual_registry
7229,1071,OTH_SKH_HAG,SKH&ĐT Hậu Giang,abbreviation,domain_rules
7230,1071,OTH_SKH_HAG,SKHĐT Hậu Giang,abbreviation,domain_rules
7231,1071,OTH_SKH_HAG,So Ke hoach va Đau tu Hau Giang,no_accent,auto_rule
7232,1071,OTH_SKH_HAG,SKHĐTHG,abbreviation,auto_rule
7233,1071,OTH_SKH_HAG,S Kế hoạch và Đầu tư Hậu Giang,typo_ocr,noise_injector
7234,1072,OTH_SXD_HAG,Sở Xây dựng Hậu Giang,canonical,manual_registry
7235,1072,OTH_SXD_HAG,SXD Hậu Giang,abbreviation,domain_rules
7236,1072,OTH_SXD_HAG,So Xay dung Hau Giang,no_accent,auto_rule
7237,1072,OTH_SXD_HAG,SXDHG,abbreviation,auto_rule
7238,1072,OTH_SXD_HAG,Sở Xâ dựng Hậu Giang,typo_ocr,noise_injector
7239,1072,OTH_SXD_HAG,Sở Xây dựng Hậu iang,typo_ocr,noise_injector
7240,1073,OTH_STNMT_HAG,Sở Tài nguyên và Môi trường Hậu Giang,canonical,manual_registry
7241,1073,OTH_STNMT_HAG,STNMT Hậu Giang,abbreviation,domain_rules
7242,1073,OTH_STNMT_HAG,So Tai nguyen va Moi truong Hau Giang,no_accent,auto_rule
7243,1073,OTH_STNMT_HAG,STNMTHG,abbreviation,auto_rule
7244,1073,OTH_STNMT_HAG,Sở Tài nguyênvà Môi trường Hậu Giang,typo_ocr,noise_injector
7245,1073,OTH_STNMT_HAG,Sở Tài nguyên và Môi ường Hậu Giang,typo_ocr,noise_injector
7246,1074,OTH_SNV_HAG,Sở Nội vụ Hậu Giang,canonical,manual_registry
7247,1074,OTH_SNV_HAG,SNV Hậu Giang,abbreviation,domain_rules
7248,1074,OTH_SNV_HAG,So Noi vu Hau Giang,no_accent,auto_rule
7249,1074,OTH_SNV_HAG,SNVHG,abbreviation,auto_rule
7250,1075,OTH_UBND_ST,Ủy ban nhân dân Sóc Trăng,canonical,manual_registry
7251,1075,OTH_UBND_ST,UBND Sóc Trăng,abbreviation,domain_rules
7252,1075,OTH_UBND_ST,UB Sóc Trăng,alias,domain_rules
7253,1075,OTH_UBND_ST,Uy ban nhan dan Soc Trang,no_accent,auto_rule
7254,1075,OTH_UBND_ST,ỦBST,abbreviation,auto_rule
7255,1075,OTH_UBND_ST,Ủy ban nhân dân Sóc Trăg,typo_ocr,noise_injector
7256,1075,OTH_UBND_ST,Ủy an nhân dân Sóc Trăng,typo_ocr,noise_injector
7257,1076,OTH_BHXH_ST,Bảo hiểm Xã hội Sóc Trăng,canonical,manual_registry
7258,1076,OTH_BHXH_ST,BHXH Sóc Trăng,abbreviation,domain_rules
7259,1076,OTH_BHXH_ST,Bao hiem Xa hoi Soc Trang,no_accent,auto_rule
7260,1076,OTH_BHXH_ST,BHXHST,abbreviation,auto_rule
7261,1076,OTH_BHXH_ST,Bảo hiểm Xã hội SócTrăng,typo_ocr,noise_injector
7262,1077,OTH_SYT_ST,Sở Y tế Sóc Trăng,canonical,manual_registry
7263,1077,OTH_SYT_ST,SYT Sóc Trăng,abbreviation,domain_rules
7264,1077,OTH_SYT_ST,So Y te Soc Trang,no_accent,auto_rule
7265,1077,OTH_SYT_ST,STST,abbreviation,auto_rule
7266,1078,OTH_SGD_ST,Sở Giáo dục và Đào tạo Sóc Trăng,canonical,manual_registry
7267,1078,OTH_SGD_ST,Sở GD&ĐT Sóc Trăng,alias,domain_rules
7268,1078,OTH_SGD_ST,SGD&ĐT Sóc Trăng,abbreviation,domain_rules
7269,1078,OTH_SGD_ST,So Giao duc va Đao tao Soc Trang,no_accent,auto_rule
7270,1078,OTH_SGD_ST,SGDĐTST,abbreviation,auto_rule
7271,1079,OTH_STC_ST,Sở Tài chính Sóc Trăng,canonical,manual_registry
7272,1079,OTH_STC_ST,STC Sóc Trăng,abbreviation,domain_rules
7273,1079,OTH_STC_ST,So Tai chinh Soc Trang,no_accent,auto_rule
7274,1079,OTH_STC_ST,STCST,abbreviation,auto_rule
7275,1079,OTH_STC_ST,ở Tài chính Sóc Trăng,typo_ocr,noise_injector
7276,1080,OTH_STP_ST,Sở Tư pháp Sóc Trăng,canonical,manual_registry
7277,1080,OTH_STP_ST,STP Sóc Trăng,abbreviation,domain_rules
7278,1080,OTH_STP_ST,So Tu phap Soc Trang,no_accent,auto_rule
7279,1080,OTH_STP_ST,STPST,abbreviation,auto_rule
7280,1080,OTH_STP_ST,Sở Tư páp Sóc Trng,typo_ocr,noise_injector
7281,1081,OTH_SKH_ST,Sở Kế hoạch và Đầu tư Sóc Trăng,canonical,manual_registry
7282,1081,OTH_SKH_ST,SKH&ĐT Sóc Trăng,abbreviation,domain_rules
7283,1081,OTH_SKH_ST,SKHĐT Sóc Trăng,abbreviation,domain_rules
7284,1081,OTH_SKH_ST,So Ke hoach va Đau tu Soc Trang,no_accent,auto_rule
7285,1081,OTH_SKH_ST,SKHĐTST,abbreviation,auto_rule
7286,1081,OTH_SKH_ST,Sở Kế hoạch và Đầu tư Sóc răng,typo_ocr,noise_injector
7287,1082,OTH_SXD_ST,Sở Xây dựng Sóc Trăng,canonical,manual_registry
7288,1082,OTH_SXD_ST,SXD Sóc Trăng,abbreviation,domain_rules
7289,1082,OTH_SXD_ST,So Xay dung Soc Trang,no_accent,auto_rule
7290,1082,OTH_SXD_ST,SXDST,abbreviation,auto_rule
7291,1083,OTH_STNMT_ST,Sở Tài nguyên và Môi trường Sóc Trăng,canonical,manual_registry
7292,1083,OTH_STNMT_ST,STNMT Sóc Trăng,abbreviation,domain_rules
7293,1083,OTH_STNMT_ST,So Tai nguyen va Moi truong Soc Trang,no_accent,auto_rule
7294,1083,OTH_STNMT_ST,STNMTST,abbreviation,auto_rule
7295,1084,OTH_SNV_ST,Sở Nội vụ Sóc Trăng,canonical,manual_registry
7296,1084,OTH_SNV_ST,SNV Sóc Trăng,abbreviation,domain_rules
7297,1084,OTH_SNV_ST,So Noi vu Soc Trang,no_accent,auto_rule
7298,1084,OTH_SNV_ST,SNVST,abbreviation,auto_rule
7299,1085,OTH_UBND_BL,Ủy ban nhân dân Bạc Liêu,canonical,manual_registry
7300,1085,OTH_UBND_BL,UBND Bạc Liêu,abbreviation,domain_rules
7301,1085,OTH_UBND_BL,UB Bạc Liêu,alias,domain_rules
7302,1085,OTH_UBND_BL,Uy ban nhan dan Bac Lieu,no_accent,auto_rule
7303,1085,OTH_UBND_BL,ỦBBL,abbreviation,auto_rule
7304,1085,OTH_UBND_BL,Ủy ban nhân dânBạc Liêu,typo_ocr,noise_injector
7305,1085,OTH_UBND_BL,Ủy ban nhân dân ạc Liêu,typo_ocr,noise_injector
7306,1086,OTH_BHXH_BL,Bảo hiểm Xã hội Bạc Liêu,canonical,manual_registry
7307,1086,OTH_BHXH_BL,BHXH Bạc Liêu,abbreviation,domain_rules
7308,1086,OTH_BHXH_BL,Bao hiem Xa hoi Bac Lieu,no_accent,auto_rule
7309,1086,OTH_BHXH_BL,BHXHBL,abbreviation,auto_rule
7310,1086,OTH_BHXH_BL,Bảo hiểm Xã hội Bạc Lêu,typo_ocr,noise_injector
7311,1086,OTH_BHXH_BL,Bảohiểm Xã hội Bạc Lêu,typo_ocr,noise_injector
7312,1087,OTH_SYT_BL,Sở Y tế Bạc Liêu,canonical,manual_registry
7313,1087,OTH_SYT_BL,SYT Bạc Liêu,abbreviation,domain_rules
7314,1087,OTH_SYT_BL,So Y te Bac Lieu,no_accent,auto_rule
7315,1087,OTH_SYT_BL,STBL,abbreviation,auto_rule
7316,1087,OTH_SYT_BL,SởY tế Bạc Liêu,typo_ocr,noise_injector
7317,1087,OTH_SYT_BL,Sở Y tế ạc Liêu,typo_ocr,noise_injector
7318,1088,OTH_SGD_BL,Sở Giáo dục và Đào tạo Bạc Liêu,canonical,manual_registry
7319,1088,OTH_SGD_BL,Sở GD&ĐT Bạc Liêu,alias,domain_rules
7320,1088,OTH_SGD_BL,SGD&ĐT Bạc Liêu,abbreviation,domain_rules
7321,1088,OTH_SGD_BL,So Giao duc va Đao tao Bac Lieu,no_accent,auto_rule
7322,1088,OTH_SGD_BL,SGDĐTBL,abbreviation,auto_rule
7323,1088,OTH_SGD_BL,Sở Giáo dục và Đào tạo Bạc Liê,typo_ocr,noise_injector
7324,1089,OTH_STC_BL,Sở Tài chính Bạc Liêu,canonical,manual_registry
7325,1089,OTH_STC_BL,STC Bạc Liêu,abbreviation,domain_rules
7326,1089,OTH_STC_BL,So Tai chinh Bac Lieu,no_accent,auto_rule
7327,1089,OTH_STC_BL,STCBL,abbreviation,auto_rule
7328,1089,OTH_STC_BL,SởTài chính Bạc Liêu,typo_ocr,noise_injector
7329,1089,OTH_STC_BL,S Tài chnh Bạc iêu,typo_ocr,noise_injector
7330,1090,OTH_STP_BL,Sở Tư pháp Bạc Liêu,canonical,manual_registry
7331,1090,OTH_STP_BL,STP Bạc Liêu,abbreviation,domain_rules
7332,1090,OTH_STP_BL,So Tu phap Bac Lieu,no_accent,auto_rule
7333,1090,OTH_STP_BL,STPBL,abbreviation,auto_rule
7334,1091,OTH_SKH_BL,Sở Kế hoạch và Đầu tư Bạc Liêu,canonical,manual_registry
7335,1091,OTH_SKH_BL,SKH&ĐT Bạc Liêu,abbreviation,domain_rules
7336,1091,OTH_SKH_BL,SKHĐT Bạc Liêu,abbreviation,domain_rules
7337,1091,OTH_SKH_BL,So Ke hoach va Đau tu Bac Lieu,no_accent,auto_rule
7338,1091,OTH_SKH_BL,SKHĐTBL,abbreviation,auto_rule
7339,1091,OTH_SKH_BL,Sở K hoạch và Đầu tư Bạc Liêu,typo_ocr,noise_injector
7340,1092,OTH_SXD_BL,Sở Xây dựng Bạc Liêu,canonical,manual_registry
7341,1092,OTH_SXD_BL,SXD Bạc Liêu,abbreviation,domain_rules
7342,1092,OTH_SXD_BL,So Xay dung Bac Lieu,no_accent,auto_rule
7343,1092,OTH_SXD_BL,SXDBL,abbreviation,auto_rule
7344,1092,OTH_SXD_BL,Sở Xây dựg Bạc Liêu,typo_ocr,noise_injector
7345,1093,OTH_STNMT_BL,Sở Tài nguyên và Môi trường Bạc Liêu,canonical,manual_registry
7346,1093,OTH_STNMT_BL,STNMT Bạc Liêu,abbreviation,domain_rules
7347,1093,OTH_STNMT_BL,So Tai nguyen va Moi truong Bac Lieu,no_accent,auto_rule
7348,1093,OTH_STNMT_BL,STNMTBL,abbreviation,auto_rule
7349,1093,OTH_STNMT_BL,Sở Tài nguyên và Môi trườn Bạc Liêu,typo_ocr,noise_injector
7350,1094,OTH_SNV_BL,Sở Nội vụ Bạc Liêu,canonical,manual_registry
7351,1094,OTH_SNV_BL,SNV Bạc Liêu,abbreviation,domain_rules
7352,1094,OTH_SNV_BL,So Noi vu Bac Lieu,no_accent,auto_rule
7353,1094,OTH_SNV_BL,SNVBL,abbreviation,auto_rule
7354,1094,OTH_SNV_BL,Sở Nội vụ Bạc Lê,typo_ocr,noise_injector
7355,1095,OTH_UBND_TV,Ủy ban nhân dân Trà Vinh,canonical,manual_registry
7356,1095,OTH_UBND_TV,UBND Trà Vinh,abbreviation,domain_rules
7357,1095,OTH_UBND_TV,UB Trà Vinh,alias,domain_rules
7358,1095,OTH_UBND_TV,Uy ban nhan dan Tra Vinh,no_accent,auto_rule
7359,1095,OTH_UBND_TV,ỦBTV,abbreviation,auto_rule
7360,1096,OTH_BHXH_TV,Bảo hiểm Xã hội Trà Vinh,canonical,manual_registry
7361,1096,OTH_BHXH_TV,BHXH Trà Vinh,abbreviation,domain_rules
7362,1096,OTH_BHXH_TV,Bao hiem Xa hoi Tra Vinh,no_accent,auto_rule
7363,1096,OTH_BHXH_TV,BHXHTV,abbreviation,auto_rule
7364,1096,OTH_BHXH_TV,Bảo hiểm Xã hội Tà Vin,typo_ocr,noise_injector
7365,1097,OTH_SYT_TV,Sở Y tế Trà Vinh,canonical,manual_registry
7366,1097,OTH_SYT_TV,SYT Trà Vinh,abbreviation,domain_rules
7367,1097,OTH_SYT_TV,So Y te Tra Vinh,no_accent,auto_rule
7368,1097,OTH_SYT_TV,STTV,abbreviation,auto_rule
7369,1097,OTH_SYT_TV,Sở Y tế Trà Vih,typo_ocr,noise_injector
7370,1097,OTH_SYT_TV,Sở  tế Trà Vinh,typo_ocr,noise_injector
7371,1098,OTH_SGD_TV,Sở Giáo dục và Đào tạo Trà Vinh,canonical,manual_registry
7372,1098,OTH_SGD_TV,Sở GD&ĐT Trà Vinh,alias,domain_rules
7373,1098,OTH_SGD_TV,SGD&ĐT Trà Vinh,abbreviation,domain_rules
7374,1098,OTH_SGD_TV,So Giao duc va Đao tao Tra Vinh,no_accent,auto_rule
7375,1098,OTH_SGD_TV,SGDĐTTV,abbreviation,auto_rule
7376,1099,OTH_STC_TV,Sở Tài chính Trà Vinh,canonical,manual_registry
7377,1099,OTH_STC_TV,STC Trà Vinh,abbreviation,domain_rules
7378,1099,OTH_STC_TV,So Tai chinh Tra Vinh,no_accent,auto_rule
7379,1099,OTH_STC_TV,STCTV,abbreviation,auto_rule
7380,1099,OTH_STC_TV,Sở Ti chính Trà Vinh,typo_ocr,noise_injector
7381,1100,OTH_STP_TV,Sở Tư pháp Trà Vinh,canonical,manual_registry
7382,1100,OTH_STP_TV,STP Trà Vinh,abbreviation,domain_rules
7383,1100,OTH_STP_TV,So Tu phap Tra Vinh,no_accent,auto_rule
7384,1100,OTH_STP_TV,STPTV,abbreviation,auto_rule
7385,1101,OTH_SKH_TV,Sở Kế hoạch và Đầu tư Trà Vinh,canonical,manual_registry
7386,1101,OTH_SKH_TV,SKH&ĐT Trà Vinh,abbreviation,domain_rules
7387,1101,OTH_SKH_TV,SKHĐT Trà Vinh,abbreviation,domain_rules
7388,1101,OTH_SKH_TV,So Ke hoach va Đau tu Tra Vinh,no_accent,auto_rule
7389,1101,OTH_SKH_TV,SKHĐTTV,abbreviation,auto_rule
7390,1101,OTH_SKH_TV,Sở Kế hoạch và Đầu tư Trà inh,typo_ocr,noise_injector
7391,1102,OTH_SXD_TV,Sở Xây dựng Trà Vinh,canonical,manual_registry
7392,1102,OTH_SXD_TV,SXD Trà Vinh,abbreviation,domain_rules
7393,1102,OTH_SXD_TV,So Xay dung Tra Vinh,no_accent,auto_rule
7394,1102,OTH_SXD_TV,SXDTV,abbreviation,auto_rule
7395,1102,OTH_SXD_TV,Sở Xây dựng Trà Vin,typo_ocr,noise_injector
7396,1103,OTH_STNMT_TV,Sở Tài nguyên và Môi trường Trà Vinh,canonical,manual_registry
7397,1103,OTH_STNMT_TV,STNMT Trà Vinh,abbreviation,domain_rules
7398,1103,OTH_STNMT_TV,So Tai nguyen va Moi truong Tra Vinh,no_accent,auto_rule
7399,1103,OTH_STNMT_TV,STNMTTV,abbreviation,auto_rule
7400,1104,OTH_SNV_TV,Sở Nội vụ Trà Vinh,canonical,manual_registry
7401,1104,OTH_SNV_TV,SNV Trà Vinh,abbreviation,domain_rules
7402,1104,OTH_SNV_TV,So Noi vu Tra Vinh,no_accent,auto_rule
7403,1104,OTH_SNV_TV,SNVTV,abbreviation,auto_rule
7404,1104,OTH_SNV_TV,ở Nội vụ Trà Vinh,typo_ocr,noise_injector
7405,1105,OTH_UBND_VL,Ủy ban nhân dân Vĩnh Long,canonical,manual_registry
7406,1105,OTH_UBND_VL,UBND Vĩnh Long,abbreviation,domain_rules
7407,1105,OTH_UBND_VL,UB Vĩnh Long,alias,domain_rules
7408,1105,OTH_UBND_VL,Uy ban nhan dan Vinh Long,no_accent,auto_rule
7409,1105,OTH_UBND_VL,ỦBVL,abbreviation,auto_rule
7410,1106,OTH_BHXH_VL,Bảo hiểm Xã hội Vĩnh Long,canonical,manual_registry
7411,1106,OTH_BHXH_VL,BHXH Vĩnh Long,abbreviation,domain_rules
7412,1106,OTH_BHXH_VL,Bao hiem Xa hoi Vinh Long,no_accent,auto_rule
7413,1106,OTH_BHXH_VL,BHXHVL,abbreviation,auto_rule
7414,1107,OTH_SYT_VL,Sở Y tế Vĩnh Long,canonical,manual_registry
7415,1107,OTH_SYT_VL,SYT Vĩnh Long,abbreviation,domain_rules
7416,1107,OTH_SYT_VL,So Y te Vinh Long,no_accent,auto_rule
7417,1107,OTH_SYT_VL,STVL,abbreviation,auto_rule
7418,1107,OTH_SYT_VL,ở Y tế Vĩnh Long,typo_ocr,noise_injector
7419,1108,OTH_SGD_VL,Sở Giáo dục và Đào tạo Vĩnh Long,canonical,manual_registry
7420,1108,OTH_SGD_VL,Sở GD&ĐT Vĩnh Long,alias,domain_rules
7421,1108,OTH_SGD_VL,SGD&ĐT Vĩnh Long,abbreviation,domain_rules
7422,1108,OTH_SGD_VL,So Giao duc va Đao tao Vinh Long,no_accent,auto_rule
7423,1108,OTH_SGD_VL,SGDĐTVL,abbreviation,auto_rule
7424,1108,OTH_SGD_VL,Sở Giáo dục và Đà tạo Vĩnh Long,typo_ocr,noise_injector
7425,1109,OTH_STC_VL,Sở Tài chính Vĩnh Long,canonical,manual_registry
7426,1109,OTH_STC_VL,STC Vĩnh Long,abbreviation,domain_rules
7427,1109,OTH_STC_VL,So Tai chinh Vinh Long,no_accent,auto_rule
7428,1109,OTH_STC_VL,STCVL,abbreviation,auto_rule
7429,1110,OTH_STP_VL,Sở Tư pháp Vĩnh Long,canonical,manual_registry
7430,1110,OTH_STP_VL,STP Vĩnh Long,abbreviation,domain_rules
7431,1110,OTH_STP_VL,So Tu phap Vinh Long,no_accent,auto_rule
7432,1110,OTH_STP_VL,STPVL,abbreviation,auto_rule
7433,1111,OTH_SKH_VL,Sở Kế hoạch và Đầu tư Vĩnh Long,canonical,manual_registry
7434,1111,OTH_SKH_VL,SKH&ĐT Vĩnh Long,abbreviation,domain_rules
7435,1111,OTH_SKH_VL,SKHĐT Vĩnh Long,abbreviation,domain_rules
7436,1111,OTH_SKH_VL,So Ke hoach va Đau tu Vinh Long,no_accent,auto_rule
7437,1111,OTH_SKH_VL,SKHĐTVL,abbreviation,auto_rule
7438,1111,OTH_SKH_VL,Sở Kế hoạh và Đầu tư ĩnh Long,typo_ocr,noise_injector
7439,1111,OTH_SKH_VL,Sở Kế hoạch và Đu ư Vĩnh Long,typo_ocr,noise_injector
7440,1112,OTH_SXD_VL,Sở Xây dựng Vĩnh Long,canonical,manual_registry
7441,1112,OTH_SXD_VL,SXD Vĩnh Long,abbreviation,domain_rules
7442,1112,OTH_SXD_VL,So Xay dung Vinh Long,no_accent,auto_rule
7443,1112,OTH_SXD_VL,SXDVL,abbreviation,auto_rule
7444,1112,OTH_SXD_VL,Sở Xây dựng Vnh Long,typo_ocr,noise_injector
7445,1113,OTH_STNMT_VL,Sở Tài nguyên và Môi trường Vĩnh Long,canonical,manual_registry
7446,1113,OTH_STNMT_VL,STNMT Vĩnh Long,abbreviation,domain_rules
7447,1113,OTH_STNMT_VL,So Tai nguyen va Moi truong Vinh Long,no_accent,auto_rule
7448,1113,OTH_STNMT_VL,STNMTVL,abbreviation,auto_rule
7449,1113,OTH_STNMT_VL,Sở Tài nguyên và Môi trường Vĩnh Lon,typo_ocr,noise_injector
7450,1114,OTH_SNV_VL,Sở Nội vụ Vĩnh Long,canonical,manual_registry
7451,1114,OTH_SNV_VL,SNV Vĩnh Long,abbreviation,domain_rules
7452,1114,OTH_SNV_VL,So Noi vu Vinh Long,no_accent,auto_rule
7453,1114,OTH_SNV_VL,SNVVL,abbreviation,auto_rule
7454,1115,OTH_UBND_BT,Ủy ban nhân dân Bến Tre,canonical,manual_registry
7455,1115,OTH_UBND_BT,UBND Bến Tre,abbreviation,domain_rules
7456,1115,OTH_UBND_BT,UB Bến Tre,alias,domain_rules
7457,1115,OTH_UBND_BT,Uy ban nhan dan Ben Tre,no_accent,auto_rule
7458,1115,OTH_UBND_BT,ỦBBT,abbreviation,auto_rule
7459,1116,OTH_BHXH_BT,Bảo hiểm Xã hội Bến Tre,canonical,manual_registry
7460,1116,OTH_BHXH_BT,BHXH Bến Tre,abbreviation,domain_rules
7461,1116,OTH_BHXH_BT,Bao hiem Xa hoi Ben Tre,no_accent,auto_rule
7462,1116,OTH_BHXH_BT,BHXHBT,abbreviation,auto_rule
7463,1116,OTH_BHXH_BT,Bảo hiểmXã hội Bến Tre,typo_ocr,noise_injector
7464,1117,OTH_SYT_BT,Sở Y tế Bến Tre,canonical,manual_registry
7465,1117,OTH_SYT_BT,SYT Bến Tre,abbreviation,domain_rules
7466,1117,OTH_SYT_BT,So Y te Ben Tre,no_accent,auto_rule
7467,1117,OTH_SYT_BT,STBT,abbreviation,auto_rule
7468,1117,OTH_SYT_BT,SởY tế Bến Tre,typo_ocr,noise_injector
7469,1118,OTH_SGD_BT,Sở Giáo dục và Đào tạo Bến Tre,canonical,manual_registry
7470,1118,OTH_SGD_BT,Sở GD&ĐT Bến Tre,alias,domain_rules
7471,1118,OTH_SGD_BT,SGD&ĐT Bến Tre,abbreviation,domain_rules
7472,1118,OTH_SGD_BT,So Giao duc va Đao tao Ben Tre,no_accent,auto_rule
7473,1118,OTH_SGD_BT,SGDĐTBT,abbreviation,auto_rule
7474,1118,OTH_SGD_BT,Sở Giáo dụ và ào tạo Bến Tre,typo_ocr,noise_injector
7475,1119,OTH_STC_BT,Sở Tài chính Bến Tre,canonical,manual_registry
7476,1119,OTH_STC_BT,STC Bến Tre,abbreviation,domain_rules
7477,1119,OTH_STC_BT,So Tai chinh Ben Tre,no_accent,auto_rule
7478,1119,OTH_STC_BT,STCBT,abbreviation,auto_rule
7479,1120,OTH_STP_BT,Sở Tư pháp Bến Tre,canonical,manual_registry
7480,1120,OTH_STP_BT,STP Bến Tre,abbreviation,domain_rules
7481,1120,OTH_STP_BT,So Tu phap Ben Tre,no_accent,auto_rule
7482,1120,OTH_STP_BT,STPBT,abbreviation,auto_rule
7483,1120,OTH_STP_BT,Sở Tư pháp Bến Tr,typo_ocr,noise_injector
7484,1121,OTH_SKH_BT,Sở Kế hoạch và Đầu tư Bến Tre,canonical,manual_registry
7485,1121,OTH_SKH_BT,SKH&ĐT Bến Tre,abbreviation,domain_rules
7486,1121,OTH_SKH_BT,SKHĐT Bến Tre,abbreviation,domain_rules
7487,1121,OTH_SKH_BT,So Ke hoach va Đau tu Ben Tre,no_accent,auto_rule
7488,1121,OTH_SKH_BT,SKHĐTBT,abbreviation,auto_rule
7489,1122,OTH_SXD_BT,Sở Xây dựng Bến Tre,canonical,manual_registry
7490,1122,OTH_SXD_BT,SXD Bến Tre,abbreviation,domain_rules
7491,1122,OTH_SXD_BT,So Xay dung Ben Tre,no_accent,auto_rule
7492,1122,OTH_SXD_BT,SXDBT,abbreviation,auto_rule
7493,1123,OTH_STNMT_BT,Sở Tài nguyên và Môi trường Bến Tre,canonical,manual_registry
7494,1123,OTH_STNMT_BT,STNMT Bến Tre,abbreviation,domain_rules
7495,1123,OTH_STNMT_BT,So Tai nguyen va Moi truong Ben Tre,no_accent,auto_rule
7496,1123,OTH_STNMT_BT,STNMTBT,abbreviation,auto_rule
7497,1123,OTH_STNMT_BT,Sở Tài nuyên và Môi trường Bến Tre,typo_ocr,noise_injector
7498,1124,OTH_SNV_BT,Sở Nội vụ Bến Tre,canonical,manual_registry
7499,1124,OTH_SNV_BT,SNV Bến Tre,abbreviation,domain_rules
7500,1124,OTH_SNV_BT,So Noi vu Ben Tre,no_accent,auto_rule
7501,1124,OTH_SNV_BT,SNVBT,abbreviation,auto_rule
7502,1125,OTH_UBND_TG,Ủy ban nhân dân Tiền Giang,canonical,manual_registry
7503,1125,OTH_UBND_TG,UBND Tiền Giang,abbreviation,domain_rules
7504,1125,OTH_UBND_TG,UB Tiền Giang,alias,domain_rules
7505,1125,OTH_UBND_TG,Uy ban nhan dan Tien Giang,no_accent,auto_rule
7506,1125,OTH_UBND_TG,ỦBTG,abbreviation,auto_rule
7507,1126,OTH_BHXH_TG,Bảo hiểm Xã hội Tiền Giang,canonical,manual_registry
7508,1126,OTH_BHXH_TG,BHXH Tiền Giang,abbreviation,domain_rules
7509,1126,OTH_BHXH_TG,Bao hiem Xa hoi Tien Giang,no_accent,auto_rule
7510,1126,OTH_BHXH_TG,BHXHTG,abbreviation,auto_rule
7511,1126,OTH_BHXH_TG,Bảo hiểm Xã hội TinGiang,typo_ocr,noise_injector
7512,1127,OTH_SYT_TG,Sở Y tế Tiền Giang,canonical,manual_registry
7513,1127,OTH_SYT_TG,SYT Tiền Giang,abbreviation,domain_rules
7514,1127,OTH_SYT_TG,So Y te Tien Giang,no_accent,auto_rule
7515,1127,OTH_SYT_TG,STTG,abbreviation,auto_rule
7516,1128,OTH_SGD_TG,Sở Giáo dục và Đào tạo Tiền Giang,canonical,manual_registry
7517,1128,OTH_SGD_TG,Sở GD&ĐT Tiền Giang,alias,domain_rules
7518,1128,OTH_SGD_TG,SGD&ĐT Tiền Giang,abbreviation,domain_rules
7519,1128,OTH_SGD_TG,So Giao duc va Đao tao Tien Giang,no_accent,auto_rule
7520,1128,OTH_SGD_TG,SGDĐTTG,abbreviation,auto_rule
7521,1128,OTH_SGD_TG,Sở Giáo dụ và Đào tạo Tiền Giang,typo_ocr,noise_injector
7522,1128,OTH_SGD_TG,Sở Giáo dục và Đào tạo Tề Giang,typo_ocr,noise_injector
7523,1129,OTH_STC_TG,Sở Tài chính Tiền Giang,canonical,manual_registry
7524,1129,OTH_STC_TG,STC Tiền Giang,abbreviation,domain_rules
7525,1129,OTH_STC_TG,So Tai chinh Tien Giang,no_accent,auto_rule
7526,1129,OTH_STC_TG,STCTG,abbreviation,auto_rule
7527,1130,OTH_STP_TG,Sở Tư pháp Tiền Giang,canonical,manual_registry
7528,1130,OTH_STP_TG,STP Tiền Giang,abbreviation,domain_rules
7529,1130,OTH_STP_TG,So Tu phap Tien Giang,no_accent,auto_rule
7530,1130,OTH_STP_TG,STPTG,abbreviation,auto_rule
7531,1130,OTH_STP_TG,Sở Tư pháp Tề Giang,typo_ocr,noise_injector
7532,1131,OTH_SKH_TG,Sở Kế hoạch và Đầu tư Tiền Giang,canonical,manual_registry
7533,1131,OTH_SKH_TG,SKH&ĐT Tiền Giang,abbreviation,domain_rules
7534,1131,OTH_SKH_TG,SKHĐT Tiền Giang,abbreviation,domain_rules
7535,1131,OTH_SKH_TG,So Ke hoach va Đau tu Tien Giang,no_accent,auto_rule
7536,1131,OTH_SKH_TG,SKHĐTTG,abbreviation,auto_rule
7537,1132,OTH_SXD_TG,Sở Xây dựng Tiền Giang,canonical,manual_registry
7538,1132,OTH_SXD_TG,SXD Tiền Giang,abbreviation,domain_rules
7539,1132,OTH_SXD_TG,So Xay dung Tien Giang,no_accent,auto_rule
7540,1132,OTH_SXD_TG,SXDTG,abbreviation,auto_rule
7541,1132,OTH_SXD_TG,Sở Xây dựng TiềnGiang,typo_ocr,noise_injector
7542,1133,OTH_STNMT_TG,Sở Tài nguyên và Môi trường Tiền Giang,canonical,manual_registry
7543,1133,OTH_STNMT_TG,STNMT Tiền Giang,abbreviation,domain_rules
7544,1133,OTH_STNMT_TG,So Tai nguyen va Moi truong Tien Giang,no_accent,auto_rule
7545,1133,OTH_STNMT_TG,STNMTTG,abbreviation,auto_rule
7546,1133,OTH_STNMT_TG,Sở Tài nguyên và Môi trường Tền Giang,typo_ocr,noise_injector
7547,1133,OTH_STNMT_TG,S Tài nguyên và Môi trường Tiền Giang,typo_ocr,noise_injector
7548,1134,OTH_SNV_TG,Sở Nội vụ Tiền Giang,canonical,manual_registry
7549,1134,OTH_SNV_TG,SNV Tiền Giang,abbreviation,domain_rules
7550,1134,OTH_SNV_TG,So Noi vu Tien Giang,no_accent,auto_rule
7551,1134,OTH_SNV_TG,SNVTG,abbreviation,auto_rule
7552,1135,OTH_UBND_DT,Ủy ban nhân dân Đồng Tháp,canonical,manual_registry
7553,1135,OTH_UBND_DT,UBND Đồng Tháp,abbreviation,domain_rules
7554,1135,OTH_UBND_DT,UB Đồng Tháp,alias,domain_rules
7555,1135,OTH_UBND_DT,Uy ban nhan dan Đong Thap,no_accent,auto_rule
7556,1135,OTH_UBND_DT,ỦBĐT,abbreviation,auto_rule
7557,1136,OTH_BHXH_DT,Bảo hiểm Xã hội Đồng Tháp,canonical,manual_registry
7558,1136,OTH_BHXH_DT,BHXH Đồng Tháp,abbreviation,domain_rules
7559,1136,OTH_BHXH_DT,Bao hiem Xa hoi Đong Thap,no_accent,auto_rule
7560,1136,OTH_BHXH_DT,BHXHĐT,abbreviation,auto_rule
7561,1137,OTH_SYT_DT,Sở Y tế Đồng Tháp,canonical,manual_registry
7562,1137,OTH_SYT_DT,SYT Đồng Tháp,abbreviation,domain_rules
7563,1137,OTH_SYT_DT,So Y te Đong Thap,no_accent,auto_rule
7564,1137,OTH_SYT_DT,STĐT,abbreviation,auto_rule
7565,1138,OTH_SGD_DT,Sở Giáo dục và Đào tạo Đồng Tháp,canonical,manual_registry
7566,1138,OTH_SGD_DT,Sở GD&ĐT Đồng Tháp,alias,domain_rules
7567,1138,OTH_SGD_DT,SGD&ĐT Đồng Tháp,abbreviation,domain_rules
7568,1138,OTH_SGD_DT,So Giao duc va Đao tao Đong Thap,no_accent,auto_rule
7569,1138,OTH_SGD_DT,SGDĐTĐT,abbreviation,auto_rule
7570,1138,OTH_SGD_DT,Sở Giáo dục và Đàotạo Đồng Tháp,typo_ocr,noise_injector
7571,1138,OTH_SGD_DT,Sở Giáo dục à Đào tạo Đồng Tháp,typo_ocr,noise_injector
7572,1139,OTH_STC_DT,Sở Tài chính Đồng Tháp,canonical,manual_registry
7573,1139,OTH_STC_DT,STC Đồng Tháp,abbreviation,domain_rules
7574,1139,OTH_STC_DT,So Tai chinh Đong Thap,no_accent,auto_rule
7575,1139,OTH_STC_DT,STCĐT,abbreviation,auto_rule
7576,1139,OTH_STC_DT,Sở Tài chính ĐồngTháp,typo_ocr,noise_injector
7577,1140,OTH_STP_DT,Sở Tư pháp Đồng Tháp,canonical,manual_registry
7578,1140,OTH_STP_DT,STP Đồng Tháp,abbreviation,domain_rules
7579,1140,OTH_STP_DT,So Tu phap Đong Thap,no_accent,auto_rule
7580,1140,OTH_STP_DT,STPĐT,abbreviation,auto_rule
7581,1141,OTH_SKH_DT,Sở Kế hoạch và Đầu tư Đồng Tháp,canonical,manual_registry
7582,1141,OTH_SKH_DT,SKH&ĐT Đồng Tháp,abbreviation,domain_rules
7583,1141,OTH_SKH_DT,SKHĐT Đồng Tháp,abbreviation,domain_rules
7584,1141,OTH_SKH_DT,So Ke hoach va Đau tu Đong Thap,no_accent,auto_rule
7585,1141,OTH_SKH_DT,SKHĐTĐT,abbreviation,auto_rule
7586,1141,OTH_SKH_DT,Sở Kế hoch và Đầu tư Đồng Tháp,typo_ocr,noise_injector
7587,1141,OTH_SKH_DT,Sở Kế hoạch và Đầutư Đồng Thp,typo_ocr,noise_injector
7588,1142,OTH_SXD_DT,Sở Xây dựng Đồng Tháp,canonical,manual_registry
7589,1142,OTH_SXD_DT,SXD Đồng Tháp,abbreviation,domain_rules
7590,1142,OTH_SXD_DT,So Xay dung Đong Thap,no_accent,auto_rule
7591,1142,OTH_SXD_DT,SXDĐT,abbreviation,auto_rule
7592,1143,OTH_STNMT_DT,Sở Tài nguyên và Môi trường Đồng Tháp,canonical,manual_registry
7593,1143,OTH_STNMT_DT,STNMT Đồng Tháp,abbreviation,domain_rules
7594,1143,OTH_STNMT_DT,So Tai nguyen va Moi truong Đong Thap,no_accent,auto_rule
7595,1143,OTH_STNMT_DT,STNMTĐT,abbreviation,auto_rule
7596,1143,OTH_STNMT_DT,Sở Tài nguyên vàMôi trường Đồng Tháp,typo_ocr,noise_injector
7597,1144,OTH_SNV_DT,Sở Nội vụ Đồng Tháp,canonical,manual_registry
7598,1144,OTH_SNV_DT,SNV Đồng Tháp,abbreviation,domain_rules
7599,1144,OTH_SNV_DT,So Noi vu Đong Thap,no_accent,auto_rule
7600,1144,OTH_SNV_DT,SNVĐT,abbreviation,auto_rule
7601,1144,OTH_SNV_DT,SởNội vụ Đồng Tháp,typo_ocr,noise_injector
7602,1145,OTH_UBND_LA,Ủy ban nhân dân Long An,canonical,manual_registry
7603,1145,OTH_UBND_LA,UBND Long An,abbreviation,domain_rules
7604,1145,OTH_UBND_LA,UB Long An,alias,domain_rules
7605,1145,OTH_UBND_LA,Uy ban nhan dan Long An,no_accent,auto_rule
7606,1145,OTH_UBND_LA,ỦBLA,abbreviation,auto_rule
7607,1145,OTH_UBND_LA,Ủy ban hân dân Long An,typo_ocr,noise_injector
7608,1146,OTH_BHXH_LA,Bảo hiểm Xã hội Long An,canonical,manual_registry
7609,1146,OTH_BHXH_LA,BHXH Long An,abbreviation,domain_rules
7610,1146,OTH_BHXH_LA,Bao hiem Xa hoi Long An,no_accent,auto_rule
7611,1146,OTH_BHXH_LA,BHXHLA,abbreviation,auto_rule
7612,1147,OTH_SYT_LA,Sở Y tế Long An,canonical,manual_registry
7613,1147,OTH_SYT_LA,SYT Long An,abbreviation,domain_rules
7614,1147,OTH_SYT_LA,So Y te Long An,no_accent,auto_rule
7615,1147,OTH_SYT_LA,STLA,abbreviation,auto_rule
7616,1148,OTH_SGD_LA,Sở Giáo dục và Đào tạo Long An,canonical,manual_registry
7617,1148,OTH_SGD_LA,Sở GD&ĐT Long An,alias,domain_rules
7618,1148,OTH_SGD_LA,SGD&ĐT Long An,abbreviation,domain_rules
7619,1148,OTH_SGD_LA,So Giao duc va Đao tao Long An,no_accent,auto_rule
7620,1148,OTH_SGD_LA,SGDĐTLA,abbreviation,auto_rule
7621,1148,OTH_SGD_LA,Sở Giáo dục và Đào tạo LongAn,typo_ocr,noise_injector
7622,1148,OTH_SGD_LA,Sở Giáo dục v ào tạo Long An,typo_ocr,noise_injector
7623,1149,OTH_STC_LA,Sở Tài chính Long An,canonical,manual_registry
7624,1149,OTH_STC_LA,STC Long An,abbreviation,domain_rules
7625,1149,OTH_STC_LA,So Tai chinh Long An,no_accent,auto_rule
7626,1149,OTH_STC_LA,STCLA,abbreviation,auto_rule
7627,1150,OTH_STP_LA,Sở Tư pháp Long An,canonical,manual_registry
7628,1150,OTH_STP_LA,STP Long An,abbreviation,domain_rules
7629,1150,OTH_STP_LA,So Tu phap Long An,no_accent,auto_rule
7630,1150,OTH_STP_LA,STPLA,abbreviation,auto_rule
7631,1151,OTH_SKH_LA,Sở Kế hoạch và Đầu tư Long An,canonical,manual_registry
7632,1151,OTH_SKH_LA,SKH&ĐT Long An,abbreviation,domain_rules
7633,1151,OTH_SKH_LA,SKHĐT Long An,abbreviation,domain_rules
7634,1151,OTH_SKH_LA,So Ke hoach va Đau tu Long An,no_accent,auto_rule
7635,1151,OTH_SKH_LA,SKHĐTLA,abbreviation,auto_rule
7636,1151,OTH_SKH_LA,ở Kế hoạch và Đầu tư Long An,typo_ocr,noise_injector
7637,1152,OTH_SXD_LA,Sở Xây dựng Long An,canonical,manual_registry
7638,1152,OTH_SXD_LA,SXD Long An,abbreviation,domain_rules
7639,1152,OTH_SXD_LA,So Xay dung Long An,no_accent,auto_rule
7640,1152,OTH_SXD_LA,SXDLA,abbreviation,auto_rule
7641,1153,OTH_STNMT_LA,Sở Tài nguyên và Môi trường Long An,canonical,manual_registry
7642,1153,OTH_STNMT_LA,STNMT Long An,abbreviation,domain_rules
7643,1153,OTH_STNMT_LA,So Tai nguyen va Moi truong Long An,no_accent,auto_rule
7644,1153,OTH_STNMT_LA,STNMTLA,abbreviation,auto_rule
7645,1153,OTH_STNMT_LA,Sở Tài nguyên à Môi trườ Lng An,typo_ocr,noise_injector
7646,1153,OTH_STNMT_LA,Sở Tài guyn và Môi rường Long An,typo_ocr,noise_injector
7647,1154,OTH_SNV_LA,Sở Nội vụ Long An,canonical,manual_registry
7648,1154,OTH_SNV_LA,SNV Long An,abbreviation,domain_rules
7649,1154,OTH_SNV_LA,So Noi vu Long An,no_accent,auto_rule
7650,1154,OTH_SNV_LA,SNVLA,abbreviation,auto_rule
7651,1155,OTH_UBND_DLA,Ủy ban nhân dân Đắk Lắk,canonical,manual_registry
7652,1155,OTH_UBND_DLA,UBND Đắk Lắk,abbreviation,domain_rules
7653,1155,OTH_UBND_DLA,UB Đắk Lắk,alias,domain_rules
7654,1155,OTH_UBND_DLA,Uy ban nhan dan Đak Lak,no_accent,auto_rule
7655,1155,OTH_UBND_DLA,ỦBĐL,abbreviation,auto_rule
7656,1156,OTH_BHXH_DLA,Bảo hiểm Xã hội Đắk Lắk,canonical,manual_registry
7657,1156,OTH_BHXH_DLA,BHXH Đắk Lắk,abbreviation,domain_rules
7658,1156,OTH_BHXH_DLA,Bao hiem Xa hoi Đak Lak,no_accent,auto_rule
7659,1156,OTH_BHXH_DLA,BHXHĐL,abbreviation,auto_rule
7660,1157,OTH_SYT_DLA,Sở Y tế Đắk Lắk,canonical,manual_registry
7661,1157,OTH_SYT_DLA,SYT Đắk Lắk,abbreviation,domain_rules
7662,1157,OTH_SYT_DLA,So Y te Đak Lak,no_accent,auto_rule
7663,1157,OTH_SYT_DLA,STĐL,abbreviation,auto_rule
7664,1158,OTH_SGD_DLA,Sở Giáo dục và Đào tạo Đắk Lắk,canonical,manual_registry
7665,1158,OTH_SGD_DLA,Sở GD&ĐT Đắk Lắk,alias,domain_rules
7666,1158,OTH_SGD_DLA,SGD&ĐT Đắk Lắk,abbreviation,domain_rules
7667,1158,OTH_SGD_DLA,So Giao duc va Đao tao Đak Lak,no_accent,auto_rule
7668,1158,OTH_SGD_DLA,SGDĐTĐL,abbreviation,auto_rule
7669,1158,OTH_SGD_DLA,Sở Giáo ục và Đào tạo Đắk Lắk,typo_ocr,noise_injector
7670,1158,OTH_SGD_DLA,Sở Giáo dục và Đào tạo Đắk Lắ,typo_ocr,noise_injector
7671,1159,OTH_STC_DLA,Sở Tài chính Đắk Lắk,canonical,manual_registry
7672,1159,OTH_STC_DLA,STC Đắk Lắk,abbreviation,domain_rules
7673,1159,OTH_STC_DLA,So Tai chinh Đak Lak,no_accent,auto_rule
7674,1159,OTH_STC_DLA,STCĐL,abbreviation,auto_rule
7675,1160,OTH_STP_DLA,Sở Tư pháp Đắk Lắk,canonical,manual_registry
7676,1160,OTH_STP_DLA,STP Đắk Lắk,abbreviation,domain_rules
7677,1160,OTH_STP_DLA,So Tu phap Đak Lak,no_accent,auto_rule
7678,1160,OTH_STP_DLA,STPĐL,abbreviation,auto_rule
7679,1161,OTH_SKH_DLA,Sở Kế hoạch và Đầu tư Đắk Lắk,canonical,manual_registry
7680,1161,OTH_SKH_DLA,SKH&ĐT Đắk Lắk,abbreviation,domain_rules
7681,1161,OTH_SKH_DLA,SKHĐT Đắk Lắk,abbreviation,domain_rules
7682,1161,OTH_SKH_DLA,So Ke hoach va Đau tu Đak Lak,no_accent,auto_rule
7683,1161,OTH_SKH_DLA,SKHĐTĐL,abbreviation,auto_rule
7684,1162,OTH_SXD_DLA,Sở Xây dựng Đắk Lắk,canonical,manual_registry
7685,1162,OTH_SXD_DLA,SXD Đắk Lắk,abbreviation,domain_rules
7686,1162,OTH_SXD_DLA,So Xay dung Đak Lak,no_accent,auto_rule
7687,1162,OTH_SXD_DLA,SXDĐL,abbreviation,auto_rule
7688,1163,OTH_STNMT_DLA,Sở Tài nguyên và Môi trường Đắk Lắk,canonical,manual_registry
7689,1163,OTH_STNMT_DLA,STNMT Đắk Lắk,abbreviation,domain_rules
7690,1163,OTH_STNMT_DLA,So Tai nguyen va Moi truong Đak Lak,no_accent,auto_rule
7691,1163,OTH_STNMT_DLA,STNMTĐL,abbreviation,auto_rule
7692,1163,OTH_STNMT_DLA,Sở Tà nguyên và Môi trường Đắk Lắk,typo_ocr,noise_injector
7693,1163,OTH_STNMT_DLA,SởTài nguyên và Môi trường Đắk Lk,typo_ocr,noise_injector
7694,1164,OTH_SNV_DLA,Sở Nội vụ Đắk Lắk,canonical,manual_registry
7695,1164,OTH_SNV_DLA,SNV Đắk Lắk,abbreviation,domain_rules
7696,1164,OTH_SNV_DLA,So Noi vu Đak Lak,no_accent,auto_rule
7697,1164,OTH_SNV_DLA,SNVĐL,abbreviation,auto_rule
7698,1164,OTH_SNV_DLA,ở Nội vụ Đắk Lắk,typo_ocr,noise_injector
7699,1165,OTH_UBND_GLA,Ủy ban nhân dân Gia Lai,canonical,manual_registry
7700,1165,OTH_UBND_GLA,UBND Gia Lai,abbreviation,domain_rules
7701,1165,OTH_UBND_GLA,UB Gia Lai,alias,domain_rules
7702,1165,OTH_UBND_GLA,Uy ban nhan dan Gia Lai,no_accent,auto_rule
7703,1165,OTH_UBND_GLA,ỦBGL,abbreviation,auto_rule
7704,1165,OTH_UBND_GLA,Ủy ban nhân dn Gia Lai,typo_ocr,noise_injector
7705,1165,OTH_UBND_GLA,Ủ ban nhân dân Gia Lai,typo_ocr,noise_injector
7706,1166,OTH_BHXH_GLA,Bảo hiểm Xã hội Gia Lai,canonical,manual_registry
7707,1166,OTH_BHXH_GLA,BHXH Gia Lai,abbreviation,domain_rules
7708,1166,OTH_BHXH_GLA,Bao hiem Xa hoi Gia Lai,no_accent,auto_rule
7709,1166,OTH_BHXH_GLA,BHXHGL,abbreviation,auto_rule
7710,1167,OTH_SYT_GLA,Sở Y tế Gia Lai,canonical,manual_registry
7711,1167,OTH_SYT_GLA,SYT Gia Lai,abbreviation,domain_rules
7712,1167,OTH_SYT_GLA,So Y te Gia Lai,no_accent,auto_rule
7713,1167,OTH_SYT_GLA,STGL,abbreviation,auto_rule
7714,1168,OTH_SGD_GLA,Sở Giáo dục và Đào tạo Gia Lai,canonical,manual_registry
7715,1168,OTH_SGD_GLA,Sở GD&ĐT Gia Lai,alias,domain_rules
7716,1168,OTH_SGD_GLA,SGD&ĐT Gia Lai,abbreviation,domain_rules
7717,1168,OTH_SGD_GLA,So Giao duc va Đao tao Gia Lai,no_accent,auto_rule
7718,1168,OTH_SGD_GLA,SGDĐTGL,abbreviation,auto_rule
7719,1169,OTH_STC_GLA,Sở Tài chính Gia Lai,canonical,manual_registry
7720,1169,OTH_STC_GLA,STC Gia Lai,abbreviation,domain_rules
7721,1169,OTH_STC_GLA,So Tai chinh Gia Lai,no_accent,auto_rule
7722,1169,OTH_STC_GLA,STCGL,abbreviation,auto_rule
7723,1169,OTH_STC_GLA,ở Tài chính Gia Lai,typo_ocr,noise_injector
7724,1170,OTH_STP_GLA,Sở Tư pháp Gia Lai,canonical,manual_registry
7725,1170,OTH_STP_GLA,STP Gia Lai,abbreviation,domain_rules
7726,1170,OTH_STP_GLA,So Tu phap Gia Lai,no_accent,auto_rule
7727,1170,OTH_STP_GLA,STPGL,abbreviation,auto_rule
7728,1170,OTH_STP_GLA,Sở Tưpháp Gia Lai,typo_ocr,noise_injector
7729,1171,OTH_SKH_GLA,Sở Kế hoạch và Đầu tư Gia Lai,canonical,manual_registry
7730,1171,OTH_SKH_GLA,SKH&ĐT Gia Lai,abbreviation,domain_rules
7731,1171,OTH_SKH_GLA,SKHĐT Gia Lai,abbreviation,domain_rules
7732,1171,OTH_SKH_GLA,So Ke hoach va Đau tu Gia Lai,no_accent,auto_rule
7733,1171,OTH_SKH_GLA,SKHĐTGL,abbreviation,auto_rule
7734,1172,OTH_SXD_GLA,Sở Xây dựng Gia Lai,canonical,manual_registry
7735,1172,OTH_SXD_GLA,SXD Gia Lai,abbreviation,domain_rules
7736,1172,OTH_SXD_GLA,So Xay dung Gia Lai,no_accent,auto_rule
7737,1172,OTH_SXD_GLA,SXDGL,abbreviation,auto_rule
7738,1172,OTH_SXD_GLA,Sở ây dựng Gia Lai,typo_ocr,noise_injector
7739,1173,OTH_STNMT_GLA,Sở Tài nguyên và Môi trường Gia Lai,canonical,manual_registry
7740,1173,OTH_STNMT_GLA,STNMT Gia Lai,abbreviation,domain_rules
7741,1173,OTH_STNMT_GLA,So Tai nguyen va Moi truong Gia Lai,no_accent,auto_rule
7742,1173,OTH_STNMT_GLA,STNMTGL,abbreviation,auto_rule
7743,1173,OTH_STNMT_GLA,Sở Tài nguyên và Môi trờng Gia Lai,typo_ocr,noise_injector
7744,1174,OTH_SNV_GLA,Sở Nội vụ Gia Lai,canonical,manual_registry
7745,1174,OTH_SNV_GLA,SNV Gia Lai,abbreviation,domain_rules
7746,1174,OTH_SNV_GLA,So Noi vu Gia Lai,no_accent,auto_rule
7747,1174,OTH_SNV_GLA,SNVGL,abbreviation,auto_rule
7748,1175,OTH_UBND_LD,Ủy ban nhân dân Lâm Đồng,canonical,manual_registry
7749,1175,OTH_UBND_LD,UBND Lâm Đồng,abbreviation,domain_rules
7750,1175,OTH_UBND_LD,UB Lâm Đồng,alias,domain_rules
7751,1175,OTH_UBND_LD,Uy ban nhan dan Lam Đong,no_accent,auto_rule
7752,1175,OTH_UBND_LD,ỦBLĐ,abbreviation,auto_rule
7753,1175,OTH_UBND_LD,Ủy ban nhândân Lâm Đồng,typo_ocr,noise_injector
7754,1176,OTH_BHXH_LD,Bảo hiểm Xã hội Lâm Đồng,canonical,manual_registry
7755,1176,OTH_BHXH_LD,BHXH Lâm Đồng,abbreviation,domain_rules
7756,1176,OTH_BHXH_LD,Bao hiem Xa hoi Lam Đong,no_accent,auto_rule
7757,1176,OTH_BHXH_LD,BHXHLĐ,abbreviation,auto_rule
7758,1177,OTH_SYT_LD,Sở Y tế Lâm Đồng,canonical,manual_registry
7759,1177,OTH_SYT_LD,SYT Lâm Đồng,abbreviation,domain_rules
7760,1177,OTH_SYT_LD,So Y te Lam Đong,no_accent,auto_rule
7761,1177,OTH_SYT_LD,STLĐ,abbreviation,auto_rule
7762,1177,OTH_SYT_LD,Sở Y tế Lâm ồng,typo_ocr,noise_injector
7763,1178,OTH_SGD_LD,Sở Giáo dục và Đào tạo Lâm Đồng,canonical,manual_registry
7764,1178,OTH_SGD_LD,Sở GD&ĐT Lâm Đồng,alias,domain_rules
7765,1178,OTH_SGD_LD,SGD&ĐT Lâm Đồng,abbreviation,domain_rules
7766,1178,OTH_SGD_LD,So Giao duc va Đao tao Lam Đong,no_accent,auto_rule
7767,1178,OTH_SGD_LD,SGDĐTLĐ,abbreviation,auto_rule
7768,1179,OTH_STC_LD,Sở Tài chính Lâm Đồng,canonical,manual_registry
7769,1179,OTH_STC_LD,STC Lâm Đồng,abbreviation,domain_rules
7770,1179,OTH_STC_LD,So Tai chinh Lam Đong,no_accent,auto_rule
7771,1179,OTH_STC_LD,STCLĐ,abbreviation,auto_rule
7772,1180,OTH_STP_LD,Sở Tư pháp Lâm Đồng,canonical,manual_registry
7773,1180,OTH_STP_LD,STP Lâm Đồng,abbreviation,domain_rules
7774,1180,OTH_STP_LD,So Tu phap Lam Đong,no_accent,auto_rule
7775,1180,OTH_STP_LD,STPLĐ,abbreviation,auto_rule
7776,1180,OTH_STP_LD,Sở ư pháp Lâm Đồng,typo_ocr,noise_injector
7777,1181,OTH_SKH_LD,Sở Kế hoạch và Đầu tư Lâm Đồng,canonical,manual_registry
7778,1181,OTH_SKH_LD,SKH&ĐT Lâm Đồng,abbreviation,domain_rules
7779,1181,OTH_SKH_LD,SKHĐT Lâm Đồng,abbreviation,domain_rules
7780,1181,OTH_SKH_LD,So Ke hoach va Đau tu Lam Đong,no_accent,auto_rule
7781,1181,OTH_SKH_LD,SKHĐTLĐ,abbreviation,auto_rule
7782,1181,OTH_SKH_LD,Sở Kế hoạc và Đầu tư Lâm Đồng,typo_ocr,noise_injector
7783,1182,OTH_SXD_LD,Sở Xây dựng Lâm Đồng,canonical,manual_registry
7784,1182,OTH_SXD_LD,SXD Lâm Đồng,abbreviation,domain_rules
7785,1182,OTH_SXD_LD,So Xay dung Lam Đong,no_accent,auto_rule
7786,1182,OTH_SXD_LD,SXDLĐ,abbreviation,auto_rule
7787,1182,OTH_SXD_LD,Sở Xây dựng Lâ Đồng,typo_ocr,noise_injector
7788,1182,OTH_SXD_LD,Sở Xâ dựng Lâm Đồng,typo_ocr,noise_injector
7789,1183,OTH_STNMT_LD,Sở Tài nguyên và Môi trường Lâm Đồng,canonical,manual_registry
7790,1183,OTH_STNMT_LD,STNMT Lâm Đồng,abbreviation,domain_rules
7791,1183,OTH_STNMT_LD,So Tai nguyen va Moi truong Lam Đong,no_accent,auto_rule
7792,1183,OTH_STNMT_LD,STNMTLĐ,abbreviation,auto_rule
7793,1183,OTH_STNMT_LD,Sở Tài nguyên và ôi trường Lâm Đồng,typo_ocr,noise_injector
7794,1184,OTH_SNV_LD,Sở Nội vụ Lâm Đồng,canonical,manual_registry
7795,1184,OTH_SNV_LD,SNV Lâm Đồng,abbreviation,domain_rules
7796,1184,OTH_SNV_LD,So Noi vu Lam Đong,no_accent,auto_rule
7797,1184,OTH_SNV_LD,SNVLĐ,abbreviation,auto_rule
7798,1184,OTH_SNV_LD,Sở Nội v Lâm Đồng,typo_ocr,noise_injector
7799,1184,OTH_SNV_LD,Sở Nội vụ Lâ Đồng,typo_ocr,noise_injector
7800,1185,OTH_UBND_KT,Ủy ban nhân dân Kon Tum,canonical,manual_registry
7801,1185,OTH_UBND_KT,UBND Kon Tum,abbreviation,domain_rules
7802,1185,OTH_UBND_KT,UB Kon Tum,alias,domain_rules
7803,1185,OTH_UBND_KT,Uy ban nhan dan Kon Tum,no_accent,auto_rule
7804,1185,OTH_UBND_KT,ỦBKT,abbreviation,auto_rule
7805,1185,OTH_UBND_KT,Ủy bannhân dân Kon Tum,typo_ocr,noise_injector
7806,1186,OTH_BHXH_KT,Bảo hiểm Xã hội Kon Tum,canonical,manual_registry
7807,1186,OTH_BHXH_KT,BHXH Kon Tum,abbreviation,domain_rules
7808,1186,OTH_BHXH_KT,Bao hiem Xa hoi Kon Tum,no_accent,auto_rule
7809,1186,OTH_BHXH_KT,BHXHKT,abbreviation,auto_rule
7810,1186,OTH_BHXH_KT,Bảo hiểm Xã hi Kon Tum,typo_ocr,noise_injector
7811,1187,OTH_SYT_KT,Sở Y tế Kon Tum,canonical,manual_registry
7812,1187,OTH_SYT_KT,SYT Kon Tum,abbreviation,domain_rules
7813,1187,OTH_SYT_KT,So Y te Kon Tum,no_accent,auto_rule
7814,1187,OTH_SYT_KT,STKT,abbreviation,auto_rule
7815,1187,OTH_SYT_KT,Sở Y  Kon Tum,typo_ocr,noise_injector
7816,1188,OTH_SGD_KT,Sở Giáo dục và Đào tạo Kon Tum,canonical,manual_registry
7817,1188,OTH_SGD_KT,Sở GD&ĐT Kon Tum,alias,domain_rules
7818,1188,OTH_SGD_KT,SGD&ĐT Kon Tum,abbreviation,domain_rules
7819,1188,OTH_SGD_KT,So Giao duc va Đao tao Kon Tum,no_accent,auto_rule
7820,1188,OTH_SGD_KT,SGDĐTKT,abbreviation,auto_rule
7821,1188,OTH_SGD_KT,Sở Giáo dục và ào tạo Kon Tum,typo_ocr,noise_injector
7822,1189,OTH_STC_KT,Sở Tài chính Kon Tum,canonical,manual_registry
7823,1189,OTH_STC_KT,STC Kon Tum,abbreviation,domain_rules
7824,1189,OTH_STC_KT,So Tai chinh Kon Tum,no_accent,auto_rule
7825,1189,OTH_STC_KT,STCKT,abbreviation,auto_rule
7826,1190,OTH_STP_KT,Sở Tư pháp Kon Tum,canonical,manual_registry
7827,1190,OTH_STP_KT,STP Kon Tum,abbreviation,domain_rules
7828,1190,OTH_STP_KT,So Tu phap Kon Tum,no_accent,auto_rule
7829,1190,OTH_STP_KT,STPKT,abbreviation,auto_rule
7830,1191,OTH_SKH_KT,Sở Kế hoạch và Đầu tư Kon Tum,canonical,manual_registry
7831,1191,OTH_SKH_KT,SKH&ĐT Kon Tum,abbreviation,domain_rules
7832,1191,OTH_SKH_KT,SKHĐT Kon Tum,abbreviation,domain_rules
7833,1191,OTH_SKH_KT,So Ke hoach va Đau tu Kon Tum,no_accent,auto_rule
7834,1191,OTH_SKH_KT,SKHĐTKT,abbreviation,auto_rule
7835,1191,OTH_SKH_KT,Sở Kế hạc và Đầu tư Kn Tum,typo_ocr,noise_injector
7836,1191,OTH_SKH_KT,Sở Kế hoạch v Đầu tư Kon Tu,typo_ocr,noise_injector
7837,1192,OTH_SXD_KT,Sở Xây dựng Kon Tum,canonical,manual_registry
7838,1192,OTH_SXD_KT,SXD Kon Tum,abbreviation,domain_rules
7839,1192,OTH_SXD_KT,So Xay dung Kon Tum,no_accent,auto_rule
7840,1192,OTH_SXD_KT,SXDKT,abbreviation,auto_rule
7841,1193,OTH_STNMT_KT,Sở Tài nguyên và Môi trường Kon Tum,canonical,manual_registry
7842,1193,OTH_STNMT_KT,STNMT Kon Tum,abbreviation,domain_rules
7843,1193,OTH_STNMT_KT,So Tai nguyen va Moi truong Kon Tum,no_accent,auto_rule
7844,1193,OTH_STNMT_KT,STNMTKT,abbreviation,auto_rule
7845,1193,OTH_STNMT_KT,Sở Tài nguyên và Môi trường Kon um,typo_ocr,noise_injector
7846,1194,OTH_SNV_KT,Sở Nội vụ Kon Tum,canonical,manual_registry
7847,1194,OTH_SNV_KT,SNV Kon Tum,abbreviation,domain_rules
7848,1194,OTH_SNV_KT,So Noi vu Kon Tum,no_accent,auto_rule
7849,1194,OTH_SNV_KT,SNVKT,abbreviation,auto_rule
7850,1194,OTH_SNV_KT,Sở Nộivụ Kon Tum,typo_ocr,noise_injector
7851,1195,OTH_UBND_DNO,Ủy ban nhân dân Đắk Nông,canonical,manual_registry
7852,1195,OTH_UBND_DNO,UBND Đắk Nông,abbreviation,domain_rules
7853,1195,OTH_UBND_DNO,UB Đắk Nông,alias,domain_rules
7854,1195,OTH_UBND_DNO,Uy ban nhan dan Đak Nong,no_accent,auto_rule
7855,1195,OTH_UBND_DNO,ỦBĐN,abbreviation,auto_rule
7856,1195,OTH_UBND_DNO,Ủy ban nhân dn Đắk Nông,typo_ocr,noise_injector
7857,1196,OTH_BHXH_DNO,Bảo hiểm Xã hội Đắk Nông,canonical,manual_registry
7858,1196,OTH_BHXH_DNO,BHXH Đắk Nông,abbreviation,domain_rules
7859,1196,OTH_BHXH_DNO,Bao hiem Xa hoi Đak Nong,no_accent,auto_rule
7860,1196,OTH_BHXH_DNO,BHXHĐN,abbreviation,auto_rule
7861,1196,OTH_BHXH_DNO,Bảo hiểm Xã hộiĐắk Nông,typo_ocr,noise_injector
7862,1197,OTH_SYT_DNO,Sở Y tế Đắk Nông,canonical,manual_registry
7863,1197,OTH_SYT_DNO,SYT Đắk Nông,abbreviation,domain_rules
7864,1197,OTH_SYT_DNO,So Y te Đak Nong,no_accent,auto_rule
7865,1197,OTH_SYT_DNO,STĐN,abbreviation,auto_rule
7866,1198,OTH_SGD_DNO,Sở Giáo dục và Đào tạo Đắk Nông,canonical,manual_registry
7867,1198,OTH_SGD_DNO,Sở GD&ĐT Đắk Nông,alias,domain_rules
7868,1198,OTH_SGD_DNO,SGD&ĐT Đắk Nông,abbreviation,domain_rules
7869,1198,OTH_SGD_DNO,So Giao duc va Đao tao Đak Nong,no_accent,auto_rule
7870,1198,OTH_SGD_DNO,SGDĐTĐN,abbreviation,auto_rule
7871,1198,OTH_SGD_DNO,Sở Giáo dục vàĐào tạo Đắk Nông,typo_ocr,noise_injector
7872,1198,OTH_SGD_DNO,SởGiáo dục và Đào tạo Đắk Nông,typo_ocr,noise_injector
7873,1199,OTH_STC_DNO,Sở Tài chính Đắk Nông,canonical,manual_registry
7874,1199,OTH_STC_DNO,STC Đắk Nông,abbreviation,domain_rules
7875,1199,OTH_STC_DNO,So Tai chinh Đak Nong,no_accent,auto_rule
7876,1199,OTH_STC_DNO,STCĐN,abbreviation,auto_rule
7877,1199,OTH_STC_DNO,Sở Ti chính Đắk Nông,typo_ocr,noise_injector
7878,1200,OTH_STP_DNO,Sở Tư pháp Đắk Nông,canonical,manual_registry
7879,1200,OTH_STP_DNO,STP Đắk Nông,abbreviation,domain_rules
7880,1200,OTH_STP_DNO,So Tu phap Đak Nong,no_accent,auto_rule
7881,1200,OTH_STP_DNO,STPĐN,abbreviation,auto_rule
7882,1200,OTH_STP_DNO,Sở Tư pháp ĐắkNông,typo_ocr,noise_injector
7883,1201,OTH_SKH_DNO,Sở Kế hoạch và Đầu tư Đắk Nông,canonical,manual_registry
7884,1201,OTH_SKH_DNO,SKH&ĐT Đắk Nông,abbreviation,domain_rules
7885,1201,OTH_SKH_DNO,SKHĐT Đắk Nông,abbreviation,domain_rules
7886,1201,OTH_SKH_DNO,So Ke hoach va Đau tu Đak Nong,no_accent,auto_rule
7887,1201,OTH_SKH_DNO,SKHĐTĐN,abbreviation,auto_rule
7888,1202,OTH_SXD_DNO,Sở Xây dựng Đắk Nông,canonical,manual_registry
7889,1202,OTH_SXD_DNO,SXD Đắk Nông,abbreviation,domain_rules
7890,1202,OTH_SXD_DNO,So Xay dung Đak Nong,no_accent,auto_rule
7891,1202,OTH_SXD_DNO,SXDĐN,abbreviation,auto_rule
7892,1202,OTH_SXD_DNO,Sở Xây dựngĐắk ông,typo_ocr,noise_injector
7893,1203,OTH_STNMT_DNO,Sở Tài nguyên và Môi trường Đắk Nông,canonical,manual_registry
7894,1203,OTH_STNMT_DNO,STNMT Đắk Nông,abbreviation,domain_rules
7895,1203,OTH_STNMT_DNO,So Tai nguyen va Moi truong Đak Nong,no_accent,auto_rule
7896,1203,OTH_STNMT_DNO,STNMTĐN,abbreviation,auto_rule
7897,1203,OTH_STNMT_DNO,Sở Tài nguyên và Môi trưng Đắk Nông,typo_ocr,noise_injector
7898,1203,OTH_STNMT_DNO,ở Tài nguyên và Mi trường ĐắkNông,typo_ocr,noise_injector
7899,1204,OTH_SNV_DNO,Sở Nội vụ Đắk Nông,canonical,manual_registry
7900,1204,OTH_SNV_DNO,SNV Đắk Nông,abbreviation,domain_rules
7901,1204,OTH_SNV_DNO,So Noi vu Đak Nong,no_accent,auto_rule
7902,1204,OTH_SNV_DNO,SNVĐN,abbreviation,auto_rule
7903,1205,OTH_UBND_KHA,Ủy ban nhân dân Khánh Hòa,canonical,manual_registry
7904,1205,OTH_UBND_KHA,UBND Khánh Hòa,abbreviation,domain_rules
7905,1205,OTH_UBND_KHA,UB Khánh Hòa,alias,domain_rules
7906,1205,OTH_UBND_KHA,Uy ban nhan dan Khanh Hoa,no_accent,auto_rule
7907,1205,OTH_UBND_KHA,ỦBKH,abbreviation,auto_rule
7908,1205,OTH_UBND_KHA,Ủy ban nhân ân Khánh Hòa,typo_ocr,noise_injector
7909,1206,OTH_BHXH_KHA,Bảo hiểm Xã hội Khánh Hòa,canonical,manual_registry
7910,1206,OTH_BHXH_KHA,BHXH Khánh Hòa,abbreviation,domain_rules
7911,1206,OTH_BHXH_KHA,Bao hiem Xa hoi Khanh Hoa,no_accent,auto_rule
7912,1206,OTH_BHXH_KHA,BHXHKH,abbreviation,auto_rule
7913,1206,OTH_BHXH_KHA,Bảo hiểm Xã hội Khánh Hò,typo_ocr,noise_injector
7914,1206,OTH_BHXH_KHA,Bả hiểm Xã hội Khánh Hòa,typo_ocr,noise_injector
7915,1207,OTH_SYT_KHA,Sở Y tế Khánh Hòa,canonical,manual_registry
7916,1207,OTH_SYT_KHA,SYT Khánh Hòa,abbreviation,domain_rules
7917,1207,OTH_SYT_KHA,So Y te Khanh Hoa,no_accent,auto_rule
7918,1207,OTH_SYT_KHA,STKH,abbreviation,auto_rule
7919,1208,OTH_SGD_KHA,Sở Giáo dục và Đào tạo Khánh Hòa,canonical,manual_registry
7920,1208,OTH_SGD_KHA,Sở GD&ĐT Khánh Hòa,alias,domain_rules
7921,1208,OTH_SGD_KHA,SGD&ĐT Khánh Hòa,abbreviation,domain_rules
7922,1208,OTH_SGD_KHA,So Giao duc va Đao tao Khanh Hoa,no_accent,auto_rule
7923,1208,OTH_SGD_KHA,SGDĐTKH,abbreviation,auto_rule
7924,1209,OTH_STC_KHA,Sở Tài chính Khánh Hòa,canonical,manual_registry
7925,1209,OTH_STC_KHA,STC Khánh Hòa,abbreviation,domain_rules
7926,1209,OTH_STC_KHA,So Tai chinh Khanh Hoa,no_accent,auto_rule
7927,1209,OTH_STC_KHA,STCKH,abbreviation,auto_rule
7928,1209,OTH_STC_KHA,Sở Tài chính Kánh Hòa,typo_ocr,noise_injector
7929,1209,OTH_STC_KHA,Sở Tài cính Khnh Hòa,typo_ocr,noise_injector
7930,1210,OTH_STP_KHA,Sở Tư pháp Khánh Hòa,canonical,manual_registry
7931,1210,OTH_STP_KHA,STP Khánh Hòa,abbreviation,domain_rules
7932,1210,OTH_STP_KHA,So Tu phap Khanh Hoa,no_accent,auto_rule
7933,1210,OTH_STP_KHA,STPKH,abbreviation,auto_rule
7934,1211,OTH_SKH_KHA,Sở Kế hoạch và Đầu tư Khánh Hòa,canonical,manual_registry
7935,1211,OTH_SKH_KHA,SKH&ĐT Khánh Hòa,abbreviation,domain_rules
7936,1211,OTH_SKH_KHA,SKHĐT Khánh Hòa,abbreviation,domain_rules
7937,1211,OTH_SKH_KHA,So Ke hoach va Đau tu Khanh Hoa,no_accent,auto_rule
7938,1211,OTH_SKH_KHA,SKHĐTKH,abbreviation,auto_rule
7939,1211,OTH_SKH_KHA,Sở Kế hoạch và Đầutư Khánh Hòa,typo_ocr,noise_injector
7940,1212,OTH_SXD_KHA,Sở Xây dựng Khánh Hòa,canonical,manual_registry
7941,1212,OTH_SXD_KHA,SXD Khánh Hòa,abbreviation,domain_rules
7942,1212,OTH_SXD_KHA,So Xay dung Khanh Hoa,no_accent,auto_rule
7943,1212,OTH_SXD_KHA,SXDKH,abbreviation,auto_rule
7944,1212,OTH_SXD_KHA,S Xây dựng Khánh Hòa,typo_ocr,noise_injector
7945,1213,OTH_STNMT_KHA,Sở Tài nguyên và Môi trường Khánh Hòa,canonical,manual_registry
7946,1213,OTH_STNMT_KHA,STNMT Khánh Hòa,abbreviation,domain_rules
7947,1213,OTH_STNMT_KHA,So Tai nguyen va Moi truong Khanh Hoa,no_accent,auto_rule
7948,1213,OTH_STNMT_KHA,STNMTKH,abbreviation,auto_rule
7949,1214,OTH_SNV_KHA,Sở Nội vụ Khánh Hòa,canonical,manual_registry
7950,1214,OTH_SNV_KHA,SNV Khánh Hòa,abbreviation,domain_rules
7951,1214,OTH_SNV_KHA,So Noi vu Khanh Hoa,no_accent,auto_rule
7952,1214,OTH_SNV_KHA,SNVKH,abbreviation,auto_rule
7953,1214,OTH_SNV_KHA,Sở Nội vụ Kánh Hòa,typo_ocr,noise_injector
7954,1215,OTH_UBND_BTN,Ủy ban nhân dân Bình Thuận,canonical,manual_registry
7955,1215,OTH_UBND_BTN,UBND Bình Thuận,abbreviation,domain_rules
7956,1215,OTH_UBND_BTN,UB Bình Thuận,alias,domain_rules
7957,1215,OTH_UBND_BTN,Uy ban nhan dan Binh Thuan,no_accent,auto_rule
7958,1215,OTH_UBND_BTN,ỦBBT,abbreviation,auto_rule
7959,1215,OTH_UBND_BTN,Ủy ban nhân dân Bình Tuận,typo_ocr,noise_injector
7960,1216,OTH_BHXH_BTN,Bảo hiểm Xã hội Bình Thuận,canonical,manual_registry
7961,1216,OTH_BHXH_BTN,BHXH Bình Thuận,abbreviation,domain_rules
7962,1216,OTH_BHXH_BTN,Bao hiem Xa hoi Binh Thuan,no_accent,auto_rule
7963,1216,OTH_BHXH_BTN,BHXHBT,abbreviation,auto_rule
7964,1216,OTH_BHXH_BTN,Bảo hiểm Xãhội Bình Thuận,typo_ocr,noise_injector
7965,1217,OTH_SYT_BTN,Sở Y tế Bình Thuận,canonical,manual_registry
7966,1217,OTH_SYT_BTN,SYT Bình Thuận,abbreviation,domain_rules
7967,1217,OTH_SYT_BTN,So Y te Binh Thuan,no_accent,auto_rule
7968,1217,OTH_SYT_BTN,STBT,abbreviation,auto_rule
7969,1217,OTH_SYT_BTN,Sở Y tế ìn Thuận,typo_ocr,noise_injector
7970,1218,OTH_SGD_BTN,Sở Giáo dục và Đào tạo Bình Thuận,canonical,manual_registry
7971,1218,OTH_SGD_BTN,Sở GD&ĐT Bình Thuận,alias,domain_rules
7972,1218,OTH_SGD_BTN,SGD&ĐT Bình Thuận,abbreviation,domain_rules
7973,1218,OTH_SGD_BTN,So Giao duc va Đao tao Binh Thuan,no_accent,auto_rule
7974,1218,OTH_SGD_BTN,SGDĐTBT,abbreviation,auto_rule
7975,1219,OTH_STC_BTN,Sở Tài chính Bình Thuận,canonical,manual_registry
7976,1219,OTH_STC_BTN,STC Bình Thuận,abbreviation,domain_rules
7977,1219,OTH_STC_BTN,So Tai chinh Binh Thuan,no_accent,auto_rule
7978,1219,OTH_STC_BTN,STCBT,abbreviation,auto_rule
7979,1219,OTH_STC_BTN,Sở Tài chnh Bình Thuận,typo_ocr,noise_injector
7980,1220,OTH_STP_BTN,Sở Tư pháp Bình Thuận,canonical,manual_registry
7981,1220,OTH_STP_BTN,STP Bình Thuận,abbreviation,domain_rules
7982,1220,OTH_STP_BTN,So Tu phap Binh Thuan,no_accent,auto_rule
7983,1220,OTH_STP_BTN,STPBT,abbreviation,auto_rule
7984,1220,OTH_STP_BTN,S Tư pháp Bình Thuận,typo_ocr,noise_injector
7985,1221,OTH_SKH_BTN,Sở Kế hoạch và Đầu tư Bình Thuận,canonical,manual_registry
7986,1221,OTH_SKH_BTN,SKH&ĐT Bình Thuận,abbreviation,domain_rules
7987,1221,OTH_SKH_BTN,SKHĐT Bình Thuận,abbreviation,domain_rules
7988,1221,OTH_SKH_BTN,So Ke hoach va Đau tu Binh Thuan,no_accent,auto_rule
7989,1221,OTH_SKH_BTN,SKHĐTBT,abbreviation,auto_rule
7990,1221,OTH_SKH_BTN,Sở Kế hoạchvà Đầu tư Bình Thuận,typo_ocr,noise_injector
7991,1222,OTH_SXD_BTN,Sở Xây dựng Bình Thuận,canonical,manual_registry
7992,1222,OTH_SXD_BTN,SXD Bình Thuận,abbreviation,domain_rules
7993,1222,OTH_SXD_BTN,So Xay dung Binh Thuan,no_accent,auto_rule
7994,1222,OTH_SXD_BTN,SXDBT,abbreviation,auto_rule
7995,1223,OTH_STNMT_BTN,Sở Tài nguyên và Môi trường Bình Thuận,canonical,manual_registry
7996,1223,OTH_STNMT_BTN,STNMT Bình Thuận,abbreviation,domain_rules
7997,1223,OTH_STNMT_BTN,So Tai nguyen va Moi truong Binh Thuan,no_accent,auto_rule
7998,1223,OTH_STNMT_BTN,STNMTBT,abbreviation,auto_rule
7999,1224,OTH_SNV_BTN,Sở Nội vụ Bình Thuận,canonical,manual_registry
8000,1224,OTH_SNV_BTN,SNV Bình Thuận,abbreviation,domain_rules
8001,1224,OTH_SNV_BTN,So Noi vu Binh Thuan,no_accent,auto_rule
8002,1224,OTH_SNV_BTN,SNVBT,abbreviation,auto_rule
8003,1225,OTH_UBND_NTN,Ủy ban nhân dân Ninh Thuận,canonical,manual_registry
8004,1225,OTH_UBND_NTN,UBND Ninh Thuận,abbreviation,domain_rules
8005,1225,OTH_UBND_NTN,UB Ninh Thuận,alias,domain_rules
8006,1225,OTH_UBND_NTN,Uy ban nhan dan Ninh Thuan,no_accent,auto_rule
8007,1225,OTH_UBND_NTN,ỦBNT,abbreviation,auto_rule
8008,1226,OTH_BHXH_NTN,Bảo hiểm Xã hội Ninh Thuận,canonical,manual_registry
8009,1226,OTH_BHXH_NTN,BHXH Ninh Thuận,abbreviation,domain_rules
8010,1226,OTH_BHXH_NTN,Bao hiem Xa hoi Ninh Thuan,no_accent,auto_rule
8011,1226,OTH_BHXH_NTN,BHXHNT,abbreviation,auto_rule
8012,1226,OTH_BHXH_NTN,Bảo hểm Xã hội inh Thuận,typo_ocr,noise_injector
8013,1226,OTH_BHXH_NTN,Bảo hiể Xã hội Ninh Thuận,typo_ocr,noise_injector
8014,1227,OTH_SYT_NTN,Sở Y tế Ninh Thuận,canonical,manual_registry
8015,1227,OTH_SYT_NTN,SYT Ninh Thuận,abbreviation,domain_rules
8016,1227,OTH_SYT_NTN,So Y te Ninh Thuan,no_accent,auto_rule
8017,1227,OTH_SYT_NTN,STNT,abbreviation,auto_rule
8018,1227,OTH_SYT_NTN,Sở Y tế Ninh Thuậ,typo_ocr,noise_injector
8019,1227,OTH_SYT_NTN,ở Y tế inh Thuận,typo_ocr,noise_injector
8020,1228,OTH_SGD_NTN,Sở Giáo dục và Đào tạo Ninh Thuận,canonical,manual_registry
8021,1228,OTH_SGD_NTN,Sở GD&ĐT Ninh Thuận,alias,domain_rules
8022,1228,OTH_SGD_NTN,SGD&ĐT Ninh Thuận,abbreviation,domain_rules
8023,1228,OTH_SGD_NTN,So Giao duc va Đao tao Ninh Thuan,no_accent,auto_rule
8024,1228,OTH_SGD_NTN,SGDĐTNT,abbreviation,auto_rule
8025,1228,OTH_SGD_NTN,Sở Giáo dục v Đào tạo Ninh Thuận,typo_ocr,noise_injector
8026,1229,OTH_STC_NTN,Sở Tài chính Ninh Thuận,canonical,manual_registry
8027,1229,OTH_STC_NTN,STC Ninh Thuận,abbreviation,domain_rules
8028,1229,OTH_STC_NTN,So Tai chinh Ninh Thuan,no_accent,auto_rule
8029,1229,OTH_STC_NTN,STCNT,abbreviation,auto_rule
8030,1230,OTH_STP_NTN,Sở Tư pháp Ninh Thuận,canonical,manual_registry
8031,1230,OTH_STP_NTN,STP Ninh Thuận,abbreviation,domain_rules
8032,1230,OTH_STP_NTN,So Tu phap Ninh Thuan,no_accent,auto_rule
8033,1230,OTH_STP_NTN,STPNT,abbreviation,auto_rule
8034,1230,OTH_STP_NTN,Sở Tư háp Ninh Thuận,typo_ocr,noise_injector
8035,1231,OTH_SKH_NTN,Sở Kế hoạch và Đầu tư Ninh Thuận,canonical,manual_registry
8036,1231,OTH_SKH_NTN,SKH&ĐT Ninh Thuận,abbreviation,domain_rules
8037,1231,OTH_SKH_NTN,SKHĐT Ninh Thuận,abbreviation,domain_rules
8038,1231,OTH_SKH_NTN,So Ke hoach va Đau tu Ninh Thuan,no_accent,auto_rule
8039,1231,OTH_SKH_NTN,SKHĐTNT,abbreviation,auto_rule
8040,1231,OTH_SKH_NTN,Sở Kế hoạc và Đầu tư Ninh Thuận,typo_ocr,noise_injector
8041,1232,OTH_SXD_NTN,Sở Xây dựng Ninh Thuận,canonical,manual_registry
8042,1232,OTH_SXD_NTN,SXD Ninh Thuận,abbreviation,domain_rules
8043,1232,OTH_SXD_NTN,So Xay dung Ninh Thuan,no_accent,auto_rule
8044,1232,OTH_SXD_NTN,SXDNT,abbreviation,auto_rule
8045,1233,OTH_STNMT_NTN,Sở Tài nguyên và Môi trường Ninh Thuận,canonical,manual_registry
8046,1233,OTH_STNMT_NTN,STNMT Ninh Thuận,abbreviation,domain_rules
8047,1233,OTH_STNMT_NTN,So Tai nguyen va Moi truong Ninh Thuan,no_accent,auto_rule
8048,1233,OTH_STNMT_NTN,STNMTNT,abbreviation,auto_rule
8049,1233,OTH_STNMT_NTN,Sở Tài nguyên và Môi tường Ninh Thuận,typo_ocr,noise_injector
8050,1233,OTH_STNMT_NTN,Sở Tài nguyên và ôi trường Nin Thuận,typo_ocr,noise_injector
8051,1234,OTH_SNV_NTN,Sở Nội vụ Ninh Thuận,canonical,manual_registry
8052,1234,OTH_SNV_NTN,SNV Ninh Thuận,abbreviation,domain_rules
8053,1234,OTH_SNV_NTN,So Noi vu Ninh Thuan,no_accent,auto_rule
8054,1234,OTH_SNV_NTN,SNVNT,abbreviation,auto_rule
8055,1234,OTH_SNV_NTN,Sở Nội vụ Nih Thuận,typo_ocr,noise_injector
8056,1235,OTH_UBND_PY,Ủy ban nhân dân Phú Yên,canonical,manual_registry
8057,1235,OTH_UBND_PY,UBND Phú Yên,abbreviation,domain_rules
8058,1235,OTH_UBND_PY,UB Phú Yên,alias,domain_rules
8059,1235,OTH_UBND_PY,Uy ban nhan dan Phu Yen,no_accent,auto_rule
8060,1235,OTH_UBND_PY,ỦBPY,abbreviation,auto_rule
8061,1235,OTH_UBND_PY,Ủy ban nhân dân Pú Yên,typo_ocr,noise_injector
8062,1236,OTH_BHXH_PY,Bảo hiểm Xã hội Phú Yên,canonical,manual_registry
8063,1236,OTH_BHXH_PY,BHXH Phú Yên,abbreviation,domain_rules
8064,1236,OTH_BHXH_PY,Bao hiem Xa hoi Phu Yen,no_accent,auto_rule
8065,1236,OTH_BHXH_PY,BHXHPY,abbreviation,auto_rule
8066,1236,OTH_BHXH_PY,Bảo hiểmXã hội Phú Yên,typo_ocr,noise_injector
8067,1237,OTH_SYT_PY,Sở Y tế Phú Yên,canonical,manual_registry
8068,1237,OTH_SYT_PY,SYT Phú Yên,abbreviation,domain_rules
8069,1237,OTH_SYT_PY,So Y te Phu Yen,no_accent,auto_rule
8070,1237,OTH_SYT_PY,STPY,abbreviation,auto_rule
8071,1238,OTH_SGD_PY,Sở Giáo dục và Đào tạo Phú Yên,canonical,manual_registry
8072,1238,OTH_SGD_PY,Sở GD&ĐT Phú Yên,alias,domain_rules
8073,1238,OTH_SGD_PY,SGD&ĐT Phú Yên,abbreviation,domain_rules
8074,1238,OTH_SGD_PY,So Giao duc va Đao tao Phu Yen,no_accent,auto_rule
8075,1238,OTH_SGD_PY,SGDĐTPY,abbreviation,auto_rule
8076,1238,OTH_SGD_PY,ở Giáo dục và Đào tạo Phú Yên,typo_ocr,noise_injector
8077,1239,OTH_STC_PY,Sở Tài chính Phú Yên,canonical,manual_registry
8078,1239,OTH_STC_PY,STC Phú Yên,abbreviation,domain_rules
8079,1239,OTH_STC_PY,So Tai chinh Phu Yen,no_accent,auto_rule
8080,1239,OTH_STC_PY,STCPY,abbreviation,auto_rule
8081,1239,OTH_STC_PY,Sở Tài chínhPhú Yên,typo_ocr,noise_injector
8082,1240,OTH_STP_PY,Sở Tư pháp Phú Yên,canonical,manual_registry
8083,1240,OTH_STP_PY,STP Phú Yên,abbreviation,domain_rules
8084,1240,OTH_STP_PY,So Tu phap Phu Yen,no_accent,auto_rule
8085,1240,OTH_STP_PY,STPPY,abbreviation,auto_rule
8086,1240,OTH_STP_PY,Sở Tư phápPhú Yên,typo_ocr,noise_injector
8087,1241,OTH_SKH_PY,Sở Kế hoạch và Đầu tư Phú Yên,canonical,manual_registry
8088,1241,OTH_SKH_PY,SKH&ĐT Phú Yên,abbreviation,domain_rules
8089,1241,OTH_SKH_PY,SKHĐT Phú Yên,abbreviation,domain_rules
8090,1241,OTH_SKH_PY,So Ke hoach va Đau tu Phu Yen,no_accent,auto_rule
8091,1241,OTH_SKH_PY,SKHĐTPY,abbreviation,auto_rule
8092,1241,OTH_SKH_PY,Sở Kế hoạch à Đầu tư PhúYên,typo_ocr,noise_injector
8093,1241,OTH_SKH_PY,Sở Kế hoạch và Đầu tư Ph Yên,typo_ocr,noise_injector
8094,1242,OTH_SXD_PY,Sở Xây dựng Phú Yên,canonical,manual_registry
8095,1242,OTH_SXD_PY,SXD Phú Yên,abbreviation,domain_rules
8096,1242,OTH_SXD_PY,So Xay dung Phu Yen,no_accent,auto_rule
8097,1242,OTH_SXD_PY,SXDPY,abbreviation,auto_rule
8098,1242,OTH_SXD_PY,Sở ây dựng Phú Yên,typo_ocr,noise_injector
8099,1243,OTH_STNMT_PY,Sở Tài nguyên và Môi trường Phú Yên,canonical,manual_registry
8100,1243,OTH_STNMT_PY,STNMT Phú Yên,abbreviation,domain_rules
8101,1243,OTH_STNMT_PY,So Tai nguyen va Moi truong Phu Yen,no_accent,auto_rule
8102,1243,OTH_STNMT_PY,STNMTPY,abbreviation,auto_rule
8103,1243,OTH_STNMT_PY,Sở Tài nguyên và Môi trường Phú ên,typo_ocr,noise_injector
8104,1243,OTH_STNMT_PY,Sở Tài nguyên và Môi trường Phú Yê,typo_ocr,noise_injector
8105,1244,OTH_SNV_PY,Sở Nội vụ Phú Yên,canonical,manual_registry
8106,1244,OTH_SNV_PY,SNV Phú Yên,abbreviation,domain_rules
8107,1244,OTH_SNV_PY,So Noi vu Phu Yen,no_accent,auto_rule
8108,1244,OTH_SNV_PY,SNVPY,abbreviation,auto_rule
8109,1245,OTH_UBND_BDH,Ủy ban nhân dân Bình Định,canonical,manual_registry
8110,1245,OTH_UBND_BDH,UBND Bình Định,abbreviation,domain_rules
8111,1245,OTH_UBND_BDH,UB Bình Định,alias,domain_rules
8112,1245,OTH_UBND_BDH,Uy ban nhan dan Binh Đinh,no_accent,auto_rule
8113,1245,OTH_UBND_BDH,ỦBBĐ,abbreviation,auto_rule
8114,1245,OTH_UBND_BDH,Ủy ban nhân dânBình Định,typo_ocr,noise_injector
8115,1246,OTH_BHXH_BDH,Bảo hiểm Xã hội Bình Định,canonical,manual_registry
8116,1246,OTH_BHXH_BDH,BHXH Bình Định,abbreviation,domain_rules
8117,1246,OTH_BHXH_BDH,Bao hiem Xa hoi Binh Đinh,no_accent,auto_rule
8118,1246,OTH_BHXH_BDH,BHXHBĐ,abbreviation,auto_rule
8119,1246,OTH_BHXH_BDH,Bảo hiểm Xã hội BìnhĐịnh,typo_ocr,noise_injector
8120,1247,OTH_SYT_BDH,Sở Y tế Bình Định,canonical,manual_registry
8121,1247,OTH_SYT_BDH,SYT Bình Định,abbreviation,domain_rules
8122,1247,OTH_SYT_BDH,So Y te Binh Đinh,no_accent,auto_rule
8123,1247,OTH_SYT_BDH,STBĐ,abbreviation,auto_rule
8124,1247,OTH_SYT_BDH,Sở Y tế Bnh Định,typo_ocr,noise_injector
8125,1248,OTH_SGD_BDH,Sở Giáo dục và Đào tạo Bình Định,canonical,manual_registry
8126,1248,OTH_SGD_BDH,Sở GD&ĐT Bình Định,alias,domain_rules
8127,1248,OTH_SGD_BDH,SGD&ĐT Bình Định,abbreviation,domain_rules
8128,1248,OTH_SGD_BDH,So Giao duc va Đao tao Binh Đinh,no_accent,auto_rule
8129,1248,OTH_SGD_BDH,SGDĐTBĐ,abbreviation,auto_rule
8130,1248,OTH_SGD_BDH,Sở Giáo dục và Đào tạoBình Định,typo_ocr,noise_injector
8131,1249,OTH_STC_BDH,Sở Tài chính Bình Định,canonical,manual_registry
8132,1249,OTH_STC_BDH,STC Bình Định,abbreviation,domain_rules
8133,1249,OTH_STC_BDH,So Tai chinh Binh Đinh,no_accent,auto_rule
8134,1249,OTH_STC_BDH,STCBĐ,abbreviation,auto_rule
8135,1250,OTH_STP_BDH,Sở Tư pháp Bình Định,canonical,manual_registry
8136,1250,OTH_STP_BDH,STP Bình Định,abbreviation,domain_rules
8137,1250,OTH_STP_BDH,So Tu phap Binh Đinh,no_accent,auto_rule
8138,1250,OTH_STP_BDH,STPBĐ,abbreviation,auto_rule
8139,1250,OTH_STP_BDH,Sở Tư pháp Bình Đnh,typo_ocr,noise_injector
8140,1251,OTH_SKH_BDH,Sở Kế hoạch và Đầu tư Bình Định,canonical,manual_registry
8141,1251,OTH_SKH_BDH,SKH&ĐT Bình Định,abbreviation,domain_rules
8142,1251,OTH_SKH_BDH,SKHĐT Bình Định,abbreviation,domain_rules
8143,1251,OTH_SKH_BDH,So Ke hoach va Đau tu Binh Đinh,no_accent,auto_rule
8144,1251,OTH_SKH_BDH,SKHĐTBĐ,abbreviation,auto_rule
8145,1251,OTH_SKH_BDH,Sở Kế hoạch và Đầu tư Bnh Định,typo_ocr,noise_injector
8146,1252,OTH_SXD_BDH,Sở Xây dựng Bình Định,canonical,manual_registry
8147,1252,OTH_SXD_BDH,SXD Bình Định,abbreviation,domain_rules
8148,1252,OTH_SXD_BDH,So Xay dung Binh Đinh,no_accent,auto_rule
8149,1252,OTH_SXD_BDH,SXDBĐ,abbreviation,auto_rule
8150,1252,OTH_SXD_BDH,Sở Xâ dựng Bình Định,typo_ocr,noise_injector
8151,1253,OTH_STNMT_BDH,Sở Tài nguyên và Môi trường Bình Định,canonical,manual_registry
8152,1253,OTH_STNMT_BDH,STNMT Bình Định,abbreviation,domain_rules
8153,1253,OTH_STNMT_BDH,So Tai nguyen va Moi truong Binh Đinh,no_accent,auto_rule
8154,1253,OTH_STNMT_BDH,STNMTBĐ,abbreviation,auto_rule
8155,1253,OTH_STNMT_BDH,ở Tài nguyên v Môi trường Bình Định,typo_ocr,noise_injector
8156,1254,OTH_SNV_BDH,Sở Nội vụ Bình Định,canonical,manual_registry
8157,1254,OTH_SNV_BDH,SNV Bình Định,abbreviation,domain_rules
8158,1254,OTH_SNV_BDH,So Noi vu Binh Đinh,no_accent,auto_rule
8159,1254,OTH_SNV_BDH,SNVBĐ,abbreviation,auto_rule
8160,1254,OTH_SNV_BDH,Sở Nội vụBình Định,typo_ocr,noise_injector
8161,1255,OTH_UBND_QNG,Ủy ban nhân dân Quảng Ngãi,canonical,manual_registry
8162,1255,OTH_UBND_QNG,UBND Quảng Ngãi,abbreviation,domain_rules
8163,1255,OTH_UBND_QNG,UB Quảng Ngãi,alias,domain_rules
8164,1255,OTH_UBND_QNG,Uy ban nhan dan Quang Ngai,no_accent,auto_rule
8165,1255,OTH_UBND_QNG,ỦBQN,abbreviation,auto_rule
8166,1256,OTH_BHXH_QNG,Bảo hiểm Xã hội Quảng Ngãi,canonical,manual_registry
8167,1256,OTH_BHXH_QNG,BHXH Quảng Ngãi,abbreviation,domain_rules
8168,1256,OTH_BHXH_QNG,Bao hiem Xa hoi Quang Ngai,no_accent,auto_rule
8169,1256,OTH_BHXH_QNG,BHXHQN,abbreviation,auto_rule
8170,1257,OTH_SYT_QNG,Sở Y tế Quảng Ngãi,canonical,manual_registry
8171,1257,OTH_SYT_QNG,SYT Quảng Ngãi,abbreviation,domain_rules
8172,1257,OTH_SYT_QNG,So Y te Quang Ngai,no_accent,auto_rule
8173,1257,OTH_SYT_QNG,STQN,abbreviation,auto_rule
8174,1258,OTH_SGD_QNG,Sở Giáo dục và Đào tạo Quảng Ngãi,canonical,manual_registry
8175,1258,OTH_SGD_QNG,Sở GD&ĐT Quảng Ngãi,alias,domain_rules
8176,1258,OTH_SGD_QNG,SGD&ĐT Quảng Ngãi,abbreviation,domain_rules
8177,1258,OTH_SGD_QNG,So Giao duc va Đao tao Quang Ngai,no_accent,auto_rule
8178,1258,OTH_SGD_QNG,SGDĐTQN,abbreviation,auto_rule
8179,1259,OTH_STC_QNG,Sở Tài chính Quảng Ngãi,canonical,manual_registry
8180,1259,OTH_STC_QNG,STC Quảng Ngãi,abbreviation,domain_rules
8181,1259,OTH_STC_QNG,So Tai chinh Quang Ngai,no_accent,auto_rule
8182,1259,OTH_STC_QNG,STCQN,abbreviation,auto_rule
8183,1260,OTH_STP_QNG,Sở Tư pháp Quảng Ngãi,canonical,manual_registry
8184,1260,OTH_STP_QNG,STP Quảng Ngãi,abbreviation,domain_rules
8185,1260,OTH_STP_QNG,So Tu phap Quang Ngai,no_accent,auto_rule
8186,1260,OTH_STP_QNG,STPQN,abbreviation,auto_rule
8187,1260,OTH_STP_QNG,Sở Tư háp Quảng Ngãi,typo_ocr,noise_injector
8188,1261,OTH_SKH_QNG,Sở Kế hoạch và Đầu tư Quảng Ngãi,canonical,manual_registry
8189,1261,OTH_SKH_QNG,SKH&ĐT Quảng Ngãi,abbreviation,domain_rules
8190,1261,OTH_SKH_QNG,SKHĐT Quảng Ngãi,abbreviation,domain_rules
8191,1261,OTH_SKH_QNG,So Ke hoach va Đau tu Quang Ngai,no_accent,auto_rule
8192,1261,OTH_SKH_QNG,SKHĐTQN,abbreviation,auto_rule
8193,1261,OTH_SKH_QNG,Sở Kế hoạchvà Đầu tư Quảng Ngãi,typo_ocr,noise_injector
8194,1262,OTH_SXD_QNG,Sở Xây dựng Quảng Ngãi,canonical,manual_registry
8195,1262,OTH_SXD_QNG,SXD Quảng Ngãi,abbreviation,domain_rules
8196,1262,OTH_SXD_QNG,So Xay dung Quang Ngai,no_accent,auto_rule
8197,1262,OTH_SXD_QNG,SXDQN,abbreviation,auto_rule
8198,1262,OTH_SXD_QNG,Sở Xây dựng Quảng Ngã,typo_ocr,noise_injector
8199,1263,OTH_STNMT_QNG,Sở Tài nguyên và Môi trường Quảng Ngãi,canonical,manual_registry
8200,1263,OTH_STNMT_QNG,STNMT Quảng Ngãi,abbreviation,domain_rules
8201,1263,OTH_STNMT_QNG,So Tai nguyen va Moi truong Quang Ngai,no_accent,auto_rule
8202,1263,OTH_STNMT_QNG,STNMTQN,abbreviation,auto_rule
8203,1263,OTH_STNMT_QNG,SởTài nguyên và Môi trường Quảng Ngãi,typo_ocr,noise_injector
8204,1263,OTH_STNMT_QNG,Sở Tài nguyên và Môi trờng Quảng Ngãi,typo_ocr,noise_injector
8205,1264,OTH_SNV_QNG,Sở Nội vụ Quảng Ngãi,canonical,manual_registry
8206,1264,OTH_SNV_QNG,SNV Quảng Ngãi,abbreviation,domain_rules
8207,1264,OTH_SNV_QNG,So Noi vu Quang Ngai,no_accent,auto_rule
8208,1264,OTH_SNV_QNG,SNVQN,abbreviation,auto_rule
8209,1264,OTH_SNV_QNG,Sở Nội v Quảng Ngãi,typo_ocr,noise_injector
8210,1264,OTH_SNV_QNG,Sở Nội vụ Quảng Ngi,typo_ocr,noise_injector
8211,1265,OTH_UBND_QNA,Ủy ban nhân dân Quảng Nam,canonical,manual_registry
8212,1265,OTH_UBND_QNA,UBND Quảng Nam,abbreviation,domain_rules
8213,1265,OTH_UBND_QNA,UB Quảng Nam,alias,domain_rules
8214,1265,OTH_UBND_QNA,Uy ban nhan dan Quang Nam,no_accent,auto_rule
8215,1265,OTH_UBND_QNA,ỦBQN,abbreviation,auto_rule
8216,1265,OTH_UBND_QNA,y ban nhân dân Quảng Nam,typo_ocr,noise_injector
8217,1265,OTH_UBND_QNA,Ủy ban nhân dân QuảngNam,typo_ocr,noise_injector
8218,1266,OTH_BHXH_QNA,Bảo hiểm Xã hội Quảng Nam,canonical,manual_registry
8219,1266,OTH_BHXH_QNA,BHXH Quảng Nam,abbreviation,domain_rules
8220,1266,OTH_BHXH_QNA,Bao hiem Xa hoi Quang Nam,no_accent,auto_rule
8221,1266,OTH_BHXH_QNA,BHXHQN,abbreviation,auto_rule
8222,1267,OTH_SYT_QNA,Sở Y tế Quảng Nam,canonical,manual_registry
8223,1267,OTH_SYT_QNA,SYT Quảng Nam,abbreviation,domain_rules
8224,1267,OTH_SYT_QNA,So Y te Quang Nam,no_accent,auto_rule
8225,1267,OTH_SYT_QNA,STQN,abbreviation,auto_rule
8226,1268,OTH_SGD_QNA,Sở Giáo dục và Đào tạo Quảng Nam,canonical,manual_registry
8227,1268,OTH_SGD_QNA,Sở GD&ĐT Quảng Nam,alias,domain_rules
8228,1268,OTH_SGD_QNA,SGD&ĐT Quảng Nam,abbreviation,domain_rules
8229,1268,OTH_SGD_QNA,So Giao duc va Đao tao Quang Nam,no_accent,auto_rule
8230,1268,OTH_SGD_QNA,SGDĐTQN,abbreviation,auto_rule
8231,1269,OTH_STC_QNA,Sở Tài chính Quảng Nam,canonical,manual_registry
8232,1269,OTH_STC_QNA,STC Quảng Nam,abbreviation,domain_rules
8233,1269,OTH_STC_QNA,So Tai chinh Quang Nam,no_accent,auto_rule
8234,1269,OTH_STC_QNA,STCQN,abbreviation,auto_rule
8235,1269,OTH_STC_QNA,Sở Tài chín Quảng Nam,typo_ocr,noise_injector
8236,1270,OTH_STP_QNA,Sở Tư pháp Quảng Nam,canonical,manual_registry
8237,1270,OTH_STP_QNA,STP Quảng Nam,abbreviation,domain_rules
8238,1270,OTH_STP_QNA,So Tu phap Quang Nam,no_accent,auto_rule
8239,1270,OTH_STP_QNA,STPQN,abbreviation,auto_rule
8240,1270,OTH_STP_QNA,Sở Tư php Quảng Nam,typo_ocr,noise_injector
8241,1271,OTH_SKH_QNA,Sở Kế hoạch và Đầu tư Quảng Nam,canonical,manual_registry
8242,1271,OTH_SKH_QNA,SKH&ĐT Quảng Nam,abbreviation,domain_rules
8243,1271,OTH_SKH_QNA,SKHĐT Quảng Nam,abbreviation,domain_rules
8244,1271,OTH_SKH_QNA,So Ke hoach va Đau tu Quang Nam,no_accent,auto_rule
8245,1271,OTH_SKH_QNA,SKHĐTQN,abbreviation,auto_rule
8246,1272,OTH_SXD_QNA,Sở Xây dựng Quảng Nam,canonical,manual_registry
8247,1272,OTH_SXD_QNA,SXD Quảng Nam,abbreviation,domain_rules
8248,1272,OTH_SXD_QNA,So Xay dung Quang Nam,no_accent,auto_rule
8249,1272,OTH_SXD_QNA,SXDQN,abbreviation,auto_rule
8250,1273,OTH_STNMT_QNA,Sở Tài nguyên và Môi trường Quảng Nam,canonical,manual_registry
8251,1273,OTH_STNMT_QNA,STNMT Quảng Nam,abbreviation,domain_rules
8252,1273,OTH_STNMT_QNA,So Tai nguyen va Moi truong Quang Nam,no_accent,auto_rule
8253,1273,OTH_STNMT_QNA,STNMTQN,abbreviation,auto_rule
8254,1274,OTH_SNV_QNA,Sở Nội vụ Quảng Nam,canonical,manual_registry
8255,1274,OTH_SNV_QNA,SNV Quảng Nam,abbreviation,domain_rules
8256,1274,OTH_SNV_QNA,So Noi vu Quang Nam,no_accent,auto_rule
8257,1274,OTH_SNV_QNA,SNVQN,abbreviation,auto_rule
8258,1275,OTH_UBND_TTH,Ủy ban nhân dân Thừa Thiên Huế,canonical,manual_registry
8259,1275,OTH_UBND_TTH,UBND Thừa Thiên Huế,abbreviation,domain_rules
8260,1275,OTH_UBND_TTH,UB Thừa Thiên Huế,alias,domain_rules
8261,1275,OTH_UBND_TTH,Uy ban nhan dan Thua Thien Hue,no_accent,auto_rule
8262,1275,OTH_UBND_TTH,ỦBTTH,abbreviation,auto_rule
8263,1275,OTH_UBND_TTH,Ủy ban nân ân Thừa Thiên Huế,typo_ocr,noise_injector
8264,1276,OTH_BHXH_TTH,Bảo hiểm Xã hội Thừa Thiên Huế,canonical,manual_registry
8265,1276,OTH_BHXH_TTH,BHXH Thừa Thiên Huế,abbreviation,domain_rules
8266,1276,OTH_BHXH_TTH,Bao hiem Xa hoi Thua Thien Hue,no_accent,auto_rule
8267,1276,OTH_BHXH_TTH,BHXHTTH,abbreviation,auto_rule
8268,1277,OTH_SYT_TTH,Sở Y tế Thừa Thiên Huế,canonical,manual_registry
8269,1277,OTH_SYT_TTH,SYT Thừa Thiên Huế,abbreviation,domain_rules
8270,1277,OTH_SYT_TTH,So Y te Thua Thien Hue,no_accent,auto_rule
8271,1277,OTH_SYT_TTH,STTTH,abbreviation,auto_rule
8272,1278,OTH_SGD_TTH,Sở Giáo dục và Đào tạo Thừa Thiên Huế,canonical,manual_registry
8273,1278,OTH_SGD_TTH,Sở GD&ĐT Thừa Thiên Huế,alias,domain_rules
8274,1278,OTH_SGD_TTH,SGD&ĐT Thừa Thiên Huế,abbreviation,domain_rules
8275,1278,OTH_SGD_TTH,So Giao duc va Đao tao Thua Thien Hue,no_accent,auto_rule
8276,1278,OTH_SGD_TTH,SGDĐTTTH,abbreviation,auto_rule
8277,1278,OTH_SGD_TTH,Sở Giáo dụcvà Đào tạo Từa Thiên Huế,typo_ocr,noise_injector
8278,1278,OTH_SGD_TTH,Sở Giáo dục và Đào tạo Thừa ThiênHuế,typo_ocr,noise_injector
8279,1279,OTH_STC_TTH,Sở Tài chính Thừa Thiên Huế,canonical,manual_registry
8280,1279,OTH_STC_TTH,STC Thừa Thiên Huế,abbreviation,domain_rules
8281,1279,OTH_STC_TTH,So Tai chinh Thua Thien Hue,no_accent,auto_rule
8282,1279,OTH_STC_TTH,STCTTH,abbreviation,auto_rule
8283,1279,OTH_STC_TTH,Sở Tài chnhThừaThiên Huế,typo_ocr,noise_injector
8284,1280,OTH_STP_TTH,Sở Tư pháp Thừa Thiên Huế,canonical,manual_registry
8285,1280,OTH_STP_TTH,STP Thừa Thiên Huế,abbreviation,domain_rules
8286,1280,OTH_STP_TTH,So Tu phap Thua Thien Hue,no_accent,auto_rule
8287,1280,OTH_STP_TTH,STPTTH,abbreviation,auto_rule
8288,1281,OTH_SKH_TTH,Sở Kế hoạch và Đầu tư Thừa Thiên Huế,canonical,manual_registry
8289,1281,OTH_SKH_TTH,SKH&ĐT Thừa Thiên Huế,abbreviation,domain_rules
8290,1281,OTH_SKH_TTH,SKHĐT Thừa Thiên Huế,abbreviation,domain_rules
8291,1281,OTH_SKH_TTH,So Ke hoach va Đau tu Thua Thien Hue,no_accent,auto_rule
8292,1281,OTH_SKH_TTH,SKHĐTTTH,abbreviation,auto_rule
8293,1281,OTH_SKH_TTH,Sở Kế hoạch và Đầu tư Thừa Thiên uế,typo_ocr,noise_injector
8294,1281,OTH_SKH_TTH,Sở Kế hoạch và Đu tư Thừa Thiên Huế,typo_ocr,noise_injector
8295,1282,OTH_SXD_TTH,Sở Xây dựng Thừa Thiên Huế,canonical,manual_registry
8296,1282,OTH_SXD_TTH,SXD Thừa Thiên Huế,abbreviation,domain_rules
8297,1282,OTH_SXD_TTH,So Xay dung Thua Thien Hue,no_accent,auto_rule
8298,1282,OTH_SXD_TTH,SXDTTH,abbreviation,auto_rule
8299,1283,OTH_STNMT_TTH,Sở Tài nguyên và Môi trường Thừa Thiên Huế,canonical,manual_registry
8300,1283,OTH_STNMT_TTH,STNMT Thừa Thiên Huế,abbreviation,domain_rules
8301,1283,OTH_STNMT_TTH,So Tai nguyen va Moi truong Thua Thien Hue,no_accent,auto_rule
8302,1283,OTH_STNMT_TTH,STNMTTTH,abbreviation,auto_rule
8303,1283,OTH_STNMT_TTH,Sở Tài nguyên và Môi trường Thừa Thiên uế,typo_ocr,noise_injector
8304,1283,OTH_STNMT_TTH,Sở Tài nuyên và Môi trường Thừa Thiên Huế,typo_ocr,noise_injector
8305,1284,OTH_SNV_TTH,Sở Nội vụ Thừa Thiên Huế,canonical,manual_registry
8306,1284,OTH_SNV_TTH,SNV Thừa Thiên Huế,abbreviation,domain_rules
8307,1284,OTH_SNV_TTH,So Noi vu Thua Thien Hue,no_accent,auto_rule
8308,1284,OTH_SNV_TTH,SNVTTH,abbreviation,auto_rule
8309,1284,OTH_SNV_TTH,S Nội vụ Thừa Thiên Huế,typo_ocr,noise_injector
8310,1285,OTH_UBND_QTR,Ủy ban nhân dân Quảng Trị,canonical,manual_registry
8311,1285,OTH_UBND_QTR,UBND Quảng Trị,abbreviation,domain_rules
8312,1285,OTH_UBND_QTR,UB Quảng Trị,alias,domain_rules
8313,1285,OTH_UBND_QTR,Uy ban nhan dan Quang Tri,no_accent,auto_rule
8314,1285,OTH_UBND_QTR,ỦBQT,abbreviation,auto_rule
8315,1285,OTH_UBND_QTR,Ủy ban nhân dn Quảng Trị,typo_ocr,noise_injector
8316,1286,OTH_BHXH_QTR,Bảo hiểm Xã hội Quảng Trị,canonical,manual_registry
8317,1286,OTH_BHXH_QTR,BHXH Quảng Trị,abbreviation,domain_rules
8318,1286,OTH_BHXH_QTR,Bao hiem Xa hoi Quang Tri,no_accent,auto_rule
8319,1286,OTH_BHXH_QTR,BHXHQT,abbreviation,auto_rule
8320,1287,OTH_SYT_QTR,Sở Y tế Quảng Trị,canonical,manual_registry
8321,1287,OTH_SYT_QTR,SYT Quảng Trị,abbreviation,domain_rules
8322,1287,OTH_SYT_QTR,So Y te Quang Tri,no_accent,auto_rule
8323,1287,OTH_SYT_QTR,STQT,abbreviation,auto_rule
8324,1287,OTH_SYT_QTR,Sở Y tế Quảng Tr,typo_ocr,noise_injector
8325,1288,OTH_SGD_QTR,Sở Giáo dục và Đào tạo Quảng Trị,canonical,manual_registry
8326,1288,OTH_SGD_QTR,Sở GD&ĐT Quảng Trị,alias,domain_rules
8327,1288,OTH_SGD_QTR,SGD&ĐT Quảng Trị,abbreviation,domain_rules
8328,1288,OTH_SGD_QTR,So Giao duc va Đao tao Quang Tri,no_accent,auto_rule
8329,1288,OTH_SGD_QTR,SGDĐTQT,abbreviation,auto_rule
8330,1288,OTH_SGD_QTR,Sở Giáo ục và Đào tạo Qảng Trị,typo_ocr,noise_injector
8331,1288,OTH_SGD_QTR,Sở Giáo dục và Đào tạo QuảngTrị,typo_ocr,noise_injector
8332,1289,OTH_STC_QTR,Sở Tài chính Quảng Trị,canonical,manual_registry
8333,1289,OTH_STC_QTR,STC Quảng Trị,abbreviation,domain_rules
8334,1289,OTH_STC_QTR,So Tai chinh Quang Tri,no_accent,auto_rule
8335,1289,OTH_STC_QTR,STCQT,abbreviation,auto_rule
8336,1289,OTH_STC_QTR,Sở Tàichính Quảng Trị,typo_ocr,noise_injector
8337,1290,OTH_STP_QTR,Sở Tư pháp Quảng Trị,canonical,manual_registry
8338,1290,OTH_STP_QTR,STP Quảng Trị,abbreviation,domain_rules
8339,1290,OTH_STP_QTR,So Tu phap Quang Tri,no_accent,auto_rule
8340,1290,OTH_STP_QTR,STPQT,abbreviation,auto_rule
8341,1291,OTH_SKH_QTR,Sở Kế hoạch và Đầu tư Quảng Trị,canonical,manual_registry
8342,1291,OTH_SKH_QTR,SKH&ĐT Quảng Trị,abbreviation,domain_rules
8343,1291,OTH_SKH_QTR,SKHĐT Quảng Trị,abbreviation,domain_rules
8344,1291,OTH_SKH_QTR,So Ke hoach va Đau tu Quang Tri,no_accent,auto_rule
8345,1291,OTH_SKH_QTR,SKHĐTQT,abbreviation,auto_rule
8346,1292,OTH_SXD_QTR,Sở Xây dựng Quảng Trị,canonical,manual_registry
8347,1292,OTH_SXD_QTR,SXD Quảng Trị,abbreviation,domain_rules
8348,1292,OTH_SXD_QTR,So Xay dung Quang Tri,no_accent,auto_rule
8349,1292,OTH_SXD_QTR,SXDQT,abbreviation,auto_rule
8350,1292,OTH_SXD_QTR,Sở Xây dng Quảng Trị,typo_ocr,noise_injector
8351,1293,OTH_STNMT_QTR,Sở Tài nguyên và Môi trường Quảng Trị,canonical,manual_registry
8352,1293,OTH_STNMT_QTR,STNMT Quảng Trị,abbreviation,domain_rules
8353,1293,OTH_STNMT_QTR,So Tai nguyen va Moi truong Quang Tri,no_accent,auto_rule
8354,1293,OTH_STNMT_QTR,STNMTQT,abbreviation,auto_rule
8355,1293,OTH_STNMT_QTR,ở Tài nguyên và Môi trường Quảng Trị,typo_ocr,noise_injector
8356,1293,OTH_STNMT_QTR,Sở Tài nguyên vàMôi trường Quảng Trị,typo_ocr,noise_injector
8357,1294,OTH_SNV_QTR,Sở Nội vụ Quảng Trị,canonical,manual_registry
8358,1294,OTH_SNV_QTR,SNV Quảng Trị,abbreviation,domain_rules
8359,1294,OTH_SNV_QTR,So Noi vu Quang Tri,no_accent,auto_rule
8360,1294,OTH_SNV_QTR,SNVQT,abbreviation,auto_rule
8361,1294,OTH_SNV_QTR,Sở Nội vụ Quảng Tr,typo_ocr,noise_injector
8362,1295,OTH_UBND_QBI,Ủy ban nhân dân Quảng Bình,canonical,manual_registry
8363,1295,OTH_UBND_QBI,UBND Quảng Bình,abbreviation,domain_rules
8364,1295,OTH_UBND_QBI,UB Quảng Bình,alias,domain_rules
8365,1295,OTH_UBND_QBI,Uy ban nhan dan Quang Binh,no_accent,auto_rule
8366,1295,OTH_UBND_QBI,ỦBQB,abbreviation,auto_rule
8367,1296,OTH_BHXH_QBI,Bảo hiểm Xã hội Quảng Bình,canonical,manual_registry
8368,1296,OTH_BHXH_QBI,BHXH Quảng Bình,abbreviation,domain_rules
8369,1296,OTH_BHXH_QBI,Bao hiem Xa hoi Quang Binh,no_accent,auto_rule
8370,1296,OTH_BHXH_QBI,BHXHQB,abbreviation,auto_rule
8371,1296,OTH_BHXH_QBI,Bảo hiểm Xã hội Quảng Bìh,typo_ocr,noise_injector
8372,1297,OTH_SYT_QBI,Sở Y tế Quảng Bình,canonical,manual_registry
8373,1297,OTH_SYT_QBI,SYT Quảng Bình,abbreviation,domain_rules
8374,1297,OTH_SYT_QBI,So Y te Quang Binh,no_accent,auto_rule
8375,1297,OTH_SYT_QBI,STQB,abbreviation,auto_rule
8376,1298,OTH_SGD_QBI,Sở Giáo dục và Đào tạo Quảng Bình,canonical,manual_registry
8377,1298,OTH_SGD_QBI,Sở GD&ĐT Quảng Bình,alias,domain_rules
8378,1298,OTH_SGD_QBI,SGD&ĐT Quảng Bình,abbreviation,domain_rules
8379,1298,OTH_SGD_QBI,So Giao duc va Đao tao Quang Binh,no_accent,auto_rule
8380,1298,OTH_SGD_QBI,SGDĐTQB,abbreviation,auto_rule
8381,1299,OTH_STC_QBI,Sở Tài chính Quảng Bình,canonical,manual_registry
8382,1299,OTH_STC_QBI,STC Quảng Bình,abbreviation,domain_rules
8383,1299,OTH_STC_QBI,So Tai chinh Quang Binh,no_accent,auto_rule
8384,1299,OTH_STC_QBI,STCQB,abbreviation,auto_rule
8385,1299,OTH_STC_QBI,Sở Tài chnh Quảng Bình,typo_ocr,noise_injector
8386,1300,OTH_STP_QBI,Sở Tư pháp Quảng Bình,canonical,manual_registry
8387,1300,OTH_STP_QBI,STP Quảng Bình,abbreviation,domain_rules
8388,1300,OTH_STP_QBI,So Tu phap Quang Binh,no_accent,auto_rule
8389,1300,OTH_STP_QBI,STPQB,abbreviation,auto_rule
8390,1300,OTH_STP_QBI,Sở Tư pháp uảng Bình,typo_ocr,noise_injector
8391,1300,OTH_STP_QBI,Sở Tư pháp Qung Bìh,typo_ocr,noise_injector
8392,1301,OTH_SKH_QBI,Sở Kế hoạch và Đầu tư Quảng Bình,canonical,manual_registry
8393,1301,OTH_SKH_QBI,SKH&ĐT Quảng Bình,abbreviation,domain_rules
8394,1301,OTH_SKH_QBI,SKHĐT Quảng Bình,abbreviation,domain_rules
8395,1301,OTH_SKH_QBI,So Ke hoach va Đau tu Quang Binh,no_accent,auto_rule
8396,1301,OTH_SKH_QBI,SKHĐTQB,abbreviation,auto_rule
8397,1301,OTH_SKH_QBI,Sở ế hoạch và Đầu tư Quảng Bình,typo_ocr,noise_injector
8398,1301,OTH_SKH_QBI,S Kế hoạch và Đầu tư Quảng Bình,typo_ocr,noise_injector
8399,1302,OTH_SXD_QBI,Sở Xây dựng Quảng Bình,canonical,manual_registry
8400,1302,OTH_SXD_QBI,SXD Quảng Bình,abbreviation,domain_rules
8401,1302,OTH_SXD_QBI,So Xay dung Quang Binh,no_accent,auto_rule
8402,1302,OTH_SXD_QBI,SXDQB,abbreviation,auto_rule
8403,1302,OTH_SXD_QBI,ở Xâyựng QuảngBình,typo_ocr,noise_injector
8404,1303,OTH_STNMT_QBI,Sở Tài nguyên và Môi trường Quảng Bình,canonical,manual_registry
8405,1303,OTH_STNMT_QBI,STNMT Quảng Bình,abbreviation,domain_rules
8406,1303,OTH_STNMT_QBI,So Tai nguyen va Moi truong Quang Binh,no_accent,auto_rule
8407,1303,OTH_STNMT_QBI,STNMTQB,abbreviation,auto_rule
8408,1304,OTH_SNV_QBI,Sở Nội vụ Quảng Bình,canonical,manual_registry
8409,1304,OTH_SNV_QBI,SNV Quảng Bình,abbreviation,domain_rules
8410,1304,OTH_SNV_QBI,So Noi vu Quang Binh,no_accent,auto_rule
8411,1304,OTH_SNV_QBI,SNVQB,abbreviation,auto_rule
8412,1304,OTH_SNV_QBI,Sở ội vụ Quảng Bình,typo_ocr,noise_injector
8413,1305,OTH_UBND_HT,Ủy ban nhân dân Hà Tĩnh,canonical,manual_registry
8414,1305,OTH_UBND_HT,UBND Hà Tĩnh,abbreviation,domain_rules
8415,1305,OTH_UBND_HT,UB Hà Tĩnh,alias,domain_rules
8416,1305,OTH_UBND_HT,Uy ban nhan dan Ha Tinh,no_accent,auto_rule
8417,1305,OTH_UBND_HT,ỦBHT,abbreviation,auto_rule
8418,1306,OTH_BHXH_HT,Bảo hiểm Xã hội Hà Tĩnh,canonical,manual_registry
8419,1306,OTH_BHXH_HT,BHXH Hà Tĩnh,abbreviation,domain_rules
8420,1306,OTH_BHXH_HT,Bao hiem Xa hoi Ha Tinh,no_accent,auto_rule
8421,1306,OTH_BHXH_HT,BHXHHT,abbreviation,auto_rule
8422,1307,OTH_SYT_HT,Sở Y tế Hà Tĩnh,canonical,manual_registry
8423,1307,OTH_SYT_HT,SYT Hà Tĩnh,abbreviation,domain_rules
8424,1307,OTH_SYT_HT,So Y te Ha Tinh,no_accent,auto_rule
8425,1307,OTH_SYT_HT,STHT,abbreviation,auto_rule
8426,1307,OTH_SYT_HT,Sở Y tế Hà ĩnh,typo_ocr,noise_injector
8427,1308,OTH_SGD_HT,Sở Giáo dục và Đào tạo Hà Tĩnh,canonical,manual_registry
8428,1308,OTH_SGD_HT,Sở GD&ĐT Hà Tĩnh,alias,domain_rules
8429,1308,OTH_SGD_HT,SGD&ĐT Hà Tĩnh,abbreviation,domain_rules
8430,1308,OTH_SGD_HT,So Giao duc va Đao tao Ha Tinh,no_accent,auto_rule
8431,1308,OTH_SGD_HT,SGDĐTHT,abbreviation,auto_rule
8432,1309,OTH_STC_HT,Sở Tài chính Hà Tĩnh,canonical,manual_registry
8433,1309,OTH_STC_HT,STC Hà Tĩnh,abbreviation,domain_rules
8434,1309,OTH_STC_HT,So Tai chinh Ha Tinh,no_accent,auto_rule
8435,1309,OTH_STC_HT,STCHT,abbreviation,auto_rule
8436,1310,OTH_STP_HT,Sở Tư pháp Hà Tĩnh,canonical,manual_registry
8437,1310,OTH_STP_HT,STP Hà Tĩnh,abbreviation,domain_rules
8438,1310,OTH_STP_HT,So Tu phap Ha Tinh,no_accent,auto_rule
8439,1310,OTH_STP_HT,STPHT,abbreviation,auto_rule
8440,1311,OTH_SKH_HT,Sở Kế hoạch và Đầu tư Hà Tĩnh,canonical,manual_registry
8441,1311,OTH_SKH_HT,SKH&ĐT Hà Tĩnh,abbreviation,domain_rules
8442,1311,OTH_SKH_HT,SKHĐT Hà Tĩnh,abbreviation,domain_rules
8443,1311,OTH_SKH_HT,So Ke hoach va Đau tu Ha Tinh,no_accent,auto_rule
8444,1311,OTH_SKH_HT,SKHĐTHT,abbreviation,auto_rule
8445,1311,OTH_SKH_HT,Sở Kế hoch và Đầu tư Hà Tĩh,typo_ocr,noise_injector
8446,1312,OTH_SXD_HT,Sở Xây dựng Hà Tĩnh,canonical,manual_registry
8447,1312,OTH_SXD_HT,SXD Hà Tĩnh,abbreviation,domain_rules
8448,1312,OTH_SXD_HT,So Xay dung Ha Tinh,no_accent,auto_rule
8449,1312,OTH_SXD_HT,SXDHT,abbreviation,auto_rule
8450,1313,OTH_STNMT_HT,Sở Tài nguyên và Môi trường Hà Tĩnh,canonical,manual_registry
8451,1313,OTH_STNMT_HT,STNMT Hà Tĩnh,abbreviation,domain_rules
8452,1313,OTH_STNMT_HT,So Tai nguyen va Moi truong Ha Tinh,no_accent,auto_rule
8453,1313,OTH_STNMT_HT,STNMTHT,abbreviation,auto_rule
8454,1313,OTH_STNMT_HT,Sở Tài nguyên và Môi trờng HàTĩnh,typo_ocr,noise_injector
8455,1313,OTH_STNMT_HT,Sở Tài nguyên và Môi trườn Hà Tĩnh,typo_ocr,noise_injector
8456,1314,OTH_SNV_HT,Sở Nội vụ Hà Tĩnh,canonical,manual_registry
8457,1314,OTH_SNV_HT,SNV Hà Tĩnh,abbreviation,domain_rules
8458,1314,OTH_SNV_HT,So Noi vu Ha Tinh,no_accent,auto_rule
8459,1314,OTH_SNV_HT,SNVHT,abbreviation,auto_rule
8460,1315,OTH_UBND_NA,Ủy ban nhân dân Nghệ An,canonical,manual_registry
8461,1315,OTH_UBND_NA,UBND Nghệ An,abbreviation,domain_rules
8462,1315,OTH_UBND_NA,UB Nghệ An,alias,domain_rules
8463,1315,OTH_UBND_NA,Uy ban nhan dan Nghe An,no_accent,auto_rule
8464,1315,OTH_UBND_NA,ỦBNA,abbreviation,auto_rule
8465,1315,OTH_UBND_NA,Ủ ban nhân dân Nghệ An,typo_ocr,noise_injector
8466,1316,OTH_BHXH_NA,Bảo hiểm Xã hội Nghệ An,canonical,manual_registry
8467,1316,OTH_BHXH_NA,BHXH Nghệ An,abbreviation,domain_rules
8468,1316,OTH_BHXH_NA,Bao hiem Xa hoi Nghe An,no_accent,auto_rule
8469,1316,OTH_BHXH_NA,BHXHNA,abbreviation,auto_rule
8470,1316,OTH_BHXH_NA,Bảo hiểm Xã hộiNhệ An,typo_ocr,noise_injector
8471,1317,OTH_SYT_NA,Sở Y tế Nghệ An,canonical,manual_registry
8472,1317,OTH_SYT_NA,SYT Nghệ An,abbreviation,domain_rules
8473,1317,OTH_SYT_NA,So Y te Nghe An,no_accent,auto_rule
8474,1317,OTH_SYT_NA,STNA,abbreviation,auto_rule
8475,1317,OTH_SYT_NA,Sở Y tế Ngh An,typo_ocr,noise_injector
8476,1318,OTH_SGD_NA,Sở Giáo dục và Đào tạo Nghệ An,canonical,manual_registry
8477,1318,OTH_SGD_NA,Sở GD&ĐT Nghệ An,alias,domain_rules
8478,1318,OTH_SGD_NA,SGD&ĐT Nghệ An,abbreviation,domain_rules
8479,1318,OTH_SGD_NA,So Giao duc va Đao tao Nghe An,no_accent,auto_rule
8480,1318,OTH_SGD_NA,SGDĐTNA,abbreviation,auto_rule
8481,1319,OTH_STC_NA,Sở Tài chính Nghệ An,canonical,manual_registry
8482,1319,OTH_STC_NA,STC Nghệ An,abbreviation,domain_rules
8483,1319,OTH_STC_NA,So Tai chinh Nghe An,no_accent,auto_rule
8484,1319,OTH_STC_NA,STCNA,abbreviation,auto_rule
8485,1320,OTH_STP_NA,Sở Tư pháp Nghệ An,canonical,manual_registry
8486,1320,OTH_STP_NA,STP Nghệ An,abbreviation,domain_rules
8487,1320,OTH_STP_NA,So Tu phap Nghe An,no_accent,auto_rule
8488,1320,OTH_STP_NA,STPNA,abbreviation,auto_rule
8489,1320,OTH_STP_NA,Sở Tư pháp Nhệ An,typo_ocr,noise_injector
8490,1321,OTH_SKH_NA,Sở Kế hoạch và Đầu tư Nghệ An,canonical,manual_registry
8491,1321,OTH_SKH_NA,SKH&ĐT Nghệ An,abbreviation,domain_rules
8492,1321,OTH_SKH_NA,SKHĐT Nghệ An,abbreviation,domain_rules
8493,1321,OTH_SKH_NA,So Ke hoach va Đau tu Nghe An,no_accent,auto_rule
8494,1321,OTH_SKH_NA,SKHĐTNA,abbreviation,auto_rule
8495,1321,OTH_SKH_NA,Sở Kế hoch và Đu tư Nghệ An,typo_ocr,noise_injector
8496,1322,OTH_SXD_NA,Sở Xây dựng Nghệ An,canonical,manual_registry
8497,1322,OTH_SXD_NA,SXD Nghệ An,abbreviation,domain_rules
8498,1322,OTH_SXD_NA,So Xay dung Nghe An,no_accent,auto_rule
8499,1322,OTH_SXD_NA,SXDNA,abbreviation,auto_rule
8500,1322,OTH_SXD_NA,Sở Xây dựng Nghệ n,typo_ocr,noise_injector
8501,1323,OTH_STNMT_NA,Sở Tài nguyên và Môi trường Nghệ An,canonical,manual_registry
8502,1323,OTH_STNMT_NA,STNMT Nghệ An,abbreviation,domain_rules
8503,1323,OTH_STNMT_NA,So Tai nguyen va Moi truong Nghe An,no_accent,auto_rule
8504,1323,OTH_STNMT_NA,STNMTNA,abbreviation,auto_rule
8505,1323,OTH_STNMT_NA,Sở Tài nguyên và Môi trường NghệAn,typo_ocr,noise_injector
8506,1324,OTH_SNV_NA,Sở Nội vụ Nghệ An,canonical,manual_registry
8507,1324,OTH_SNV_NA,SNV Nghệ An,abbreviation,domain_rules
8508,1324,OTH_SNV_NA,So Noi vu Nghe An,no_accent,auto_rule
8509,1324,OTH_SNV_NA,SNVNA,abbreviation,auto_rule
8510,1324,OTH_SNV_NA,Sở Nộivụ Nghệ An,typo_ocr,noise_injector
8511,1324,OTH_SNV_NA,SNội vụ Nghệ An,typo_ocr,noise_injector
8512,1325,OTH_UBND_TH,Ủy ban nhân dân Thanh Hóa,canonical,manual_registry
8513,1325,OTH_UBND_TH,UBND Thanh Hóa,abbreviation,domain_rules
8514,1325,OTH_UBND_TH,UB Thanh Hóa,alias,domain_rules
8515,1325,OTH_UBND_TH,Uy ban nhan dan Thanh Hoa,no_accent,auto_rule
8516,1325,OTH_UBND_TH,ỦBTH,abbreviation,auto_rule
8517,1325,OTH_UBND_TH,Ủyban nhân â ThanhHóa,typo_ocr,noise_injector
8518,1326,OTH_BHXH_TH,Bảo hiểm Xã hội Thanh Hóa,canonical,manual_registry
8519,1326,OTH_BHXH_TH,BHXH Thanh Hóa,abbreviation,domain_rules
8520,1326,OTH_BHXH_TH,Bao hiem Xa hoi Thanh Hoa,no_accent,auto_rule
8521,1326,OTH_BHXH_TH,BHXHTH,abbreviation,auto_rule
8522,1326,OTH_BHXH_TH,Bảo iểm Xã hội Thanh Hó,typo_ocr,noise_injector
8523,1327,OTH_SYT_TH,Sở Y tế Thanh Hóa,canonical,manual_registry
8524,1327,OTH_SYT_TH,SYT Thanh Hóa,abbreviation,domain_rules
8525,1327,OTH_SYT_TH,So Y te Thanh Hoa,no_accent,auto_rule
8526,1327,OTH_SYT_TH,STTH,abbreviation,auto_rule
8527,1327,OTH_SYT_TH,Sở Y tế Thanh Hó,typo_ocr,noise_injector
8528,1328,OTH_SGD_TH,Sở Giáo dục và Đào tạo Thanh Hóa,canonical,manual_registry
8529,1328,OTH_SGD_TH,Sở GD&ĐT Thanh Hóa,alias,domain_rules
8530,1328,OTH_SGD_TH,SGD&ĐT Thanh Hóa,abbreviation,domain_rules
8531,1328,OTH_SGD_TH,So Giao duc va Đao tao Thanh Hoa,no_accent,auto_rule
8532,1328,OTH_SGD_TH,SGDĐTTH,abbreviation,auto_rule
8533,1328,OTH_SGD_TH,Sở Giáo dc và Đào tạo Thanh Hóa,typo_ocr,noise_injector
8534,1329,OTH_STC_TH,Sở Tài chính Thanh Hóa,canonical,manual_registry
8535,1329,OTH_STC_TH,STC Thanh Hóa,abbreviation,domain_rules
8536,1329,OTH_STC_TH,So Tai chinh Thanh Hoa,no_accent,auto_rule
8537,1329,OTH_STC_TH,STCTH,abbreviation,auto_rule
8538,1329,OTH_STC_TH,Sở Tài chnh Thanh Hóa,typo_ocr,noise_injector
8539,1330,OTH_STP_TH,Sở Tư pháp Thanh Hóa,canonical,manual_registry
8540,1330,OTH_STP_TH,STP Thanh Hóa,abbreviation,domain_rules
8541,1330,OTH_STP_TH,So Tu phap Thanh Hoa,no_accent,auto_rule
8542,1330,OTH_STP_TH,STPTH,abbreviation,auto_rule
8543,1330,OTH_STP_TH,Sở T pháp Thanh Hóa,typo_ocr,noise_injector
8544,1331,OTH_SKH_TH,Sở Kế hoạch và Đầu tư Thanh Hóa,canonical,manual_registry
8545,1331,OTH_SKH_TH,SKH&ĐT Thanh Hóa,abbreviation,domain_rules
8546,1331,OTH_SKH_TH,SKHĐT Thanh Hóa,abbreviation,domain_rules
8547,1331,OTH_SKH_TH,So Ke hoach va Đau tu Thanh Hoa,no_accent,auto_rule
8548,1331,OTH_SKH_TH,SKHĐTTH,abbreviation,auto_rule
8549,1332,OTH_SXD_TH,Sở Xây dựng Thanh Hóa,canonical,manual_registry
8550,1332,OTH_SXD_TH,SXD Thanh Hóa,abbreviation,domain_rules
8551,1332,OTH_SXD_TH,So Xay dung Thanh Hoa,no_accent,auto_rule
8552,1332,OTH_SXD_TH,SXDTH,abbreviation,auto_rule
8553,1332,OTH_SXD_TH,S Xây dựng Thanh Hóa,typo_ocr,noise_injector
8554,1333,OTH_STNMT_TH,Sở Tài nguyên và Môi trường Thanh Hóa,canonical,manual_registry
8555,1333,OTH_STNMT_TH,STNMT Thanh Hóa,abbreviation,domain_rules
8556,1333,OTH_STNMT_TH,So Tai nguyen va Moi truong Thanh Hoa,no_accent,auto_rule
8557,1333,OTH_STNMT_TH,STNMTTH,abbreviation,auto_rule
8558,1333,OTH_STNMT_TH,Sở Tài nguyê và Môi trường Thanh Hóa,typo_ocr,noise_injector
8559,1333,OTH_STNMT_TH,Sở Tài nguyên và Môi trườn Thanh Hóa,typo_ocr,noise_injector
8560,1334,OTH_SNV_TH,Sở Nội vụ Thanh Hóa,canonical,manual_registry
8561,1334,OTH_SNV_TH,SNV Thanh Hóa,abbreviation,domain_rules
8562,1334,OTH_SNV_TH,So Noi vu Thanh Hoa,no_accent,auto_rule
8563,1334,OTH_SNV_TH,SNVTH,abbreviation,auto_rule
8564,1335,OTH_UBND_QNH,Ủy ban nhân dân Quảng Ninh,canonical,manual_registry
8565,1335,OTH_UBND_QNH,UBND Quảng Ninh,abbreviation,domain_rules
8566,1335,OTH_UBND_QNH,UB Quảng Ninh,alias,domain_rules
8567,1335,OTH_UBND_QNH,Uy ban nhan dan Quang Ninh,no_accent,auto_rule
8568,1335,OTH_UBND_QNH,ỦBQN,abbreviation,auto_rule
8569,1335,OTH_UBND_QNH,Ủy ban nhândân Quảng Nih,typo_ocr,noise_injector
8570,1336,OTH_BHXH_QNH,Bảo hiểm Xã hội Quảng Ninh,canonical,manual_registry
8571,1336,OTH_BHXH_QNH,BHXH Quảng Ninh,abbreviation,domain_rules
8572,1336,OTH_BHXH_QNH,Bao hiem Xa hoi Quang Ninh,no_accent,auto_rule
8573,1336,OTH_BHXH_QNH,BHXHQN,abbreviation,auto_rule
8574,1336,OTH_BHXH_QNH,Bảo hiểm Xã hi Quảng Ninh,typo_ocr,noise_injector
8575,1336,OTH_BHXH_QNH,Bảo hiểm Xã hộiQuảng Ninh,typo_ocr,noise_injector
8576,1337,OTH_SYT_QNH,Sở Y tế Quảng Ninh,canonical,manual_registry
8577,1337,OTH_SYT_QNH,SYT Quảng Ninh,abbreviation,domain_rules
8578,1337,OTH_SYT_QNH,So Y te Quang Ninh,no_accent,auto_rule
8579,1337,OTH_SYT_QNH,STQN,abbreviation,auto_rule
8580,1337,OTH_SYT_QNH,Sở Y tế Quảnginh,typo_ocr,noise_injector
8581,1337,OTH_SYT_QNH,Sở Y tế QuảnNnh,typo_ocr,noise_injector
8582,1338,OTH_SGD_QNH,Sở Giáo dục và Đào tạo Quảng Ninh,canonical,manual_registry
8583,1338,OTH_SGD_QNH,Sở GD&ĐT Quảng Ninh,alias,domain_rules
8584,1338,OTH_SGD_QNH,SGD&ĐT Quảng Ninh,abbreviation,domain_rules
8585,1338,OTH_SGD_QNH,So Giao duc va Đao tao Quang Ninh,no_accent,auto_rule
8586,1338,OTH_SGD_QNH,SGDĐTQN,abbreviation,auto_rule
8587,1338,OTH_SGD_QNH,Sở Giáo dục và Đào tạo QuảngNinh,typo_ocr,noise_injector
8588,1339,OTH_STC_QNH,Sở Tài chính Quảng Ninh,canonical,manual_registry
8589,1339,OTH_STC_QNH,STC Quảng Ninh,abbreviation,domain_rules
8590,1339,OTH_STC_QNH,So Tai chinh Quang Ninh,no_accent,auto_rule
8591,1339,OTH_STC_QNH,STCQN,abbreviation,auto_rule
8592,1340,OTH_STP_QNH,Sở Tư pháp Quảng Ninh,canonical,manual_registry
8593,1340,OTH_STP_QNH,STP Quảng Ninh,abbreviation,domain_rules
8594,1340,OTH_STP_QNH,So Tu phap Quang Ninh,no_accent,auto_rule
8595,1340,OTH_STP_QNH,STPQN,abbreviation,auto_rule
8596,1341,OTH_SKH_QNH,Sở Kế hoạch và Đầu tư Quảng Ninh,canonical,manual_registry
8597,1341,OTH_SKH_QNH,SKH&ĐT Quảng Ninh,abbreviation,domain_rules
8598,1341,OTH_SKH_QNH,SKHĐT Quảng Ninh,abbreviation,domain_rules
8599,1341,OTH_SKH_QNH,So Ke hoach va Đau tu Quang Ninh,no_accent,auto_rule
8600,1341,OTH_SKH_QNH,SKHĐTQN,abbreviation,auto_rule
8601,1341,OTH_SKH_QNH,SởKế hoạchvà Đầu tư Quảng Ninh,typo_ocr,noise_injector
8602,1342,OTH_SXD_QNH,Sở Xây dựng Quảng Ninh,canonical,manual_registry
8603,1342,OTH_SXD_QNH,SXD Quảng Ninh,abbreviation,domain_rules
8604,1342,OTH_SXD_QNH,So Xay dung Quang Ninh,no_accent,auto_rule
8605,1342,OTH_SXD_QNH,SXDQN,abbreviation,auto_rule
8606,1342,OTH_SXD_QNH,Sở Xâydựng Quảng Ninh,typo_ocr,noise_injector
8607,1343,OTH_STNMT_QNH,Sở Tài nguyên và Môi trường Quảng Ninh,canonical,manual_registry
8608,1343,OTH_STNMT_QNH,STNMT Quảng Ninh,abbreviation,domain_rules
8609,1343,OTH_STNMT_QNH,So Tai nguyen va Moi truong Quang Ninh,no_accent,auto_rule
8610,1343,OTH_STNMT_QNH,STNMTQN,abbreviation,auto_rule
8611,1343,OTH_STNMT_QNH,Sở Tài nguyên và Môi trường QuảngNinh,typo_ocr,noise_injector
8612,1343,OTH_STNMT_QNH,Sở Tài ngun và Môi trường Quảng Ninh,typo_ocr,noise_injector
8613,1344,OTH_SNV_QNH,Sở Nội vụ Quảng Ninh,canonical,manual_registry
8614,1344,OTH_SNV_QNH,SNV Quảng Ninh,abbreviation,domain_rules
8615,1344,OTH_SNV_QNH,So Noi vu Quang Ninh,no_accent,auto_rule
8616,1344,OTH_SNV_QNH,SNVQN,abbreviation,auto_rule
8617,1344,OTH_SNV_QNH,Sở Nội vụ Quảng Nih,typo_ocr,noise_injector
8618,1345,OTH_UBND_HD,Ủy ban nhân dân Hải Dương,canonical,manual_registry
8619,1345,OTH_UBND_HD,UBND Hải Dương,abbreviation,domain_rules
8620,1345,OTH_UBND_HD,UB Hải Dương,alias,domain_rules
8621,1345,OTH_UBND_HD,Uy ban nhan dan Hai Duong,no_accent,auto_rule
8622,1345,OTH_UBND_HD,ỦBHD,abbreviation,auto_rule
8623,1345,OTH_UBND_HD,Ủy ban nhân dân Hải Dươn,typo_ocr,noise_injector
8624,1345,OTH_UBND_HD,Ủy ban nhân dân Hải Dưng,typo_ocr,noise_injector
8625,1346,OTH_BHXH_HD,Bảo hiểm Xã hội Hải Dương,canonical,manual_registry
8626,1346,OTH_BHXH_HD,BHXH Hải Dương,abbreviation,domain_rules
8627,1346,OTH_BHXH_HD,Bao hiem Xa hoi Hai Duong,no_accent,auto_rule
8628,1346,OTH_BHXH_HD,BHXHHD,abbreviation,auto_rule
8629,1346,OTH_BHXH_HD,Bảo hiểm Xã hội Hải Dơng,typo_ocr,noise_injector
8630,1346,OTH_BHXH_HD,Bảo hiểm Xã hội Hải ương,typo_ocr,noise_injector
8631,1347,OTH_SYT_HD,Sở Y tế Hải Dương,canonical,manual_registry
8632,1347,OTH_SYT_HD,SYT Hải Dương,abbreviation,domain_rules
8633,1347,OTH_SYT_HD,So Y te Hai Duong,no_accent,auto_rule
8634,1347,OTH_SYT_HD,STHD,abbreviation,auto_rule
8635,1347,OTH_SYT_HD,Sở Y ế Hải Dương,typo_ocr,noise_injector
8636,1348,OTH_SGD_HD,Sở Giáo dục và Đào tạo Hải Dương,canonical,manual_registry
8637,1348,OTH_SGD_HD,Sở GD&ĐT Hải Dương,alias,domain_rules
8638,1348,OTH_SGD_HD,SGD&ĐT Hải Dương,abbreviation,domain_rules
8639,1348,OTH_SGD_HD,So Giao duc va Đao tao Hai Duong,no_accent,auto_rule
8640,1348,OTH_SGD_HD,SGDĐTHD,abbreviation,auto_rule
8641,1348,OTH_SGD_HD,Sở Giáo dục và Đào tạo Hải Dươn,typo_ocr,noise_injector
8642,1349,OTH_STC_HD,Sở Tài chính Hải Dương,canonical,manual_registry
8643,1349,OTH_STC_HD,STC Hải Dương,abbreviation,domain_rules
8644,1349,OTH_STC_HD,So Tai chinh Hai Duong,no_accent,auto_rule
8645,1349,OTH_STC_HD,STCHD,abbreviation,auto_rule
8646,1349,OTH_STC_HD,Sở Tài hính Hi Dương,typo_ocr,noise_injector
8647,1350,OTH_STP_HD,Sở Tư pháp Hải Dương,canonical,manual_registry
8648,1350,OTH_STP_HD,STP Hải Dương,abbreviation,domain_rules
8649,1350,OTH_STP_HD,So Tu phap Hai Duong,no_accent,auto_rule
8650,1350,OTH_STP_HD,STPHD,abbreviation,auto_rule
8651,1351,OTH_SKH_HD,Sở Kế hoạch và Đầu tư Hải Dương,canonical,manual_registry
8652,1351,OTH_SKH_HD,SKH&ĐT Hải Dương,abbreviation,domain_rules
8653,1351,OTH_SKH_HD,SKHĐT Hải Dương,abbreviation,domain_rules
8654,1351,OTH_SKH_HD,So Ke hoach va Đau tu Hai Duong,no_accent,auto_rule
8655,1351,OTH_SKH_HD,SKHĐTHD,abbreviation,auto_rule
8656,1352,OTH_SXD_HD,Sở Xây dựng Hải Dương,canonical,manual_registry
8657,1352,OTH_SXD_HD,SXD Hải Dương,abbreviation,domain_rules
8658,1352,OTH_SXD_HD,So Xay dung Hai Duong,no_accent,auto_rule
8659,1352,OTH_SXD_HD,SXDHD,abbreviation,auto_rule
8660,1352,OTH_SXD_HD,Sở ây dựng Hải Dương,typo_ocr,noise_injector
8661,1352,OTH_SXD_HD,Sở Xâ dựg Hải Dương,typo_ocr,noise_injector
8662,1353,OTH_STNMT_HD,Sở Tài nguyên và Môi trường Hải Dương,canonical,manual_registry
8663,1353,OTH_STNMT_HD,STNMT Hải Dương,abbreviation,domain_rules
8664,1353,OTH_STNMT_HD,So Tai nguyen va Moi truong Hai Duong,no_accent,auto_rule
8665,1353,OTH_STNMT_HD,STNMTHD,abbreviation,auto_rule
8666,1353,OTH_STNMT_HD,Sở Tài nguyên và Môi trường Hải Dưng,typo_ocr,noise_injector
8667,1354,OTH_SNV_HD,Sở Nội vụ Hải Dương,canonical,manual_registry
8668,1354,OTH_SNV_HD,SNV Hải Dương,abbreviation,domain_rules
8669,1354,OTH_SNV_HD,So Noi vu Hai Duong,no_accent,auto_rule
8670,1354,OTH_SNV_HD,SNVHD,abbreviation,auto_rule
8671,1355,OTH_UBND_HY,Ủy ban nhân dân Hưng Yên,canonical,manual_registry
8672,1355,OTH_UBND_HY,UBND Hưng Yên,abbreviation,domain_rules
8673,1355,OTH_UBND_HY,UB Hưng Yên,alias,domain_rules
8674,1355,OTH_UBND_HY,Uy ban nhan dan Hung Yen,no_accent,auto_rule
8675,1355,OTH_UBND_HY,ỦBHY,abbreviation,auto_rule
8676,1355,OTH_UBND_HY,Ủy bn nhân dân Hưng Yên,typo_ocr,noise_injector
8677,1356,OTH_BHXH_HY,Bảo hiểm Xã hội Hưng Yên,canonical,manual_registry
8678,1356,OTH_BHXH_HY,BHXH Hưng Yên,abbreviation,domain_rules
8679,1356,OTH_BHXH_HY,Bao hiem Xa hoi Hung Yen,no_accent,auto_rule
8680,1356,OTH_BHXH_HY,BHXHHY,abbreviation,auto_rule
8681,1356,OTH_BHXH_HY,Bảo hiểm Xã hội Hng Yên,typo_ocr,noise_injector
8682,1357,OTH_SYT_HY,Sở Y tế Hưng Yên,canonical,manual_registry
8683,1357,OTH_SYT_HY,SYT Hưng Yên,abbreviation,domain_rules
8684,1357,OTH_SYT_HY,So Y te Hung Yen,no_accent,auto_rule
8685,1357,OTH_SYT_HY,STHY,abbreviation,auto_rule
8686,1358,OTH_SGD_HY,Sở Giáo dục và Đào tạo Hưng Yên,canonical,manual_registry
8687,1358,OTH_SGD_HY,Sở GD&ĐT Hưng Yên,alias,domain_rules
8688,1358,OTH_SGD_HY,SGD&ĐT Hưng Yên,abbreviation,domain_rules
8689,1358,OTH_SGD_HY,So Giao duc va Đao tao Hung Yen,no_accent,auto_rule
8690,1358,OTH_SGD_HY,SGDĐTHY,abbreviation,auto_rule
8691,1358,OTH_SGD_HY,Sở Giáo dục và Đào tạo Hưg Yên,typo_ocr,noise_injector
8692,1358,OTH_SGD_HY,Sở Giáo dụ và Đào tạo Hưng Yên,typo_ocr,noise_injector
8693,1359,OTH_STC_HY,Sở Tài chính Hưng Yên,canonical,manual_registry
8694,1359,OTH_STC_HY,STC Hưng Yên,abbreviation,domain_rules
8695,1359,OTH_STC_HY,So Tai chinh Hung Yen,no_accent,auto_rule
8696,1359,OTH_STC_HY,STCHY,abbreviation,auto_rule
8697,1359,OTH_STC_HY,Sở Tài chính Hưng Yn,typo_ocr,noise_injector
8698,1360,OTH_STP_HY,Sở Tư pháp Hưng Yên,canonical,manual_registry
8699,1360,OTH_STP_HY,STP Hưng Yên,abbreviation,domain_rules
8700,1360,OTH_STP_HY,So Tu phap Hung Yen,no_accent,auto_rule
8701,1360,OTH_STP_HY,STPHY,abbreviation,auto_rule
8702,1361,OTH_SKH_HY,Sở Kế hoạch và Đầu tư Hưng Yên,canonical,manual_registry
8703,1361,OTH_SKH_HY,SKH&ĐT Hưng Yên,abbreviation,domain_rules
8704,1361,OTH_SKH_HY,SKHĐT Hưng Yên,abbreviation,domain_rules
8705,1361,OTH_SKH_HY,So Ke hoach va Đau tu Hung Yen,no_accent,auto_rule
8706,1361,OTH_SKH_HY,SKHĐTHY,abbreviation,auto_rule
8707,1361,OTH_SKH_HY,Sở Kế hoạch và Đầu tư Hng Yên,typo_ocr,noise_injector
8708,1362,OTH_SXD_HY,Sở Xây dựng Hưng Yên,canonical,manual_registry
8709,1362,OTH_SXD_HY,SXD Hưng Yên,abbreviation,domain_rules
8710,1362,OTH_SXD_HY,So Xay dung Hung Yen,no_accent,auto_rule
8711,1362,OTH_SXD_HY,SXDHY,abbreviation,auto_rule
8712,1363,OTH_STNMT_HY,Sở Tài nguyên và Môi trường Hưng Yên,canonical,manual_registry
8713,1363,OTH_STNMT_HY,STNMT Hưng Yên,abbreviation,domain_rules
8714,1363,OTH_STNMT_HY,So Tai nguyen va Moi truong Hung Yen,no_accent,auto_rule
8715,1363,OTH_STNMT_HY,STNMTHY,abbreviation,auto_rule
8716,1364,OTH_SNV_HY,Sở Nội vụ Hưng Yên,canonical,manual_registry
8717,1364,OTH_SNV_HY,SNV Hưng Yên,abbreviation,domain_rules
8718,1364,OTH_SNV_HY,So Noi vu Hung Yen,no_accent,auto_rule
8719,1364,OTH_SNV_HY,SNVHY,abbreviation,auto_rule
8720,1365,OTH_UBND_TBI,Ủy ban nhân dân Thái Bình,canonical,manual_registry
8721,1365,OTH_UBND_TBI,UBND Thái Bình,abbreviation,domain_rules
8722,1365,OTH_UBND_TBI,UB Thái Bình,alias,domain_rules
8723,1365,OTH_UBND_TBI,Uy ban nhan dan Thai Binh,no_accent,auto_rule
8724,1365,OTH_UBND_TBI,ỦBTB,abbreviation,auto_rule
8725,1365,OTH_UBND_TBI,Ủy ban nhân dânThái Bình,typo_ocr,noise_injector
8726,1365,OTH_UBND_TBI,Ủy ban hân dân Thái Bình,typo_ocr,noise_injector
8727,1366,OTH_BHXH_TBI,Bảo hiểm Xã hội Thái Bình,canonical,manual_registry
8728,1366,OTH_BHXH_TBI,BHXH Thái Bình,abbreviation,domain_rules
8729,1366,OTH_BHXH_TBI,Bao hiem Xa hoi Thai Binh,no_accent,auto_rule
8730,1366,OTH_BHXH_TBI,BHXHTB,abbreviation,auto_rule
8731,1367,OTH_SYT_TBI,Sở Y tế Thái Bình,canonical,manual_registry
8732,1367,OTH_SYT_TBI,SYT Thái Bình,abbreviation,domain_rules
8733,1367,OTH_SYT_TBI,So Y te Thai Binh,no_accent,auto_rule
8734,1367,OTH_SYT_TBI,STTB,abbreviation,auto_rule
8735,1367,OTH_SYT_TBI,Sở Y tế Tái Bình,typo_ocr,noise_injector
8736,1367,OTH_SYT_TBI,Sở Y tế Thái ình,typo_ocr,noise_injector
8737,1368,OTH_SGD_TBI,Sở Giáo dục và Đào tạo Thái Bình,canonical,manual_registry
8738,1368,OTH_SGD_TBI,Sở GD&ĐT Thái Bình,alias,domain_rules
8739,1368,OTH_SGD_TBI,SGD&ĐT Thái Bình,abbreviation,domain_rules
8740,1368,OTH_SGD_TBI,So Giao duc va Đao tao Thai Binh,no_accent,auto_rule
8741,1368,OTH_SGD_TBI,SGDĐTTB,abbreviation,auto_rule
8742,1368,OTH_SGD_TBI,Sở Giáo dục và Đà tạo Thái Bình,typo_ocr,noise_injector
8743,1369,OTH_STC_TBI,Sở Tài chính Thái Bình,canonical,manual_registry
8744,1369,OTH_STC_TBI,STC Thái Bình,abbreviation,domain_rules
8745,1369,OTH_STC_TBI,So Tai chinh Thai Binh,no_accent,auto_rule
8746,1369,OTH_STC_TBI,STCTB,abbreviation,auto_rule
8747,1369,OTH_STC_TBI,Sở Tài chín Tái Bình,typo_ocr,noise_injector
8748,1370,OTH_STP_TBI,Sở Tư pháp Thái Bình,canonical,manual_registry
8749,1370,OTH_STP_TBI,STP Thái Bình,abbreviation,domain_rules
8750,1370,OTH_STP_TBI,So Tu phap Thai Binh,no_accent,auto_rule
8751,1370,OTH_STP_TBI,STPTB,abbreviation,auto_rule
8752,1371,OTH_SKH_TBI,Sở Kế hoạch và Đầu tư Thái Bình,canonical,manual_registry
8753,1371,OTH_SKH_TBI,SKH&ĐT Thái Bình,abbreviation,domain_rules
8754,1371,OTH_SKH_TBI,SKHĐT Thái Bình,abbreviation,domain_rules
8755,1371,OTH_SKH_TBI,So Ke hoach va Đau tu Thai Binh,no_accent,auto_rule
8756,1371,OTH_SKH_TBI,SKHĐTTB,abbreviation,auto_rule
8757,1371,OTH_SKH_TBI,Sở Kế hoạch và Đầu ư Thái Bình,typo_ocr,noise_injector
8758,1371,OTH_SKH_TBI,Sở Kế oạch và Đầu tư Thái Bình,typo_ocr,noise_injector
8759,1372,OTH_SXD_TBI,Sở Xây dựng Thái Bình,canonical,manual_registry
8760,1372,OTH_SXD_TBI,SXD Thái Bình,abbreviation,domain_rules
8761,1372,OTH_SXD_TBI,So Xay dung Thai Binh,no_accent,auto_rule
8762,1372,OTH_SXD_TBI,SXDTB,abbreviation,auto_rule
8763,1372,OTH_SXD_TBI,Sở Xây dựngTháiBình,typo_ocr,noise_injector
8764,1373,OTH_STNMT_TBI,Sở Tài nguyên và Môi trường Thái Bình,canonical,manual_registry
8765,1373,OTH_STNMT_TBI,STNMT Thái Bình,abbreviation,domain_rules
8766,1373,OTH_STNMT_TBI,So Tai nguyen va Moi truong Thai Binh,no_accent,auto_rule
8767,1373,OTH_STNMT_TBI,STNMTTB,abbreviation,auto_rule
8768,1374,OTH_SNV_TBI,Sở Nội vụ Thái Bình,canonical,manual_registry
8769,1374,OTH_SNV_TBI,SNV Thái Bình,abbreviation,domain_rules
8770,1374,OTH_SNV_TBI,So Noi vu Thai Binh,no_accent,auto_rule
8771,1374,OTH_SNV_TBI,SNVTB,abbreviation,auto_rule
8772,1374,OTH_SNV_TBI,Sở ội vụ Thái Bình,typo_ocr,noise_injector
8773,1375,OTH_UBND_NDI,Ủy ban nhân dân Nam Định,canonical,manual_registry
8774,1375,OTH_UBND_NDI,UBND Nam Định,abbreviation,domain_rules
8775,1375,OTH_UBND_NDI,UB Nam Định,alias,domain_rules
8776,1375,OTH_UBND_NDI,Uy ban nhan dan Nam Đinh,no_accent,auto_rule
8777,1375,OTH_UBND_NDI,ỦBNĐ,abbreviation,auto_rule
8778,1375,OTH_UBND_NDI,Ủy ban nhân dâ Nam Định,typo_ocr,noise_injector
8779,1376,OTH_BHXH_NDI,Bảo hiểm Xã hội Nam Định,canonical,manual_registry
8780,1376,OTH_BHXH_NDI,BHXH Nam Định,abbreviation,domain_rules
8781,1376,OTH_BHXH_NDI,Bao hiem Xa hoi Nam Đinh,no_accent,auto_rule
8782,1376,OTH_BHXH_NDI,BHXHNĐ,abbreviation,auto_rule
8783,1376,OTH_BHXH_NDI,Bảo hiểm Xã hi Nam Định,typo_ocr,noise_injector
8784,1377,OTH_SYT_NDI,Sở Y tế Nam Định,canonical,manual_registry
8785,1377,OTH_SYT_NDI,SYT Nam Định,abbreviation,domain_rules
8786,1377,OTH_SYT_NDI,So Y te Nam Đinh,no_accent,auto_rule
8787,1377,OTH_SYT_NDI,STNĐ,abbreviation,auto_rule
8788,1378,OTH_SGD_NDI,Sở Giáo dục và Đào tạo Nam Định,canonical,manual_registry
8789,1378,OTH_SGD_NDI,Sở GD&ĐT Nam Định,alias,domain_rules
8790,1378,OTH_SGD_NDI,SGD&ĐT Nam Định,abbreviation,domain_rules
8791,1378,OTH_SGD_NDI,So Giao duc va Đao tao Nam Đinh,no_accent,auto_rule
8792,1378,OTH_SGD_NDI,SGDĐTNĐ,abbreviation,auto_rule
8793,1378,OTH_SGD_NDI,Sở Giáo dục vàĐào tạo Nam Định,typo_ocr,noise_injector
8794,1379,OTH_STC_NDI,Sở Tài chính Nam Định,canonical,manual_registry
8795,1379,OTH_STC_NDI,STC Nam Định,abbreviation,domain_rules
8796,1379,OTH_STC_NDI,So Tai chinh Nam Đinh,no_accent,auto_rule
8797,1379,OTH_STC_NDI,STCNĐ,abbreviation,auto_rule
8798,1380,OTH_STP_NDI,Sở Tư pháp Nam Định,canonical,manual_registry
8799,1380,OTH_STP_NDI,STP Nam Định,abbreviation,domain_rules
8800,1380,OTH_STP_NDI,So Tu phap Nam Đinh,no_accent,auto_rule
8801,1380,OTH_STP_NDI,STPNĐ,abbreviation,auto_rule
8802,1380,OTH_STP_NDI,Sở Tư háp Nam Định,typo_ocr,noise_injector
8803,1381,OTH_SKH_NDI,Sở Kế hoạch và Đầu tư Nam Định,canonical,manual_registry
8804,1381,OTH_SKH_NDI,SKH&ĐT Nam Định,abbreviation,domain_rules
8805,1381,OTH_SKH_NDI,SKHĐT Nam Định,abbreviation,domain_rules
8806,1381,OTH_SKH_NDI,So Ke hoach va Đau tu Nam Đinh,no_accent,auto_rule
8807,1381,OTH_SKH_NDI,SKHĐTNĐ,abbreviation,auto_rule
8808,1382,OTH_SXD_NDI,Sở Xây dựng Nam Định,canonical,manual_registry
8809,1382,OTH_SXD_NDI,SXD Nam Định,abbreviation,domain_rules
8810,1382,OTH_SXD_NDI,So Xay dung Nam Đinh,no_accent,auto_rule
8811,1382,OTH_SXD_NDI,SXDNĐ,abbreviation,auto_rule
8812,1383,OTH_STNMT_NDI,Sở Tài nguyên và Môi trường Nam Định,canonical,manual_registry
8813,1383,OTH_STNMT_NDI,STNMT Nam Định,abbreviation,domain_rules
8814,1383,OTH_STNMT_NDI,So Tai nguyen va Moi truong Nam Đinh,no_accent,auto_rule
8815,1383,OTH_STNMT_NDI,STNMTNĐ,abbreviation,auto_rule
8816,1384,OTH_SNV_NDI,Sở Nội vụ Nam Định,canonical,manual_registry
8817,1384,OTH_SNV_NDI,SNV Nam Định,abbreviation,domain_rules
8818,1384,OTH_SNV_NDI,So Noi vu Nam Đinh,no_accent,auto_rule
8819,1384,OTH_SNV_NDI,SNVNĐ,abbreviation,auto_rule
8820,1384,OTH_SNV_NDI,Sở Nội vụ Na Định,typo_ocr,noise_injector
8821,1385,OTH_UBND_HNA,Ủy ban nhân dân Hà Nam,canonical,manual_registry
8822,1385,OTH_UBND_HNA,UBND Hà Nam,abbreviation,domain_rules
8823,1385,OTH_UBND_HNA,UB Hà Nam,alias,domain_rules
8824,1385,OTH_UBND_HNA,Uy ban nhan dan Ha Nam,no_accent,auto_rule
8825,1385,OTH_UBND_HNA,ỦBHN,abbreviation,auto_rule
8826,1385,OTH_UBND_HNA,Ủy bn nhân dân Hà Nam,typo_ocr,noise_injector
8827,1386,OTH_BHXH_HNA,Bảo hiểm Xã hội Hà Nam,canonical,manual_registry
8828,1386,OTH_BHXH_HNA,BHXH Hà Nam,abbreviation,domain_rules
8829,1386,OTH_BHXH_HNA,Bao hiem Xa hoi Ha Nam,no_accent,auto_rule
8830,1386,OTH_BHXH_HNA,BHXHHN,abbreviation,auto_rule
8831,1387,OTH_SYT_HNA,Sở Y tế Hà Nam,canonical,manual_registry
8832,1387,OTH_SYT_HNA,SYT Hà Nam,abbreviation,domain_rules
8833,1387,OTH_SYT_HNA,So Y te Ha Nam,no_accent,auto_rule
8834,1387,OTH_SYT_HNA,STHN,abbreviation,auto_rule
8835,1387,OTH_SYT_HNA,Sở Y tế Hà am,typo_ocr,noise_injector
8836,1388,OTH_SGD_HNA,Sở Giáo dục và Đào tạo Hà Nam,canonical,manual_registry
8837,1388,OTH_SGD_HNA,Sở GD&ĐT Hà Nam,alias,domain_rules
8838,1388,OTH_SGD_HNA,SGD&ĐT Hà Nam,abbreviation,domain_rules
8839,1388,OTH_SGD_HNA,So Giao duc va Đao tao Ha Nam,no_accent,auto_rule
8840,1388,OTH_SGD_HNA,SGDĐTHN,abbreviation,auto_rule
8841,1388,OTH_SGD_HNA,Sở Giáo dục và Đào tạoHà Nam,typo_ocr,noise_injector
8842,1389,OTH_STC_HNA,Sở Tài chính Hà Nam,canonical,manual_registry
8843,1389,OTH_STC_HNA,STC Hà Nam,abbreviation,domain_rules
8844,1389,OTH_STC_HNA,So Tai chinh Ha Nam,no_accent,auto_rule
8845,1389,OTH_STC_HNA,STCHN,abbreviation,auto_rule
8846,1390,OTH_STP_HNA,Sở Tư pháp Hà Nam,canonical,manual_registry
8847,1390,OTH_STP_HNA,STP Hà Nam,abbreviation,domain_rules
8848,1390,OTH_STP_HNA,So Tu phap Ha Nam,no_accent,auto_rule
8849,1390,OTH_STP_HNA,STPHN,abbreviation,auto_rule
8850,1391,OTH_SKH_HNA,Sở Kế hoạch và Đầu tư Hà Nam,canonical,manual_registry
8851,1391,OTH_SKH_HNA,SKH&ĐT Hà Nam,abbreviation,domain_rules
8852,1391,OTH_SKH_HNA,SKHĐT Hà Nam,abbreviation,domain_rules
8853,1391,OTH_SKH_HNA,So Ke hoach va Đau tu Ha Nam,no_accent,auto_rule
8854,1391,OTH_SKH_HNA,SKHĐTHN,abbreviation,auto_rule
8855,1392,OTH_SXD_HNA,Sở Xây dựng Hà Nam,canonical,manual_registry
8856,1392,OTH_SXD_HNA,SXD Hà Nam,abbreviation,domain_rules
8857,1392,OTH_SXD_HNA,So Xay dung Ha Nam,no_accent,auto_rule
8858,1392,OTH_SXD_HNA,SXDHN,abbreviation,auto_rule
8859,1392,OTH_SXD_HNA,Sở Xây dựngHà Nam,typo_ocr,noise_injector
8860,1393,OTH_STNMT_HNA,Sở Tài nguyên và Môi trường Hà Nam,canonical,manual_registry
8861,1393,OTH_STNMT_HNA,STNMT Hà Nam,abbreviation,domain_rules
8862,1393,OTH_STNMT_HNA,So Tai nguyen va Moi truong Ha Nam,no_accent,auto_rule
8863,1393,OTH_STNMT_HNA,STNMTHN,abbreviation,auto_rule
8864,1393,OTH_STNMT_HNA,Sở Tài nguyên và Môi trờng HàNam,typo_ocr,noise_injector
8865,1394,OTH_SNV_HNA,Sở Nội vụ Hà Nam,canonical,manual_registry
8866,1394,OTH_SNV_HNA,SNV Hà Nam,abbreviation,domain_rules
8867,1394,OTH_SNV_HNA,So Noi vu Ha Nam,no_accent,auto_rule
8868,1394,OTH_SNV_HNA,SNVHN,abbreviation,auto_rule
8869,1394,OTH_SNV_HNA,Sở Nội vụ à Nam,typo_ocr,noise_injector
8870,1395,OTH_UBND_NB,Ủy ban nhân dân Ninh Bình,canonical,manual_registry
8871,1395,OTH_UBND_NB,UBND Ninh Bình,abbreviation,domain_rules
8872,1395,OTH_UBND_NB,UB Ninh Bình,alias,domain_rules
8873,1395,OTH_UBND_NB,Uy ban nhan dan Ninh Binh,no_accent,auto_rule
8874,1395,OTH_UBND_NB,ỦBNB,abbreviation,auto_rule
8875,1395,OTH_UBND_NB,Ủy an nhân dân inh Bình,typo_ocr,noise_injector
8876,1395,OTH_UBND_NB,Ủy bannhân dân Ninh Bình,typo_ocr,noise_injector
8877,1396,OTH_BHXH_NB,Bảo hiểm Xã hội Ninh Bình,canonical,manual_registry
8878,1396,OTH_BHXH_NB,BHXH Ninh Bình,abbreviation,domain_rules
8879,1396,OTH_BHXH_NB,Bao hiem Xa hoi Ninh Binh,no_accent,auto_rule
8880,1396,OTH_BHXH_NB,BHXHNB,abbreviation,auto_rule
8881,1396,OTH_BHXH_NB,Bảo iểm Xã hội Ninh Bình,typo_ocr,noise_injector
8882,1397,OTH_SYT_NB,Sở Y tế Ninh Bình,canonical,manual_registry
8883,1397,OTH_SYT_NB,SYT Ninh Bình,abbreviation,domain_rules
8884,1397,OTH_SYT_NB,So Y te Ninh Binh,no_accent,auto_rule
8885,1397,OTH_SYT_NB,STNB,abbreviation,auto_rule
8886,1397,OTH_SYT_NB,Sở Y tế Ninh Bìh,typo_ocr,noise_injector
8887,1397,OTH_SYT_NB,Sở Y tếNinh Bình,typo_ocr,noise_injector
8888,1398,OTH_SGD_NB,Sở Giáo dục và Đào tạo Ninh Bình,canonical,manual_registry
8889,1398,OTH_SGD_NB,Sở GD&ĐT Ninh Bình,alias,domain_rules
8890,1398,OTH_SGD_NB,SGD&ĐT Ninh Bình,abbreviation,domain_rules
8891,1398,OTH_SGD_NB,So Giao duc va Đao tao Ninh Binh,no_accent,auto_rule
8892,1398,OTH_SGD_NB,SGDĐTNB,abbreviation,auto_rule
8893,1399,OTH_STC_NB,Sở Tài chính Ninh Bình,canonical,manual_registry
8894,1399,OTH_STC_NB,STC Ninh Bình,abbreviation,domain_rules
8895,1399,OTH_STC_NB,So Tai chinh Ninh Binh,no_accent,auto_rule
8896,1399,OTH_STC_NB,STCNB,abbreviation,auto_rule
8897,1400,OTH_STP_NB,Sở Tư pháp Ninh Bình,canonical,manual_registry
8898,1400,OTH_STP_NB,STP Ninh Bình,abbreviation,domain_rules
8899,1400,OTH_STP_NB,So Tu phap Ninh Binh,no_accent,auto_rule
8900,1400,OTH_STP_NB,STPNB,abbreviation,auto_rule
8901,1400,OTH_STP_NB,Sở Tư phá Ninh Bình,typo_ocr,noise_injector
8902,1400,OTH_STP_NB,Sở ư pháp Ninh Bình,typo_ocr,noise_injector
8903,1401,OTH_SKH_NB,Sở Kế hoạch và Đầu tư Ninh Bình,canonical,manual_registry
8904,1401,OTH_SKH_NB,SKH&ĐT Ninh Bình,abbreviation,domain_rules
8905,1401,OTH_SKH_NB,SKHĐT Ninh Bình,abbreviation,domain_rules
8906,1401,OTH_SKH_NB,So Ke hoach va Đau tu Ninh Binh,no_accent,auto_rule
8907,1401,OTH_SKH_NB,SKHĐTNB,abbreviation,auto_rule
8908,1401,OTH_SKH_NB,Sở ế hoạch và Đầu tư Ninh Bình,typo_ocr,noise_injector
8909,1402,OTH_SXD_NB,Sở Xây dựng Ninh Bình,canonical,manual_registry
8910,1402,OTH_SXD_NB,SXD Ninh Bình,abbreviation,domain_rules
8911,1402,OTH_SXD_NB,So Xay dung Ninh Binh,no_accent,auto_rule
8912,1402,OTH_SXD_NB,SXDNB,abbreviation,auto_rule
8913,1402,OTH_SXD_NB,Sở Xây dựng Ninh ình,typo_ocr,noise_injector
8914,1403,OTH_STNMT_NB,Sở Tài nguyên và Môi trường Ninh Bình,canonical,manual_registry
8915,1403,OTH_STNMT_NB,STNMT Ninh Bình,abbreviation,domain_rules
8916,1403,OTH_STNMT_NB,So Tai nguyen va Moi truong Ninh Binh,no_accent,auto_rule
8917,1403,OTH_STNMT_NB,STNMTNB,abbreviation,auto_rule
8918,1403,OTH_STNMT_NB,Sở Tài nguyên và Mô trường Ninh Bình,typo_ocr,noise_injector
8919,1404,OTH_SNV_NB,Sở Nội vụ Ninh Bình,canonical,manual_registry
8920,1404,OTH_SNV_NB,SNV Ninh Bình,abbreviation,domain_rules
8921,1404,OTH_SNV_NB,So Noi vu Ninh Binh,no_accent,auto_rule
8922,1404,OTH_SNV_NB,SNVNB,abbreviation,auto_rule
8923,1404,OTH_SNV_NB,Sở Nộ vụ Ninh Bình,typo_ocr,noise_injector
8924,1405,OTH_UBND_VP,Ủy ban nhân dân Vĩnh Phúc,canonical,manual_registry
8925,1405,OTH_UBND_VP,UBND Vĩnh Phúc,abbreviation,domain_rules
8926,1405,OTH_UBND_VP,UB Vĩnh Phúc,alias,domain_rules
8927,1405,OTH_UBND_VP,Uy ban nhan dan Vinh Phuc,no_accent,auto_rule
8928,1405,OTH_UBND_VP,ỦBVP,abbreviation,auto_rule
8929,1405,OTH_UBND_VP,Ủ ban nhân dân ĩnh Phúc,typo_ocr,noise_injector
8930,1405,OTH_UBND_VP,Ủy an nhân dân Vĩnh húc,typo_ocr,noise_injector
8931,1406,OTH_BHXH_VP,Bảo hiểm Xã hội Vĩnh Phúc,canonical,manual_registry
8932,1406,OTH_BHXH_VP,BHXH Vĩnh Phúc,abbreviation,domain_rules
8933,1406,OTH_BHXH_VP,Bao hiem Xa hoi Vinh Phuc,no_accent,auto_rule
8934,1406,OTH_BHXH_VP,BHXHVP,abbreviation,auto_rule
8935,1407,OTH_SYT_VP,Sở Y tế Vĩnh Phúc,canonical,manual_registry
8936,1407,OTH_SYT_VP,SYT Vĩnh Phúc,abbreviation,domain_rules
8937,1407,OTH_SYT_VP,So Y te Vinh Phuc,no_accent,auto_rule
8938,1407,OTH_SYT_VP,STVP,abbreviation,auto_rule
8939,1407,OTH_SYT_VP,Sở Y tếVĩnh Phúc,typo_ocr,noise_injector
8940,1407,OTH_SYT_VP,S Y tế Vĩnh Phúc,typo_ocr,noise_injector
8941,1408,OTH_SGD_VP,Sở Giáo dục và Đào tạo Vĩnh Phúc,canonical,manual_registry
8942,1408,OTH_SGD_VP,Sở GD&ĐT Vĩnh Phúc,alias,domain_rules
8943,1408,OTH_SGD_VP,SGD&ĐT Vĩnh Phúc,abbreviation,domain_rules
8944,1408,OTH_SGD_VP,So Giao duc va Đao tao Vinh Phuc,no_accent,auto_rule
8945,1408,OTH_SGD_VP,SGDĐTVP,abbreviation,auto_rule
8946,1408,OTH_SGD_VP,Sở Giáo dục vĐào tạo Vĩnh Phúc,typo_ocr,noise_injector
8947,1409,OTH_STC_VP,Sở Tài chính Vĩnh Phúc,canonical,manual_registry
8948,1409,OTH_STC_VP,STC Vĩnh Phúc,abbreviation,domain_rules
8949,1409,OTH_STC_VP,So Tai chinh Vinh Phuc,no_accent,auto_rule
8950,1409,OTH_STC_VP,STCVP,abbreviation,auto_rule
8951,1410,OTH_STP_VP,Sở Tư pháp Vĩnh Phúc,canonical,manual_registry
8952,1410,OTH_STP_VP,STP Vĩnh Phúc,abbreviation,domain_rules
8953,1410,OTH_STP_VP,So Tu phap Vinh Phuc,no_accent,auto_rule
8954,1410,OTH_STP_VP,STPVP,abbreviation,auto_rule
8955,1410,OTH_STP_VP,Sở T pháp Vĩnh Phúc,typo_ocr,noise_injector
8956,1411,OTH_SKH_VP,Sở Kế hoạch và Đầu tư Vĩnh Phúc,canonical,manual_registry
8957,1411,OTH_SKH_VP,SKH&ĐT Vĩnh Phúc,abbreviation,domain_rules
8958,1411,OTH_SKH_VP,SKHĐT Vĩnh Phúc,abbreviation,domain_rules
8959,1411,OTH_SKH_VP,So Ke hoach va Đau tu Vinh Phuc,no_accent,auto_rule
8960,1411,OTH_SKH_VP,SKHĐTVP,abbreviation,auto_rule
8961,1411,OTH_SKH_VP,Sở Kế hoạch và Đu tư Vĩnh Phúc,typo_ocr,noise_injector
8962,1412,OTH_SXD_VP,Sở Xây dựng Vĩnh Phúc,canonical,manual_registry
8963,1412,OTH_SXD_VP,SXD Vĩnh Phúc,abbreviation,domain_rules
8964,1412,OTH_SXD_VP,So Xay dung Vinh Phuc,no_accent,auto_rule
8965,1412,OTH_SXD_VP,SXDVP,abbreviation,auto_rule
8966,1412,OTH_SXD_VP,Sở Xây ựng Vĩnh Phúc,typo_ocr,noise_injector
8967,1413,OTH_STNMT_VP,Sở Tài nguyên và Môi trường Vĩnh Phúc,canonical,manual_registry
8968,1413,OTH_STNMT_VP,STNMT Vĩnh Phúc,abbreviation,domain_rules
8969,1413,OTH_STNMT_VP,So Tai nguyen va Moi truong Vinh Phuc,no_accent,auto_rule
8970,1413,OTH_STNMT_VP,STNMTVP,abbreviation,auto_rule
8971,1414,OTH_SNV_VP,Sở Nội vụ Vĩnh Phúc,canonical,manual_registry
8972,1414,OTH_SNV_VP,SNV Vĩnh Phúc,abbreviation,domain_rules
8973,1414,OTH_SNV_VP,So Noi vu Vinh Phuc,no_accent,auto_rule
8974,1414,OTH_SNV_VP,SNVVP,abbreviation,auto_rule
8975,1414,OTH_SNV_VP,Sở Nội vụ Vnh Phúc,typo_ocr,noise_injector
8976,1415,OTH_UBND_BNI,Ủy ban nhân dân Bắc Ninh,canonical,manual_registry
8977,1415,OTH_UBND_BNI,UBND Bắc Ninh,abbreviation,domain_rules
8978,1415,OTH_UBND_BNI,UB Bắc Ninh,alias,domain_rules
8979,1415,OTH_UBND_BNI,Uy ban nhan dan Bac Ninh,no_accent,auto_rule
8980,1415,OTH_UBND_BNI,ỦBBN,abbreviation,auto_rule
8981,1415,OTH_UBND_BNI,Ủy ba nhân dân Bắc Ninh,typo_ocr,noise_injector
8982,1415,OTH_UBND_BNI,Ủy ban nhân dâ Bắc Ninh,typo_ocr,noise_injector
8983,1416,OTH_BHXH_BNI,Bảo hiểm Xã hội Bắc Ninh,canonical,manual_registry
8984,1416,OTH_BHXH_BNI,BHXH Bắc Ninh,abbreviation,domain_rules
8985,1416,OTH_BHXH_BNI,Bao hiem Xa hoi Bac Ninh,no_accent,auto_rule
8986,1416,OTH_BHXH_BNI,BHXHBN,abbreviation,auto_rule
8987,1416,OTH_BHXH_BNI,Bả hiểm Xã hội Bắc Ninh,typo_ocr,noise_injector
8988,1417,OTH_SYT_BNI,Sở Y tế Bắc Ninh,canonical,manual_registry
8989,1417,OTH_SYT_BNI,SYT Bắc Ninh,abbreviation,domain_rules
8990,1417,OTH_SYT_BNI,So Y te Bac Ninh,no_accent,auto_rule
8991,1417,OTH_SYT_BNI,STBN,abbreviation,auto_rule
8992,1417,OTH_SYT_BNI,Sở Y tế Bc Ninh,typo_ocr,noise_injector
8993,1417,OTH_SYT_BNI,Sở Y tế Bắc Nih,typo_ocr,noise_injector
8994,1418,OTH_SGD_BNI,Sở Giáo dục và Đào tạo Bắc Ninh,canonical,manual_registry
8995,1418,OTH_SGD_BNI,Sở GD&ĐT Bắc Ninh,alias,domain_rules
8996,1418,OTH_SGD_BNI,SGD&ĐT Bắc Ninh,abbreviation,domain_rules
8997,1418,OTH_SGD_BNI,So Giao duc va Đao tao Bac Ninh,no_accent,auto_rule
8998,1418,OTH_SGD_BNI,SGDĐTBN,abbreviation,auto_rule
8999,1418,OTH_SGD_BNI,Sở Giáodục và Đào tạo Bắc Ninh,typo_ocr,noise_injector
9000,1419,OTH_STC_BNI,Sở Tài chính Bắc Ninh,canonical,manual_registry
9001,1419,OTH_STC_BNI,STC Bắc Ninh,abbreviation,domain_rules
9002,1419,OTH_STC_BNI,So Tai chinh Bac Ninh,no_accent,auto_rule
9003,1419,OTH_STC_BNI,STCBN,abbreviation,auto_rule
9004,1420,OTH_STP_BNI,Sở Tư pháp Bắc Ninh,canonical,manual_registry
9005,1420,OTH_STP_BNI,STP Bắc Ninh,abbreviation,domain_rules
9006,1420,OTH_STP_BNI,So Tu phap Bac Ninh,no_accent,auto_rule
9007,1420,OTH_STP_BNI,STPBN,abbreviation,auto_rule
9008,1420,OTH_STP_BNI,Sở Tư pháBắc Ninh,typo_ocr,noise_injector
9009,1421,OTH_SKH_BNI,Sở Kế hoạch và Đầu tư Bắc Ninh,canonical,manual_registry
9010,1421,OTH_SKH_BNI,SKH&ĐT Bắc Ninh,abbreviation,domain_rules
9011,1421,OTH_SKH_BNI,SKHĐT Bắc Ninh,abbreviation,domain_rules
9012,1421,OTH_SKH_BNI,So Ke hoach va Đau tu Bac Ninh,no_accent,auto_rule
9013,1421,OTH_SKH_BNI,SKHĐTBN,abbreviation,auto_rule
9014,1421,OTH_SKH_BNI,Sở Kế hoạch và Đầu tư Bắc Nnh,typo_ocr,noise_injector
9015,1422,OTH_SXD_BNI,Sở Xây dựng Bắc Ninh,canonical,manual_registry
9016,1422,OTH_SXD_BNI,SXD Bắc Ninh,abbreviation,domain_rules
9017,1422,OTH_SXD_BNI,So Xay dung Bac Ninh,no_accent,auto_rule
9018,1422,OTH_SXD_BNI,SXDBN,abbreviation,auto_rule
9019,1423,OTH_STNMT_BNI,Sở Tài nguyên và Môi trường Bắc Ninh,canonical,manual_registry
9020,1423,OTH_STNMT_BNI,STNMT Bắc Ninh,abbreviation,domain_rules
9021,1423,OTH_STNMT_BNI,So Tai nguyen va Moi truong Bac Ninh,no_accent,auto_rule
9022,1423,OTH_STNMT_BNI,STNMTBN,abbreviation,auto_rule
9023,1423,OTH_STNMT_BNI,Sở Tà nguyên v Môi trưng Bắc Ninh,typo_ocr,noise_injector
9024,1423,OTH_STNMT_BNI,Sở Tài nguên và Môi tường Bắc Nin,typo_ocr,noise_injector
9025,1424,OTH_SNV_BNI,Sở Nội vụ Bắc Ninh,canonical,manual_registry
9026,1424,OTH_SNV_BNI,SNV Bắc Ninh,abbreviation,domain_rules
9027,1424,OTH_SNV_BNI,So Noi vu Bac Ninh,no_accent,auto_rule
9028,1424,OTH_SNV_BNI,SNVBN,abbreviation,auto_rule
9029,1424,OTH_SNV_BNI,ở Nội vụ Bắc Ninh,typo_ocr,noise_injector
9030,1424,OTH_SNV_BNI,Sở Nội vụ Bắc Nih,typo_ocr,noise_injector
9031,1425,OTH_UBND_BGI,Ủy ban nhân dân Bắc Giang,canonical,manual_registry
9032,1425,OTH_UBND_BGI,UBND Bắc Giang,abbreviation,domain_rules
9033,1425,OTH_UBND_BGI,UB Bắc Giang,alias,domain_rules
9034,1425,OTH_UBND_BGI,Uy ban nhan dan Bac Giang,no_accent,auto_rule
9035,1425,OTH_UBND_BGI,ỦBBG,abbreviation,auto_rule
9036,1426,OTH_BHXH_BGI,Bảo hiểm Xã hội Bắc Giang,canonical,manual_registry
9037,1426,OTH_BHXH_BGI,BHXH Bắc Giang,abbreviation,domain_rules
9038,1426,OTH_BHXH_BGI,Bao hiem Xa hoi Bac Giang,no_accent,auto_rule
9039,1426,OTH_BHXH_BGI,BHXHBG,abbreviation,auto_rule
9040,1426,OTH_BHXH_BGI,Bảo hiểmXã hội Bắc Giang,typo_ocr,noise_injector
9041,1427,OTH_SYT_BGI,Sở Y tế Bắc Giang,canonical,manual_registry
9042,1427,OTH_SYT_BGI,SYT Bắc Giang,abbreviation,domain_rules
9043,1427,OTH_SYT_BGI,So Y te Bac Giang,no_accent,auto_rule
9044,1427,OTH_SYT_BGI,STBG,abbreviation,auto_rule
9045,1427,OTH_SYT_BGI,Sở  tế Bắc Giang,typo_ocr,noise_injector
9046,1428,OTH_SGD_BGI,Sở Giáo dục và Đào tạo Bắc Giang,canonical,manual_registry
9047,1428,OTH_SGD_BGI,Sở GD&ĐT Bắc Giang,alias,domain_rules
9048,1428,OTH_SGD_BGI,SGD&ĐT Bắc Giang,abbreviation,domain_rules
9049,1428,OTH_SGD_BGI,So Giao duc va Đao tao Bac Giang,no_accent,auto_rule
9050,1428,OTH_SGD_BGI,SGDĐTBG,abbreviation,auto_rule
9051,1428,OTH_SGD_BGI,Sở Giáo dục và Đào tạo Bắc Giag,typo_ocr,noise_injector
9052,1429,OTH_STC_BGI,Sở Tài chính Bắc Giang,canonical,manual_registry
9053,1429,OTH_STC_BGI,STC Bắc Giang,abbreviation,domain_rules
9054,1429,OTH_STC_BGI,So Tai chinh Bac Giang,no_accent,auto_rule
9055,1429,OTH_STC_BGI,STCBG,abbreviation,auto_rule
9056,1429,OTH_STC_BGI,ở Tài chính Bắc Giang,typo_ocr,noise_injector
9057,1429,OTH_STC_BGI,Sở Tài chính Bắc Ging,typo_ocr,noise_injector
9058,1430,OTH_STP_BGI,Sở Tư pháp Bắc Giang,canonical,manual_registry
9059,1430,OTH_STP_BGI,STP Bắc Giang,abbreviation,domain_rules
9060,1430,OTH_STP_BGI,So Tu phap Bac Giang,no_accent,auto_rule
9061,1430,OTH_STP_BGI,STPBG,abbreviation,auto_rule
9062,1431,OTH_SKH_BGI,Sở Kế hoạch và Đầu tư Bắc Giang,canonical,manual_registry
9063,1431,OTH_SKH_BGI,SKH&ĐT Bắc Giang,abbreviation,domain_rules
9064,1431,OTH_SKH_BGI,SKHĐT Bắc Giang,abbreviation,domain_rules
9065,1431,OTH_SKH_BGI,So Ke hoach va Đau tu Bac Giang,no_accent,auto_rule
9066,1431,OTH_SKH_BGI,SKHĐTBG,abbreviation,auto_rule
9067,1432,OTH_SXD_BGI,Sở Xây dựng Bắc Giang,canonical,manual_registry
9068,1432,OTH_SXD_BGI,SXD Bắc Giang,abbreviation,domain_rules
9069,1432,OTH_SXD_BGI,So Xay dung Bac Giang,no_accent,auto_rule
9070,1432,OTH_SXD_BGI,SXDBG,abbreviation,auto_rule
9071,1432,OTH_SXD_BGI,Sở Xây dựng Bắc Gian,typo_ocr,noise_injector
9072,1432,OTH_SXD_BGI,Sở Xây dựng ắc Giang,typo_ocr,noise_injector
9073,1433,OTH_STNMT_BGI,Sở Tài nguyên và Môi trường Bắc Giang,canonical,manual_registry
9074,1433,OTH_STNMT_BGI,STNMT Bắc Giang,abbreviation,domain_rules
9075,1433,OTH_STNMT_BGI,So Tai nguyen va Moi truong Bac Giang,no_accent,auto_rule
9076,1433,OTH_STNMT_BGI,STNMTBG,abbreviation,auto_rule
9077,1433,OTH_STNMT_BGI,Sở Tài nguyên và Môi trường ắc Giang,typo_ocr,noise_injector
9078,1434,OTH_SNV_BGI,Sở Nội vụ Bắc Giang,canonical,manual_registry
9079,1434,OTH_SNV_BGI,SNV Bắc Giang,abbreviation,domain_rules
9080,1434,OTH_SNV_BGI,So Noi vu Bac Giang,no_accent,auto_rule
9081,1434,OTH_SNV_BGI,SNVBG,abbreviation,auto_rule
9082,1435,OTH_UBND_PTH,Ủy ban nhân dân Phú Thọ,canonical,manual_registry
9083,1435,OTH_UBND_PTH,UBND Phú Thọ,abbreviation,domain_rules
9084,1435,OTH_UBND_PTH,UB Phú Thọ,alias,domain_rules
9085,1435,OTH_UBND_PTH,Uy ban nhan dan Phu Tho,no_accent,auto_rule
9086,1435,OTH_UBND_PTH,ỦBPT,abbreviation,auto_rule
9087,1436,OTH_BHXH_PTH,Bảo hiểm Xã hội Phú Thọ,canonical,manual_registry
9088,1436,OTH_BHXH_PTH,BHXH Phú Thọ,abbreviation,domain_rules
9089,1436,OTH_BHXH_PTH,Bao hiem Xa hoi Phu Tho,no_accent,auto_rule
9090,1436,OTH_BHXH_PTH,BHXHPT,abbreviation,auto_rule
9091,1436,OTH_BHXH_PTH,Bảo hiểm ã hội Phú Thọ,typo_ocr,noise_injector
9092,1437,OTH_SYT_PTH,Sở Y tế Phú Thọ,canonical,manual_registry
9093,1437,OTH_SYT_PTH,SYT Phú Thọ,abbreviation,domain_rules
9094,1437,OTH_SYT_PTH,So Y te Phu Tho,no_accent,auto_rule
9095,1437,OTH_SYT_PTH,STPT,abbreviation,auto_rule
9096,1438,OTH_SGD_PTH,Sở Giáo dục và Đào tạo Phú Thọ,canonical,manual_registry
9097,1438,OTH_SGD_PTH,Sở GD&ĐT Phú Thọ,alias,domain_rules
9098,1438,OTH_SGD_PTH,SGD&ĐT Phú Thọ,abbreviation,domain_rules
9099,1438,OTH_SGD_PTH,So Giao duc va Đao tao Phu Tho,no_accent,auto_rule
9100,1438,OTH_SGD_PTH,SGDĐTPT,abbreviation,auto_rule
9101,1439,OTH_STC_PTH,Sở Tài chính Phú Thọ,canonical,manual_registry
9102,1439,OTH_STC_PTH,STC Phú Thọ,abbreviation,domain_rules
9103,1439,OTH_STC_PTH,So Tai chinh Phu Tho,no_accent,auto_rule
9104,1439,OTH_STC_PTH,STCPT,abbreviation,auto_rule
9105,1440,OTH_STP_PTH,Sở Tư pháp Phú Thọ,canonical,manual_registry
9106,1440,OTH_STP_PTH,STP Phú Thọ,abbreviation,domain_rules
9107,1440,OTH_STP_PTH,So Tu phap Phu Tho,no_accent,auto_rule
9108,1440,OTH_STP_PTH,STPPT,abbreviation,auto_rule
9109,1440,OTH_STP_PTH,Sở Tư pháp Pú Thọ,typo_ocr,noise_injector
9110,1440,OTH_STP_PTH,Sở TưphápPhú Thọ,typo_ocr,noise_injector
9111,1441,OTH_SKH_PTH,Sở Kế hoạch và Đầu tư Phú Thọ,canonical,manual_registry
9112,1441,OTH_SKH_PTH,SKH&ĐT Phú Thọ,abbreviation,domain_rules
9113,1441,OTH_SKH_PTH,SKHĐT Phú Thọ,abbreviation,domain_rules
9114,1441,OTH_SKH_PTH,So Ke hoach va Đau tu Phu Tho,no_accent,auto_rule
9115,1441,OTH_SKH_PTH,SKHĐTPT,abbreviation,auto_rule
9116,1441,OTH_SKH_PTH,S Kế hoạch và Đầu ư Phú Thọ,typo_ocr,noise_injector
9117,1442,OTH_SXD_PTH,Sở Xây dựng Phú Thọ,canonical,manual_registry
9118,1442,OTH_SXD_PTH,SXD Phú Thọ,abbreviation,domain_rules
9119,1442,OTH_SXD_PTH,So Xay dung Phu Tho,no_accent,auto_rule
9120,1442,OTH_SXD_PTH,SXDPT,abbreviation,auto_rule
9121,1442,OTH_SXD_PTH,Sở Xây dựng Phú Th,typo_ocr,noise_injector
9122,1443,OTH_STNMT_PTH,Sở Tài nguyên và Môi trường Phú Thọ,canonical,manual_registry
9123,1443,OTH_STNMT_PTH,STNMT Phú Thọ,abbreviation,domain_rules
9124,1443,OTH_STNMT_PTH,So Tai nguyen va Moi truong Phu Tho,no_accent,auto_rule
9125,1443,OTH_STNMT_PTH,STNMTPT,abbreviation,auto_rule
9126,1443,OTH_STNMT_PTH,Sở Tài nguyên và Môi trờng Phú Thọ,typo_ocr,noise_injector
9127,1444,OTH_SNV_PTH,Sở Nội vụ Phú Thọ,canonical,manual_registry
9128,1444,OTH_SNV_PTH,SNV Phú Thọ,abbreviation,domain_rules
9129,1444,OTH_SNV_PTH,So Noi vu Phu Tho,no_accent,auto_rule
9130,1444,OTH_SNV_PTH,SNVPT,abbreviation,auto_rule
9131,1444,OTH_SNV_PTH,Sở Ni vụ Phú Thọ,typo_ocr,noise_injector
9132,1445,OTH_UBND_TNG,Ủy ban nhân dân Thái Nguyên,canonical,manual_registry
9133,1445,OTH_UBND_TNG,UBND Thái Nguyên,abbreviation,domain_rules
9134,1445,OTH_UBND_TNG,UB Thái Nguyên,alias,domain_rules
9135,1445,OTH_UBND_TNG,Uy ban nhan dan Thai Nguyen,no_accent,auto_rule
9136,1445,OTH_UBND_TNG,ỦBTN,abbreviation,auto_rule
9137,1446,OTH_BHXH_TNG,Bảo hiểm Xã hội Thái Nguyên,canonical,manual_registry
9138,1446,OTH_BHXH_TNG,BHXH Thái Nguyên,abbreviation,domain_rules
9139,1446,OTH_BHXH_TNG,Bao hiem Xa hoi Thai Nguyen,no_accent,auto_rule
9140,1446,OTH_BHXH_TNG,BHXHTN,abbreviation,auto_rule
9141,1446,OTH_BHXH_TNG,Bảo hiểm Xã hộiThái Nguyên,typo_ocr,noise_injector
9142,1446,OTH_BHXH_TNG,Bảo hiểm Xã hội Thái Nguên,typo_ocr,noise_injector
9143,1447,OTH_SYT_TNG,Sở Y tế Thái Nguyên,canonical,manual_registry
9144,1447,OTH_SYT_TNG,SYT Thái Nguyên,abbreviation,domain_rules
9145,1447,OTH_SYT_TNG,So Y te Thai Nguyen,no_accent,auto_rule
9146,1447,OTH_SYT_TNG,STTN,abbreviation,auto_rule
9147,1448,OTH_SGD_TNG,Sở Giáo dục và Đào tạo Thái Nguyên,canonical,manual_registry
9148,1448,OTH_SGD_TNG,Sở GD&ĐT Thái Nguyên,alias,domain_rules
9149,1448,OTH_SGD_TNG,SGD&ĐT Thái Nguyên,abbreviation,domain_rules
9150,1448,OTH_SGD_TNG,So Giao duc va Đao tao Thai Nguyen,no_accent,auto_rule
9151,1448,OTH_SGD_TNG,SGDĐTTN,abbreviation,auto_rule
9152,1449,OTH_STC_TNG,Sở Tài chính Thái Nguyên,canonical,manual_registry
9153,1449,OTH_STC_TNG,STC Thái Nguyên,abbreviation,domain_rules
9154,1449,OTH_STC_TNG,So Tai chinh Thai Nguyen,no_accent,auto_rule
9155,1449,OTH_STC_TNG,STCTN,abbreviation,auto_rule
9156,1449,OTH_STC_TNG,S Tài chính Thái Nguyên,typo_ocr,noise_injector
9157,1449,OTH_STC_TNG,Sở Tàichính Thái Nguyên,typo_ocr,noise_injector
9158,1450,OTH_STP_TNG,Sở Tư pháp Thái Nguyên,canonical,manual_registry
9159,1450,OTH_STP_TNG,STP Thái Nguyên,abbreviation,domain_rules
9160,1450,OTH_STP_TNG,So Tu phap Thai Nguyen,no_accent,auto_rule
9161,1450,OTH_STP_TNG,STPTN,abbreviation,auto_rule
9162,1450,OTH_STP_TNG,Sở Tư phápThái Nguyên,typo_ocr,noise_injector
9163,1451,OTH_SKH_TNG,Sở Kế hoạch và Đầu tư Thái Nguyên,canonical,manual_registry
9164,1451,OTH_SKH_TNG,SKH&ĐT Thái Nguyên,abbreviation,domain_rules
9165,1451,OTH_SKH_TNG,SKHĐT Thái Nguyên,abbreviation,domain_rules
9166,1451,OTH_SKH_TNG,So Ke hoach va Đau tu Thai Nguyen,no_accent,auto_rule
9167,1451,OTH_SKH_TNG,SKHĐTTN,abbreviation,auto_rule
9168,1451,OTH_SKH_TNG,Sở Kếhoạch và Đầu tư Thái Nguyên,typo_ocr,noise_injector
9169,1452,OTH_SXD_TNG,Sở Xây dựng Thái Nguyên,canonical,manual_registry
9170,1452,OTH_SXD_TNG,SXD Thái Nguyên,abbreviation,domain_rules
9171,1452,OTH_SXD_TNG,So Xay dung Thai Nguyen,no_accent,auto_rule
9172,1452,OTH_SXD_TNG,SXDTN,abbreviation,auto_rule
9173,1452,OTH_SXD_TNG,Sở Xây dựng Thái Nuyên,typo_ocr,noise_injector
9174,1453,OTH_STNMT_TNG,Sở Tài nguyên và Môi trường Thái Nguyên,canonical,manual_registry
9175,1453,OTH_STNMT_TNG,STNMT Thái Nguyên,abbreviation,domain_rules
9176,1453,OTH_STNMT_TNG,So Tai nguyen va Moi truong Thai Nguyen,no_accent,auto_rule
9177,1453,OTH_STNMT_TNG,STNMTTN,abbreviation,auto_rule
9178,1453,OTH_STNMT_TNG,Sở Tài nguyên và Mi trường Thái Nguyên,typo_ocr,noise_injector
9179,1454,OTH_SNV_TNG,Sở Nội vụ Thái Nguyên,canonical,manual_registry
9180,1454,OTH_SNV_TNG,SNV Thái Nguyên,abbreviation,domain_rules
9181,1454,OTH_SNV_TNG,So Noi vu Thai Nguyen,no_accent,auto_rule
9182,1454,OTH_SNV_TNG,SNVTN,abbreviation,auto_rule
9183,1455,OTH_UBND_YBI,Ủy ban nhân dân Yên Bái,canonical,manual_registry
9184,1455,OTH_UBND_YBI,UBND Yên Bái,abbreviation,domain_rules
9185,1455,OTH_UBND_YBI,UB Yên Bái,alias,domain_rules
9186,1455,OTH_UBND_YBI,Uy ban nhan dan Yen Bai,no_accent,auto_rule
9187,1455,OTH_UBND_YBI,ỦBYB,abbreviation,auto_rule
9188,1456,OTH_BHXH_YBI,Bảo hiểm Xã hội Yên Bái,canonical,manual_registry
9189,1456,OTH_BHXH_YBI,BHXH Yên Bái,abbreviation,domain_rules
9190,1456,OTH_BHXH_YBI,Bao hiem Xa hoi Yen Bai,no_accent,auto_rule
9191,1456,OTH_BHXH_YBI,BHXHYB,abbreviation,auto_rule
9192,1457,OTH_SYT_YBI,Sở Y tế Yên Bái,canonical,manual_registry
9193,1457,OTH_SYT_YBI,SYT Yên Bái,abbreviation,domain_rules
9194,1457,OTH_SYT_YBI,So Y te Yen Bai,no_accent,auto_rule
9195,1457,OTH_SYT_YBI,STYB,abbreviation,auto_rule
9196,1458,OTH_SGD_YBI,Sở Giáo dục và Đào tạo Yên Bái,canonical,manual_registry
9197,1458,OTH_SGD_YBI,Sở GD&ĐT Yên Bái,alias,domain_rules
9198,1458,OTH_SGD_YBI,SGD&ĐT Yên Bái,abbreviation,domain_rules
9199,1458,OTH_SGD_YBI,So Giao duc va Đao tao Yen Bai,no_accent,auto_rule
9200,1458,OTH_SGD_YBI,SGDĐTYB,abbreviation,auto_rule
9201,1458,OTH_SGD_YBI,Sở Giáo dục và Đào to Yên Bái,typo_ocr,noise_injector
9202,1459,OTH_STC_YBI,Sở Tài chính Yên Bái,canonical,manual_registry
9203,1459,OTH_STC_YBI,STC Yên Bái,abbreviation,domain_rules
9204,1459,OTH_STC_YBI,So Tai chinh Yen Bai,no_accent,auto_rule
9205,1459,OTH_STC_YBI,STCYB,abbreviation,auto_rule
9206,1460,OTH_STP_YBI,Sở Tư pháp Yên Bái,canonical,manual_registry
9207,1460,OTH_STP_YBI,STP Yên Bái,abbreviation,domain_rules
9208,1460,OTH_STP_YBI,So Tu phap Yen Bai,no_accent,auto_rule
9209,1460,OTH_STP_YBI,STPYB,abbreviation,auto_rule
9210,1460,OTH_STP_YBI,ở Tư pháp Yên Bái,typo_ocr,noise_injector
9211,1460,OTH_STP_YBI,Sở ư pháp Yên Bái,typo_ocr,noise_injector
9212,1461,OTH_SKH_YBI,Sở Kế hoạch và Đầu tư Yên Bái,canonical,manual_registry
9213,1461,OTH_SKH_YBI,SKH&ĐT Yên Bái,abbreviation,domain_rules
9214,1461,OTH_SKH_YBI,SKHĐT Yên Bái,abbreviation,domain_rules
9215,1461,OTH_SKH_YBI,So Ke hoach va Đau tu Yen Bai,no_accent,auto_rule
9216,1461,OTH_SKH_YBI,SKHĐTYB,abbreviation,auto_rule
9217,1462,OTH_SXD_YBI,Sở Xây dựng Yên Bái,canonical,manual_registry
9218,1462,OTH_SXD_YBI,SXD Yên Bái,abbreviation,domain_rules
9219,1462,OTH_SXD_YBI,So Xay dung Yen Bai,no_accent,auto_rule
9220,1462,OTH_SXD_YBI,SXDYB,abbreviation,auto_rule
9221,1463,OTH_STNMT_YBI,Sở Tài nguyên và Môi trường Yên Bái,canonical,manual_registry
9222,1463,OTH_STNMT_YBI,STNMT Yên Bái,abbreviation,domain_rules
9223,1463,OTH_STNMT_YBI,So Tai nguyen va Moi truong Yen Bai,no_accent,auto_rule
9224,1463,OTH_STNMT_YBI,STNMTYB,abbreviation,auto_rule
9225,1463,OTH_STNMT_YBI,Sở Tàiguyên và Môi trường Yên Bái,typo_ocr,noise_injector
9226,1463,OTH_STNMT_YBI,Sở Tài nguyên và Môi trường Yên Bá,typo_ocr,noise_injector
9227,1464,OTH_SNV_YBI,Sở Nội vụ Yên Bái,canonical,manual_registry
9228,1464,OTH_SNV_YBI,SNV Yên Bái,abbreviation,domain_rules
9229,1464,OTH_SNV_YBI,So Noi vu Yen Bai,no_accent,auto_rule
9230,1464,OTH_SNV_YBI,SNVYB,abbreviation,auto_rule
9231,1464,OTH_SNV_YBI,Sở Nộiv Yên Bái,typo_ocr,noise_injector
9232,1464,OTH_SNV_YBI,Sở Nội ụ YênBái,typo_ocr,noise_injector
9233,1465,OTH_UBND_TQ,Ủy ban nhân dân Tuyên Quang,canonical,manual_registry
9234,1465,OTH_UBND_TQ,UBND Tuyên Quang,abbreviation,domain_rules
9235,1465,OTH_UBND_TQ,UB Tuyên Quang,alias,domain_rules
9236,1465,OTH_UBND_TQ,Uy ban nhan dan Tuyen Quang,no_accent,auto_rule
9237,1465,OTH_UBND_TQ,ỦBTQ,abbreviation,auto_rule
9238,1465,OTH_UBND_TQ,Ủy an nhâ dân Tuyên Qang,typo_ocr,noise_injector
9239,1465,OTH_UBND_TQ,Ủy bn nhân dân Tuyên Quang,typo_ocr,noise_injector
9240,1466,OTH_BHXH_TQ,Bảo hiểm Xã hội Tuyên Quang,canonical,manual_registry
9241,1466,OTH_BHXH_TQ,BHXH Tuyên Quang,abbreviation,domain_rules
9242,1466,OTH_BHXH_TQ,Bao hiem Xa hoi Tuyen Quang,no_accent,auto_rule
9243,1466,OTH_BHXH_TQ,BHXHTQ,abbreviation,auto_rule
9244,1467,OTH_SYT_TQ,Sở Y tế Tuyên Quang,canonical,manual_registry
9245,1467,OTH_SYT_TQ,SYT Tuyên Quang,abbreviation,domain_rules
9246,1467,OTH_SYT_TQ,So Y te Tuyen Quang,no_accent,auto_rule
9247,1467,OTH_SYT_TQ,STTQ,abbreviation,auto_rule
9248,1467,OTH_SYT_TQ,Sở Y tế uyên uang,typo_ocr,noise_injector
9249,1468,OTH_SGD_TQ,Sở Giáo dục và Đào tạo Tuyên Quang,canonical,manual_registry
9250,1468,OTH_SGD_TQ,Sở GD&ĐT Tuyên Quang,alias,domain_rules
9251,1468,OTH_SGD_TQ,SGD&ĐT Tuyên Quang,abbreviation,domain_rules
9252,1468,OTH_SGD_TQ,So Giao duc va Đao tao Tuyen Quang,no_accent,auto_rule
9253,1468,OTH_SGD_TQ,SGDĐTTQ,abbreviation,auto_rule
9254,1468,OTH_SGD_TQ,Sở Giáo dục và Đào to Tyên Quang,typo_ocr,noise_injector
9255,1468,OTH_SGD_TQ,Sở Giáo dục và Đào tạoTyên Quang,typo_ocr,noise_injector
9256,1469,OTH_STC_TQ,Sở Tài chính Tuyên Quang,canonical,manual_registry
9257,1469,OTH_STC_TQ,STC Tuyên Quang,abbreviation,domain_rules
9258,1469,OTH_STC_TQ,So Tai chinh Tuyen Quang,no_accent,auto_rule
9259,1469,OTH_STC_TQ,STCTQ,abbreviation,auto_rule
9260,1470,OTH_STP_TQ,Sở Tư pháp Tuyên Quang,canonical,manual_registry
9261,1470,OTH_STP_TQ,STP Tuyên Quang,abbreviation,domain_rules
9262,1470,OTH_STP_TQ,So Tu phap Tuyen Quang,no_accent,auto_rule
9263,1470,OTH_STP_TQ,STPTQ,abbreviation,auto_rule
9264,1470,OTH_STP_TQ,S Tư pháp Tuyên Qang,typo_ocr,noise_injector
9265,1470,OTH_STP_TQ,Sở Tư háp Tuyên Quang,typo_ocr,noise_injector
9266,1471,OTH_SKH_TQ,Sở Kế hoạch và Đầu tư Tuyên Quang,canonical,manual_registry
9267,1471,OTH_SKH_TQ,SKH&ĐT Tuyên Quang,abbreviation,domain_rules
9268,1471,OTH_SKH_TQ,SKHĐT Tuyên Quang,abbreviation,domain_rules
9269,1471,OTH_SKH_TQ,So Ke hoach va Đau tu Tuyen Quang,no_accent,auto_rule
9270,1471,OTH_SKH_TQ,SKHĐTTQ,abbreviation,auto_rule
9271,1471,OTH_SKH_TQ,Sở K hoạch à Đầu tư Tuyên Quang,typo_ocr,noise_injector
9272,1472,OTH_SXD_TQ,Sở Xây dựng Tuyên Quang,canonical,manual_registry
9273,1472,OTH_SXD_TQ,SXD Tuyên Quang,abbreviation,domain_rules
9274,1472,OTH_SXD_TQ,So Xay dung Tuyen Quang,no_accent,auto_rule
9275,1472,OTH_SXD_TQ,SXDTQ,abbreviation,auto_rule
9276,1473,OTH_STNMT_TQ,Sở Tài nguyên và Môi trường Tuyên Quang,canonical,manual_registry
9277,1473,OTH_STNMT_TQ,STNMT Tuyên Quang,abbreviation,domain_rules
9278,1473,OTH_STNMT_TQ,So Tai nguyen va Moi truong Tuyen Quang,no_accent,auto_rule
9279,1473,OTH_STNMT_TQ,STNMTTQ,abbreviation,auto_rule
9280,1474,OTH_SNV_TQ,Sở Nội vụ Tuyên Quang,canonical,manual_registry
9281,1474,OTH_SNV_TQ,SNV Tuyên Quang,abbreviation,domain_rules
9282,1474,OTH_SNV_TQ,So Noi vu Tuyen Quang,no_accent,auto_rule
9283,1474,OTH_SNV_TQ,SNVTQ,abbreviation,auto_rule
9284,1474,OTH_SNV_TQ,S Nội vụ Tuyên uang,typo_ocr,noise_injector
9285,1474,OTH_SNV_TQ,Sở Nội vụ Tuên Quang,typo_ocr,noise_injector
9286,1475,OTH_UBND_HGI,Ủy ban nhân dân Hà Giang,canonical,manual_registry
9287,1475,OTH_UBND_HGI,UBND Hà Giang,abbreviation,domain_rules
9288,1475,OTH_UBND_HGI,UB Hà Giang,alias,domain_rules
9289,1475,OTH_UBND_HGI,Uy ban nhan dan Ha Giang,no_accent,auto_rule
9290,1475,OTH_UBND_HGI,ỦBHG,abbreviation,auto_rule
9291,1476,OTH_BHXH_HGI,Bảo hiểm Xã hội Hà Giang,canonical,manual_registry
9292,1476,OTH_BHXH_HGI,BHXH Hà Giang,abbreviation,domain_rules
9293,1476,OTH_BHXH_HGI,Bao hiem Xa hoi Ha Giang,no_accent,auto_rule
9294,1476,OTH_BHXH_HGI,BHXHHG,abbreviation,auto_rule
9295,1476,OTH_BHXH_HGI,Bảo hiểm X hộ Hà Giang,typo_ocr,noise_injector
9296,1476,OTH_BHXH_HGI,Bảo hiểm Xã hội Hà ing,typo_ocr,noise_injector
9297,1477,OTH_SYT_HGI,Sở Y tế Hà Giang,canonical,manual_registry
9298,1477,OTH_SYT_HGI,SYT Hà Giang,abbreviation,domain_rules
9299,1477,OTH_SYT_HGI,So Y te Ha Giang,no_accent,auto_rule
9300,1477,OTH_SYT_HGI,STHG,abbreviation,auto_rule
9301,1477,OTH_SYT_HGI,Sở Y tếHà Giang,typo_ocr,noise_injector
9302,1478,OTH_SGD_HGI,Sở Giáo dục và Đào tạo Hà Giang,canonical,manual_registry
9303,1478,OTH_SGD_HGI,Sở GD&ĐT Hà Giang,alias,domain_rules
9304,1478,OTH_SGD_HGI,SGD&ĐT Hà Giang,abbreviation,domain_rules
9305,1478,OTH_SGD_HGI,So Giao duc va Đao tao Ha Giang,no_accent,auto_rule
9306,1478,OTH_SGD_HGI,SGDĐTHG,abbreviation,auto_rule
9307,1478,OTH_SGD_HGI,Sở Giáo dục à Đào tạo Hà Giang,typo_ocr,noise_injector
9308,1479,OTH_STC_HGI,Sở Tài chính Hà Giang,canonical,manual_registry
9309,1479,OTH_STC_HGI,STC Hà Giang,abbreviation,domain_rules
9310,1479,OTH_STC_HGI,So Tai chinh Ha Giang,no_accent,auto_rule
9311,1479,OTH_STC_HGI,STCHG,abbreviation,auto_rule
9312,1480,OTH_STP_HGI,Sở Tư pháp Hà Giang,canonical,manual_registry
9313,1480,OTH_STP_HGI,STP Hà Giang,abbreviation,domain_rules
9314,1480,OTH_STP_HGI,So Tu phap Ha Giang,no_accent,auto_rule
9315,1480,OTH_STP_HGI,STPHG,abbreviation,auto_rule
9316,1480,OTH_STP_HGI,Sở T pháp H Gian,typo_ocr,noise_injector
9317,1481,OTH_SKH_HGI,Sở Kế hoạch và Đầu tư Hà Giang,canonical,manual_registry
9318,1481,OTH_SKH_HGI,SKH&ĐT Hà Giang,abbreviation,domain_rules
9319,1481,OTH_SKH_HGI,SKHĐT Hà Giang,abbreviation,domain_rules
9320,1481,OTH_SKH_HGI,So Ke hoach va Đau tu Ha Giang,no_accent,auto_rule
9321,1481,OTH_SKH_HGI,SKHĐTHG,abbreviation,auto_rule
9322,1481,OTH_SKH_HGI,Sở Kế hoạch và Đầu tư Hà Gian,typo_ocr,noise_injector
9323,1481,OTH_SKH_HGI,Sở Kế hoạch và Đầu ư Hà Giang,typo_ocr,noise_injector
9324,1482,OTH_SXD_HGI,Sở Xây dựng Hà Giang,canonical,manual_registry
9325,1482,OTH_SXD_HGI,SXD Hà Giang,abbreviation,domain_rules
9326,1482,OTH_SXD_HGI,So Xay dung Ha Giang,no_accent,auto_rule
9327,1482,OTH_SXD_HGI,SXDHG,abbreviation,auto_rule
9328,1483,OTH_STNMT_HGI,Sở Tài nguyên và Môi trường Hà Giang,canonical,manual_registry
9329,1483,OTH_STNMT_HGI,STNMT Hà Giang,abbreviation,domain_rules
9330,1483,OTH_STNMT_HGI,So Tai nguyen va Moi truong Ha Giang,no_accent,auto_rule
9331,1483,OTH_STNMT_HGI,STNMTHG,abbreviation,auto_rule
9332,1483,OTH_STNMT_HGI,S Tài nguyên à Môi trường Hà Giang,typo_ocr,noise_injector
9333,1484,OTH_SNV_HGI,Sở Nội vụ Hà Giang,canonical,manual_registry
9334,1484,OTH_SNV_HGI,SNV Hà Giang,abbreviation,domain_rules
9335,1484,OTH_SNV_HGI,So Noi vu Ha Giang,no_accent,auto_rule
9336,1484,OTH_SNV_HGI,SNVHG,abbreviation,auto_rule
9337,1484,OTH_SNV_HGI,Sở Nội vụ Hà iang,typo_ocr,noise_injector
9338,1484,OTH_SNV_HGI,Sở Nộ vụ Hà Gian,typo_ocr,noise_injector
9339,1485,OTH_UBND_CBG,Ủy ban nhân dân Cao Bằng,canonical,manual_registry
9340,1485,OTH_UBND_CBG,UBND Cao Bằng,abbreviation,domain_rules
9341,1485,OTH_UBND_CBG,UB Cao Bằng,alias,domain_rules
9342,1485,OTH_UBND_CBG,Uy ban nhan dan Cao Bang,no_accent,auto_rule
9343,1485,OTH_UBND_CBG,ỦBCB,abbreviation,auto_rule
9344,1485,OTH_UBND_CBG,y ban nhân dân Cao Bằng,typo_ocr,noise_injector
9345,1486,OTH_BHXH_CBG,Bảo hiểm Xã hội Cao Bằng,canonical,manual_registry
9346,1486,OTH_BHXH_CBG,BHXH Cao Bằng,abbreviation,domain_rules
9347,1486,OTH_BHXH_CBG,Bao hiem Xa hoi Cao Bang,no_accent,auto_rule
9348,1486,OTH_BHXH_CBG,BHXHCB,abbreviation,auto_rule
9349,1487,OTH_SYT_CBG,Sở Y tế Cao Bằng,canonical,manual_registry
9350,1487,OTH_SYT_CBG,SYT Cao Bằng,abbreviation,domain_rules
9351,1487,OTH_SYT_CBG,So Y te Cao Bang,no_accent,auto_rule
9352,1487,OTH_SYT_CBG,STCB,abbreviation,auto_rule
9353,1488,OTH_SGD_CBG,Sở Giáo dục và Đào tạo Cao Bằng,canonical,manual_registry
9354,1488,OTH_SGD_CBG,Sở GD&ĐT Cao Bằng,alias,domain_rules
9355,1488,OTH_SGD_CBG,SGD&ĐT Cao Bằng,abbreviation,domain_rules
9356,1488,OTH_SGD_CBG,So Giao duc va Đao tao Cao Bang,no_accent,auto_rule
9357,1488,OTH_SGD_CBG,SGDĐTCB,abbreviation,auto_rule
9358,1488,OTH_SGD_CBG,S Giáo dc và Đào tạo Cao Bằng,typo_ocr,noise_injector
9359,1489,OTH_STC_CBG,Sở Tài chính Cao Bằng,canonical,manual_registry
9360,1489,OTH_STC_CBG,STC Cao Bằng,abbreviation,domain_rules
9361,1489,OTH_STC_CBG,So Tai chinh Cao Bang,no_accent,auto_rule
9362,1489,OTH_STC_CBG,STCCB,abbreviation,auto_rule
9363,1489,OTH_STC_CBG,Sở Tài cíh Cao Bằng,typo_ocr,noise_injector
9364,1490,OTH_STP_CBG,Sở Tư pháp Cao Bằng,canonical,manual_registry
9365,1490,OTH_STP_CBG,STP Cao Bằng,abbreviation,domain_rules
9366,1490,OTH_STP_CBG,So Tu phap Cao Bang,no_accent,auto_rule
9367,1490,OTH_STP_CBG,STPCB,abbreviation,auto_rule
9368,1491,OTH_SKH_CBG,Sở Kế hoạch và Đầu tư Cao Bằng,canonical,manual_registry
9369,1491,OTH_SKH_CBG,SKH&ĐT Cao Bằng,abbreviation,domain_rules
9370,1491,OTH_SKH_CBG,SKHĐT Cao Bằng,abbreviation,domain_rules
9371,1491,OTH_SKH_CBG,So Ke hoach va Đau tu Cao Bang,no_accent,auto_rule
9372,1491,OTH_SKH_CBG,SKHĐTCB,abbreviation,auto_rule
9373,1491,OTH_SKH_CBG,Sở Kế hoạch và Đầu tư CaoBằng,typo_ocr,noise_injector
9374,1491,OTH_SKH_CBG,Sở Kế hoạch và Đầu t Cao Bằng,typo_ocr,noise_injector
9375,1492,OTH_SXD_CBG,Sở Xây dựng Cao Bằng,canonical,manual_registry
9376,1492,OTH_SXD_CBG,SXD Cao Bằng,abbreviation,domain_rules
9377,1492,OTH_SXD_CBG,So Xay dung Cao Bang,no_accent,auto_rule
9378,1492,OTH_SXD_CBG,SXDCB,abbreviation,auto_rule
9379,1493,OTH_STNMT_CBG,Sở Tài nguyên và Môi trường Cao Bằng,canonical,manual_registry
9380,1493,OTH_STNMT_CBG,STNMT Cao Bằng,abbreviation,domain_rules
9381,1493,OTH_STNMT_CBG,So Tai nguyen va Moi truong Cao Bang,no_accent,auto_rule
9382,1493,OTH_STNMT_CBG,STNMTCB,abbreviation,auto_rule
9383,1494,OTH_SNV_CBG,Sở Nội vụ Cao Bằng,canonical,manual_registry
9384,1494,OTH_SNV_CBG,SNV Cao Bằng,abbreviation,domain_rules
9385,1494,OTH_SNV_CBG,So Noi vu Cao Bang,no_accent,auto_rule
9386,1494,OTH_SNV_CBG,SNVCB,abbreviation,auto_rule
9387,1495,OTH_UBND_LSO,Ủy ban nhân dân Lạng Sơn,canonical,manual_registry
9388,1495,OTH_UBND_LSO,UBND Lạng Sơn,abbreviation,domain_rules
9389,1495,OTH_UBND_LSO,UB Lạng Sơn,alias,domain_rules
9390,1495,OTH_UBND_LSO,Uy ban nhan dan Lang Son,no_accent,auto_rule
9391,1495,OTH_UBND_LSO,ỦBLS,abbreviation,auto_rule
9392,1495,OTH_UBND_LSO,Ủy ban nhân dân Lạg Sơn,typo_ocr,noise_injector
9393,1495,OTH_UBND_LSO,Ủy ban nhân dn Lạng Sơn,typo_ocr,noise_injector
9394,1496,OTH_BHXH_LSO,Bảo hiểm Xã hội Lạng Sơn,canonical,manual_registry
9395,1496,OTH_BHXH_LSO,BHXH Lạng Sơn,abbreviation,domain_rules
9396,1496,OTH_BHXH_LSO,Bao hiem Xa hoi Lang Son,no_accent,auto_rule
9397,1496,OTH_BHXH_LSO,BHXHLS,abbreviation,auto_rule
9398,1497,OTH_SYT_LSO,Sở Y tế Lạng Sơn,canonical,manual_registry
9399,1497,OTH_SYT_LSO,SYT Lạng Sơn,abbreviation,domain_rules
9400,1497,OTH_SYT_LSO,So Y te Lang Son,no_accent,auto_rule
9401,1497,OTH_SYT_LSO,STLS,abbreviation,auto_rule
9402,1497,OTH_SYT_LSO,Sở Y tế ạng Sơn,typo_ocr,noise_injector
9403,1498,OTH_SGD_LSO,Sở Giáo dục và Đào tạo Lạng Sơn,canonical,manual_registry
9404,1498,OTH_SGD_LSO,Sở GD&ĐT Lạng Sơn,alias,domain_rules
9405,1498,OTH_SGD_LSO,SGD&ĐT Lạng Sơn,abbreviation,domain_rules
9406,1498,OTH_SGD_LSO,So Giao duc va Đao tao Lang Son,no_accent,auto_rule
9407,1498,OTH_SGD_LSO,SGDĐTLS,abbreviation,auto_rule
9408,1499,OTH_STC_LSO,Sở Tài chính Lạng Sơn,canonical,manual_registry
9409,1499,OTH_STC_LSO,STC Lạng Sơn,abbreviation,domain_rules
9410,1499,OTH_STC_LSO,So Tai chinh Lang Son,no_accent,auto_rule
9411,1499,OTH_STC_LSO,STCLS,abbreviation,auto_rule
9412,1499,OTH_STC_LSO,Sở Tài chính LạgSơn,typo_ocr,noise_injector
9413,1500,OTH_STP_LSO,Sở Tư pháp Lạng Sơn,canonical,manual_registry
9414,1500,OTH_STP_LSO,STP Lạng Sơn,abbreviation,domain_rules
9415,1500,OTH_STP_LSO,So Tu phap Lang Son,no_accent,auto_rule
9416,1500,OTH_STP_LSO,STPLS,abbreviation,auto_rule
9417,1500,OTH_STP_LSO,Sở Tư pháp Lạng Sn,typo_ocr,noise_injector
9418,1500,OTH_STP_LSO,Sở T pháp Lạng Sơn,typo_ocr,noise_injector
9419,1501,OTH_SKH_LSO,Sở Kế hoạch và Đầu tư Lạng Sơn,canonical,manual_registry
9420,1501,OTH_SKH_LSO,SKH&ĐT Lạng Sơn,abbreviation,domain_rules
9421,1501,OTH_SKH_LSO,SKHĐT Lạng Sơn,abbreviation,domain_rules
9422,1501,OTH_SKH_LSO,So Ke hoach va Đau tu Lang Son,no_accent,auto_rule
9423,1501,OTH_SKH_LSO,SKHĐTLS,abbreviation,auto_rule
9424,1501,OTH_SKH_LSO,Sở Kế hoạch và Đầu tưLạng Sơn,typo_ocr,noise_injector
9425,1502,OTH_SXD_LSO,Sở Xây dựng Lạng Sơn,canonical,manual_registry
9426,1502,OTH_SXD_LSO,SXD Lạng Sơn,abbreviation,domain_rules
9427,1502,OTH_SXD_LSO,So Xay dung Lang Son,no_accent,auto_rule
9428,1502,OTH_SXD_LSO,SXDLS,abbreviation,auto_rule
9429,1502,OTH_SXD_LSO,Sở Xây dựng Lạng ơn,typo_ocr,noise_injector
9430,1502,OTH_SXD_LSO,S Xây dựg Lạng Sơn,typo_ocr,noise_injector
9431,1503,OTH_STNMT_LSO,Sở Tài nguyên và Môi trường Lạng Sơn,canonical,manual_registry
9432,1503,OTH_STNMT_LSO,STNMT Lạng Sơn,abbreviation,domain_rules
9433,1503,OTH_STNMT_LSO,So Tai nguyen va Moi truong Lang Son,no_accent,auto_rule
9434,1503,OTH_STNMT_LSO,STNMTLS,abbreviation,auto_rule
9435,1503,OTH_STNMT_LSO,Sở Tài nguyênvà Môi trường Lạng Sơn,typo_ocr,noise_injector
9436,1503,OTH_STNMT_LSO,ở ài nguyên và Môi rờng Lạg Sơn,typo_ocr,noise_injector
9437,1504,OTH_SNV_LSO,Sở Nội vụ Lạng Sơn,canonical,manual_registry
9438,1504,OTH_SNV_LSO,SNV Lạng Sơn,abbreviation,domain_rules
9439,1504,OTH_SNV_LSO,So Noi vu Lang Son,no_accent,auto_rule
9440,1504,OTH_SNV_LSO,SNVLS,abbreviation,auto_rule
9441,1504,OTH_SNV_LSO,Sở Nội vụ Lng Sơn,typo_ocr,noise_injector
9442,1505,OTH_UBND_BKN,Ủy ban nhân dân Bắc Kạn,canonical,manual_registry
9443,1505,OTH_UBND_BKN,UBND Bắc Kạn,abbreviation,domain_rules
9444,1505,OTH_UBND_BKN,UB Bắc Kạn,alias,domain_rules
9445,1505,OTH_UBND_BKN,Uy ban nhan dan Bac Kan,no_accent,auto_rule
9446,1505,OTH_UBND_BKN,ỦBBK,abbreviation,auto_rule
9447,1505,OTH_UBND_BKN,Ủy ban nhn dân Bắc Kạn,typo_ocr,noise_injector
9448,1506,OTH_BHXH_BKN,Bảo hiểm Xã hội Bắc Kạn,canonical,manual_registry
9449,1506,OTH_BHXH_BKN,BHXH Bắc Kạn,abbreviation,domain_rules
9450,1506,OTH_BHXH_BKN,Bao hiem Xa hoi Bac Kan,no_accent,auto_rule
9451,1506,OTH_BHXH_BKN,BHXHBK,abbreviation,auto_rule
9452,1507,OTH_SYT_BKN,Sở Y tế Bắc Kạn,canonical,manual_registry
9453,1507,OTH_SYT_BKN,SYT Bắc Kạn,abbreviation,domain_rules
9454,1507,OTH_SYT_BKN,So Y te Bac Kan,no_accent,auto_rule
9455,1507,OTH_SYT_BKN,STBK,abbreviation,auto_rule
9456,1507,OTH_SYT_BKN,Sở Ytế Bắc Kạn,typo_ocr,noise_injector
9457,1508,OTH_SGD_BKN,Sở Giáo dục và Đào tạo Bắc Kạn,canonical,manual_registry
9458,1508,OTH_SGD_BKN,Sở GD&ĐT Bắc Kạn,alias,domain_rules
9459,1508,OTH_SGD_BKN,SGD&ĐT Bắc Kạn,abbreviation,domain_rules
9460,1508,OTH_SGD_BKN,So Giao duc va Đao tao Bac Kan,no_accent,auto_rule
9461,1508,OTH_SGD_BKN,SGDĐTBK,abbreviation,auto_rule
9462,1508,OTH_SGD_BKN,SởGiáo dục và Đào tạo Bắc Kạn,typo_ocr,noise_injector
9463,1509,OTH_STC_BKN,Sở Tài chính Bắc Kạn,canonical,manual_registry
9464,1509,OTH_STC_BKN,STC Bắc Kạn,abbreviation,domain_rules
9465,1509,OTH_STC_BKN,So Tai chinh Bac Kan,no_accent,auto_rule
9466,1509,OTH_STC_BKN,STCBK,abbreviation,auto_rule
9467,1510,OTH_STP_BKN,Sở Tư pháp Bắc Kạn,canonical,manual_registry
9468,1510,OTH_STP_BKN,STP Bắc Kạn,abbreviation,domain_rules
9469,1510,OTH_STP_BKN,So Tu phap Bac Kan,no_accent,auto_rule
9470,1510,OTH_STP_BKN,STPBK,abbreviation,auto_rule
9471,1510,OTH_STP_BKN,Sở Tư pháp Bắc Kn,typo_ocr,noise_injector
9472,1511,OTH_SKH_BKN,Sở Kế hoạch và Đầu tư Bắc Kạn,canonical,manual_registry
9473,1511,OTH_SKH_BKN,SKH&ĐT Bắc Kạn,abbreviation,domain_rules
9474,1511,OTH_SKH_BKN,SKHĐT Bắc Kạn,abbreviation,domain_rules
9475,1511,OTH_SKH_BKN,So Ke hoach va Đau tu Bac Kan,no_accent,auto_rule
9476,1511,OTH_SKH_BKN,SKHĐTBK,abbreviation,auto_rule
9477,1512,OTH_SXD_BKN,Sở Xây dựng Bắc Kạn,canonical,manual_registry
9478,1512,OTH_SXD_BKN,SXD Bắc Kạn,abbreviation,domain_rules
9479,1512,OTH_SXD_BKN,So Xay dung Bac Kan,no_accent,auto_rule
9480,1512,OTH_SXD_BKN,SXDBK,abbreviation,auto_rule
9481,1513,OTH_STNMT_BKN,Sở Tài nguyên và Môi trường Bắc Kạn,canonical,manual_registry
9482,1513,OTH_STNMT_BKN,STNMT Bắc Kạn,abbreviation,domain_rules
9483,1513,OTH_STNMT_BKN,So Tai nguyen va Moi truong Bac Kan,no_accent,auto_rule
9484,1513,OTH_STNMT_BKN,STNMTBK,abbreviation,auto_rule
9485,1513,OTH_STNMT_BKN,Sở Tài nguyên và Môi trường ắc Kạn,typo_ocr,noise_injector
9486,1514,OTH_SNV_BKN,Sở Nội vụ Bắc Kạn,canonical,manual_registry
9487,1514,OTH_SNV_BKN,SNV Bắc Kạn,abbreviation,domain_rules
9488,1514,OTH_SNV_BKN,So Noi vu Bac Kan,no_accent,auto_rule
9489,1514,OTH_SNV_BKN,SNVBK,abbreviation,auto_rule
9490,1515,OTH_UBND_SLA,Ủy ban nhân dân Sơn La,canonical,manual_registry
9491,1515,OTH_UBND_SLA,UBND Sơn La,abbreviation,domain_rules
9492,1515,OTH_UBND_SLA,UB Sơn La,alias,domain_rules
9493,1515,OTH_UBND_SLA,Uy ban nhan dan Son La,no_accent,auto_rule
9494,1515,OTH_UBND_SLA,ỦBSL,abbreviation,auto_rule
9495,1515,OTH_UBND_SLA,Ủy ban nhân ân Sơ La,typo_ocr,noise_injector
9496,1516,OTH_BHXH_SLA,Bảo hiểm Xã hội Sơn La,canonical,manual_registry
9497,1516,OTH_BHXH_SLA,BHXH Sơn La,abbreviation,domain_rules
9498,1516,OTH_BHXH_SLA,Bao hiem Xa hoi Son La,no_accent,auto_rule
9499,1516,OTH_BHXH_SLA,BHXHSL,abbreviation,auto_rule
9500,1517,OTH_SYT_SLA,Sở Y tế Sơn La,canonical,manual_registry
9501,1517,OTH_SYT_SLA,SYT Sơn La,abbreviation,domain_rules
9502,1517,OTH_SYT_SLA,So Y te Son La,no_accent,auto_rule
9503,1517,OTH_SYT_SLA,STSL,abbreviation,auto_rule
9504,1517,OTH_SYT_SLA,Sở Y tếSơn La,typo_ocr,noise_injector
9505,1518,OTH_SGD_SLA,Sở Giáo dục và Đào tạo Sơn La,canonical,manual_registry
9506,1518,OTH_SGD_SLA,Sở GD&ĐT Sơn La,alias,domain_rules
9507,1518,OTH_SGD_SLA,SGD&ĐT Sơn La,abbreviation,domain_rules
9508,1518,OTH_SGD_SLA,So Giao duc va Đao tao Son La,no_accent,auto_rule
9509,1518,OTH_SGD_SLA,SGDĐTSL,abbreviation,auto_rule
9510,1519,OTH_STC_SLA,Sở Tài chính Sơn La,canonical,manual_registry
9511,1519,OTH_STC_SLA,STC Sơn La,abbreviation,domain_rules
9512,1519,OTH_STC_SLA,So Tai chinh Son La,no_accent,auto_rule
9513,1519,OTH_STC_SLA,STCSL,abbreviation,auto_rule
9514,1520,OTH_STP_SLA,Sở Tư pháp Sơn La,canonical,manual_registry
9515,1520,OTH_STP_SLA,STP Sơn La,abbreviation,domain_rules
9516,1520,OTH_STP_SLA,So Tu phap Son La,no_accent,auto_rule
9517,1520,OTH_STP_SLA,STPSL,abbreviation,auto_rule
9518,1521,OTH_SKH_SLA,Sở Kế hoạch và Đầu tư Sơn La,canonical,manual_registry
9519,1521,OTH_SKH_SLA,SKH&ĐT Sơn La,abbreviation,domain_rules
9520,1521,OTH_SKH_SLA,SKHĐT Sơn La,abbreviation,domain_rules
9521,1521,OTH_SKH_SLA,So Ke hoach va Đau tu Son La,no_accent,auto_rule
9522,1521,OTH_SKH_SLA,SKHĐTSL,abbreviation,auto_rule
9523,1521,OTH_SKH_SLA,Sở Kế hoạch và Đu tư Sơn La,typo_ocr,noise_injector
9524,1521,OTH_SKH_SLA,Sở Kế hoạch v Đầu tư Sơn La,typo_ocr,noise_injector
9525,1522,OTH_SXD_SLA,Sở Xây dựng Sơn La,canonical,manual_registry
9526,1522,OTH_SXD_SLA,SXD Sơn La,abbreviation,domain_rules
9527,1522,OTH_SXD_SLA,So Xay dung Son La,no_accent,auto_rule
9528,1522,OTH_SXD_SLA,SXDSL,abbreviation,auto_rule
9529,1523,OTH_STNMT_SLA,Sở Tài nguyên và Môi trường Sơn La,canonical,manual_registry
9530,1523,OTH_STNMT_SLA,STNMT Sơn La,abbreviation,domain_rules
9531,1523,OTH_STNMT_SLA,So Tai nguyen va Moi truong Son La,no_accent,auto_rule
9532,1523,OTH_STNMT_SLA,STNMTSL,abbreviation,auto_rule
9533,1523,OTH_STNMT_SLA,S Tài nguyên và Môi trường Sơn La,typo_ocr,noise_injector
9534,1524,OTH_SNV_SLA,Sở Nội vụ Sơn La,canonical,manual_registry
9535,1524,OTH_SNV_SLA,SNV Sơn La,abbreviation,domain_rules
9536,1524,OTH_SNV_SLA,So Noi vu Son La,no_accent,auto_rule
9537,1524,OTH_SNV_SLA,SNVSL,abbreviation,auto_rule
9538,1525,OTH_UBND_DB,Ủy ban nhân dân Điện Biên,canonical,manual_registry
9539,1525,OTH_UBND_DB,UBND Điện Biên,abbreviation,domain_rules
9540,1525,OTH_UBND_DB,UB Điện Biên,alias,domain_rules
9541,1525,OTH_UBND_DB,Uy ban nhan dan Đien Bien,no_accent,auto_rule
9542,1525,OTH_UBND_DB,ỦBĐB,abbreviation,auto_rule
9543,1526,OTH_BHXH_DB,Bảo hiểm Xã hội Điện Biên,canonical,manual_registry
9544,1526,OTH_BHXH_DB,BHXH Điện Biên,abbreviation,domain_rules
9545,1526,OTH_BHXH_DB,Bao hiem Xa hoi Đien Bien,no_accent,auto_rule
9546,1526,OTH_BHXH_DB,BHXHĐB,abbreviation,auto_rule
9547,1527,OTH_SYT_DB,Sở Y tế Điện Biên,canonical,manual_registry
9548,1527,OTH_SYT_DB,SYT Điện Biên,abbreviation,domain_rules
9549,1527,OTH_SYT_DB,So Y te Đien Bien,no_accent,auto_rule
9550,1527,OTH_SYT_DB,STĐB,abbreviation,auto_rule
9551,1528,OTH_SGD_DB,Sở Giáo dục và Đào tạo Điện Biên,canonical,manual_registry
9552,1528,OTH_SGD_DB,Sở GD&ĐT Điện Biên,alias,domain_rules
9553,1528,OTH_SGD_DB,SGD&ĐT Điện Biên,abbreviation,domain_rules
9554,1528,OTH_SGD_DB,So Giao duc va Đao tao Đien Bien,no_accent,auto_rule
9555,1528,OTH_SGD_DB,SGDĐTĐB,abbreviation,auto_rule
9556,1528,OTH_SGD_DB,Sở Gáo dục và Đào tạo Điện Biên,typo_ocr,noise_injector
9557,1529,OTH_STC_DB,Sở Tài chính Điện Biên,canonical,manual_registry
9558,1529,OTH_STC_DB,STC Điện Biên,abbreviation,domain_rules
9559,1529,OTH_STC_DB,So Tai chinh Đien Bien,no_accent,auto_rule
9560,1529,OTH_STC_DB,STCĐB,abbreviation,auto_rule
9561,1529,OTH_STC_DB,Sở Tài chính Điện Bên,typo_ocr,noise_injector
9562,1529,OTH_STC_DB,Sở Tàichính Điện Biên,typo_ocr,noise_injector
9563,1530,OTH_STP_DB,Sở Tư pháp Điện Biên,canonical,manual_registry
9564,1530,OTH_STP_DB,STP Điện Biên,abbreviation,domain_rules
9565,1530,OTH_STP_DB,So Tu phap Đien Bien,no_accent,auto_rule
9566,1530,OTH_STP_DB,STPĐB,abbreviation,auto_rule
9567,1531,OTH_SKH_DB,Sở Kế hoạch và Đầu tư Điện Biên,canonical,manual_registry
9568,1531,OTH_SKH_DB,SKH&ĐT Điện Biên,abbreviation,domain_rules
9569,1531,OTH_SKH_DB,SKHĐT Điện Biên,abbreviation,domain_rules
9570,1531,OTH_SKH_DB,So Ke hoach va Đau tu Đien Bien,no_accent,auto_rule
9571,1531,OTH_SKH_DB,SKHĐTĐB,abbreviation,auto_rule
9572,1531,OTH_SKH_DB,Sở Kế hoạch và Đầu ư Điện Biên,typo_ocr,noise_injector
9573,1532,OTH_SXD_DB,Sở Xây dựng Điện Biên,canonical,manual_registry
9574,1532,OTH_SXD_DB,SXD Điện Biên,abbreviation,domain_rules
9575,1532,OTH_SXD_DB,So Xay dung Đien Bien,no_accent,auto_rule
9576,1532,OTH_SXD_DB,SXDĐB,abbreviation,auto_rule
9577,1532,OTH_SXD_DB,Sở Xây dựng Điện Bên,typo_ocr,noise_injector
9578,1533,OTH_STNMT_DB,Sở Tài nguyên và Môi trường Điện Biên,canonical,manual_registry
9579,1533,OTH_STNMT_DB,STNMT Điện Biên,abbreviation,domain_rules
9580,1533,OTH_STNMT_DB,So Tai nguyen va Moi truong Đien Bien,no_accent,auto_rule
9581,1533,OTH_STNMT_DB,STNMTĐB,abbreviation,auto_rule
9582,1533,OTH_STNMT_DB,Sở Tài nguyênvà Môi trường Điện Biên,typo_ocr,noise_injector
9583,1534,OTH_SNV_DB,Sở Nội vụ Điện Biên,canonical,manual_registry
9584,1534,OTH_SNV_DB,SNV Điện Biên,abbreviation,domain_rules
9585,1534,OTH_SNV_DB,So Noi vu Đien Bien,no_accent,auto_rule
9586,1534,OTH_SNV_DB,SNVĐB,abbreviation,auto_rule
9587,1535,OTH_UBND_LCH,Ủy ban nhân dân Lai Châu,canonical,manual_registry
9588,1535,OTH_UBND_LCH,UBND Lai Châu,abbreviation,domain_rules
9589,1535,OTH_UBND_LCH,UB Lai Châu,alias,domain_rules
9590,1535,OTH_UBND_LCH,Uy ban nhan dan Lai Chau,no_accent,auto_rule
9591,1535,OTH_UBND_LCH,ỦBLC,abbreviation,auto_rule
9592,1536,OTH_BHXH_LCH,Bảo hiểm Xã hội Lai Châu,canonical,manual_registry
9593,1536,OTH_BHXH_LCH,BHXH Lai Châu,abbreviation,domain_rules
9594,1536,OTH_BHXH_LCH,Bao hiem Xa hoi Lai Chau,no_accent,auto_rule
9595,1536,OTH_BHXH_LCH,BHXHLC,abbreviation,auto_rule
9596,1537,OTH_SYT_LCH,Sở Y tế Lai Châu,canonical,manual_registry
9597,1537,OTH_SYT_LCH,SYT Lai Châu,abbreviation,domain_rules
9598,1537,OTH_SYT_LCH,So Y te Lai Chau,no_accent,auto_rule
9599,1537,OTH_SYT_LCH,STLC,abbreviation,auto_rule
9600,1538,OTH_SGD_LCH,Sở Giáo dục và Đào tạo Lai Châu,canonical,manual_registry
9601,1538,OTH_SGD_LCH,Sở GD&ĐT Lai Châu,alias,domain_rules
9602,1538,OTH_SGD_LCH,SGD&ĐT Lai Châu,abbreviation,domain_rules
9603,1538,OTH_SGD_LCH,So Giao duc va Đao tao Lai Chau,no_accent,auto_rule
9604,1538,OTH_SGD_LCH,SGDĐTLC,abbreviation,auto_rule
9605,1539,OTH_STC_LCH,Sở Tài chính Lai Châu,canonical,manual_registry
9606,1539,OTH_STC_LCH,STC Lai Châu,abbreviation,domain_rules
9607,1539,OTH_STC_LCH,So Tai chinh Lai Chau,no_accent,auto_rule
9608,1539,OTH_STC_LCH,STCLC,abbreviation,auto_rule
9609,1540,OTH_STP_LCH,Sở Tư pháp Lai Châu,canonical,manual_registry
9610,1540,OTH_STP_LCH,STP Lai Châu,abbreviation,domain_rules
9611,1540,OTH_STP_LCH,So Tu phap Lai Chau,no_accent,auto_rule
9612,1540,OTH_STP_LCH,STPLC,abbreviation,auto_rule
9613,1541,OTH_SKH_LCH,Sở Kế hoạch và Đầu tư Lai Châu,canonical,manual_registry
9614,1541,OTH_SKH_LCH,SKH&ĐT Lai Châu,abbreviation,domain_rules
9615,1541,OTH_SKH_LCH,SKHĐT Lai Châu,abbreviation,domain_rules
9616,1541,OTH_SKH_LCH,So Ke hoach va Đau tu Lai Chau,no_accent,auto_rule
9617,1541,OTH_SKH_LCH,SKHĐTLC,abbreviation,auto_rule
9618,1542,OTH_SXD_LCH,Sở Xây dựng Lai Châu,canonical,manual_registry
9619,1542,OTH_SXD_LCH,SXD Lai Châu,abbreviation,domain_rules
9620,1542,OTH_SXD_LCH,So Xay dung Lai Chau,no_accent,auto_rule
9621,1542,OTH_SXD_LCH,SXDLC,abbreviation,auto_rule
9622,1543,OTH_STNMT_LCH,Sở Tài nguyên và Môi trường Lai Châu,canonical,manual_registry
9623,1543,OTH_STNMT_LCH,STNMT Lai Châu,abbreviation,domain_rules
9624,1543,OTH_STNMT_LCH,So Tai nguyen va Moi truong Lai Chau,no_accent,auto_rule
9625,1543,OTH_STNMT_LCH,STNMTLC,abbreviation,auto_rule
9626,1544,OTH_SNV_LCH,Sở Nội vụ Lai Châu,canonical,manual_registry
9627,1544,OTH_SNV_LCH,SNV Lai Châu,abbreviation,domain_rules
9628,1544,OTH_SNV_LCH,So Noi vu Lai Chau,no_accent,auto_rule
9629,1544,OTH_SNV_LCH,SNVLC,abbreviation,auto_rule
9630,1544,OTH_SNV_LCH,Sở Nộivụ Lai Châu,typo_ocr,noise_injector
9631,1545,OTH_UBND_LCA,Ủy ban nhân dân Lào Cai,canonical,manual_registry
9632,1545,OTH_UBND_LCA,UBND Lào Cai,abbreviation,domain_rules
9633,1545,OTH_UBND_LCA,UB Lào Cai,alias,domain_rules
9634,1545,OTH_UBND_LCA,Uy ban nhan dan Lao Cai,no_accent,auto_rule
9635,1545,OTH_UBND_LCA,ỦBLC,abbreviation,auto_rule
9636,1545,OTH_UBND_LCA,Ủy ban nhân dân ào Cai,typo_ocr,noise_injector
9637,1545,OTH_UBND_LCA,Ủy ban nhân dân Lo Cai,typo_ocr,noise_injector
9638,1546,OTH_BHXH_LCA,Bảo hiểm Xã hội Lào Cai,canonical,manual_registry
9639,1546,OTH_BHXH_LCA,BHXH Lào Cai,abbreviation,domain_rules
9640,1546,OTH_BHXH_LCA,Bao hiem Xa hoi Lao Cai,no_accent,auto_rule
9641,1546,OTH_BHXH_LCA,BHXHLC,abbreviation,auto_rule
9642,1546,OTH_BHXH_LCA,Bo hiểm Xã hội Lào Cai,typo_ocr,noise_injector
9643,1546,OTH_BHXH_LCA,Bảo hiểm Xãhội Lào Cai,typo_ocr,noise_injector
9644,1547,OTH_SYT_LCA,Sở Y tế Lào Cai,canonical,manual_registry
9645,1547,OTH_SYT_LCA,SYT Lào Cai,abbreviation,domain_rules
9646,1547,OTH_SYT_LCA,So Y te Lao Cai,no_accent,auto_rule
9647,1547,OTH_SYT_LCA,STLC,abbreviation,auto_rule
9648,1548,OTH_SGD_LCA,Sở Giáo dục và Đào tạo Lào Cai,canonical,manual_registry
9649,1548,OTH_SGD_LCA,Sở GD&ĐT Lào Cai,alias,domain_rules
9650,1548,OTH_SGD_LCA,SGD&ĐT Lào Cai,abbreviation,domain_rules
9651,1548,OTH_SGD_LCA,So Giao duc va Đao tao Lao Cai,no_accent,auto_rule
9652,1548,OTH_SGD_LCA,SGDĐTLC,abbreviation,auto_rule
9653,1549,OTH_STC_LCA,Sở Tài chính Lào Cai,canonical,manual_registry
9654,1549,OTH_STC_LCA,STC Lào Cai,abbreviation,domain_rules
9655,1549,OTH_STC_LCA,So Tai chinh Lao Cai,no_accent,auto_rule
9656,1549,OTH_STC_LCA,STCLC,abbreviation,auto_rule
9657,1550,OTH_STP_LCA,Sở Tư pháp Lào Cai,canonical,manual_registry
9658,1550,OTH_STP_LCA,STP Lào Cai,abbreviation,domain_rules
9659,1550,OTH_STP_LCA,So Tu phap Lao Cai,no_accent,auto_rule
9660,1550,OTH_STP_LCA,STPLC,abbreviation,auto_rule
9661,1550,OTH_STP_LCA,Sở TưphápLào Ci,typo_ocr,noise_injector
9662,1551,OTH_SKH_LCA,Sở Kế hoạch và Đầu tư Lào Cai,canonical,manual_registry
9663,1551,OTH_SKH_LCA,SKH&ĐT Lào Cai,abbreviation,domain_rules
9664,1551,OTH_SKH_LCA,SKHĐT Lào Cai,abbreviation,domain_rules
9665,1551,OTH_SKH_LCA,So Ke hoach va Đau tu Lao Cai,no_accent,auto_rule
9666,1551,OTH_SKH_LCA,SKHĐTLC,abbreviation,auto_rule
9667,1551,OTH_SKH_LCA,Sở Kế hạch và Đầu tư Lào Cai,typo_ocr,noise_injector
9668,1551,OTH_SKH_LCA,Sở Kếhoạch và Đầu tư Lào Cai,typo_ocr,noise_injector
9669,1552,OTH_SXD_LCA,Sở Xây dựng Lào Cai,canonical,manual_registry
9670,1552,OTH_SXD_LCA,SXD Lào Cai,abbreviation,domain_rules
9671,1552,OTH_SXD_LCA,So Xay dung Lao Cai,no_accent,auto_rule
9672,1552,OTH_SXD_LCA,SXDLC,abbreviation,auto_rule
9673,1553,OTH_STNMT_LCA,Sở Tài nguyên và Môi trường Lào Cai,canonical,manual_registry
9674,1553,OTH_STNMT_LCA,STNMT Lào Cai,abbreviation,domain_rules
9675,1553,OTH_STNMT_LCA,So Tai nguyen va Moi truong Lao Cai,no_accent,auto_rule
9676,1553,OTH_STNMT_LCA,STNMTLC,abbreviation,auto_rule
9677,1553,OTH_STNMT_LCA,Sở Tài nguên và Môi trường Lào Cai,typo_ocr,noise_injector
9678,1553,OTH_STNMT_LCA,Sở Ti nguyên và Môi trường Lào Cai,typo_ocr,noise_injector
9679,1554,OTH_SNV_LCA,Sở Nội vụ Lào Cai,canonical,manual_registry
9680,1554,OTH_SNV_LCA,SNV Lào Cai,abbreviation,domain_rules
9681,1554,OTH_SNV_LCA,So Noi vu Lao Cai,no_accent,auto_rule
9682,1554,OTH_SNV_LCA,SNVLC,abbreviation,auto_rule
9683,1554,OTH_SNV_LCA,Sở Nội vụ Lào Ca,typo_ocr,noise_injector
9684,1555,OTH_UBND_HN_BDG,Ủy ban nhân dân Ba Đình - Hà Nội,canonical,manual_registry
9685,1555,OTH_UBND_HN_BDG,UBND Ba Đình - Hà Nội,abbreviation,domain_rules
9686,1555,OTH_UBND_HN_BDG,UB Ba Đình - Hà Nội,alias,domain_rules
9687,1555,OTH_UBND_HN_BDG,Uy ban nhan dan Ba Đinh - Ha Noi,no_accent,auto_rule
9688,1555,OTH_UBND_HN_BDG,ỦBBĐHN,abbreviation,auto_rule
9689,1555,OTH_UBND_HN_BDG,Ủy ban nhândân Ba Đình - Hà Nội,typo_ocr,noise_injector
9690,1555,OTH_UBND_HN_BDG,Ủy ban nhân dân Ba Đình - à Nội,typo_ocr,noise_injector
9691,1556,OTH_BHXH_HN_BDG,Bảo hiểm Xã hội Ba Đình - Hà Nội,canonical,manual_registry
9692,1556,OTH_BHXH_HN_BDG,BHXH Ba Đình - Hà Nội,abbreviation,domain_rules
9693,1556,OTH_BHXH_HN_BDG,Bao hiem Xa hoi Ba Đinh - Ha Noi,no_accent,auto_rule
9694,1556,OTH_BHXH_HN_BDG,BHXHBĐHN,abbreviation,auto_rule
9695,1556,OTH_BHXH_HN_BDG,Bảo hiểm Xã hội Ba Đìh - HàNội,typo_ocr,noise_injector
9696,1557,OTH_UBND_HN_HK,Ủy ban nhân dân Hoàn Kiếm - Hà Nội,canonical,manual_registry
9697,1557,OTH_UBND_HN_HK,UBND Hoàn Kiếm - Hà Nội,abbreviation,domain_rules
9698,1557,OTH_UBND_HN_HK,UB Hoàn Kiếm - Hà Nội,alias,domain_rules
9699,1557,OTH_UBND_HN_HK,Uy ban nhan dan Hoan Kiem - Ha Noi,no_accent,auto_rule
9700,1557,OTH_UBND_HN_HK,ỦBHKHN,abbreviation,auto_rule
9701,1557,OTH_UBND_HN_HK,Ủy ban nhân dânHoàn Kiếm - Hà Nội,typo_ocr,noise_injector
9702,1557,OTH_UBND_HN_HK,Ủyban nhân dân Hoàn Kiếm - Hà Nội,typo_ocr,noise_injector
9703,1558,OTH_BHXH_HN_HK,Bảo hiểm Xã hội Hoàn Kiếm - Hà Nội,canonical,manual_registry
9704,1558,OTH_BHXH_HN_HK,BHXH Hoàn Kiếm - Hà Nội,abbreviation,domain_rules
9705,1558,OTH_BHXH_HN_HK,Bao hiem Xa hoi Hoan Kiem - Ha Noi,no_accent,auto_rule
9706,1558,OTH_BHXH_HN_HK,BHXHHKHN,abbreviation,auto_rule
9707,1558,OTH_BHXH_HN_HK,Bảo hiểm Xã hội Hon Kiếm - Hà Nội,typo_ocr,noise_injector
9708,1559,OTH_UBND_HN_CG,Ủy ban nhân dân Cầu Giấy - Hà Nội,canonical,manual_registry
9709,1559,OTH_UBND_HN_CG,UBND Cầu Giấy - Hà Nội,abbreviation,domain_rules
9710,1559,OTH_UBND_HN_CG,UB Cầu Giấy - Hà Nội,alias,domain_rules
9711,1559,OTH_UBND_HN_CG,Uy ban nhan dan Cau Giay - Ha Noi,no_accent,auto_rule
9712,1559,OTH_UBND_HN_CG,ỦBCGHN,abbreviation,auto_rule
9713,1559,OTH_UBND_HN_CG,y ban nhân dân Cầu Giấy - Hà Nội,typo_ocr,noise_injector
9714,1560,OTH_BHXH_HN_CG,Bảo hiểm Xã hội Cầu Giấy - Hà Nội,canonical,manual_registry
9715,1560,OTH_BHXH_HN_CG,BHXH Cầu Giấy - Hà Nội,abbreviation,domain_rules
9716,1560,OTH_BHXH_HN_CG,Bao hiem Xa hoi Cau Giay - Ha Noi,no_accent,auto_rule
9717,1560,OTH_BHXH_HN_CG,BHXHCGHN,abbreviation,auto_rule
9718,1560,OTH_BHXH_HN_CG,Bảo hiểm Xã hội Cầu Giấy - Hà ội,typo_ocr,noise_injector
9719,1561,OTH_UBND_HN_DD,Ủy ban nhân dân Đống Đa - Hà Nội,canonical,manual_registry
9720,1561,OTH_UBND_HN_DD,UBND Đống Đa - Hà Nội,abbreviation,domain_rules
9721,1561,OTH_UBND_HN_DD,UB Đống Đa - Hà Nội,alias,domain_rules
9722,1561,OTH_UBND_HN_DD,Uy ban nhan dan Đong Đa - Ha Noi,no_accent,auto_rule
9723,1561,OTH_UBND_HN_DD,ỦBĐĐHN,abbreviation,auto_rule
9724,1561,OTH_UBND_HN_DD,y ban nhân dân Đống Đa - Hà Nội,typo_ocr,noise_injector
9725,1562,OTH_BHXH_HN_DD,Bảo hiểm Xã hội Đống Đa - Hà Nội,canonical,manual_registry
9726,1562,OTH_BHXH_HN_DD,BHXH Đống Đa - Hà Nội,abbreviation,domain_rules
9727,1562,OTH_BHXH_HN_DD,Bao hiem Xa hoi Đong Đa - Ha Noi,no_accent,auto_rule
9728,1562,OTH_BHXH_HN_DD,BHXHĐĐHN,abbreviation,auto_rule
9729,1562,OTH_BHXH_HN_DD,Bo hiểm Xã hội Đống Đa  Hà Nội,typo_ocr,noise_injector
9730,1562,OTH_BHXH_HN_DD,Bảo hiểm Xã hội ĐốngĐa - Hà Nội,typo_ocr,noise_injector
9731,1563,OTH_UBND_HN_TX,Ủy ban nhân dân Thanh Xuân - Hà Nội,canonical,manual_registry
9732,1563,OTH_UBND_HN_TX,UBND Thanh Xuân - Hà Nội,abbreviation,domain_rules
9733,1563,OTH_UBND_HN_TX,UB Thanh Xuân - Hà Nội,alias,domain_rules
9734,1563,OTH_UBND_HN_TX,Uy ban nhan dan Thanh Xuan - Ha Noi,no_accent,auto_rule
9735,1563,OTH_UBND_HN_TX,ỦBTXHN,abbreviation,auto_rule
9736,1563,OTH_UBND_HN_TX,Ủy ban nhân dân Thanh Xuân - Hà Nộ,typo_ocr,noise_injector
9737,1564,OTH_BHXH_HN_TX,Bảo hiểm Xã hội Thanh Xuân - Hà Nội,canonical,manual_registry
9738,1564,OTH_BHXH_HN_TX,BHXH Thanh Xuân - Hà Nội,abbreviation,domain_rules
9739,1564,OTH_BHXH_HN_TX,Bao hiem Xa hoi Thanh Xuan - Ha Noi,no_accent,auto_rule
9740,1564,OTH_BHXH_HN_TX,BHXHTXHN,abbreviation,auto_rule
9741,1564,OTH_BHXH_HN_TX,Bảo hiểm Xãhội Thanh Xuân - Hà Nội,typo_ocr,noise_injector
9742,1565,OTH_UBND_HN_GL,Ủy ban nhân dân Gia Lâm - Hà Nội,canonical,manual_registry
9743,1565,OTH_UBND_HN_GL,UBND Gia Lâm - Hà Nội,abbreviation,domain_rules
9744,1565,OTH_UBND_HN_GL,UB Gia Lâm - Hà Nội,alias,domain_rules
9745,1565,OTH_UBND_HN_GL,Uy ban nhan dan Gia Lam - Ha Noi,no_accent,auto_rule
9746,1565,OTH_UBND_HN_GL,ỦBGLHN,abbreviation,auto_rule
9747,1565,OTH_UBND_HN_GL,Ủ ban nhân dân Gia Lâm - Hà ội,typo_ocr,noise_injector
9748,1565,OTH_UBND_HN_GL,Ủy ban nhân dân Ga Lâm - Hà Nội,typo_ocr,noise_injector
9749,1566,OTH_BHXH_HN_GL,Bảo hiểm Xã hội Gia Lâm - Hà Nội,canonical,manual_registry
9750,1566,OTH_BHXH_HN_GL,BHXH Gia Lâm - Hà Nội,abbreviation,domain_rules
9751,1566,OTH_BHXH_HN_GL,Bao hiem Xa hoi Gia Lam - Ha Noi,no_accent,auto_rule
9752,1566,OTH_BHXH_HN_GL,BHXHGLHN,abbreviation,auto_rule
9753,1566,OTH_BHXH_HN_GL,Bảo hiểm Xã hộiGia âm - Hà Nội,typo_ocr,noise_injector
9754,1567,OTH_UBND_HN_SOC,Ủy ban nhân dân Sóc Sơn - Hà Nội,canonical,manual_registry
9755,1567,OTH_UBND_HN_SOC,UBND Sóc Sơn - Hà Nội,abbreviation,domain_rules
9756,1567,OTH_UBND_HN_SOC,UB Sóc Sơn - Hà Nội,alias,domain_rules
9757,1567,OTH_UBND_HN_SOC,Uy ban nhan dan Soc Son - Ha Noi,no_accent,auto_rule
9758,1567,OTH_UBND_HN_SOC,ỦBSSHN,abbreviation,auto_rule
9759,1567,OTH_UBND_HN_SOC,Ủyban nhân dân Sóc Sơn - Hà Nội,typo_ocr,noise_injector
9760,1568,OTH_BHXH_HN_SOC,Bảo hiểm Xã hội Sóc Sơn - Hà Nội,canonical,manual_registry
9761,1568,OTH_BHXH_HN_SOC,BHXH Sóc Sơn - Hà Nội,abbreviation,domain_rules
9762,1568,OTH_BHXH_HN_SOC,Bao hiem Xa hoi Soc Son - Ha Noi,no_accent,auto_rule
9763,1568,OTH_BHXH_HN_SOC,BHXHSSHN,abbreviation,auto_rule
9764,1568,OTH_BHXH_HN_SOC,Bảo hiểm Xã hội Sc Sơn - Hà Nội,typo_ocr,noise_injector
9765,1569,OTH_UBND_HN_DDA,Ủy ban nhân dân Đông Anh - Hà Nội,canonical,manual_registry
9766,1569,OTH_UBND_HN_DDA,UBND Đông Anh - Hà Nội,abbreviation,domain_rules
9767,1569,OTH_UBND_HN_DDA,UB Đông Anh - Hà Nội,alias,domain_rules
9768,1569,OTH_UBND_HN_DDA,Uy ban nhan dan Đong Anh - Ha Noi,no_accent,auto_rule
9769,1569,OTH_UBND_HN_DDA,ỦBĐAHN,abbreviation,auto_rule
9770,1569,OTH_UBND_HN_DDA,Ủy ban nhân dân Đông Anh - Hà ội,typo_ocr,noise_injector
9771,1570,OTH_BHXH_HN_DDA,Bảo hiểm Xã hội Đông Anh - Hà Nội,canonical,manual_registry
9772,1570,OTH_BHXH_HN_DDA,BHXH Đông Anh - Hà Nội,abbreviation,domain_rules
9773,1570,OTH_BHXH_HN_DDA,Bao hiem Xa hoi Đong Anh - Ha Noi,no_accent,auto_rule
9774,1570,OTH_BHXH_HN_DDA,BHXHĐAHN,abbreviation,auto_rule
9775,1570,OTH_BHXH_HN_DDA,Bả hiểm Xã hội Đông Anh - Hà Nội,typo_ocr,noise_injector
9776,1571,OTH_UBND_HTAY_HDO,Ủy ban nhân dân Hà Đông - Hà Tây,canonical,manual_registry
9777,1571,OTH_UBND_HTAY_HDO,UBND Hà Đông - Hà Tây,abbreviation,domain_rules
9778,1571,OTH_UBND_HTAY_HDO,UB Hà Đông - Hà Tây,alias,domain_rules
9779,1571,OTH_UBND_HTAY_HDO,Uy ban nhan dan Ha Đong - Ha Tay,no_accent,auto_rule
9780,1571,OTH_UBND_HTAY_HDO,ỦBHĐHT,abbreviation,auto_rule
9781,1571,OTH_UBND_HTAY_HDO,Ủy bn nhân dân Hà Đông - Hà Tây,typo_ocr,noise_injector
9782,1572,OTH_BHXH_HTAY_HDO,Bảo hiểm Xã hội Hà Đông - Hà Tây,canonical,manual_registry
9783,1572,OTH_BHXH_HTAY_HDO,BHXH Hà Đông - Hà Tây,abbreviation,domain_rules
9784,1572,OTH_BHXH_HTAY_HDO,Bao hiem Xa hoi Ha Đong - Ha Tay,no_accent,auto_rule
9785,1572,OTH_BHXH_HTAY_HDO,BHXHHĐHT,abbreviation,auto_rule
9786,1573,OTH_UBND_HTAY_ST,Ủy ban nhân dân Sơn Tây - Hà Tây,canonical,manual_registry
9787,1573,OTH_UBND_HTAY_ST,UBND Sơn Tây - Hà Tây,abbreviation,domain_rules
9788,1573,OTH_UBND_HTAY_ST,UB Sơn Tây - Hà Tây,alias,domain_rules
9789,1573,OTH_UBND_HTAY_ST,Uy ban nhan dan Son Tay - Ha Tay,no_accent,auto_rule
9790,1573,OTH_UBND_HTAY_ST,ỦBSTHT,abbreviation,auto_rule
9791,1573,OTH_UBND_HTAY_ST,Ủy ba nhân dân Sơn Tây - Hà Tây,typo_ocr,noise_injector
9792,1573,OTH_UBND_HTAY_ST,Ủy ban nhân dân Sơn Tâ - Hà Tây,typo_ocr,noise_injector
9793,1574,OTH_BHXH_HTAY_ST,Bảo hiểm Xã hội Sơn Tây - Hà Tây,canonical,manual_registry
9794,1574,OTH_BHXH_HTAY_ST,BHXH Sơn Tây - Hà Tây,abbreviation,domain_rules
9795,1574,OTH_BHXH_HTAY_ST,Bao hiem Xa hoi Son Tay - Ha Tay,no_accent,auto_rule
9796,1574,OTH_BHXH_HTAY_ST,BHXHSTHT,abbreviation,auto_rule
9797,1574,OTH_BHXH_HTAY_ST,Bả hiểm Xã hội Sơn Tây- Hà Tây,typo_ocr,noise_injector
9798,1575,OTH_UBND_HTAY_BV,Ủy ban nhân dân Ba Vì - Hà Tây,canonical,manual_registry
9799,1575,OTH_UBND_HTAY_BV,UBND Ba Vì - Hà Tây,abbreviation,domain_rules
9800,1575,OTH_UBND_HTAY_BV,UB Ba Vì - Hà Tây,alias,domain_rules
9801,1575,OTH_UBND_HTAY_BV,Uy ban nhan dan Ba Vi - Ha Tay,no_accent,auto_rule
9802,1575,OTH_UBND_HTAY_BV,ỦBBVHT,abbreviation,auto_rule
9803,1576,OTH_BHXH_HTAY_BV,Bảo hiểm Xã hội Ba Vì - Hà Tây,canonical,manual_registry
9804,1576,OTH_BHXH_HTAY_BV,BHXH Ba Vì - Hà Tây,abbreviation,domain_rules
9805,1576,OTH_BHXH_HTAY_BV,Bao hiem Xa hoi Ba Vi - Ha Tay,no_accent,auto_rule
9806,1576,OTH_BHXH_HTAY_BV,BHXHBVHT,abbreviation,auto_rule
9807,1576,OTH_BHXH_HTAY_BV,ảo hiểm Xã hội Ba Vì - Hà Tây,typo_ocr,noise_injector
9808,1577,OTH_UBND_HTAY_CT,Ủy ban nhân dân Chương Mỹ - Hà Tây,canonical,manual_registry
9809,1577,OTH_UBND_HTAY_CT,UBND Chương Mỹ - Hà Tây,abbreviation,domain_rules
9810,1577,OTH_UBND_HTAY_CT,UB Chương Mỹ - Hà Tây,alias,domain_rules
9811,1577,OTH_UBND_HTAY_CT,Uy ban nhan dan Chuong My - Ha Tay,no_accent,auto_rule
9812,1577,OTH_UBND_HTAY_CT,ỦBCMHT,abbreviation,auto_rule
9813,1577,OTH_UBND_HTAY_CT,Ủy bn nhân dân Chương Mỹ - Hà Tây,typo_ocr,noise_injector
9814,1577,OTH_UBND_HTAY_CT,Ủy ban nhân dân Chương Mỹ - H Tây,typo_ocr,noise_injector
9815,1578,OTH_BHXH_HTAY_CT,Bảo hiểm Xã hội Chương Mỹ - Hà Tây,canonical,manual_registry
9816,1578,OTH_BHXH_HTAY_CT,BHXH Chương Mỹ - Hà Tây,abbreviation,domain_rules
9817,1578,OTH_BHXH_HTAY_CT,Bao hiem Xa hoi Chuong My - Ha Tay,no_accent,auto_rule
9818,1578,OTH_BHXH_HTAY_CT,BHXHCMHT,abbreviation,auto_rule
9819,1579,OTH_UBND_HCM_Q1,Ủy ban nhân dân Quận 1 - Thành phố Hồ Chí Minh,canonical,manual_registry
9820,1579,OTH_UBND_HCM_Q1,UBND Quận 1 - Thành phố Hồ Chí Minh,abbreviation,domain_rules
9821,1579,OTH_UBND_HCM_Q1,UB Quận 1 - Thành phố Hồ Chí Minh,alias,domain_rules
9822,1579,OTH_UBND_HCM_Q1,Uy ban nhan dan Quan 1 - Thanh pho Ho Chi Minh,no_accent,auto_rule
9823,1579,OTH_UBND_HCM_Q1,ỦBQTPHCM,abbreviation,auto_rule
9824,1580,OTH_BHXH_HCM_Q1,Bảo hiểm Xã hội Quận 1 - Thành phố Hồ Chí Minh,canonical,manual_registry
9825,1580,OTH_BHXH_HCM_Q1,BHXH Quận 1 - Thành phố Hồ Chí Minh,abbreviation,domain_rules
9826,1580,OTH_BHXH_HCM_Q1,Bao hiem Xa hoi Quan 1 - Thanh pho Ho Chi Minh,no_accent,auto_rule
9827,1580,OTH_BHXH_HCM_Q1,BHXHQTPHCM,abbreviation,auto_rule
9828,1580,OTH_BHXH_HCM_Q1,Bo hiểm Xã hội Quận 1 - Thành phố Hồ Chí Minh,typo_ocr,noise_injector
9829,1580,OTH_BHXH_HCM_Q1,Bảo hiểm Xã hội Qận 1 - Thnh phố Hồ Chí Minh,typo_ocr,noise_injector
9830,1581,OTH_UBND_HCM_Q3,Ủy ban nhân dân Quận 3 - Thành phố Hồ Chí Minh,canonical,manual_registry
9831,1581,OTH_UBND_HCM_Q3,UBND Quận 3 - Thành phố Hồ Chí Minh,abbreviation,domain_rules
9832,1581,OTH_UBND_HCM_Q3,UB Quận 3 - Thành phố Hồ Chí Minh,alias,domain_rules
9833,1581,OTH_UBND_HCM_Q3,Uy ban nhan dan Quan 3 - Thanh pho Ho Chi Minh,no_accent,auto_rule
9834,1581,OTH_UBND_HCM_Q3,ỦBQTPHCM,abbreviation,auto_rule
9835,1581,OTH_UBND_HCM_Q3,Ủy ban nhân dân Quận 3 - Thàh phố Hồ Chí Minh,typo_ocr,noise_injector
9836,1581,OTH_UBND_HCM_Q3,Ủy ban nhân dân Quận 3 - Thành phốHồ Chí Minh,typo_ocr,noise_injector
9837,1582,OTH_BHXH_HCM_Q3,Bảo hiểm Xã hội Quận 3 - Thành phố Hồ Chí Minh,canonical,manual_registry
9838,1582,OTH_BHXH_HCM_Q3,BHXH Quận 3 - Thành phố Hồ Chí Minh,abbreviation,domain_rules
9839,1582,OTH_BHXH_HCM_Q3,Bao hiem Xa hoi Quan 3 - Thanh pho Ho Chi Minh,no_accent,auto_rule
9840,1582,OTH_BHXH_HCM_Q3,BHXHQTPHCM,abbreviation,auto_rule
9841,1582,OTH_BHXH_HCM_Q3,Bảo hiểm Xã hội Quận 3 - Thành ph Hồ Chí Minh,typo_ocr,noise_injector
9842,1583,OTH_UBND_HCM_Q7,Ủy ban nhân dân Quận 7 - Thành phố Hồ Chí Minh,canonical,manual_registry
9843,1583,OTH_UBND_HCM_Q7,UBND Quận 7 - Thành phố Hồ Chí Minh,abbreviation,domain_rules
9844,1583,OTH_UBND_HCM_Q7,UB Quận 7 - Thành phố Hồ Chí Minh,alias,domain_rules
9845,1583,OTH_UBND_HCM_Q7,Uy ban nhan dan Quan 7 - Thanh pho Ho Chi Minh,no_accent,auto_rule
9846,1583,OTH_UBND_HCM_Q7,ỦBQTPHCM,abbreviation,auto_rule
9847,1583,OTH_UBND_HCM_Q7,Ủy ban nhân dân Quận 7 - Thành phố Hồ Ch Minh,typo_ocr,noise_injector
9848,1583,OTH_UBND_HCM_Q7,Ủy ban nhân dân Quận 7  Thành phố Hồ Chí Minh,typo_ocr,noise_injector
9849,1584,OTH_BHXH_HCM_Q7,Bảo hiểm Xã hội Quận 7 - Thành phố Hồ Chí Minh,canonical,manual_registry
9850,1584,OTH_BHXH_HCM_Q7,BHXH Quận 7 - Thành phố Hồ Chí Minh,abbreviation,domain_rules
9851,1584,OTH_BHXH_HCM_Q7,Bao hiem Xa hoi Quan 7 - Thanh pho Ho Chi Minh,no_accent,auto_rule
9852,1584,OTH_BHXH_HCM_Q7,BHXHQTPHCM,abbreviation,auto_rule
9853,1584,OTH_BHXH_HCM_Q7,Bảo hiểm Xã hội Quận 7 - Thành phố Hồ Chí Min,typo_ocr,noise_injector
9854,1585,OTH_UBND_HCM_BT,Ủy ban nhân dân Bình Thạnh - Thành phố Hồ Chí Minh,canonical,manual_registry
9855,1585,OTH_UBND_HCM_BT,UBND Bình Thạnh - Thành phố Hồ Chí Minh,abbreviation,domain_rules
9856,1585,OTH_UBND_HCM_BT,UB Bình Thạnh - Thành phố Hồ Chí Minh,alias,domain_rules
9857,1585,OTH_UBND_HCM_BT,Uy ban nhan dan Binh Thanh - Thanh pho Ho Chi Minh,no_accent,auto_rule
9858,1585,OTH_UBND_HCM_BT,ỦBBTTPHCM,abbreviation,auto_rule
9859,1585,OTH_UBND_HCM_BT,Ủy ban nhân dân Bình Thạnh - Thành phố Hồ ChíMinh,typo_ocr,noise_injector
9860,1586,OTH_BHXH_HCM_BT,Bảo hiểm Xã hội Bình Thạnh - Thành phố Hồ Chí Minh,canonical,manual_registry
9861,1586,OTH_BHXH_HCM_BT,BHXH Bình Thạnh - Thành phố Hồ Chí Minh,abbreviation,domain_rules
9862,1586,OTH_BHXH_HCM_BT,Bao hiem Xa hoi Binh Thanh - Thanh pho Ho Chi Minh,no_accent,auto_rule
9863,1586,OTH_BHXH_HCM_BT,BHXHBTTPHCM,abbreviation,auto_rule
9864,1587,OTH_UBND_HCM_TB,Ủy ban nhân dân Tân Bình - Thành phố Hồ Chí Minh,canonical,manual_registry
9865,1587,OTH_UBND_HCM_TB,UBND Tân Bình - Thành phố Hồ Chí Minh,abbreviation,domain_rules
9866,1587,OTH_UBND_HCM_TB,UB Tân Bình - Thành phố Hồ Chí Minh,alias,domain_rules
9867,1587,OTH_UBND_HCM_TB,Uy ban nhan dan Tan Binh - Thanh pho Ho Chi Minh,no_accent,auto_rule
9868,1587,OTH_UBND_HCM_TB,ỦBTBTPHCM,abbreviation,auto_rule
9869,1587,OTH_UBND_HCM_TB,Ủy ban nhân dân Tân Bình - Thành phố Hồ Ch Minh,typo_ocr,noise_injector
9870,1588,OTH_BHXH_HCM_TB,Bảo hiểm Xã hội Tân Bình - Thành phố Hồ Chí Minh,canonical,manual_registry
9871,1588,OTH_BHXH_HCM_TB,BHXH Tân Bình - Thành phố Hồ Chí Minh,abbreviation,domain_rules
9872,1588,OTH_BHXH_HCM_TB,Bao hiem Xa hoi Tan Binh - Thanh pho Ho Chi Minh,no_accent,auto_rule
9873,1588,OTH_BHXH_HCM_TB,BHXHTBTPHCM,abbreviation,auto_rule
9874,1588,OTH_BHXH_HCM_TB,Bảo iểm Xã hội Tân Bình - Thành phố Hồ Chí Minh,typo_ocr,noise_injector
9875,1589,OTH_UBND_HCM_GV,Ủy ban nhân dân Gò Vấp - Thành phố Hồ Chí Minh,canonical,manual_registry
9876,1589,OTH_UBND_HCM_GV,UBND Gò Vấp - Thành phố Hồ Chí Minh,abbreviation,domain_rules
9877,1589,OTH_UBND_HCM_GV,UB Gò Vấp - Thành phố Hồ Chí Minh,alias,domain_rules
9878,1589,OTH_UBND_HCM_GV,Uy ban nhan dan Go Vap - Thanh pho Ho Chi Minh,no_accent,auto_rule
9879,1589,OTH_UBND_HCM_GV,ỦBGVTPHCM,abbreviation,auto_rule
9880,1590,OTH_BHXH_HCM_GV,Bảo hiểm Xã hội Gò Vấp - Thành phố Hồ Chí Minh,canonical,manual_registry
9881,1590,OTH_BHXH_HCM_GV,BHXH Gò Vấp - Thành phố Hồ Chí Minh,abbreviation,domain_rules
9882,1590,OTH_BHXH_HCM_GV,Bao hiem Xa hoi Go Vap - Thanh pho Ho Chi Minh,no_accent,auto_rule
9883,1590,OTH_BHXH_HCM_GV,BHXHGVTPHCM,abbreviation,auto_rule
9884,1590,OTH_BHXH_HCM_GV,Bảo iểm Xã hội ò Vấp - Thành phố Hồ Chí Minh,typo_ocr,noise_injector
9885,1591,OTH_UBND_HCM_BC,Ủy ban nhân dân Bình Chánh - Thành phố Hồ Chí Minh,canonical,manual_registry
9886,1591,OTH_UBND_HCM_BC,UBND Bình Chánh - Thành phố Hồ Chí Minh,abbreviation,domain_rules
9887,1591,OTH_UBND_HCM_BC,UB Bình Chánh - Thành phố Hồ Chí Minh,alias,domain_rules
9888,1591,OTH_UBND_HCM_BC,Uy ban nhan dan Binh Chanh - Thanh pho Ho Chi Minh,no_accent,auto_rule
9889,1591,OTH_UBND_HCM_BC,ỦBBCTPHCM,abbreviation,auto_rule
9890,1591,OTH_UBND_HCM_BC,Ủy ban nhân dân Bình Chánh - Thành phố H Chí Minh,typo_ocr,noise_injector
9891,1591,OTH_UBND_HCM_BC,Ủy ban nhân dân Bình Chánh - Thành phố Hồ Chí inh,typo_ocr,noise_injector
9892,1592,OTH_BHXH_HCM_BC,Bảo hiểm Xã hội Bình Chánh - Thành phố Hồ Chí Minh,canonical,manual_registry
9893,1592,OTH_BHXH_HCM_BC,BHXH Bình Chánh - Thành phố Hồ Chí Minh,abbreviation,domain_rules
9894,1592,OTH_BHXH_HCM_BC,Bao hiem Xa hoi Binh Chanh - Thanh pho Ho Chi Minh,no_accent,auto_rule
9895,1592,OTH_BHXH_HCM_BC,BHXHBCTPHCM,abbreviation,auto_rule
9896,1592,OTH_BHXH_HCM_BC,Bảo hiểm Xã hội Bình Chánh - Thành phố Hồ hí Minh,typo_ocr,noise_injector
9897,1592,OTH_BHXH_HCM_BC,Bảo hiểm Xã hội Bình hánh - Thành phố Hồ Chí Minh,typo_ocr,noise_injector
9898,1593,OTH_UBND_HCM_HM,Ủy ban nhân dân Hóc Môn - Thành phố Hồ Chí Minh,canonical,manual_registry
9899,1593,OTH_UBND_HCM_HM,UBND Hóc Môn - Thành phố Hồ Chí Minh,abbreviation,domain_rules
9900,1593,OTH_UBND_HCM_HM,UB Hóc Môn - Thành phố Hồ Chí Minh,alias,domain_rules
9901,1593,OTH_UBND_HCM_HM,Uy ban nhan dan Hoc Mon - Thanh pho Ho Chi Minh,no_accent,auto_rule
9902,1593,OTH_UBND_HCM_HM,ỦBHMTPHCM,abbreviation,auto_rule
9903,1593,OTH_UBND_HCM_HM,Ủy ban nân dân Hóc Môn - hành phố ồ Chí Minh,typo_ocr,noise_injector
9904,1594,OTH_BHXH_HCM_HM,Bảo hiểm Xã hội Hóc Môn - Thành phố Hồ Chí Minh,canonical,manual_registry
9905,1594,OTH_BHXH_HCM_HM,BHXH Hóc Môn - Thành phố Hồ Chí Minh,abbreviation,domain_rules
9906,1594,OTH_BHXH_HCM_HM,Bao hiem Xa hoi Hoc Mon - Thanh pho Ho Chi Minh,no_accent,auto_rule
9907,1594,OTH_BHXH_HCM_HM,BHXHHMTPHCM,abbreviation,auto_rule
9908,1594,OTH_BHXH_HCM_HM,Bảo hiểm Xã hội Hóc Môn - Thành ph Hồ Chí Minh,typo_ocr,noise_injector
9909,1595,OTH_UBND_DN_HC,Ủy ban nhân dân Hải Châu - Đà Nẵng,canonical,manual_registry
9910,1595,OTH_UBND_DN_HC,UBND Hải Châu - Đà Nẵng,abbreviation,domain_rules
9911,1595,OTH_UBND_DN_HC,UB Hải Châu - Đà Nẵng,alias,domain_rules
9912,1595,OTH_UBND_DN_HC,Uy ban nhan dan Hai Chau - Đa Nang,no_accent,auto_rule
9913,1595,OTH_UBND_DN_HC,ỦBHCĐN,abbreviation,auto_rule
9914,1595,OTH_UBND_DN_HC,Ủy an nhân dân Hải Châu - Đà Nẵng,typo_ocr,noise_injector
9915,1595,OTH_UBND_DN_HC,Ủy ban nhân dân Hải Châu - Đà ẵng,typo_ocr,noise_injector
9916,1596,OTH_BHXH_DN_HC,Bảo hiểm Xã hội Hải Châu - Đà Nẵng,canonical,manual_registry
9917,1596,OTH_BHXH_DN_HC,BHXH Hải Châu - Đà Nẵng,abbreviation,domain_rules
9918,1596,OTH_BHXH_DN_HC,Bao hiem Xa hoi Hai Chau - Đa Nang,no_accent,auto_rule
9919,1596,OTH_BHXH_DN_HC,BHXHHCĐN,abbreviation,auto_rule
9920,1596,OTH_BHXH_DN_HC,Bảo hiểm Xã hội Hả Châu  Đà Nẵng,typo_ocr,noise_injector
9921,1597,OTH_UBND_DN_TK,Ủy ban nhân dân Thanh Khê - Đà Nẵng,canonical,manual_registry
9922,1597,OTH_UBND_DN_TK,UBND Thanh Khê - Đà Nẵng,abbreviation,domain_rules
9923,1597,OTH_UBND_DN_TK,UB Thanh Khê - Đà Nẵng,alias,domain_rules
9924,1597,OTH_UBND_DN_TK,Uy ban nhan dan Thanh Khe - Đa Nang,no_accent,auto_rule
9925,1597,OTH_UBND_DN_TK,ỦBTKĐN,abbreviation,auto_rule
9926,1597,OTH_UBND_DN_TK,Ủy ba nhân dân Thanh Kê - Đà Nẵng,typo_ocr,noise_injector
9927,1598,OTH_BHXH_DN_TK,Bảo hiểm Xã hội Thanh Khê - Đà Nẵng,canonical,manual_registry
9928,1598,OTH_BHXH_DN_TK,BHXH Thanh Khê - Đà Nẵng,abbreviation,domain_rules
9929,1598,OTH_BHXH_DN_TK,Bao hiem Xa hoi Thanh Khe - Đa Nang,no_accent,auto_rule
9930,1598,OTH_BHXH_DN_TK,BHXHTKĐN,abbreviation,auto_rule
9931,1598,OTH_BHXH_DN_TK,Bảo iểm Xã hội ThanhKhê - Đà Nẵng,typo_ocr,noise_injector
9932,1599,OTH_UBND_DN_NHS,Ủy ban nhân dân Ngũ Hành Sơn - Đà Nẵng,canonical,manual_registry
9933,1599,OTH_UBND_DN_NHS,UBND Ngũ Hành Sơn - Đà Nẵng,abbreviation,domain_rules
9934,1599,OTH_UBND_DN_NHS,UB Ngũ Hành Sơn - Đà Nẵng,alias,domain_rules
9935,1599,OTH_UBND_DN_NHS,Uy ban nhan dan Ngu Hanh Son - Đa Nang,no_accent,auto_rule
9936,1599,OTH_UBND_DN_NHS,ỦBNHSĐN,abbreviation,auto_rule
9937,1599,OTH_UBND_DN_NHS,Ủy ban nhân dânNgũ Hành Sơn - Đà ẵng,typo_ocr,noise_injector
9938,1600,OTH_BHXH_DN_NHS,Bảo hiểm Xã hội Ngũ Hành Sơn - Đà Nẵng,canonical,manual_registry
9939,1600,OTH_BHXH_DN_NHS,BHXH Ngũ Hành Sơn - Đà Nẵng,abbreviation,domain_rules
9940,1600,OTH_BHXH_DN_NHS,Bao hiem Xa hoi Ngu Hanh Son - Đa Nang,no_accent,auto_rule
9941,1600,OTH_BHXH_DN_NHS,BHXHNHSĐN,abbreviation,auto_rule
9942,1600,OTH_BHXH_DN_NHS,Bảo hiểm ã hội NgũHành Sơn - Đà Nẵng,typo_ocr,noise_injector
9943,1600,OTH_BHXH_DN_NHS,Bảo hiểm Xã hội Ng Hành Sơn - Đà Nẵng,typo_ocr,noise_injector
9944,1601,OTH_UBND_DN_CL,Ủy ban nhân dân Cẩm Lệ - Đà Nẵng,canonical,manual_registry
9945,1601,OTH_UBND_DN_CL,UBND Cẩm Lệ - Đà Nẵng,abbreviation,domain_rules
9946,1601,OTH_UBND_DN_CL,UB Cẩm Lệ - Đà Nẵng,alias,domain_rules
9947,1601,OTH_UBND_DN_CL,Uy ban nhan dan Cam Le - Đa Nang,no_accent,auto_rule
9948,1601,OTH_UBND_DN_CL,ỦBCLĐN,abbreviation,auto_rule
9949,1601,OTH_UBND_DN_CL,Ủy ban nhân dân Cẩm Lệ  Đà Nẵng,typo_ocr,noise_injector
9950,1602,OTH_BHXH_DN_CL,Bảo hiểm Xã hội Cẩm Lệ - Đà Nẵng,canonical,manual_registry
9951,1602,OTH_BHXH_DN_CL,BHXH Cẩm Lệ - Đà Nẵng,abbreviation,domain_rules
9952,1602,OTH_BHXH_DN_CL,Bao hiem Xa hoi Cam Le - Đa Nang,no_accent,auto_rule
9953,1602,OTH_BHXH_DN_CL,BHXHCLĐN,abbreviation,auto_rule
9954,1602,OTH_BHXH_DN_CL,Bảo hiểm Xã hội Cẩ Lệ - Đà Nẵng,typo_ocr,noise_injector
9955,1603,OTH_UBND_HP_HB,Ủy ban nhân dân Hồng Bàng - Hải Phòng,canonical,manual_registry
9956,1603,OTH_UBND_HP_HB,UBND Hồng Bàng - Hải Phòng,abbreviation,domain_rules
9957,1603,OTH_UBND_HP_HB,UB Hồng Bàng - Hải Phòng,alias,domain_rules
9958,1603,OTH_UBND_HP_HB,Uy ban nhan dan Hong Bang - Hai Phong,no_accent,auto_rule
9959,1603,OTH_UBND_HP_HB,ỦBHBHP,abbreviation,auto_rule
9960,1603,OTH_UBND_HP_HB,Ủy ban nhân dân Hồng Bàng - Hải Phng,typo_ocr,noise_injector
9961,1603,OTH_UBND_HP_HB,Ủy ban nân dân Hồng Bàng - Hải Phòng,typo_ocr,noise_injector
9962,1604,OTH_BHXH_HP_HB,Bảo hiểm Xã hội Hồng Bàng - Hải Phòng,canonical,manual_registry
9963,1604,OTH_BHXH_HP_HB,BHXH Hồng Bàng - Hải Phòng,abbreviation,domain_rules
9964,1604,OTH_BHXH_HP_HB,Bao hiem Xa hoi Hong Bang - Hai Phong,no_accent,auto_rule
9965,1604,OTH_BHXH_HP_HB,BHXHHBHP,abbreviation,auto_rule
9966,1604,OTH_BHXH_HP_HB,Bảo hiểm Xã hội Hồng Bàng - Hải Pòng,typo_ocr,noise_injector
9967,1604,OTH_BHXH_HP_HB,Bảo hiểm Xã hội Hồng Bàng - ải Phòng,typo_ocr,noise_injector
9968,1605,OTH_UBND_HP_NG,Ủy ban nhân dân Ngô Quyền - Hải Phòng,canonical,manual_registry
9969,1605,OTH_UBND_HP_NG,UBND Ngô Quyền - Hải Phòng,abbreviation,domain_rules
9970,1605,OTH_UBND_HP_NG,UB Ngô Quyền - Hải Phòng,alias,domain_rules
9971,1605,OTH_UBND_HP_NG,Uy ban nhan dan Ngo Quyen - Hai Phong,no_accent,auto_rule
9972,1605,OTH_UBND_HP_NG,ỦBNQHP,abbreviation,auto_rule
9973,1605,OTH_UBND_HP_NG,y ban nhân dân Ngô Quyền - Hả Phòng,typo_ocr,noise_injector
9974,1606,OTH_BHXH_HP_NG,Bảo hiểm Xã hội Ngô Quyền - Hải Phòng,canonical,manual_registry
9975,1606,OTH_BHXH_HP_NG,BHXH Ngô Quyền - Hải Phòng,abbreviation,domain_rules
9976,1606,OTH_BHXH_HP_NG,Bao hiem Xa hoi Ngo Quyen - Hai Phong,no_accent,auto_rule
9977,1606,OTH_BHXH_HP_NG,BHXHNQHP,abbreviation,auto_rule
9978,1606,OTH_BHXH_HP_NG,Bảo hiểm Xã hội Ngô Quyền - Hải Phòn,typo_ocr,noise_injector
9979,1607,OTH_UBND_HP_LC,Ủy ban nhân dân Lê Chân - Hải Phòng,canonical,manual_registry
9980,1607,OTH_UBND_HP_LC,UBND Lê Chân - Hải Phòng,abbreviation,domain_rules
9981,1607,OTH_UBND_HP_LC,UB Lê Chân - Hải Phòng,alias,domain_rules
9982,1607,OTH_UBND_HP_LC,Uy ban nhan dan Le Chan - Hai Phong,no_accent,auto_rule
9983,1607,OTH_UBND_HP_LC,ỦBLCHP,abbreviation,auto_rule
9984,1607,OTH_UBND_HP_LC,Ủy ban nhân dân ê Chn - Hải Phòng,typo_ocr,noise_injector
9985,1608,OTH_BHXH_HP_LC,Bảo hiểm Xã hội Lê Chân - Hải Phòng,canonical,manual_registry
9986,1608,OTH_BHXH_HP_LC,BHXH Lê Chân - Hải Phòng,abbreviation,domain_rules
9987,1608,OTH_BHXH_HP_LC,Bao hiem Xa hoi Le Chan - Hai Phong,no_accent,auto_rule
9988,1608,OTH_BHXH_HP_LC,BHXHLCHP,abbreviation,auto_rule
9989,1609,OTH_UBND_HP_AD,Ủy ban nhân dân An Dương - Hải Phòng,canonical,manual_registry
9990,1609,OTH_UBND_HP_AD,UBND An Dương - Hải Phòng,abbreviation,domain_rules
9991,1609,OTH_UBND_HP_AD,UB An Dương - Hải Phòng,alias,domain_rules
9992,1609,OTH_UBND_HP_AD,Uy ban nhan dan An Duong - Hai Phong,no_accent,auto_rule
9993,1609,OTH_UBND_HP_AD,ỦBADHP,abbreviation,auto_rule
9994,1609,OTH_UBND_HP_AD,Ủy ban nhân dân An Dương - Hải Phòn,typo_ocr,noise_injector
9995,1610,OTH_BHXH_HP_AD,Bảo hiểm Xã hội An Dương - Hải Phòng,canonical,manual_registry
9996,1610,OTH_BHXH_HP_AD,BHXH An Dương - Hải Phòng,abbreviation,domain_rules
9997,1610,OTH_BHXH_HP_AD,Bao hiem Xa hoi An Duong - Hai Phong,no_accent,auto_rule
9998,1610,OTH_BHXH_HP_AD,BHXHADHP,abbreviation,auto_rule
9999,1611,OTH_UBND_DNAI_BH,Ủy ban nhân dân Biên Hòa - Đồng Nai,canonical,manual_registry
10000,1611,OTH_UBND_DNAI_BH,UBND Biên Hòa - Đồng Nai,abbreviation,domain_rules
10001,1611,OTH_UBND_DNAI_BH,UB Biên Hòa - Đồng Nai,alias,domain_rules
10002,1611,OTH_UBND_DNAI_BH,Uy ban nhan dan Bien Hoa - Đong Nai,no_accent,auto_rule
10003,1611,OTH_UBND_DNAI_BH,ỦBBHĐN,abbreviation,auto_rule
10004,1612,OTH_BHXH_DNAI_BH,Bảo hiểm Xã hội Biên Hòa - Đồng Nai,canonical,manual_registry
10005,1612,OTH_BHXH_DNAI_BH,BHXH Biên Hòa - Đồng Nai,abbreviation,domain_rules
10006,1612,OTH_BHXH_DNAI_BH,Bao hiem Xa hoi Bien Hoa - Đong Nai,no_accent,auto_rule
10007,1612,OTH_BHXH_DNAI_BH,BHXHBHĐN,abbreviation,auto_rule
10008,1613,OTH_UBND_DNAI_LK,Ủy ban nhân dân Long Khánh - Đồng Nai,canonical,manual_registry
10009,1613,OTH_UBND_DNAI_LK,UBND Long Khánh - Đồng Nai,abbreviation,domain_rules
10010,1613,OTH_UBND_DNAI_LK,UB Long Khánh - Đồng Nai,alias,domain_rules
10011,1613,OTH_UBND_DNAI_LK,Uy ban nhan dan Long Khanh - Đong Nai,no_accent,auto_rule
10012,1613,OTH_UBND_DNAI_LK,ỦBLKĐN,abbreviation,auto_rule
10013,1613,OTH_UBND_DNAI_LK,Ủy ban nhân dn Long Khánh - Đồng Nai,typo_ocr,noise_injector
10014,1614,OTH_BHXH_DNAI_LK,Bảo hiểm Xã hội Long Khánh - Đồng Nai,canonical,manual_registry
10015,1614,OTH_BHXH_DNAI_LK,BHXH Long Khánh - Đồng Nai,abbreviation,domain_rules
10016,1614,OTH_BHXH_DNAI_LK,Bao hiem Xa hoi Long Khanh - Đong Nai,no_accent,auto_rule
10017,1614,OTH_BHXH_DNAI_LK,BHXHLKĐN,abbreviation,auto_rule
10018,1615,OTH_UBND_DNAI_LT,Ủy ban nhân dân Long Thành - Đồng Nai,canonical,manual_registry
10019,1615,OTH_UBND_DNAI_LT,UBND Long Thành - Đồng Nai,abbreviation,domain_rules
10020,1615,OTH_UBND_DNAI_LT,UB Long Thành - Đồng Nai,alias,domain_rules
10021,1615,OTH_UBND_DNAI_LT,Uy ban nhan dan Long Thanh - Đong Nai,no_accent,auto_rule
10022,1615,OTH_UBND_DNAI_LT,ỦBLTĐN,abbreviation,auto_rule
10023,1615,OTH_UBND_DNAI_LT,Ủy an nhân dân Long Thành - Đồng Nai,typo_ocr,noise_injector
10024,1616,OTH_BHXH_DNAI_LT,Bảo hiểm Xã hội Long Thành - Đồng Nai,canonical,manual_registry
10025,1616,OTH_BHXH_DNAI_LT,BHXH Long Thành - Đồng Nai,abbreviation,domain_rules
10026,1616,OTH_BHXH_DNAI_LT,Bao hiem Xa hoi Long Thanh - Đong Nai,no_accent,auto_rule
10027,1616,OTH_BHXH_DNAI_LT,BHXHLTĐN,abbreviation,auto_rule
10028,1617,OTH_UBND_DNAI_TRB,Ủy ban nhân dân Trảng Bom - Đồng Nai,canonical,manual_registry
10029,1617,OTH_UBND_DNAI_TRB,UBND Trảng Bom - Đồng Nai,abbreviation,domain_rules
10030,1617,OTH_UBND_DNAI_TRB,UB Trảng Bom - Đồng Nai,alias,domain_rules
10031,1617,OTH_UBND_DNAI_TRB,Uy ban nhan dan Trang Bom - Đong Nai,no_accent,auto_rule
10032,1617,OTH_UBND_DNAI_TRB,ỦBTBĐN,abbreviation,auto_rule
10033,1618,OTH_BHXH_DNAI_TRB,Bảo hiểm Xã hội Trảng Bom - Đồng Nai,canonical,manual_registry
10034,1618,OTH_BHXH_DNAI_TRB,BHXH Trảng Bom - Đồng Nai,abbreviation,domain_rules
10035,1618,OTH_BHXH_DNAI_TRB,Bao hiem Xa hoi Trang Bom - Đong Nai,no_accent,auto_rule
10036,1618,OTH_BHXH_DNAI_TRB,BHXHTBĐN,abbreviation,auto_rule
10037,1618,OTH_BHXH_DNAI_TRB,Bảo hiểm Xã hội Trản Bom  Đồng Nai,typo_ocr,noise_injector
10038,1619,OTH_UBND_BD_TDM,Ủy ban nhân dân Thủ Dầu Một - Bình Dương,canonical,manual_registry
10039,1619,OTH_UBND_BD_TDM,UBND Thủ Dầu Một - Bình Dương,abbreviation,domain_rules
10040,1619,OTH_UBND_BD_TDM,UB Thủ Dầu Một - Bình Dương,alias,domain_rules
10041,1619,OTH_UBND_BD_TDM,Uy ban nhan dan Thu Dau Mot - Binh Duong,no_accent,auto_rule
10042,1619,OTH_UBND_BD_TDM,ỦBTDMBD,abbreviation,auto_rule
10043,1619,OTH_UBND_BD_TDM,Ủy ban nhân dân Thủ Dầu Một - Bìh Dương,typo_ocr,noise_injector
10044,1620,OTH_BHXH_BD_TDM,Bảo hiểm Xã hội Thủ Dầu Một - Bình Dương,canonical,manual_registry
10045,1620,OTH_BHXH_BD_TDM,BHXH Thủ Dầu Một - Bình Dương,abbreviation,domain_rules
10046,1620,OTH_BHXH_BD_TDM,Bao hiem Xa hoi Thu Dau Mot - Binh Duong,no_accent,auto_rule
10047,1620,OTH_BHXH_BD_TDM,BHXHTDMBD,abbreviation,auto_rule
10048,1620,OTH_BHXH_BD_TDM,Bảo hiểm Xã hội Thủ Dầu Một - Bình ương,typo_ocr,noise_injector
10049,1620,OTH_BHXH_BD_TDM,Bảo hiểm Xã hội Thủ Dầu Một - Bình Dưng,typo_ocr,noise_injector
10050,1621,OTH_UBND_BD_DA,Ủy ban nhân dân Dĩ An - Bình Dương,canonical,manual_registry
10051,1621,OTH_UBND_BD_DA,UBND Dĩ An - Bình Dương,abbreviation,domain_rules
10052,1621,OTH_UBND_BD_DA,UB Dĩ An - Bình Dương,alias,domain_rules
10053,1621,OTH_UBND_BD_DA,Uy ban nhan dan Di An - Binh Duong,no_accent,auto_rule
10054,1621,OTH_UBND_BD_DA,ỦBDABD,abbreviation,auto_rule
10055,1621,OTH_UBND_BD_DA,Ủy ban nhân dân Dĩ A - Bìn Dương,typo_ocr,noise_injector
10056,1621,OTH_UBND_BD_DA,Ủy ban nhân dân Dĩ An - Bình Dưng,typo_ocr,noise_injector
10057,1622,OTH_BHXH_BD_DA,Bảo hiểm Xã hội Dĩ An - Bình Dương,canonical,manual_registry
10058,1622,OTH_BHXH_BD_DA,BHXH Dĩ An - Bình Dương,abbreviation,domain_rules
10059,1622,OTH_BHXH_BD_DA,Bao hiem Xa hoi Di An - Binh Duong,no_accent,auto_rule
10060,1622,OTH_BHXH_BD_DA,BHXHDABD,abbreviation,auto_rule
10061,1622,OTH_BHXH_BD_DA,Bảo hiểmXã hội Dĩ An -Bình Dương,typo_ocr,noise_injector
10062,1622,OTH_BHXH_BD_DA,o hiểm Xã hội Dĩ An - Bình Dương,typo_ocr,noise_injector
10063,1623,OTH_UBND_BD_TA,Ủy ban nhân dân Thuận An - Bình Dương,canonical,manual_registry
10064,1623,OTH_UBND_BD_TA,UBND Thuận An - Bình Dương,abbreviation,domain_rules
10065,1623,OTH_UBND_BD_TA,UB Thuận An - Bình Dương,alias,domain_rules
10066,1623,OTH_UBND_BD_TA,Uy ban nhan dan Thuan An - Binh Duong,no_accent,auto_rule
10067,1623,OTH_UBND_BD_TA,ỦBTABD,abbreviation,auto_rule
10068,1624,OTH_BHXH_BD_TA,Bảo hiểm Xã hội Thuận An - Bình Dương,canonical,manual_registry
10069,1624,OTH_BHXH_BD_TA,BHXH Thuận An - Bình Dương,abbreviation,domain_rules
10070,1624,OTH_BHXH_BD_TA,Bao hiem Xa hoi Thuan An - Binh Duong,no_accent,auto_rule
10071,1624,OTH_BHXH_BD_TA,BHXHTABD,abbreviation,auto_rule
10072,1624,OTH_BHXH_BD_TA,Bảo hiểm Xã hội Thuận n - Bình Dương,typo_ocr,noise_injector
10073,1625,OTH_UBND_BD_BCT,Ủy ban nhân dân Bến Cát - Bình Dương,canonical,manual_registry
10074,1625,OTH_UBND_BD_BCT,UBND Bến Cát - Bình Dương,abbreviation,domain_rules
10075,1625,OTH_UBND_BD_BCT,UB Bến Cát - Bình Dương,alias,domain_rules
10076,1625,OTH_UBND_BD_BCT,Uy ban nhan dan Ben Cat - Binh Duong,no_accent,auto_rule
10077,1625,OTH_UBND_BD_BCT,ỦBBCBD,abbreviation,auto_rule
10078,1625,OTH_UBND_BD_BCT,Ủy ban nhân dân Bến Ct - Bình Dương,typo_ocr,noise_injector
10079,1626,OTH_BHXH_BD_BCT,Bảo hiểm Xã hội Bến Cát - Bình Dương,canonical,manual_registry
10080,1626,OTH_BHXH_BD_BCT,BHXH Bến Cát - Bình Dương,abbreviation,domain_rules
10081,1626,OTH_BHXH_BD_BCT,Bao hiem Xa hoi Ben Cat - Binh Duong,no_accent,auto_rule
10082,1626,OTH_BHXH_BD_BCT,BHXHBCBD,abbreviation,auto_rule
10083,1627,BCA_CA_HCM_THUDUC,Công an Thành phố Thủ Đức - Thành phố Hồ Chí Minh,canonical,manual_registry
10084,1627,BCA_CA_HCM_THUDUC,CATP Thủ Đức - Thành phố Hồ Chí Minh,abbreviation,domain_rules
10085,1627,BCA_CA_HCM_THUDUC,CA TP Thủ Đức - Thành phố Hồ Chí Minh,alias,domain_rules
10086,1627,BCA_CA_HCM_THUDUC,CA Thủ Đức - Thành phố Hồ Chí Minh,abbreviation,domain_rules
10087,1627,BCA_CA_HCM_THUDUC,Cong an Thanh pho Thu Đuc - Thanh pho Ho Chi Minh,no_accent,auto_rule
10088,1627,BCA_CA_HCM_THUDUC,CATPTĐTPHCM,abbreviation,auto_rule
10089,1627,BCA_CA_HCM_THUDUC,Côg an Thành phố Thủ Đức - Thành phố Hồ Chí Minh,typo_ocr,noise_injector
10090,1628,BQP_BCH_HCM_THUDUC,Ban Chỉ huy Quân sự Thành phố Thủ Đức - Thành phố Hồ Chí Minh,canonical,manual_registry
10091,1628,BQP_BCH_HCM_THUDUC,Ban CHQS Thành phố Thủ Đức - Thành phố Hồ Chí Minh,alias,domain_rules
10092,1628,BQP_BCH_HCM_THUDUC,BCHQS Thành phố Thủ Đức - Thành phố Hồ Chí Minh,abbreviation,domain_rules
10093,1628,BQP_BCH_HCM_THUDUC,Ban Chi huy Quan su Thanh pho Thu Đuc - Thanh pho Ho Chi Minh,no_accent,auto_rule
10094,1628,BQP_BCH_HCM_THUDUC,BCHSTPTĐTPHCM,abbreviation,auto_rule
10095,1628,BQP_BCH_HCM_THUDUC,Ban Chỉ huy Quân sự Thành phố Tủ Đức - Thành phố Hồ Chí Minh,typo_ocr,noise_injector
10096,1629,OTH_UBND_HCM_THUDUC,Ủy ban nhân dân Thành phố Thủ Đức - Thành phố Hồ Chí Minh,canonical,manual_registry
10097,1629,OTH_UBND_HCM_THUDUC,UBND Thành phố Thủ Đức - Thành phố Hồ Chí Minh,abbreviation,domain_rules
10098,1629,OTH_UBND_HCM_THUDUC,UB Thành phố Thủ Đức - Thành phố Hồ Chí Minh,alias,domain_rules
10099,1629,OTH_UBND_HCM_THUDUC,Uy ban nhan dan Thanh pho Thu Đuc - Thanh pho Ho Chi Minh,no_accent,auto_rule
10100,1629,OTH_UBND_HCM_THUDUC,ỦBTPTĐTPHCM,abbreviation,auto_rule
10101,1630,BQP_QD12,Quân đoàn 12,canonical,manual_registry
10102,1630,BQP_QD12,QĐ 12,abbreviation,manual_domain
10103,1630,BQP_QD12,QD12,short_code,manual_domain
10104,1630,BQP_QD12,Quan đoan 12,no_accent,auto_rule
10105,1630,BQP_QD12,Đ1,abbreviation,auto_rule
10106,1631,BQP_F308,Sư đoàn 308 Quân đoàn 12,canonical,manual_registry
10107,1631,BQP_F308,Sư đoàn 308,alias,manual_domain
10108,1631,BQP_F308,f308,abbreviation,manual_domain
10109,1631,BQP_F308,Su doan 308,no_accent,manual_domain
10110,1631,BQP_F308,Su đoan 308 Quan đoan 12,no_accent,auto_rule
10111,1631,BQP_F308,SĐ3Đ1,abbreviation,auto_rule
10112,1632,BQP_F312,Sư đoàn 312 Quân đoàn 12,canonical,manual_registry
10113,1632,BQP_F312,Sư đoàn 312,alias,manual_domain
10114,1632,BQP_F312,f312,abbreviation,manual_domain
10115,1632,BQP_F312,Su đoan 312 Quan đoan 12,no_accent,auto_rule
10116,1632,BQP_F312,SĐ3Đ1,abbreviation,auto_rule
10117,1633,BCA_C11,Cục Cảnh sát phòng chống tội phạm công nghệ cao,canonical,manual_registry
10118,1633,BCA_C11,C11,abbreviation,manual_domain
10119,1633,BCA_C11,Cục CSPCTP CNC,abbreviation,manual_domain
10120,1633,BCA_C11,Cục Tội phạm công nghệ cao,alias,manual_domain
10121,1633,BCA_C11,Cuc Canh sat phong chong toi pham cong nghe cao,no_accent,auto_rule
10122,1633,BCA_C11,CCSPCTPCNC,abbreviation,auto_rule
10123,1633,BCA_C11,Cục Cảnh sát pòng chống tội phạm công ngh cao,typo_ocr,noise_injector
10124,1633,BCA_C11,Cục Cảnh t phòng chống tội phạm ôn nghệ cao,typo_ocr,noise_injector
